{"type":"FeatureCollection","features":[{"type":"Feature","properties":{"owner1":"FERME JERITIN INC.","owner2":null,"matricule":"1869-37-4246","street":"Adresse non codifiée","civicLow":"0","civicHigh":"0","valueLand":"195900","valueBuilding":"0","valueTotal":"195900","mailAddr":"400 TROISIEME RANG OUEST","mailCity":"SAINT-BRUNO, QC.","mun":"Saint-Bruno"},"geometry":{"type":"MultiPolygon","coordinates":[[[[-71.679622,48.462082],[-71.678984,48.463452],[-71.658673,48.459759],[-71.659598,48.457477],[-71.679855,48.461135],[-71.679873,48.461558],[-71.679379,48.461456],[-71.679137,48.461981],[-71.679622,48.462082]]]]}},{"type":"Feature","properties":{"owner1":"FERME BUTCH INC.","owner2":null,"matricule":"1869-24-9088","street":"Adresse non codifiée","civicLow":"0","civicHigh":"0","valueLand":"211700","valueBuilding":"15500","valueTotal":"227200","mailAddr":"76 ROUTE ST-ALPHONSE SUD","mailCity":"SAINT-BRUNO, QC.","mun":"Saint-Bruno"},"geometry":{"type":"MultiPolygon","coordinates":[[[[-71.679469,48.459699],[-71.679685,48.459449],[-71.680278,48.459574],[-71.679981,48.459943],[-71.679388,48.459818],[-71.679469,48.459699]]],[[[-71.659733,48.457149],[-71.659787,48.457018],[-71.660101,48.457078],[-71.660299,48.456685],[-71.660497,48.456184],[-71.660155,48.456119],[-71.660533,48.455183],[-71.679819,48.45871],[-71.679361,48.459324],[-71.679595,48.459372],[-71.679209,48.460015],[-71.679855,48.461135],[-71.659598,48.457477],[-71.659733,48.457149]]]]}},{"type":"Feature","properties":{"owner1":"OUELLET PIERETTE","owner2":null,"matricule":"1769-56-0383","street":"QUATRIEME RANG SUD","civicLow":"49","civicHigh":"0","valueLand":"35800","valueBuilding":"87500","valueTotal":"123300","mailAddr":"49 QUATRIEME RANG SUD","mailCity":"SAINT-BRUNO, QC.","mun":"Saint-Bruno"},"geometry":{"type":"MultiPolygon","coordinates":[[[[-71.679361,48.459324],[-71.679819,48.45871],[-71.680062,48.458758],[-71.679595,48.459372],[-71.679361,48.459324]]],[[[-71.679352,48.459949],[-71.679388,48.459818],[-71.679981,48.459943],[-71.680278,48.459574],[-71.679685,48.459449],[-71.680188,48.458782],[-71.681104,48.458949],[-71.681517,48.458001],[-71.682092,48.458555],[-71.681436,48.459425],[-71.680897,48.45933],[-71.680125,48.461182],[-71.679415,48.460253],[-71.679352,48.459949]]]]}},{"type":"Feature","properties":{"owner1":"OUELLET PIERRETTE","owner2":null,"matricule":"1969-03-0939","street":"ST-ALPHONSE SUD","civicLow":"49","civicHigh":"0","valueLand":"600","valueBuilding":"0","valueTotal":"600","mailAddr":"49 QUATRIEME RANG SUD","mailCity":"SAINT-BRUNO, QC.","mun":"Saint-Bruno"},"geometry":{"type":"MultiPolygon","coordinates":[[[[-71.659949,48.456625],[-71.660263,48.456679],[-71.660101,48.457078],[-71.659787,48.457018],[-71.659949,48.456625]]]]}},{"type":"Feature","properties":{"owner1":"GIRARD REAL","owner2":null,"matricule":"1969-02-4462","street":"ST-ALPHONSE SUD","civicLow":"40","civicHigh":"0","valueLand":"21600","valueBuilding":"137100","valueTotal":"158700","mailAddr":"40 ROUTE ST-ALPHONSE SUD","mailCity":"SAINT-BRUNO, QC.","mun":"Saint-Bruno"},"geometry":{"type":"MultiPolygon","coordinates":[[[[-71.659895,48.456083],[-71.659778,48.456357],[-71.659185,48.45625],[-71.659293,48.45597],[-71.659895,48.456083]]]]}},{"type":"Feature","properties":{"owner1":"BOULIANNE REMI","owner2":"GOBEIL DORIS","matricule":"1675-19-3896","street":"SIXIEME RANG OUEST","civicLow":"1565","civicHigh":"1567","valueLand":"35000","valueBuilding":"109000","valueTotal":"144000","mailAddr":"1567 SIXIEME RANG OUEST","mailCity":"SAINT-BRUNO, QC.","mun":"Saint-Bruno"},"geometry":{"type":"MultiPolygon","coordinates":[[[[-71.699753,48.516433],[-71.699906,48.516034],[-71.700553,48.516147],[-71.700696,48.516314],[-71.700588,48.516582],[-71.699753,48.516433]]]]}},{"type":"Feature","properties":{"owner1":"BOULIANNE SYLVAIN","owner2":null,"matricule":"1675-29-3079","street":"SIXIEME RANG OUEST","civicLow":"1533","civicHigh":"0","valueLand":"11600","valueBuilding":"91400","valueTotal":"103000","mailAddr":"1533 SIXIEME RANG OUEST","mailCity":"SAINT-BRUNO, QC.","mun":"Saint-Bruno"},"geometry":{"type":"MultiPolygon","coordinates":[[[[-71.698747,48.516255],[-71.698846,48.516028],[-71.699241,48.516106],[-71.699151,48.516332],[-71.698747,48.516255]]]]}},{"type":"Feature","properties":{"owner1":"DESBIENS LOUIS-CHARLES","owner2":"GIRARD-BELANGER PHILIPPE","matricule":"1970-48-8327","street":"ST-ALPHONSE","civicLow":"527","civicHigh":"0","valueLand":"35500","valueBuilding":"129200","valueTotal":"164700","mailAddr":"527 AVENUE ST-ALPHONSE","mailCity":"SAINT-BRUNO, QC.","mun":"Saint-Bruno"},"geometry":{"type":"MultiPolygon","coordinates":[[[[-71.654164,48.470236],[-71.654083,48.470433],[-71.653678,48.470361],[-71.653759,48.470165],[-71.654164,48.470236]]]]}},{"type":"Feature","properties":{"owner1":"9204-0674 QUEBEC INC","owner2":null,"matricule":"1970-48-4278","street":"ST-ALPHONSE","civicLow":"550","civicHigh":"552","valueLand":"57400","valueBuilding":"1241700","valueTotal":"1299100","mailAddr":"550 AVENUE ST-ALPHONSE","mailCity":"SAINT-BRUNO, QC.","mun":"Saint-Bruno"},"geometry":{"type":"MultiPolygon","coordinates":[[[[-71.6549,48.470665],[-71.654783,48.470963],[-71.654083,48.470838],[-71.654208,48.47054],[-71.6549,48.470665]]]]}},{"type":"Feature","properties":{"owner1":"FERME LACNOR INC.","owner2":null,"matricule":"1774-18-3610","street":"CINQUIEME RANG OUEST","civicLow":"1050","civicHigh":"0","valueLand":"1196800","valueBuilding":"586800","valueTotal":"1783600","mailAddr":"1050 CINQUIEME RANG OUEST","mailCity":"SAINT-BRUNO, QC.","mun":"Saint-Bruno"},"geometry":{"type":"MultiPolygon","coordinates":[[[[-71.683377,48.49815],[-71.684581,48.495227],[-71.686476,48.495668],[-71.687473,48.496025],[-71.686332,48.498686],[-71.683377,48.49815]]],[[[-71.690024,48.496221],[-71.689144,48.496001],[-71.688821,48.496358],[-71.688677,48.496328],[-71.686889,48.495638],[-71.685155,48.495215],[-71.68565,48.494025],[-71.685119,48.493905],[-71.689135,48.483856],[-71.699484,48.485743],[-71.693716,48.499763],[-71.692531,48.499174],[-71.690051,48.496965],[-71.690357,48.496436],[-71.690024,48.496221]]],[[[-71.680844,48.513065],[-71.681203,48.512166],[-71.682613,48.513023],[-71.682964,48.513446],[-71.680844,48.513065]]],[[[-71.679936,48.511625],[-71.679101,48.511595],[-71.67743,48.512143],[-71.677834,48.511149],[-71.678382,48.510988],[-71.678939,48.510661],[-71.678966,48.51094],[-71.679209,48.511149],[-71.684104,48.499269],[-71.686251,48.499233],[-71.686512,48.49915],[-71.686683,48.498745],[-71.687563,48.498906],[-71.688434,48.496787],[-71.68971,48.497251],[-71.689881,48.497084],[-71.692405,48.499281],[-71.693653,48.499894],[-71.687796,48.514261],[-71.684311,48.51369],[-71.684491,48.513244],[-71.682757,48.512928],[-71.681347,48.511958],[-71.679936,48.511625]]]]}},{"type":"Feature","properties":{"owner1":"LAVOIE JEAN-PIERRE","owner2":"BELLEY SOPHIE","matricule":"1773-07-4475","street":"CINQUIEME RANG OUEST","civicLow":"940","civicHigh":"0","valueLand":"35000","valueBuilding":"208000","valueTotal":"243000","mailAddr":"940 CINQUIEME RANG OUEST","mailCity":"SAINT-BRUNO, QC.","mun":"Saint-Bruno"},"geometry":{"type":"MultiPolygon","coordinates":[[[[-71.687473,48.496025],[-71.687877,48.496174],[-71.687617,48.496846],[-71.687159,48.496769],[-71.687473,48.496025]]]]}},{"type":"Feature","properties":{"owner1":"GAGNON ANDRE","owner2":null,"matricule":"1773-08-4786","street":"CINQUIEME RANG OUEST","civicLow":"950","civicHigh":"0","valueLand":"47200","valueBuilding":"202700","valueTotal":"249900","mailAddr":"950 CINQUIEME RANG OUEST","mailCity":"SAINT-BRUNO, QC.","mun":"Saint-Bruno"},"geometry":{"type":"MultiPolygon","coordinates":[[[[-71.688362,48.496977],[-71.687563,48.498906],[-71.686332,48.498686],[-71.687159,48.496769],[-71.687617,48.496846],[-71.687877,48.496174],[-71.688569,48.496447],[-71.688362,48.496977]]]]}},{"type":"Feature","properties":{"owner1":"DESBIENS STEPHANE","owner2":null,"matricule":"2070-26-3766","street":"PIONNIERS","civicLow":"491","civicHigh":"0","valueLand":"39800","valueBuilding":"233000","valueTotal":"272800","mailAddr":"491 RUE DES PIONNIERS","mailCity":"SAINT-BRUNO, QC.","mun":"Saint-Bruno"},"geometry":{"type":"MultiPolygon","coordinates":[[[[-71.643986,48.46895],[-71.643761,48.469117],[-71.643429,48.468974],[-71.64368,48.468765],[-71.643986,48.46895]]]]}},{"type":"Feature","properties":{"owner1":"MUNICIPALITE DE SAINT-BRUNO","owner2":null,"matricule":"1970-67-0082","street":"QUATRE-H","civicLow":"0","civicHigh":"0","valueLand":"50200","valueBuilding":"0","valueTotal":"50200","mailAddr":"563 RUE SAINT-ALPHONSE","mailCity":"SAINT-BRUNO, QC","mun":"Saint-Bruno"},"geometry":{"type":"MultiPolygon","coordinates":[[[[-71.652151,48.4697],[-71.652645,48.46979],[-71.652511,48.470105],[-71.652026,48.470016],[-71.652151,48.4697]]]]}},{"type":"Feature","properties":{"owner1":"FOURNIER DAVID","owner2":"LEBEL BOUCHARD JESSICA","matricule":"1970-65-8910","street":"NORMANDIE","civicLow":"245","civicHigh":"0","valueLand":"26300","valueBuilding":"131400","valueTotal":"157700","mailAddr":"245 RUE NORMANDIE","mailCity":"SAINT-BRUNO, QC.","mun":"Saint-Bruno"},"geometry":{"type":"MultiPolygon","coordinates":[[[[-71.651244,48.467377],[-71.651046,48.467598],[-71.650867,48.467413],[-71.651244,48.467377]]]]}},{"type":"Feature","properties":{"owner1":"LAVOIE MARCO","owner2":null,"matricule":"1970-75-6528","street":"PARE","civicLow":"278","civicHigh":"0","valueLand":"36000","valueBuilding":"94800","valueTotal":"130800","mailAddr":"213 RUE NAPOLEON","mailCity":"SAINT-BRUNO, QC","mun":"Saint-Bruno"},"geometry":{"type":"MultiPolygon","coordinates":[[[[-71.650274,48.467485],[-71.650157,48.467788],[-71.649843,48.467735],[-71.649852,48.467556],[-71.650274,48.467485]]]]}},{"type":"Feature","properties":{"owner1":"FORTIN GAETAN","owner2":"GIRARD DIANE","matricule":"1970-75-4335","street":"PARE","civicLow":"266","civicHigh":"0","valueLand":"31600","valueBuilding":"145900","valueTotal":"177500","mailAddr":"266 RUE PARE","mailCity":"SAINT-BRUNO, QC.","mun":"Saint-Bruno"},"geometry":{"type":"MultiPolygon","coordinates":[[[[-71.650525,48.467675],[-71.650454,48.467842],[-71.650157,48.467788],[-71.650274,48.467485],[-71.650525,48.467675]]]]}},{"type":"Feature","properties":{"owner1":"LAFOREST MICHEL","owner2":"VILLENEUVE FRANCINE","matricule":"1970-75-2915","street":"LECLERC","civicLow":"263","civicHigh":"0","valueLand":"34300","valueBuilding":"87300","valueTotal":"121600","mailAddr":"263 RUE LECLERC","mailCity":"SAINT-BRUNO, QC.","mun":"Saint-Bruno"},"geometry":{"type":"MultiPolygon","coordinates":[[[[-71.650274,48.467485],[-71.650543,48.467354],[-71.650777,48.467574],[-71.650525,48.467675],[-71.650274,48.467485]]]]}},{"type":"Feature","properties":{"owner1":"VILLENEUVE DANIEL","owner2":"MURRAY CHRISTIANE","matricule":"1970-75-7003","street":"ARTISANS","civicLow":"278","civicHigh":"0","valueLand":"36900","valueBuilding":"135600","valueTotal":"172500","mailAddr":"278 RUE DES ARTISANS","mailCity":"SAINT-BRUNO, QC.","mun":"Saint-Bruno"},"geometry":{"type":"MultiPolygon","coordinates":[[[[-71.649726,48.467389],[-71.649968,48.46724],[-71.650274,48.467485],[-71.649852,48.467556],[-71.649726,48.467389]]]]}},{"type":"Feature","properties":{"owner1":"FERME MARTIN BOUCHARD S.E.N.C.","owner2":null,"matricule":"1870-57-1481","street":"170","civicLow":"0","civicHigh":"0","valueLand":"160200","valueBuilding":"0","valueTotal":"160200","mailAddr":"245 AVENUE ST-ALPHONSE","mailCity":"SAINT-BRUNO, QC.","mun":"Saint-Bruno"},"geometry":{"type":"MultiPolygon","coordinates":[[[[-71.675328,48.471493],[-71.674978,48.471803],[-71.674456,48.471987],[-71.673028,48.47194],[-71.658089,48.46923],[-71.658934,48.467175],[-71.675975,48.47026],[-71.675328,48.471493]]]]}},{"type":"Feature","properties":{"owner1":"BOUCHARD OMER","owner2":"FORTIN JACYNTHE","matricule":"1870-44-5664","street":"169","civicLow":"0","civicHigh":"0","valueLand":"270300","valueBuilding":"0","valueTotal":"270300","mailAddr":"1150 RANG 6 NORD","mailCity":"SAINT-BRUNO, QC.","mun":"Saint-Bruno"},"geometry":{"type":"MultiPolygon","coordinates":[[[[-71.658386,48.464459],[-71.658862,48.463339],[-71.677538,48.466877],[-71.675975,48.47026],[-71.659625,48.467306],[-71.659832,48.466823],[-71.658907,48.465948],[-71.658008,48.465364],[-71.658386,48.464459]]]]}},{"type":"Feature","properties":{"owner1":"TREMBLAY BERTHOLD","owner2":"TREMBLAY JESSICA","matricule":"1870-41-5089","street":"ST-ALPHONSE","civicLow":"0","civicHigh":"0","valueLand":"95500","valueBuilding":"0","valueTotal":"95500","mailAddr":"103 AVENUE ST-ALPHONSE","mailCity":"SAINT-BRUNO, QC","mun":"Saint-Bruno"},"geometry":{"type":"MultiPolygon","coordinates":[[[[-71.658862,48.463339],[-71.657802,48.46313],[-71.658224,48.462124],[-71.677241,48.465602],[-71.677124,48.465674],[-71.677699,48.466532],[-71.677538,48.466877],[-71.658862,48.463339]]]]}},{"type":"Feature","properties":{"owner1":"MUNICIPALITE DE SAINT-BRUNO","owner2":null,"matricule":"2070-03-5839","street":"LECLERC","civicLow":"380","civicHigh":"0","valueLand":"22500","valueBuilding":"0","valueTotal":"22500","mailAddr":"563 AVENUE ST-ALPHONSE","mailCity":"SAINT-BRUNO, QC.","mun":"Saint-Bruno"},"geometry":{"type":"MultiPolygon","coordinates":[[[[-71.645872,48.465978],[-71.645908,48.465882],[-71.646267,48.465995],[-71.645908,48.466079],[-71.645872,48.465978]]]]}},{"type":"Feature","properties":{"owner1":"COULOMBE STEPHANE","owner2":"VALLEE DIANE","matricule":"1970-84-3843","street":"ARTISANS","civicLow":"318","civicHigh":"0","valueLand":"37300","valueBuilding":"121500","valueTotal":"158800","mailAddr":"318 RUE DES ARTISANS","mailCity":"SAINT-BRUNO, QC.","mun":"Saint-Bruno"},"geometry":{"type":"MultiPolygon","coordinates":[[[[-71.649322,48.466871],[-71.649133,48.46705],[-71.648783,48.466907],[-71.648935,48.466716],[-71.649322,48.466871]]]]}},{"type":"Feature","properties":{"owner1":"DALLAIRE EMILIE","owner2":null,"matricule":"1970-84-6526","street":"ARTISANS","civicLow":"336","civicHigh":"0","valueLand":"40800","valueBuilding":"137900","valueTotal":"178700","mailAddr":"336 RUE DES ARTISANS","mailCity":"SAINT-BRUNO, QC.","mun":"Saint-Bruno"},"geometry":{"type":"MultiPolygon","coordinates":[[[[-71.648342,48.46677],[-71.64845,48.466567],[-71.648935,48.466716],[-71.648783,48.466907],[-71.648342,48.46677]]]]}},{"type":"Feature","properties":{"owner1":"SERVICES CONSEILS HARVEY LAROUCHE S.A.","owner2":null,"matricule":"1970-48-9974","street":"ST-ALPHONSE","civicLow":"541","civicHigh":"0","valueLand":"37300","valueBuilding":"36400","valueTotal":"73700","mailAddr":"541 AVENUE ST-ALPHONSE","mailCity":"SAINT-BRUNO, QC.","mun":"Saint-Bruno"},"geometry":{"type":"MultiPolygon","coordinates":[[[[-71.653993,48.470653],[-71.653894,48.47088],[-71.653445,48.470796],[-71.653535,48.47057],[-71.653993,48.470653]]]]}},{"type":"Feature","properties":{"owner1":"CAISSE POPULAIRE DE SAINT-BRUNO","owner2":null,"matricule":"1970-58-0147","street":"ST-ALPHONSE","civicLow":"533","civicHigh":"537","valueLand":"69300","valueBuilding":"407300","valueTotal":"476600","mailAddr":"535 AVENUE ST-ALPHONSE","mailCity":"SAINT-BRUNO, QC.","mun":"Saint-Bruno"},"geometry":{"type":"MultiPolygon","coordinates":[[[[-71.653535,48.47057],[-71.653274,48.47051],[-71.653355,48.470302],[-71.654083,48.470433],[-71.653993,48.470653],[-71.653535,48.47057]]]]}},{"type":"Feature","properties":{"owner1":"COTE JEAN-MARC","owner2":null,"matricule":"1673-98-5304","street":"CINQUIEME RANG OUEST","civicLow":"1000","civicHigh":"0","valueLand":"23400","valueBuilding":"168600","valueTotal":"192000","mailAddr":"1000 CINQUIEME RANG OUEST","mailCity":"SAINT-BRUNO, QC.","mun":"Saint-Bruno"},"geometry":{"type":"MultiPolygon","coordinates":[[[[-71.688434,48.496787],[-71.688569,48.496447],[-71.689153,48.49668],[-71.688883,48.496936],[-71.688434,48.496787]]]]}},{"type":"Feature","properties":{"owner1":"MARCHAND MARCEL","owner2":null,"matricule":"1970-84-2522","street":"LECLERC","civicLow":"313","civicHigh":"319","valueLand":"39300","valueBuilding":"116400","valueTotal":"155700","mailAddr":"1530 SIXIEME RANG NORD","mailCity":"SAINT-BRUNO, QC.","mun":"Saint-Bruno"},"geometry":{"type":"MultiPolygon","coordinates":[[[[-71.64951,48.466692],[-71.649322,48.466871],[-71.648935,48.466716],[-71.649097,48.466526],[-71.64951,48.466692]]]]}},{"type":"Feature","properties":{"owner1":"OUELLET RENE","owner2":null,"matricule":"1970-84-5505","street":"NORMANDIE","civicLow":"337","civicHigh":"0","valueLand":"39300","valueBuilding":"110000","valueTotal":"149300","mailAddr":"337 RUE NORMANDIE","mailCity":"SAINT-BRUNO, QC.","mun":"Saint-Bruno"},"geometry":{"type":"MultiPolygon","coordinates":[[[[-71.649097,48.466526],[-71.648935,48.466716],[-71.64854,48.466585],[-71.648666,48.466383],[-71.649097,48.466526]]]]}},{"type":"Feature","properties":{"owner1":"OUIMET PASCAL","owner2":"GAGNON CAROLE","matricule":"1970-83-8792","street":"NORMANDIE","civicLow":"345","civicHigh":"0","valueLand":"38300","valueBuilding":"120000","valueTotal":"158300","mailAddr":"48 RUE SAINT-PAUL","mailCity":"HEBERTVILLE-STATION, QC","mun":"Saint-Bruno"},"geometry":{"type":"MultiPolygon","coordinates":[[[[-71.648666,48.466383],[-71.64854,48.466585],[-71.648109,48.466484],[-71.648181,48.466299],[-71.648666,48.466383]]]]}},{"type":"Feature","properties":{"owner1":"GUAY MARTIN","owner2":null,"matricule":"1970-84-9813","street":"ARTISANS","civicLow":"350","civicHigh":"0","valueLand":"31500","valueBuilding":"122900","valueTotal":"154400","mailAddr":"259 GAUDIAS VILLENEUVE","mailCity":"CHARLESBOURG, QC.","mun":"Saint-Bruno"},"geometry":{"type":"MultiPolygon","coordinates":[[[[-71.64845,48.466567],[-71.648342,48.46677],[-71.648046,48.46668],[-71.648109,48.466484],[-71.64845,48.466567]]]]}},{"type":"Feature","properties":{"owner1":"BOUCHARD GERARD","owner2":"GAGNON JACYNTHE","matricule":"2070-03-8738","street":"NORMANDIE","civicLow":"425","civicHigh":"0","valueLand":"41400","valueBuilding":"154000","valueTotal":"195400","mailAddr":"425 RUE NORMANDIE","mailCity":"SAINT-BRUNO, QC.","mun":"Saint-Bruno"},"geometry":{"type":"MultiPolygon","coordinates":[[[[-71.645432,48.46599],[-71.645504,48.465811],[-71.645908,48.465882],[-71.645908,48.466079],[-71.645513,48.46615],[-71.645432,48.46599]]]]}},{"type":"Feature","properties":{"owner1":"GAGNON MARTIN","owner2":null,"matricule":"2070-13-1527","street":"NORMANDIE","civicLow":"435","civicHigh":"0","valueLand":"36000","valueBuilding":"120800","valueTotal":"156800","mailAddr":"435 RUE NORMANDIE","mailCity":"SAINT-BRUNO, QC.","mun":"Saint-Bruno"},"geometry":{"type":"MultiPolygon","coordinates":[[[[-71.645082,48.465751],[-71.645504,48.465811],[-71.645432,48.46599],[-71.645091,48.466001],[-71.645082,48.465751]]]]}},{"type":"Feature","properties":{"owner1":"MARTEL STEEVE","owner2":"PEDNEAULT MELANIE","matricule":"2070-13-1551","street":"LECLERC","civicLow":"400","civicHigh":"0","valueLand":"32100","valueBuilding":"145800","valueTotal":"177900","mailAddr":"400 RUE LECLERC","mailCity":"SAINT-BRUNO, QC.","mun":"Saint-Bruno"},"geometry":{"type":"MultiPolygon","coordinates":[[[[-71.645028,48.466007],[-71.645432,48.46599],[-71.645513,48.46615],[-71.645162,48.466228],[-71.645028,48.466007]]]]}},{"type":"Feature","properties":{"owner1":"GAGNON CLEO","owner2":"BOUCHARD CHRISTIANE","matricule":"2070-13-4329","street":"NORMANDIE","civicLow":"455","civicHigh":"0","valueLand":"36900","valueBuilding":"134700","valueTotal":"171600","mailAddr":"455 RUE NORMANDIE","mailCity":"SAINT-BRUNO, QC.","mun":"Saint-Bruno"},"geometry":{"type":"MultiPolygon","coordinates":[[[[-71.644632,48.465936],[-71.645082,48.465751],[-71.645091,48.466001],[-71.644956,48.466055],[-71.644632,48.465936]]]]}},{"type":"Feature","properties":{"owner1":"COTE JEAN-PHILIPPE","owner2":null,"matricule":"2070-13-4061","street":"LECLERC","civicLow":"410","civicHigh":"0","valueLand":"30400","valueBuilding":"120900","valueTotal":"151300","mailAddr":"410 RUE LECLERC","mailCity":"SAINT-BRUNO, QC","mun":"Saint-Bruno"},"geometry":{"type":"MultiPolygon","coordinates":[[[[-71.644722,48.466204],[-71.645028,48.466007],[-71.645162,48.466228],[-71.644821,48.466329],[-71.644722,48.466204]]]]}},{"type":"Feature","properties":{"owner1":"LAROUCHE NORMAND","owner2":null,"matricule":"2070-13-5748","street":"NORMANDIE","civicLow":"485","civicHigh":"0","valueLand":"27200","valueBuilding":"148000","valueTotal":"175200","mailAddr":"485 RUE NORMANDIE","mailCity":"SAINT-BRUNO, QC.","mun":"Saint-Bruno"},"geometry":{"type":"MultiPolygon","coordinates":[[[[-71.644956,48.466055],[-71.644722,48.466204],[-71.644525,48.466168],[-71.644632,48.465936],[-71.644956,48.466055]]]]}},{"type":"Feature","properties":{"owner1":"VEZINA JEAN-FRANCOIS","owner2":null,"matricule":"1970-58-0607","street":"ST-ALPHONSE","civicLow":"0","civicHigh":"0","valueLand":"53300","valueBuilding":"3300","valueTotal":"56600","mailAddr":"515 AVENUE ST-ALPHONSE","mailCity":"SAINT-BRUNO, QC.","mun":"Saint-Bruno"},"geometry":{"type":"MultiPolygon","coordinates":[[[[-71.653759,48.470165],[-71.653678,48.470361],[-71.653355,48.470302],[-71.653508,48.469944],[-71.654217,48.470081],[-71.654164,48.470236],[-71.653759,48.470165]]]]}},{"type":"Feature","properties":{"owner1":"TREMBLAY MARTIN","owner2":"BOUCHARD MONIQUE","matricule":"1770-72-1749","street":"QUATRIEME RANG SUD","civicLow":"90","civicHigh":"0","valueLand":"23700","valueBuilding":"101200","valueTotal":"124900","mailAddr":"90 QUATRIEME RANG SUD","mailCity":"SAINT-BRUNO, QC.","mun":"Saint-Bruno"},"geometry":{"type":"MultiPolygon","coordinates":[[[[-71.677044,48.464917],[-71.67734,48.46459],[-71.678328,48.464786],[-71.677906,48.465132],[-71.677044,48.464917]]]]}},{"type":"Feature","properties":{"owner1":"PARENT MICHEL","owner2":null,"matricule":"1770-72-3981","street":"QUATRIEME RANG SUD","civicLow":"100","civicHigh":"0","valueLand":"18500","valueBuilding":"105900","valueTotal":"124400","mailAddr":"100 QUATRIEME RANG SUD","mailCity":"SAINT-BRUNO, QC.","mun":"Saint-Bruno"},"geometry":{"type":"MultiPolygon","coordinates":[[[[-71.677906,48.465132],[-71.677511,48.465424],[-71.677151,48.465215],[-71.677017,48.464953],[-71.677906,48.465132]]]]}},{"type":"Feature","properties":{"owner1":"LAVOIE EDITH","owner2":null,"matricule":"1870-30-9406","street":"Adresse non codifiée","civicLow":"0","civicHigh":"0","valueLand":"190100","valueBuilding":"21100","valueTotal":"211200","mailAddr":"1479 RANG 4","mailCity":"SAINT-GEDEON, QC.","mun":"Saint-Bruno"},"geometry":{"type":"MultiPolygon","coordinates":[[[[-71.658493,48.462171],[-71.658745,48.461558],[-71.657999,48.461421],[-71.658673,48.459759],[-71.678984,48.463452],[-71.678328,48.464786],[-71.67734,48.46459],[-71.677017,48.464953],[-71.677151,48.465215],[-71.677511,48.465424],[-71.677241,48.465602],[-71.658493,48.462171]]]]}},{"type":"Feature","properties":{"owner1":"SIMARD STEPHANE","owner2":null,"matricule":"1674-32-5107","street":"CINQUIEME RANG OUEST","civicLow":"1105","civicHigh":"0","valueLand":"24700","valueBuilding":"161000","valueTotal":"185700","mailAddr":"1105 CINQUIEME RANG OUEST","mailCity":"SAINT-BRUNO, QC.","mun":"Saint-Bruno"},"geometry":{"type":"MultiPolygon","coordinates":[[[[-71.697292,48.500079],[-71.697112,48.500513],[-71.696672,48.500436],[-71.696851,48.500001],[-71.697292,48.500079]]]]}},{"type":"Feature","properties":{"owner1":"BOUCHARD MARTIN","owner2":null,"matricule":"1872-39-0864","street":"CINQUIEME RANG OUEST","civicLow":"401","civicHigh":"0","valueLand":"26700","valueBuilding":"25700","valueTotal":"52400","mailAddr":"455 CINQUIEME RANG OUEST","mailCity":"SAINT-BRUNO, QC.","mun":"Saint-Bruno"},"geometry":{"type":"MultiPolygon","coordinates":[[[[-71.669929,48.489488],[-71.670154,48.488964],[-71.670737,48.489125],[-71.670243,48.489786],[-71.669929,48.489488]]]]}},{"type":"Feature","properties":{"owner1":"BOUCHARD MARTIN","owner2":null,"matricule":"1872-39-3841","street":"CINQUIEME RANG OUEST","civicLow":"455","civicHigh":"0","valueLand":"24300","valueBuilding":"113500","valueTotal":"137800","mailAddr":"455 CINQUIEME RANG OUEST","mailCity":"SAINT-BRUNO, QC.","mun":"Saint-Bruno"},"geometry":{"type":"MultiPolygon","coordinates":[[[[-71.670154,48.488964],[-71.669929,48.489488],[-71.66957,48.489155],[-71.669776,48.488857],[-71.670154,48.488964]]]]}},{"type":"Feature","properties":{"owner1":"BOUCHARD SEBASTIEN","owner2":"JEAN MARIE-HELENE","matricule":"1872-38-7982","street":"CINQUIEME RANG OUEST","civicLow":"401","civicHigh":"0","valueLand":"32800","valueBuilding":"79700","valueTotal":"112500","mailAddr":"401 CINQUIEME RANG OUEST","mailCity":"SAINT-BRUNO, QC.","mun":"Saint-Bruno"},"geometry":{"type":"MultiPolygon","coordinates":[[[[-71.669776,48.488857],[-71.66957,48.489155],[-71.668599,48.48844],[-71.668671,48.488256],[-71.669974,48.488571],[-71.669776,48.488857]]]]}},{"type":"Feature","properties":{"owner1":"TREMBLAY REINE","owner2":null,"matricule":"1971-71-6457","street":"FORTIN","civicLow":"200","civicHigh":"210","valueLand":"41000","valueBuilding":"118700","valueTotal":"159700","mailAddr":"1570 ROUTE ST-ALPHONSE NORD","mailCity":"SAINT-BRUNO, QC.","mun":"Saint-Bruno"},"geometry":{"type":"MultiPolygon","coordinates":[[[[-71.650436,48.473208],[-71.650319,48.473452],[-71.649932,48.473399],[-71.65004,48.473137],[-71.650436,48.473208]]]]}},{"type":"Feature","properties":{"owner1":"LEMIEUX CANDIDE","owner2":"HARNOIS JACQUES","matricule":"1970-47-7085","street":"ST-ALPHONSE","civicLow":"505","civicHigh":"0","valueLand":"40500","valueBuilding":"135500","valueTotal":"176000","mailAddr":"505 AVENUE ST-ALPHONSE","mailCity":"SAINT-BRUNO, QC.","mun":"Saint-Bruno"},"geometry":{"type":"MultiPolygon","coordinates":[[[[-71.653858,48.470004],[-71.653966,48.469742],[-71.654334,48.469807],[-71.654217,48.470081],[-71.653858,48.470004]]]]}},{"type":"Feature","properties":{"owner1":"BRIAND JEFFERSON","owner2":null,"matricule":"1970-75-1739","street":"PARE","civicLow":"256","civicHigh":"258","valueLand":"36100","valueBuilding":"109900","valueTotal":"146000","mailAddr":"256 RUE PARE","mailCity":"SAINT-BRUNO, QC.","mun":"Saint-Bruno"},"geometry":{"type":"MultiPolygon","coordinates":[[[[-71.650462,48.467842],[-71.650525,48.467675],[-71.650777,48.467574],[-71.650912,48.467794],[-71.650462,48.467842]]]]}},{"type":"Feature","properties":{"owner1":"TREMBLAY LUCIEN","owner2":null,"matricule":"1970-48-2438","street":"ST-ALPHONSE","civicLow":"520","civicHigh":"0","valueLand":"53000","valueBuilding":"87200","valueTotal":"140200","mailAddr":"520 AVENUE ST-ALPHONSE","mailCity":"SAINT-BRUNO, QC.","mun":"Saint-Bruno"},"geometry":{"type":"MultiPolygon","coordinates":[[[[-71.65508,48.470349],[-71.655116,48.470272],[-71.655313,48.470308],[-71.655206,48.470582],[-71.654262,48.470409],[-71.654343,48.470212],[-71.6549,48.470314],[-71.654846,48.470463],[-71.655026,48.470492],[-71.65508,48.470349]]]]}},{"type":"Feature","properties":{"owner1":"LAPRISE CEDRIC","owner2":"CLOUTIER CARINE","matricule":"1970-48-0640","street":"ST-ALPHONSE","civicLow":"526","civicHigh":"0","valueLand":"17600","valueBuilding":"75300","valueTotal":"92900","mailAddr":"526 AVENUE ST-ALPHONSE","mailCity":"SAINT-BRUNO, QC.","mun":"Saint-Bruno"},"geometry":{"type":"MultiPolygon","coordinates":[[[[-71.65508,48.470349],[-71.655026,48.470492],[-71.654846,48.470463],[-71.6549,48.470314],[-71.65508,48.470349]]]]}},{"type":"Feature","properties":{"owner1":"LAVOIE MARTIN","owner2":"DULAC GINETTE","matricule":"1970-48-2118","street":"ST-ALPHONSE","civicLow":"512","civicHigh":"0","valueLand":"38100","valueBuilding":"122900","valueTotal":"161000","mailAddr":"512 AVENUE ST-ALPHONSE","mailCity":"SAINT-BRUNO, QC.","mun":"Saint-Bruno"},"geometry":{"type":"MultiPolygon","coordinates":[[[[-71.655116,48.470272],[-71.65508,48.470349],[-71.654343,48.470212],[-71.654406,48.470046],[-71.65517,48.470189],[-71.655116,48.470272]]]]}},{"type":"Feature","properties":{"owner1":"COTE DOMINIQUE","owner2":"COTE GILLES","matricule":"1673-98-0731","street":"CINQUIEME RANG OUEST","civicLow":"1010","civicHigh":"0","valueLand":"29200","valueBuilding":"81600","valueTotal":"110800","mailAddr":"985 CINQUIEME RANG OUEST","mailCity":"SAINT-BRUNO, QC.","mun":"Saint-Bruno"},"geometry":{"type":"MultiPolygon","coordinates":[[[[-71.688919,48.496906],[-71.689153,48.49668],[-71.689881,48.497084],[-71.68971,48.497251],[-71.688919,48.496906]]]]}},{"type":"Feature","properties":{"owner1":"COTE DOMINIQUE","owner2":null,"matricule":"1673-97-2055","street":"CINQUIEME RANG OUEST","civicLow":"985","civicHigh":"0","valueLand":"25100","valueBuilding":"168800","valueTotal":"193900","mailAddr":"985 CINQUIEME RANG OUEST","mailCity":"SAINT-BRUNO, QC.","mun":"Saint-Bruno"},"geometry":{"type":"MultiPolygon","coordinates":[[[[-71.688821,48.496358],[-71.689144,48.496001],[-71.689575,48.496174],[-71.689252,48.496531],[-71.688821,48.496358]]]]}},{"type":"Feature","properties":{"owner1":"2952-9542 QUEBEC INC","owner2":null,"matricule":"1970-47-1397","street":"ST-ALPHONSE","civicLow":"502","civicHigh":"506","valueLand":"53800","valueBuilding":"282500","valueTotal":"336300","mailAddr":"502 AVENUE ST-ALPHONSE","mailCity":"SAINT-BRUNO, QC.","mun":"Saint-Bruno"},"geometry":{"type":"MultiPolygon","coordinates":[[[[-71.655251,48.469998],[-71.65517,48.470189],[-71.654406,48.470046],[-71.654505,48.469819],[-71.655251,48.469998]]]]}},{"type":"Feature","properties":{"owner1":"2950-2911 QUEBEC INC","owner2":null,"matricule":"1575-62-9096","street":"SIXIEME RANG OUEST","civicLow":"1683","civicHigh":"1685","valueLand":"164600","valueBuilding":"542900","valueTotal":"707500","mailAddr":"1685 SIXIEME RANG OUEST","mailCity":"SAINT-BRUNO, QC.","mun":"Saint-Bruno"},"geometry":{"type":"MultiPolygon","coordinates":[[[[-71.710748,48.503162],[-71.704963,48.517367],[-71.701586,48.516754],[-71.70738,48.502531],[-71.710748,48.503162]]]]}},{"type":"Feature","properties":{"owner1":"GIRARD JEAN","owner2":"BOUCHARD HELENE","matricule":"1970-47-2071","street":"ST-ALPHONSE","civicLow":"498","civicHigh":"0","valueLand":"30500","valueBuilding":"106200","valueTotal":"136700","mailAddr":"498 AVENUE ST-ALPHONSE","mailCity":"SAINT-BRUNO, QC","mun":"Saint-Bruno"},"geometry":{"type":"MultiPolygon","coordinates":[[[[-71.654954,48.469903],[-71.654505,48.469819],[-71.654568,48.46967],[-71.655017,48.469754],[-71.654954,48.469903]]]]}},{"type":"Feature","properties":{"owner1":"GOUVERNEMENT DU CANADA","owner2":null,"matricule":"1970-47-1149","street":"ST-ALPHONSE","civicLow":"496","civicHigh":"0","valueLand":"47100","valueBuilding":"32900","valueTotal":"80000","mailAddr":"EDIFICE CONFEDERATION","mailCity":"ONTARIO, OTTAWA","mun":"Saint-Bruno"},"geometry":{"type":"MultiPolygon","coordinates":[[[[-71.654568,48.46967],[-71.654676,48.469402],[-71.655197,48.469504],[-71.65508,48.469766],[-71.654568,48.46967]]]]}},{"type":"Feature","properties":{"owner1":"PERRON JEAN-GUY","owner2":null,"matricule":"1970-37-8466","street":"MARTEL","civicLow":"125","civicHigh":"125","valueLand":"44100","valueBuilding":"189400","valueTotal":"233500","mailAddr":"815 RUE SAINT-WILBROD","mailCity":"HEBERTVILLE-STATION, QC.","mun":"Saint-Bruno"},"geometry":{"type":"MultiPolygon","coordinates":[[[[-71.655493,48.469563],[-71.655313,48.46995],[-71.654972,48.469873],[-71.655197,48.469504],[-71.655493,48.469563]]]]}},{"type":"Feature","properties":{"owner1":"DUCHESNE MARC","owner2":"GUERIN NANCY","matricule":"1970-37-6073","street":"MARTEL","civicLow":"145","civicHigh":"0","valueLand":"45800","valueBuilding":"185700","valueTotal":"231500","mailAddr":"158 RUE POTVIN","mailCity":"HEBERTVILLE, QC","mun":"Saint-Bruno"},"geometry":{"type":"MultiPolygon","coordinates":[[[[-71.655709,48.469897],[-71.655655,48.47001],[-71.655313,48.46995],[-71.655493,48.469563],[-71.655825,48.469629],[-71.655709,48.469897]]]]}},{"type":"Feature","properties":{"owner1":"MALTAIS FERNAND","owner2":null,"matricule":"1970-27-6685","street":"POTVIN","civicLow":"500","civicHigh":"0","valueLand":"55200","valueBuilding":"171400","valueTotal":"226600","mailAddr":"642 RUE LABARRE","mailCity":"HEBERTVILLE, QC.","mun":"Saint-Bruno"},"geometry":{"type":"MultiPolygon","coordinates":[[[[-71.65649,48.469986],[-71.656625,48.46967],[-71.657218,48.469784],[-71.657083,48.470099],[-71.65649,48.469986]]]]}},{"type":"Feature","properties":{"owner1":"DALLAIRE BERNARD","owner2":"DALLAIRE STEPHANE","matricule":"1970-37-0532","street":"MARTEL","civicLow":"160","civicHigh":"0","valueLand":"44500","valueBuilding":"298300","valueTotal":"342800","mailAddr":"376 RUE PARE","mailCity":"SAINT-BRUNO, QC.","mun":"Saint-Bruno"},"geometry":{"type":"MultiPolygon","coordinates":[[[[-71.656553,48.469349],[-71.656436,48.469611],[-71.656041,48.469533],[-71.656185,48.469224],[-71.656553,48.469349]]]]}},{"type":"Feature","properties":{"owner1":"S.O.S. BETON LAC ST-JEAN INC","owner2":null,"matricule":"1970-37-5017","street":"MELANCON","civicLow":"99","civicHigh":"0","valueLand":"60500","valueBuilding":"42500","valueTotal":"103000","mailAddr":"99 RUE MELANCON","mailCity":"SAINT-BRUNO, QC","mun":"Saint-Bruno"},"geometry":{"type":"MultiPolygon","coordinates":[[[[-71.655538,48.469271],[-71.655215,48.469212],[-71.655277,48.469057],[-71.656185,48.469224],[-71.656041,48.469533],[-71.655475,48.46942],[-71.655538,48.469271]]]]}},{"type":"Feature","properties":{"owner1":"S.O.S. BETON LAC ST-JEAN I NC","owner2":null,"matricule":"1970-37-7620","street":"MARTEL","civicLow":"130","civicHigh":"0","valueLand":"21700","valueBuilding":"197400","valueTotal":"219100","mailAddr":"99 RUE MELANCON","mailCity":"SAINT-BRUNO, QC","mun":"Saint-Bruno"},"geometry":{"type":"MultiPolygon","coordinates":[[[[-71.655538,48.469271],[-71.655475,48.46942],[-71.655152,48.469361],[-71.655215,48.469212],[-71.655538,48.469271]]]]}},{"type":"Feature","properties":{"owner1":"POTVIN LOUIS-JOSEPH","owner2":null,"matricule":"1970-27-5858","street":"POTVIN","civicLow":"480","civicHigh":"0","valueLand":"39000","valueBuilding":"100100","valueTotal":"139100","mailAddr":"480 AVENUE POTVIN","mailCity":"SAINT-BRUNO, QC.","mun":"Saint-Bruno"},"geometry":{"type":"MultiPolygon","coordinates":[[[[-71.656697,48.469516],[-71.65729,48.469629],[-71.657218,48.469784],[-71.656625,48.46967],[-71.656697,48.469516]]]]}},{"type":"Feature","properties":{"owner1":"TREMBLAY JEANNINE","owner2":null,"matricule":"1970-27-5240","street":"POTVIN","civicLow":"436","civicHigh":"436","valueLand":"42000","valueBuilding":"116000","valueTotal":"158000","mailAddr":"3458 RUE DU MUGUET","mailCity":"JONQUIERE, QC.","mun":"Saint-Bruno"},"geometry":{"type":"MultiPolygon","coordinates":[[[[-71.656697,48.469516],[-71.656823,48.469343],[-71.657371,48.469444],[-71.65729,48.469629],[-71.656697,48.469516]]]]}},{"type":"Feature","properties":{"owner1":"MUNICIPALITE DE SAINT-BRUNO","owner2":null,"matricule":"1971-40-2769","street":"POTVIN","civicLow":"0","civicHigh":"0","valueLand":"2500","valueBuilding":"0","valueTotal":"2500","mailAddr":"563 RUE SAINT-ALPHONSE","mailCity":"SAINT-BRUNO, QC","mun":"Saint-Bruno"},"geometry":{"type":"MultiPolygon","coordinates":[[[[-71.655197,48.472529],[-71.655754,48.472779],[-71.654199,48.472505],[-71.654343,48.472142],[-71.655197,48.472529]]]]}},{"type":"Feature","properties":{"owner1":"MARTEL CYRILLE","owner2":null,"matricule":"1970-47-0412","street":"ST-ALPHONSE","civicLow":"478","civicHigh":"0","valueLand":"28300","valueBuilding":"123300","valueTotal":"151600","mailAddr":"478 AVENUE ST-ALPHONSE","mailCity":"SAINT-BRUNO, QC.","mun":"Saint-Bruno"},"geometry":{"type":"MultiPolygon","coordinates":[[[[-71.655215,48.469212],[-71.655152,48.469361],[-71.654721,48.469283],[-71.654783,48.469134],[-71.655215,48.469212]]]]}},{"type":"Feature","properties":{"owner1":"COTE CHRISTIAN","owner2":null,"matricule":"1970-36-9995","street":"ST-ALPHONSE","civicLow":"464","civicHigh":"474","valueLand":"30400","valueBuilding":"151700","valueTotal":"182100","mailAddr":"220 AVENUE GAGNON SUD, APP. 1","mailCity":"ALMA, QC.","mun":"Saint-Bruno"},"geometry":{"type":"MultiPolygon","coordinates":[[[[-71.655277,48.469057],[-71.655215,48.469212],[-71.654783,48.469134],[-71.654846,48.468974],[-71.655277,48.469057]]]]}},{"type":"Feature","properties":{"owner1":"ROUHAULT CHRISTIAN","owner2":"NOEL PAQUERETTE","matricule":"1970-47-6540","street":"ST-ALPHONSE","civicLow":"497","civicHigh":"0","valueLand":"36400","valueBuilding":"147800","valueTotal":"184200","mailAddr":"497 RUE SAINT-ALPHONSE","mailCity":"SAINT-BRUNO, QC.","mun":"Saint-Bruno"},"geometry":{"type":"MultiPolygon","coordinates":[[[[-71.65446,48.469486],[-71.654397,48.469635],[-71.653831,48.469533],[-71.653885,48.469385],[-71.65446,48.469486]]]]}},{"type":"Feature","properties":{"owner1":"HARVEY MICHEL","owner2":null,"matricule":"1970-47-5922","street":"ST-ALPHONSE","civicLow":"479","civicHigh":"483","valueLand":"39900","valueBuilding":"83600","valueTotal":"123500","mailAddr":"479 AVENUE ST-ALPHONSE","mailCity":"SAINT-BRUNO, QC.","mun":"Saint-Bruno"},"geometry":{"type":"MultiPolygon","coordinates":[[[[-71.653939,48.469254],[-71.654532,48.469313],[-71.65446,48.469486],[-71.653885,48.469385],[-71.653939,48.469254]]]]}},{"type":"Feature","properties":{"owner1":"2945-7694 QUEBEC INC","owner2":null,"matricule":"1970-46-4896","street":"ST-ALPHONSE","civicLow":"455","civicHigh":"0","valueLand":"45100","valueBuilding":"410600","valueTotal":"455700","mailAddr":"455 AVENUE ST-ALPHONSE","mailCity":"SAINT-BRUNO, QC.","mun":"Saint-Bruno"},"geometry":{"type":"MultiPolygon","coordinates":[[[[-71.654191,48.469033],[-71.654262,48.468849],[-71.654478,48.46889],[-71.65464,48.469045],[-71.654532,48.469313],[-71.654101,48.469236],[-71.654191,48.469033]]]]}},{"type":"Feature","properties":{"owner1":"TANGUAY DAVID","owner2":null,"matricule":"1970-57-0521","street":"NAPOLEON","civicLow":"126","civicHigh":"0","valueLand":"29900","valueBuilding":"131200","valueTotal":"161100","mailAddr":"126 RUE NAPOLEON","mailCity":"SAINT-BRUNO, QC.","mun":"Saint-Bruno"},"geometry":{"type":"MultiPolygon","coordinates":[[[[-71.653544,48.469182],[-71.653768,48.469254],[-71.653669,48.469504],[-71.653427,48.469462],[-71.653544,48.469182]]]]}},{"type":"Feature","properties":{"owner1":"TREMBLAY ALAIN","owner2":null,"matricule":"1970-57-2316","street":"NAPOLEON","civicLow":"138","civicHigh":"0","valueLand":"30900","valueBuilding":"154900","valueTotal":"185800","mailAddr":"138 RUE NAPOLEON","mailCity":"SAINT-BRUNO, QC.","mun":"Saint-Bruno"},"geometry":{"type":"MultiPolygon","coordinates":[[[[-71.653544,48.469182],[-71.653427,48.469462],[-71.653184,48.469414],[-71.653292,48.46914],[-71.653544,48.469182]]]]}},{"type":"Feature","properties":{"owner1":"TREMBLAY AGATHE","owner2":null,"matricule":"1970-57-4111","street":"NAPOLEON","civicLow":"144","civicHigh":"0","valueLand":"30900","valueBuilding":"92600","valueTotal":"123500","mailAddr":"144 RUE NAPOLEON","mailCity":"SAINT-BRUNO, QC.","mun":"Saint-Bruno"},"geometry":{"type":"MultiPolygon","coordinates":[[[[-71.653292,48.46914],[-71.653184,48.469414],[-71.652933,48.469373],[-71.653041,48.469093],[-71.653292,48.46914]]]]}},{"type":"Feature","properties":{"owner1":"OUELLET EDITH","owner2":null,"matricule":"1970-57-5806","street":"NAPOLEON","civicLow":"150","civicHigh":"0","valueLand":"24700","valueBuilding":"77400","valueTotal":"102100","mailAddr":"150 RUE NAPOLEON","mailCity":"SAINT-BRUNO, QC.","mun":"Saint-Bruno"},"geometry":{"type":"MultiPolygon","coordinates":[[[[-71.653041,48.469093],[-71.652933,48.469373],[-71.652735,48.469337],[-71.652843,48.469057],[-71.653041,48.469093]]]]}},{"type":"Feature","properties":{"owner1":"GIRARD JUSTIN","owner2":null,"matricule":"1970-56-7198","street":"NAPOLEON","civicLow":"158","civicHigh":"0","valueLand":"30900","valueBuilding":"118800","valueTotal":"149700","mailAddr":"158 RUE NAPOLEON","mailCity":"SAINT-BRUNO, QC.","mun":"Saint-Bruno"},"geometry":{"type":"MultiPolygon","coordinates":[[[[-71.652843,48.469057],[-71.652735,48.469337],[-71.652538,48.469301],[-71.652672,48.468956],[-71.65287,48.468991],[-71.652843,48.469057]]]]}},{"type":"Feature","properties":{"owner1":"OTIS FREDERIC","owner2":"BRISSON-HUDON ANNIE-CLAUDE","matricule":"1970-56-8591","street":"NAPOLEON","civicLow":"176","civicHigh":"180","valueLand":"27600","valueBuilding":"138500","valueTotal":"166100","mailAddr":"176 RUE NAPOLEON","mailCity":"SAINT-BRUNO, QC.","mun":"Saint-Bruno"},"geometry":{"type":"MultiPolygon","coordinates":[[[[-71.652672,48.468962],[-71.652538,48.469301],[-71.652385,48.469134],[-71.652466,48.468926],[-71.652672,48.468962]]]]}},{"type":"Feature","properties":{"owner1":"FORTIN FLEURETTE","owner2":null,"matricule":"1970-56-6057","street":"MELANCON","civicLow":"145","civicHigh":"0","valueLand":"32500","valueBuilding":"148800","valueTotal":"181300","mailAddr":"145 RUE MELANCON","mailCity":"SAINT-BRUNO, QC.","mun":"Saint-Bruno"},"geometry":{"type":"MultiPolygon","coordinates":[[[[-71.653032,48.468592],[-71.65287,48.468991],[-71.652672,48.468956],[-71.652834,48.468557],[-71.653032,48.468592]]]]}},{"type":"Feature","properties":{"owner1":"FORTIN STEPHANE","owner2":"ST-GELAIS VALERIE","matricule":"1971-30-7452","street":"L'EGLISE","civicLow":"131","civicHigh":"0","valueLand":"40500","valueBuilding":"245000","valueTotal":"285500","mailAddr":"131 RUE DE L'EGLISE","mailCity":"SAINT-BRUNO, QC.","mun":"Saint-Bruno"},"geometry":{"type":"MultiPolygon","coordinates":[[[[-71.655646,48.472142],[-71.655502,48.472494],[-71.655197,48.472529],[-71.655385,48.472094],[-71.655646,48.472142]]]]}},{"type":"Feature","properties":{"owner1":"VILLENEUVE JEAN","owner2":null,"matricule":"2168-15-6478","street":"SIXIEME RANG SUD","civicLow":"250","civicHigh":"0","valueLand":"299600","valueBuilding":"0","valueTotal":"299600","mailAddr":"1232 RANG 4","mailCity":"SAINT-GEDEON. QC","mun":"Saint-Bruno"},"geometry":{"type":"MultiPolygon","coordinates":[[[[-71.619318,48.446532],[-71.632658,48.44891],[-71.62274,48.450769],[-71.617908,48.44994],[-71.619318,48.446532]]],[[[-71.625858,48.451043],[-71.626334,48.450596],[-71.627025,48.450304],[-71.63343,48.449053],[-71.640563,48.45034],[-71.640294,48.451007],[-71.639755,48.450906],[-71.639341,48.451942],[-71.639898,48.452044],[-71.639216,48.453748],[-71.625732,48.451287],[-71.625858,48.451043]]]]}},{"type":"Feature","properties":{"owner1":"BARBEAU MARGUERITE","owner2":null,"matricule":"1970-33-4218","street":"ST-ALPHONSE","civicLow":"283","civicHigh":"0","valueLand":"32000","valueBuilding":"103800","valueTotal":"135800","mailAddr":"283 AVENUE ST-ALPHONSE","mailCity":"SAINT-BRUNO, QC.","mun":"Saint-Bruno"},"geometry":{"type":"MultiPolygon","coordinates":[[[[-71.65543,48.465716],[-71.655484,48.465584],[-71.656023,48.46568],[-71.655969,48.465817],[-71.65543,48.465716]]]]}},{"type":"Feature","properties":{"owner1":"THIBEAULT BIANCA","owner2":null,"matricule":"1971-50-5660","street":"ST-ALPHONSE","civicLow":"613","civicHigh":"0","valueLand":"44500","valueBuilding":"123700","valueTotal":"168200","mailAddr":"613 AVENUE ST-ALPHONSE","mailCity":"SAINT-BRUNO, QC","mun":"Saint-Bruno"},"geometry":{"type":"MultiPolygon","coordinates":[[[[-71.652681,48.472476],[-71.652762,48.472237],[-71.653292,48.472339],[-71.653202,48.472559],[-71.652681,48.472476]]]]}},{"type":"Feature","properties":{"owner1":"MARTEL SERGE","owner2":null,"matricule":"1971-50-6180","street":"ST-ALPHONSE","civicLow":"631","civicHigh":"633","valueLand":"26000","valueBuilding":"78200","valueTotal":"104200","mailAddr":"633 AVENUE SAINT-ALPHONSE","mailCity":"SAINT-BRUNO, QC.","mun":"Saint-Bruno"},"geometry":{"type":"MultiPolygon","coordinates":[[[[-71.653202,48.472559],[-71.653157,48.472672],[-71.652636,48.472589],[-71.652681,48.472476],[-71.653202,48.472559]]]]}},{"type":"Feature","properties":{"owner1":"GENEST JOHN","owner2":null,"matricule":"1969-29-5790","street":"ST-ALPHONSE","civicLow":"117","civicHigh":"0","valueLand":"62900","valueBuilding":"0","valueTotal":"62900","mailAddr":"405 RUE BEGIN","mailCity":"ALMA, QC.","mun":"Saint-Bruno"},"geometry":{"type":"MultiPolygon","coordinates":[[[[-71.656832,48.463684],[-71.656221,48.462183],[-71.657389,48.462398],[-71.656832,48.463684]]]]}},{"type":"Feature","properties":{"owner1":"BOILY CAROLE","owner2":"DUCHESNE FABIENNE","matricule":"1971-71-1869","street":"FORTIN","civicLow":"170","civicHigh":"0","valueLand":"37800","valueBuilding":"120300","valueTotal":"158100","mailAddr":"170 RUE FORTIN","mailCity":"SAINT-BRUNO, QC.","mun":"Saint-Bruno"},"geometry":{"type":"MultiPolygon","coordinates":[[[[-71.651019,48.47328],[-71.650903,48.473571],[-71.650633,48.473518],[-71.650714,48.473226],[-71.651019,48.47328]]]]}},{"type":"Feature","properties":{"owner1":"PANGEA TERRES AGRICOLES S.E.C.","owner2":null,"matricule":"1671-56-5474","street":"Adresse non codifiée","civicLow":"0","civicHigh":"0","valueLand":"138900","valueBuilding":"0","valueTotal":"138900","mailAddr":"1091 RANG DU BAS-DE-L'ASSOMPTION SUD","mailCity":"L'ASSOMPTION, QC","mun":"Saint-Bruno"},"geometry":{"type":"MultiPolygon","coordinates":[[[[-71.698513,48.470355],[-71.692692,48.484481],[-71.689234,48.483873],[-71.695055,48.469724],[-71.69678,48.47004],[-71.696456,48.470832],[-71.696699,48.47088],[-71.697651,48.471052],[-71.697974,48.47026],[-71.698513,48.470355]]]]}},{"type":"Feature","properties":{"owner1":"ROY GILLES","owner2":null,"matricule":"1670-87-1826","street":"QUATRIEME RANG OUEST","civicLow":"720","civicHigh":"0","valueLand":"37000","valueBuilding":"177700","valueTotal":"214700","mailAddr":"720 QUATRIEME RANG OUEST","mailCity":"SAINT-BRUNO, QC.","mun":"Saint-Bruno"},"geometry":{"type":"MultiPolygon","coordinates":[[[[-71.690438,48.468878],[-71.690258,48.469313],[-71.68944,48.469164],[-71.68962,48.468729],[-71.690438,48.468878]]]]}},{"type":"Feature","properties":{"owner1":"MALTAIS NICOLAS","owner2":null,"matricule":"1670-67-8164","street":"QUATRIEME RANG OUEST","civicLow":"820","civicHigh":"0","valueLand":"31700","valueBuilding":"76600","valueTotal":"108300","mailAddr":"820 QUATRIEME RANG OUEST","mailCity":"SAINT-BRUNO, QC.","mun":"Saint-Bruno"},"geometry":{"type":"MultiPolygon","coordinates":[[[[-71.691551,48.469081],[-71.692216,48.469206],[-71.692054,48.469599],[-71.69139,48.46948],[-71.691551,48.469081]]]]}},{"type":"Feature","properties":{"owner1":"GUAY SAMUEL","owner2":null,"matricule":"1670-38-1999","street":"Adresse non codifiée","civicLow":"0","civicHigh":"0","valueLand":"800","valueBuilding":"1700","valueTotal":"2500","mailAddr":"185 RANG SAINT-ANDRE","mailCity":"HEBERTVILLE. QC","mun":"Saint-Bruno"},"geometry":{"type":"MultiPolygon","coordinates":[[[[-71.697022,48.470087],[-71.696699,48.47088],[-71.696456,48.470832],[-71.69678,48.47004],[-71.697022,48.470087]]]]}},{"type":"Feature","properties":{"owner1":"GUAY GUY","owner2":null,"matricule":"1670-29-7407","street":"QUATRIEME RANG OUEST","civicLow":"950","civicHigh":"0","valueLand":"40500","valueBuilding":"212300","valueTotal":"252800","mailAddr":"950 QUATRIEME RANG OUEST","mailCity":"SAINT-BRUNO, QC.","mun":"Saint-Bruno"},"geometry":{"type":"MultiPolygon","coordinates":[[[[-71.697974,48.47026],[-71.697651,48.471052],[-71.696699,48.47088],[-71.697022,48.470087],[-71.697974,48.47026]]]]}},{"type":"Feature","properties":{"owner1":"TRUCHON ELOI","owner2":null,"matricule":"1570-17-0573","street":"Adresse non codifiée","civicLow":"0","civicHigh":"0","valueLand":"34500","valueBuilding":"0","valueTotal":"34500","mailAddr":"280 ROUTE DU LAC OUEST","mailCity":"ALMA, QC.","mun":"Saint-Bruno"},"geometry":{"type":"MultiPolygon","coordinates":[[[[-71.711844,48.470028],[-71.713632,48.465799],[-71.715402,48.465918],[-71.712581,48.472648],[-71.710847,48.472327],[-71.711844,48.470028]]]]}},{"type":"Feature","properties":{"owner1":"BOUCHARD MICHEL","owner2":"GAGNON-LAUNIERE AUDREY","matricule":"1970-64-4822","street":"NORMANDIE","civicLow":"256","civicHigh":"0","valueLand":"51100","valueBuilding":"148500","valueTotal":"199600","mailAddr":"256 RUE NORMANDIE","mailCity":"SAINT-BRUNO, QC.","mun":"Saint-Bruno"},"geometry":{"type":"MultiPolygon","coordinates":[[[[-71.652169,48.466609],[-71.651442,48.466889],[-71.651253,48.466746],[-71.65154,48.46649],[-71.652169,48.466609]]]]}},{"type":"Feature","properties":{"owner1":"BOUCHARD JONATHAN","owner2":"DESBIENS KIM","matricule":"1970-64-7510","street":"NORMANDIE","civicLow":"258","civicHigh":"0","valueLand":"38600","valueBuilding":"78500","valueTotal":"117100","mailAddr":"258 RUE NORMANDIE","mailCity":"SAINT-BRUNO, QC.","mun":"Saint-Bruno"},"geometry":{"type":"MultiPolygon","coordinates":[[[[-71.65154,48.46649],[-71.651253,48.466746],[-71.651001,48.466663],[-71.651109,48.466412],[-71.65154,48.46649]]]]}},{"type":"Feature","properties":{"owner1":"NOEL MARC-ANDRE","owner2":"MUNGER JULIE","matricule":"1970-74-0103","street":"NORMANDIE","civicLow":"264","civicHigh":"0","valueLand":"35900","valueBuilding":"124300","valueTotal":"160200","mailAddr":"264 RUE NORMANDIE","mailCity":"SAINT-BRUNO, QC.","mun":"Saint-Bruno"},"geometry":{"type":"MultiPolygon","coordinates":[[[[-71.651109,48.466412],[-71.651001,48.466663],[-71.650687,48.466609],[-71.650786,48.466359],[-71.651109,48.466412]]]]}},{"type":"Feature","properties":{"owner1":"JUAIR GASTON","owner2":"SIMARD CAROLE","matricule":"1970-73-2496","street":"NORMANDIE","civicLow":"278","civicHigh":"0","valueLand":"35900","valueBuilding":"104300","valueTotal":"140200","mailAddr":"278 RUE NORMANDIE","mailCity":"SAINT-BRUNO, QC.","mun":"Saint-Bruno"},"geometry":{"type":"MultiPolygon","coordinates":[[[[-71.650786,48.466359],[-71.650687,48.466609],[-71.650364,48.466549],[-71.650471,48.466299],[-71.650786,48.466359]]]]}},{"type":"Feature","properties":{"owner1":"DURANLEAU LOUISE-MARIE","owner2":null,"matricule":"1970-73-4789","street":"NORMANDIE","civicLow":"284","civicHigh":"0","valueLand":"35900","valueBuilding":"140400","valueTotal":"176300","mailAddr":"284 RUE NORMANDIE","mailCity":"SAINT-BRUNO, QC.","mun":"Saint-Bruno"},"geometry":{"type":"MultiPolygon","coordinates":[[[[-71.650471,48.466299],[-71.650364,48.466549],[-71.650049,48.466496],[-71.650148,48.46624],[-71.650471,48.466299]]]]}},{"type":"Feature","properties":{"owner1":"COTE MICHEL","owner2":null,"matricule":"1773-95-3031","street":"CINQUIEME RANG OUEST","civicLow":"629","civicHigh":"0","valueLand":"43500","valueBuilding":"0","valueTotal":"43500","mailAddr":"880 CINQUIEME RANG OUEST","mailCity":"SAINT-BRUNO, QC.","mun":"Saint-Bruno"},"geometry":{"type":"MultiPolygon","coordinates":[[[[-71.673935,48.494078],[-71.674699,48.492137],[-71.67787,48.493269],[-71.676612,48.496328],[-71.675696,48.496049],[-71.675382,48.495519],[-71.675139,48.495519],[-71.674582,48.496561],[-71.673055,48.496281],[-71.673935,48.494078]]]]}},{"type":"Feature","properties":{"owner1":"GAGNON DOMINIQUE","owner2":null,"matricule":"1773-74-6785","street":"Adresse non codifiée","civicLow":"0","civicHigh":"0","valueLand":"1100","valueBuilding":"0","valueTotal":"1100","mailAddr":"625 5E RANG","mailCity":"SAINT-BRUNO, QC.","mun":"Saint-Bruno"},"geometry":{"type":"MultiPolygon","coordinates":[[[[-71.67787,48.493269],[-71.67805,48.493334],[-71.677511,48.494638],[-71.677322,48.494602],[-71.67787,48.493269]]]]}},{"type":"Feature","properties":{"owner1":"DALLAIRE BERNARD","owner2":"DALLAIRE LUC","matricule":"1971-51-7840","street":"ST-ALPHONSE","civicLow":"655","civicHigh":"0","valueLand":"46700","valueBuilding":"291600","valueTotal":"338300","mailAddr":"376 RUE PARE","mailCity":"SAINT-BRUNO, QC.","mun":"Saint-Bruno"},"geometry":{"type":"MultiPolygon","coordinates":[[[[-71.653014,48.473035],[-71.652906,48.473292],[-71.652385,48.473202],[-71.652502,48.472922],[-71.653014,48.473035]]]]}},{"type":"Feature","properties":{"owner1":"GAGNE ANDRE","owner2":null,"matricule":"2367-67-6777","street":"HUITIEME RANG SUD","civicLow":"178","civicHigh":"0","valueLand":"16400","valueBuilding":"55300","valueTotal":"71700","mailAddr":"623 RUE ST-WILBROD","mailCity":"HEBERTVILLE-STATION, QC.","mun":"Saint-Bruno"},"geometry":{"type":"MultiPolygon","coordinates":[[[[-71.596429,48.443475],[-71.596501,48.443261],[-71.597094,48.443374],[-71.597013,48.443588],[-71.596429,48.443475]]]]}},{"type":"Feature","properties":{"owner1":"9260-0014 QUEBEC INC","owner2":null,"matricule":"2468-51-8290","street":"HUITIEME RANG SUD","civicLow":"344","civicHigh":"0","valueLand":"91800","valueBuilding":"32100","valueTotal":"123900","mailAddr":"150 CHEMIN DES SABLES","mailCity":"HEBERTVILLE, QC","mun":"Saint-Bruno"},"geometry":{"type":"MultiPolygon","coordinates":[[[[-71.573603,48.446705],[-71.574573,48.444357],[-71.595297,48.447837],[-71.594596,48.449732],[-71.593976,48.449619],[-71.59377,48.45003],[-71.573603,48.446705]]]]}},{"type":"Feature","properties":{"owner1":"TRUCHON SYLVIE","owner2":null,"matricule":"2368-84-6380","street":"HUITIEME RANG SUD","civicLow":"346","civicHigh":"0","valueLand":"15100","valueBuilding":"0","valueTotal":"15100","mailAddr":"348 HUITIEME RANG SUD","mailCity":"SAINT-BRUNO, QC.","mun":"Saint-Bruno"},"geometry":{"type":"MultiPolygon","coordinates":[[[[-71.593878,48.449803],[-71.593976,48.449619],[-71.594587,48.449726],[-71.594515,48.449917],[-71.593878,48.449803]]]]}},{"type":"Feature","properties":{"owner1":"SIMARD JEAN","owner2":null,"matricule":"2368-85-7003","street":"HUITIEME RANG SUD","civicLow":"348","civicHigh":"0","valueLand":"20300","valueBuilding":"116600","valueTotal":"136900","mailAddr":"348 HUITIEME RANG SUD","mailCity":"SAINT-BRUNO, QC.","mun":"Saint-Bruno"},"geometry":{"type":"MultiPolygon","coordinates":[[[[-71.594012,48.450101],[-71.59377,48.45003],[-71.593878,48.449803],[-71.594515,48.449917],[-71.594417,48.450167],[-71.594012,48.450101]]]]}},{"type":"Feature","properties":{"owner1":"LAJOIE REMI","owner2":"GOULET PATRICIA","matricule":"1972-80-4749","street":"ST-ALPHONSE NORD","civicLow":"1002","civicHigh":"0","valueLand":"24900","valueBuilding":"217000","valueTotal":"241900","mailAddr":"1002 ROUTE ST-ALPHONSE NORD","mailCity":"SAINT-BRUNO, QC.","mun":"Saint-Bruno"},"geometry":{"type":"MultiPolygon","coordinates":[[[[-71.649591,48.481212],[-71.649447,48.481557],[-71.648899,48.481444],[-71.649043,48.481105],[-71.649591,48.481212]]]]}},{"type":"Feature","properties":{"owner1":"MUNICIPALITE DE SAINT-BRUNO","owner2":null,"matricule":"1971-92-5856","street":"ERABLES","civicLow":"0","civicHigh":"0","valueLand":"33800","valueBuilding":"0","valueTotal":"33800","mailAddr":"563 AVENUE ST-ALPHONSE","mailCity":"SAINT-BRUNO, QC.","mun":"Saint-Bruno"},"geometry":{"type":"MultiPolygon","coordinates":[[[[-71.647345,48.474256],[-71.647426,48.47409],[-71.647839,48.474161],[-71.647732,48.474352],[-71.647345,48.474256]]]]}},{"type":"Feature","properties":{"owner1":"GAGNON MARTIN","owner2":"LAPOINTE JESSICA","matricule":"1971-40-1339","street":"L'EGLISE","civicLow":"111","civicHigh":"0","valueLand":"38600","valueBuilding":"190600","valueTotal":"229200","mailAddr":"111 RUE DE L'EGLISE","mailCity":"SAINT-BRUNO, QC.","mun":"Saint-Bruno"},"geometry":{"type":"MultiPolygon","coordinates":[[[[-71.655125,48.472041],[-71.654963,48.472422],[-71.654721,48.472315],[-71.654855,48.471993],[-71.655125,48.472041]]]]}},{"type":"Feature","properties":{"owner1":"THIVIERGE DOMINIQUE","owner2":"LAJOIE JULIE","matricule":"1971-70-2625","street":"QUATRE-H","civicLow":"635","civicHigh":"0","valueLand":"39000","valueBuilding":"184400","valueTotal":"223400","mailAddr":"635 AVENUE QUATRE-H","mailCity":"SAINT-BRUNO, QC.","mun":"Saint-Bruno"},"geometry":{"type":"MultiPolygon","coordinates":[[[[-71.650921,48.472023],[-71.650822,48.472261],[-71.650427,48.47219],[-71.650516,48.471952],[-71.650921,48.472023]]]]}},{"type":"Feature","properties":{"owner1":"PRIVE STEPHANIE","owner2":null,"matricule":"1971-70-5717","street":"LILAS","civicLow":"630","civicHigh":"0","valueLand":"34800","valueBuilding":"149700","valueTotal":"184500","mailAddr":"630 AVENUE DES LILAS","mailCity":"SAINT-BRUNO, QC.","mun":"Saint-Bruno"},"geometry":{"type":"MultiPolygon","coordinates":[[[[-71.650507,48.471987],[-71.650436,48.472166],[-71.650004,48.472089],[-71.650076,48.47191],[-71.650507,48.471987]]]]}},{"type":"Feature","properties":{"owner1":"BOUCHARD FERNAND","owner2":"BOUCHARD MARIO","matricule":"2370-46-4971","street":"SEPTIEME RANG NORD","civicLow":"800","civicHigh":"0","valueLand":"170900","valueBuilding":"285400","valueTotal":"456300","mailAddr":"800 SEPTIEME RANG NORD","mailCity":"SAINT-BRUNO, QC.","mun":"Saint-Bruno"},"geometry":{"type":"MultiPolygon","coordinates":[[[[-71.607415,48.472416],[-71.606984,48.472327],[-71.606939,48.472398],[-71.587302,48.468866],[-71.588263,48.466615],[-71.599205,48.468586],[-71.599591,48.466812],[-71.610092,48.468717],[-71.609167,48.471237],[-71.609041,48.472404],[-71.607415,48.472416]]]]}},{"type":"Feature","properties":{"owner1":"BOULIANNE STEPHANE","owner2":"RACINE JOSEE","matricule":"2270-63-1846","street":"SEPTIEME RANG NORD","civicLow":"701","civicHigh":"0","valueLand":"28000","valueBuilding":"95700","valueTotal":"123700","mailAddr":"701 RANG 7 NORD","mailCity":"SAINT-BRUNO, QC.","mun":"Saint-Bruno"},"geometry":{"type":"MultiPolygon","coordinates":[[[[-71.611089,48.466704],[-71.61153,48.465936],[-71.611736,48.465972],[-71.611413,48.466782],[-71.611089,48.466704]]]]}},{"type":"Feature","properties":{"owner1":"CHOQUETTE MICHAEL","owner2":"TREMBLAY MYRIAM","matricule":"2271-84-9755","street":"SEPTIEME RANG NORD","civicLow":"905","civicHigh":"0","valueLand":"41000","valueBuilding":"85000","valueTotal":"126000","mailAddr":"905 SEPTIEME RANG NORD","mailCity":"SAINT-BRUNO, QC.","mun":"Saint-Bruno"},"geometry":{"type":"MultiPolygon","coordinates":[[[[-71.608736,48.47649],[-71.608224,48.476591],[-71.607119,48.47649],[-71.607155,48.476192],[-71.608897,48.476329],[-71.608736,48.47649]]]]}},{"type":"Feature","properties":{"owner1":"ROBITAILLE GUY","owner2":null,"matricule":"1971-56-9542","street":"THIBEAULT","civicLow":"890","civicHigh":"0","valueLand":"28400","valueBuilding":"44400","valueTotal":"72800","mailAddr":"890 AVENUE THIBEAULT","mailCity":"SAINT-BRUNO, QC.","mun":"Saint-Bruno"},"geometry":{"type":"MultiPolygon","coordinates":[[[[-71.65234,48.477681],[-71.652403,48.47752],[-71.652807,48.477591],[-71.652735,48.477752],[-71.65234,48.477681]]]]}},{"type":"Feature","properties":{"owner1":"9224-4144 QUEBEC INC","owner2":null,"matricule":"2070-43-4305","street":"DALLAIRE","civicLow":"600","civicHigh":"0","valueLand":"38000","valueBuilding":"112000","valueTotal":"150000","mailAddr":"600 RUE DALLAIRE","mailCity":"SAINT-BRUNO, QC.","mun":"Saint-Bruno"},"geometry":{"type":"MultiPolygon","coordinates":[[[[-71.641713,48.465656],[-71.641425,48.466353],[-71.639862,48.466067],[-71.640141,48.465376],[-71.639907,48.465334],[-71.639853,48.465042],[-71.641812,48.4654],[-71.641713,48.465656]]]]}},{"type":"Feature","properties":{"owner1":"FORTIN GHISLAIN","owner2":"LEMIEUX JOSEE","matricule":"1573-79-5068","street":"Adresse non codifiée","civicLow":"0","civicHigh":"0","valueLand":"6900","valueBuilding":"2400","valueTotal":"9300","mailAddr":"112 RUE DU MEUNIER","mailCity":"VICTORIAVILLE, QC","mun":"Saint-Bruno"},"geometry":{"type":"MultiPolygon","coordinates":[[[[-71.705924,48.494465],[-71.706984,48.494662],[-71.704065,48.501763],[-71.703176,48.501596],[-71.705924,48.494465]]]]}},{"type":"Feature","properties":{"owner1":"2969-8743 QUEBEC INC","owner2":null,"matricule":"1673-14-1351","street":"CINQUIEME RANG OUEST","civicLow":"1567","civicHigh":"0","valueLand":"303000","valueBuilding":"0","valueTotal":"303000","mailAddr":"1567 SIXIEME RANG OUEST","mailCity":"SAINT-BRUNO, QC.","mun":"Saint-Bruno"},"geometry":{"type":"MultiPolygon","coordinates":[[[[-71.696851,48.500001],[-71.695549,48.499775],[-71.695369,48.500209],[-71.693716,48.499763],[-71.699484,48.485743],[-71.706419,48.486987],[-71.700606,48.501114],[-71.697112,48.500513],[-71.697292,48.500079],[-71.696851,48.500001]]]]}},{"type":"Feature","properties":{"owner1":"MUNGER SERGE","owner2":null,"matricule":"2270-60-0875","street":"SEPTIEME RANG NORD","civicLow":"630","civicHigh":"0","valueLand":"35000","valueBuilding":"154800","valueTotal":"189800","mailAddr":"630 SEPTIEME RANG NORD","mailCity":"SAINT-BRUNO, QC.","mun":"Saint-Bruno"},"geometry":{"type":"MultiPolygon","coordinates":[[[[-71.61206,48.463917],[-71.611808,48.464518],[-71.611494,48.464465],[-71.61161,48.464191],[-71.61082,48.464048],[-71.611,48.463613],[-71.611907,48.463756],[-71.61206,48.463917]]]]}},{"type":"Feature","properties":{"owner1":"OUELLET JEAN-CLAUDE","owner2":null,"matricule":"2173-98-7577","street":"SIXIEME RANG NORD","civicLow":"1960","civicHigh":"0","valueLand":"40200","valueBuilding":"131000","valueTotal":"171200","mailAddr":"1960 SIXIEME RANG NORD","mailCity":"SAINT-BRUNO, QC.","mun":"Saint-Bruno"},"geometry":{"type":"MultiPolygon","coordinates":[[[[-71.621339,48.497858],[-71.621124,48.498388],[-71.620324,48.498245],[-71.62054,48.497715],[-71.621339,48.497858]]]]}},{"type":"Feature","properties":{"owner1":"GOBEIL LILI","owner2":null,"matricule":"2173-96-2670","street":"SIXIEME RANG NORD","civicLow":"1950","civicHigh":"0","valueLand":"23100","valueBuilding":"124700","valueTotal":"147800","mailAddr":"1950 SIXIEME RANG NORD","mailCity":"SAINT-BRUNO, QC.","mun":"Saint-Bruno"},"geometry":{"type":"MultiPolygon","coordinates":[[[[-71.622085,48.496019],[-71.621878,48.496549],[-71.620818,48.496358],[-71.621034,48.495828],[-71.622085,48.496019]]]]}},{"type":"Feature","properties":{"owner1":"GOBEIL LILI","owner2":"GOBEIL DIANNE","matricule":"2273-05-1472","street":"Adresse non codifiée","civicLow":"0","civicHigh":"0","valueLand":"12200","valueBuilding":"0","valueTotal":"12200","mailAddr":"1950 SIXIEME RANG NORD","mailCity":"SAINT-BRUNO, QC","mun":"Saint-Bruno"},"geometry":{"type":"MultiPolygon","coordinates":[[[[-71.621034,48.495828],[-71.620818,48.496358],[-71.617979,48.49584],[-71.61868,48.494102],[-71.622471,48.494793],[-71.622085,48.496019],[-71.621034,48.495828]]]]}},{"type":"Feature","properties":{"owner1":"9118-8995 QUEBEC INC","owner2":null,"matricule":"1971-78-7002","street":"ST-ALPHONSE","civicLow":"0","civicHigh":"0","valueLand":"29300","valueBuilding":"0","valueTotal":"29300","mailAddr":"523 CHEMIN DU LAC-HIPPOLYTE","mailCity":"LAROUCHE, QC.","mun":"Saint-Bruno"},"geometry":{"type":"MultiPolygon","coordinates":[[[[-71.649924,48.479348],[-71.650157,48.478782],[-71.650552,48.478854],[-71.650328,48.479419],[-71.649924,48.479348]]]]}},{"type":"Feature","properties":{"owner1":"DAMOUR RENE","owner2":null,"matricule":"1970-94-4001","street":"ARTISANS","civicLow":"380","civicHigh":"0","valueLand":"37300","valueBuilding":"90200","valueTotal":"127500","mailAddr":"380 RUE DES ARTISANS","mailCity":"SAINT-BRUNO, QC.","mun":"Saint-Bruno"},"geometry":{"type":"MultiPolygon","coordinates":[[[[-71.647911,48.466448],[-71.647803,48.466645],[-71.647417,48.466609],[-71.647462,48.466395],[-71.647911,48.466448]]]]}},{"type":"Feature","properties":{"owner1":"TREMBLAY GUY","owner2":null,"matricule":"1971-55-6228","street":"THIBEAULT","civicLow":"840","civicHigh":"0","valueLand":"45000","valueBuilding":"97200","valueTotal":"142200","mailAddr":"840 AVENUE THIBEAULT","mailCity":"SAINT-BRUNO, QC.","mun":"Saint-Bruno"},"geometry":{"type":"MultiPolygon","coordinates":[[[[-71.652735,48.476728],[-71.652861,48.476412],[-71.653265,48.476484],[-71.65313,48.476799],[-71.652735,48.476728]]]]}},{"type":"Feature","properties":{"owner1":"LAFOREST JOCELYN","owner2":null,"matricule":"1970-76-0655","street":"NAPOLEON","civicLow":"234","civicHigh":"0","valueLand":"39700","valueBuilding":"109100","valueTotal":"148800","mailAddr":"234 RUE NAPOLEON","mailCity":"SAINT-BRUNO, QC.","mun":"Saint-Bruno"},"geometry":{"type":"MultiPolygon","coordinates":[[[[-71.651073,48.468598],[-71.650912,48.469009],[-71.650669,48.468968],[-71.65084,48.468557],[-71.651073,48.468598]]]]}},{"type":"Feature","properties":{"owner1":"MARCOTTE STEPHANE","owner2":"GERVAIS CAROLINE","matricule":"1970-76-2350","street":"NAPOLEON","civicLow":"244","civicHigh":"0","valueLand":"39700","valueBuilding":"119400","valueTotal":"159100","mailAddr":"244 RUE NAPOLEON","mailCity":"SAINT-BRUNO, QC.","mun":"Saint-Bruno"},"geometry":{"type":"MultiPolygon","coordinates":[[[[-71.65084,48.468557],[-71.650669,48.468968],[-71.650436,48.46892],[-71.650597,48.468509],[-71.65084,48.468557]]]]}},{"type":"Feature","properties":{"owner1":"BOUCHARD ROCH","owner2":null,"matricule":"1970-76-4145","street":"NAPOLEON","civicLow":"254","civicHigh":"0","valueLand":"39700","valueBuilding":"98400","valueTotal":"138100","mailAddr":"254 RUE NAPOLEON","mailCity":"SAINT-BRUNO, QC.","mun":"Saint-Bruno"},"geometry":{"type":"MultiPolygon","coordinates":[[[[-71.650597,48.468509],[-71.650436,48.46892],[-71.650193,48.468878],[-71.650364,48.468467],[-71.650597,48.468509]]]]}},{"type":"Feature","properties":{"owner1":"TREMBLAY GILLES","owner2":null,"matricule":"1970-36-5623","street":"ST-ALPHONSE","civicLow":"390","civicHigh":"392","valueLand":"74700","valueBuilding":"185600","valueTotal":"260300","mailAddr":"392 AVENUE SAINT-ALPHONSE","mailCity":"SAINT-BRUNO, QC.","mun":"Saint-Bruno"},"geometry":{"type":"MultiPolygon","coordinates":[[[[-71.656176,48.468336],[-71.655969,48.468843],[-71.655852,48.468825],[-71.655915,48.468682],[-71.655017,48.468515],[-71.655134,48.468241],[-71.656176,48.468336]]]]}},{"type":"Feature","properties":{"owner1":"CENTRE DE LA PETITE ENFANCE","owner2":null,"matricule":"1970-58-5308","street":"GARDERIE","civicLow":"150","civicHigh":"0","valueLand":"140800","valueBuilding":"1131900","valueTotal":"1272700","mailAddr":"150 RUE DE LA GARDERIE","mailCity":"SAINT-BRUNO, QC.","mun":"Saint-Bruno"},"geometry":{"type":"MultiPolygon","coordinates":[[[[-71.653355,48.470302],[-71.653292,48.470469],[-71.65243,48.470314],[-71.652645,48.46979],[-71.653508,48.469944],[-71.653355,48.470302]]]]}},{"type":"Feature","properties":{"owner1":"BEAULIEU HUGUETTE","owner2":null,"matricule":"1970-66-2188","street":"NAPOLEON","civicLow":"194","civicHigh":"198","valueLand":"24600","valueBuilding":"109700","valueTotal":"134300","mailAddr":"194 RUE NAPOLEON","mailCity":"SAINT-BRUNO, QC.","mun":"Saint-Bruno"},"geometry":{"type":"MultiPolygon","coordinates":[[[[-71.652178,48.46895],[-71.65207,48.469218],[-71.651864,48.469182],[-71.651972,48.468914],[-71.652178,48.46895]]]]}},{"type":"Feature","properties":{"owner1":"BELL CANADA / 4333063 CANADA INC.","owner2":null,"matricule":"1970-66-2463","street":"QUATRE-H","civicLow":"0","civicHigh":"0","valueLand":"26900","valueBuilding":"0","valueTotal":"26900","mailAddr":"C.P. 1386 SUCC. A","mailCity":"MONTREAL, QC.","mun":"Saint-Bruno"},"geometry":{"type":"MultiPolygon","coordinates":[[[[-71.652241,48.468807],[-71.652178,48.46895],[-71.651729,48.468872],[-71.651792,48.468723],[-71.652241,48.468807]]]]}},{"type":"Feature","properties":{"owner1":"9266-0729 QUEBEC INC","owner2":null,"matricule":"1970-68-0811","street":"QUATRE-H","civicLow":"530","civicHigh":"0","valueLand":"40400","valueBuilding":"119100","valueTotal":"159500","mailAddr":"530 AVENUE QUATRE-H","mailCity":"SAINT-BRUNO, QC.","mun":"Saint-Bruno"},"geometry":{"type":"MultiPolygon","coordinates":[[[[-71.651936,48.470224],[-71.652026,48.470016],[-71.652511,48.470105],[-71.65243,48.470314],[-71.651936,48.470224]]]]}},{"type":"Feature","properties":{"owner1":"TREMBLAY ALAIN","owner2":null,"matricule":"2371-06-4747","street":"SEPTIEME RANG NORD","civicLow":"950","civicHigh":"0","valueLand":"35000","valueBuilding":"98300","valueTotal":"133300","mailAddr":"950 SEPTIEME RANG NORD","mailCity":"SAINT-BRUNO, QC.","mun":"Saint-Bruno"},"geometry":{"type":"MultiPolygon","coordinates":[[[[-71.605906,48.478413],[-71.60569,48.478467],[-71.60516,48.478312],[-71.605259,48.478038],[-71.605655,48.478038],[-71.605735,48.477812],[-71.606517,48.477764],[-71.606283,48.478425],[-71.605906,48.478413]]]]}},{"type":"Feature","properties":{"owner1":"BOUDREAULT LOUISE","owner2":null,"matricule":"1971-50-4727","street":"ST-ALPHONSE","civicLow":"597","civicHigh":"0","valueLand":"31900","valueBuilding":"87300","valueTotal":"119200","mailAddr":"597 AVENUE ST-ALPHONSE","mailCity":"SAINT-BRUNO, QC.","mun":"Saint-Bruno"},"geometry":{"type":"MultiPolygon","coordinates":[[[[-71.6534,48.472089],[-71.653346,48.47222],[-71.652807,48.472118],[-71.652861,48.471987],[-71.6534,48.472089]]]]}},{"type":"Feature","properties":{"owner1":"BOUCHARD JEAN-PAUL","owner2":null,"matricule":"1971-50-8938","street":"ETUDIANTS","civicLow":"610","civicHigh":"0","valueLand":"32400","valueBuilding":"107200","valueTotal":"139600","mailAddr":"610 AVENUE DES ETUDIANTS","mailCity":"SAINT-BRUNO, QC.","mun":"Saint-Bruno"},"geometry":{"type":"MultiPolygon","coordinates":[[[[-71.652277,48.472243],[-71.65234,48.472083],[-71.652789,48.472166],[-71.652735,48.472321],[-71.652277,48.472243]]]]}},{"type":"Feature","properties":{"owner1":"RACINE MARC","owner2":"GAGNON ANNE","matricule":"1971-50-5041","street":"ST-ALPHONSE","civicLow":"603","civicHigh":"0","valueLand":"28600","valueBuilding":"94800","valueTotal":"123400","mailAddr":"603 AVENUE ST-ALPHONSE","mailCity":"SAINT-BRUNO, QC.","mun":"Saint-Bruno"},"geometry":{"type":"MultiPolygon","coordinates":[[[[-71.653346,48.47222],[-71.653292,48.472339],[-71.652762,48.472237],[-71.652807,48.472118],[-71.653346,48.47222]]]]}},{"type":"Feature","properties":{"owner1":"BOUCHARD JOHANNE","owner2":null,"matricule":"1972-00-2080","street":"ST-ALPHONSE","civicLow":"998","civicHigh":"0","valueLand":"306700","valueBuilding":"153000","valueTotal":"459700","mailAddr":"830 TROISIEME RANG OUEST","mailCity":"SAINT-BRUNO, QC.","mun":"Saint-Bruno"},"geometry":{"type":"MultiPolygon","coordinates":[[[[-71.66957,48.484975],[-71.649789,48.481414],[-71.650292,48.480176],[-71.650786,48.480265],[-71.651109,48.479562],[-71.651927,48.479711],[-71.652538,48.478228],[-71.671106,48.481617],[-71.66957,48.484975]]]]}},{"type":"Feature","properties":{"owner1":"POTVIN CLAUDE","owner2":"FORTIN JOSEE","matricule":"1971-91-2160","street":"FORTIN","civicLow":"265","civicHigh":"0","valueLand":"42200","valueBuilding":"189700","valueTotal":"231900","mailAddr":"265 RUE FORTIN","mailCity":"SAINT-BRUNO, QC.","mun":"Saint-Bruno"},"geometry":{"type":"MultiPolygon","coordinates":[[[[-71.648325,48.473256],[-71.648217,48.473518],[-71.647803,48.473446],[-71.647902,48.473178],[-71.648325,48.473256]]]]}},{"type":"Feature","properties":{"owner1":"BRASSARD CARL","owner2":"DUCHESNE VALERIE","matricule":"2569-74-9428","street":"NEUVIEME RANG NORD","civicLow":"650","civicHigh":"0","valueLand":"26800","valueBuilding":"132700","valueTotal":"159500","mailAddr":"650 NEUVIEME RANG NORD","mailCity":"SAINT-BRUNO, QC","mun":"Saint-Bruno"},"geometry":{"type":"MultiPolygon","coordinates":[[[[-71.568707,48.458311],[-71.568383,48.45908],[-71.567997,48.458943],[-71.568231,48.458079],[-71.56868,48.458168],[-71.568707,48.458311]]]]}},{"type":"Feature","properties":{"owner1":"THIVIERGE GHISLAIN","owner2":"GAGNON JOHANNE","matricule":"2669-54-7816","street":"170","civicLow":"4501","civicHigh":"0","valueLand":"177600","valueBuilding":"117600","valueTotal":"295200","mailAddr":"4501 ROUTE 170","mailCity":"SAINT-BRUNO, QC.","mun":"Saint-Bruno"},"geometry":{"type":"MultiPolygon","coordinates":[[[[-71.544695,48.458436],[-71.546213,48.45395],[-71.558753,48.456262],[-71.556795,48.457191],[-71.556472,48.457453],[-71.554145,48.456464],[-71.552016,48.459306],[-71.550372,48.459455],[-71.544695,48.458436]]],[[[-71.555529,48.458823],[-71.556256,48.458722],[-71.556023,48.458561],[-71.55834,48.457388],[-71.559436,48.456983],[-71.560415,48.456804],[-71.562428,48.45681],[-71.568536,48.458007],[-71.56868,48.458168],[-71.568231,48.458079],[-71.56797,48.458675],[-71.567997,48.458943],[-71.568383,48.45908],[-71.567135,48.462445],[-71.552456,48.459824],[-71.554451,48.45933],[-71.555529,48.458823]]]]}},{"type":"Feature","properties":{"owner1":"FORTIN PAUL-ANDRE","owner2":"BOUDREAULT MICHELINE","matricule":"1971-90-8062","street":"TULIPES","civicLow":"675","civicHigh":"0","valueLand":"31000","valueBuilding":"149300","valueTotal":"180300","mailAddr":"675 AVENUE DES TULIPES","mailCity":"SAINT-BRUNO, QC.","mun":"Saint-Bruno"},"geometry":{"type":"MultiPolygon","coordinates":[[[[-71.647489,48.472422],[-71.647417,48.472595],[-71.647022,48.472523],[-71.647085,48.472351],[-71.647489,48.472422]]]]}},{"type":"Feature","properties":{"owner1":"GAUTHIER STEPHANE","owner2":"BOILY EDITH","matricule":"1875-52-9647","street":"SIXIEME RANG OUEST","civicLow":"541","civicHigh":"0","valueLand":"18000","valueBuilding":"255900","valueTotal":"273900","mailAddr":"541 SIXIEME RANG OUEST","mailCity":"SAINT-BRUNO, QC.","mun":"Saint-Bruno"},"geometry":{"type":"MultiPolygon","coordinates":[[[[-71.66709,48.509798],[-71.666857,48.510381],[-71.666461,48.51031],[-71.666803,48.509459],[-71.667198,48.509536],[-71.66709,48.509798]]]]}},{"type":"Feature","properties":{"owner1":"THERIAULT YVAN","owner2":"LACHANCE CHARLOTTE","matricule":"2368-98-0971","street":"HUITIEME RANG SUD","civicLow":"447","civicHigh":"0","valueLand":"27800","valueBuilding":"137600","valueTotal":"165400","mailAddr":"447 HUITIEME RANG SUD","mailCity":"SAINT-BRUNO, QC.","mun":"Saint-Bruno"},"geometry":{"type":"MultiPolygon","coordinates":[[[[-71.594048,48.453092],[-71.593896,48.453521],[-71.593357,48.453456],[-71.593491,48.453074],[-71.594048,48.453092]]]]}},{"type":"Feature","properties":{"owner1":"TRUDEL MARTIN","owner2":"DERY MARIE-EVE","matricule":"2369-91-8898","street":"HUITIEME RANG SUD","civicLow":"479","civicHigh":"0","valueLand":"60200","valueBuilding":"159100","valueTotal":"219300","mailAddr":"479 HUITIEME RANG SUD","mailCity":"SAINT-BRUNO, QC.","mun":"Saint-Bruno"},"geometry":{"type":"MultiPolygon","coordinates":[[[[-71.592225,48.456643],[-71.59271,48.455189],[-71.593168,48.45597],[-71.592683,48.457072],[-71.592207,48.457036],[-71.592225,48.456643]]]]}},{"type":"Feature","properties":{"owner1":"LANGLAIS PIERRE","owner2":null,"matricule":"2469-06-1625","street":"170","civicLow":"0","civicHigh":"0","valueLand":"1700","valueBuilding":"0","valueTotal":"1700","mailAddr":"1375 RUE VIAU","mailCity":"TROIS-RIVIERES, QC.","mun":"Saint-Bruno"},"geometry":{"type":"MultiPolygon","coordinates":[[[[-71.592009,48.459848],[-71.593222,48.460098],[-71.593321,48.460194],[-71.592036,48.460277],[-71.592009,48.459848]]]]}},{"type":"Feature","properties":{"owner1":"PLANTE LUC","owner2":null,"matricule":"2469-05-0980","street":"HUITIEME RANG SUD","civicLow":"575","civicHigh":"0","valueLand":"30200","valueBuilding":"146200","valueTotal":"176400","mailAddr":"575 HUITIEME RANG SUD","mailCity":"SAINT-BRUNO, QC.","mun":"Saint-Bruno"},"geometry":{"type":"MultiPolygon","coordinates":[[[[-71.591937,48.459711],[-71.592036,48.459473],[-71.593024,48.459652],[-71.592934,48.45989],[-71.591937,48.459711]]]]}},{"type":"Feature","properties":{"owner1":"GRENIER REMI","owner2":null,"matricule":"2469-05-8061","street":"HUITIEME RANG SUD","civicLow":"579","civicHigh":"0","valueLand":"28400","valueBuilding":"84400","valueTotal":"112800","mailAddr":"579 HUITIEME RANG SUD","mailCity":"SAINT-BRUNO, QC.","mun":"Saint-Bruno"},"geometry":{"type":"MultiPolygon","coordinates":[[[[-71.592036,48.459473],[-71.591937,48.459711],[-71.591021,48.459556],[-71.591129,48.459324],[-71.592036,48.459473]]]]}},{"type":"Feature","properties":{"owner1":"LEMAY GUY","owner2":"BOUCHARD DANNIE","matricule":"2469-06-6221","street":"170","civicLow":"3996","civicHigh":"0","valueLand":"29600","valueBuilding":"134900","valueTotal":"164500","mailAddr":"3996 ROUTE 170","mailCity":"SAINT-BRUNO, QC.","mun":"Saint-Bruno"},"geometry":{"type":"MultiPolygon","coordinates":[[[[-71.591506,48.459777],[-71.592009,48.459848],[-71.592036,48.460277],[-71.591542,48.460331],[-71.591506,48.459777]]]]}},{"type":"Feature","properties":{"owner1":"TREMBLAY LOUISE","owner2":"COTE CAROLE","matricule":"2469-16-0233","street":"170","civicLow":"4002","civicHigh":"0","valueLand":"23900","valueBuilding":"61200","valueTotal":"85100","mailAddr":"4002 ROUTE 170","mailCity":"SAINT-BRUNO, QC.","mun":"Saint-Bruno"},"geometry":{"type":"MultiPolygon","coordinates":[[[[-71.590796,48.460283],[-71.590886,48.460074],[-71.591506,48.459777],[-71.591542,48.460331],[-71.590958,48.46039],[-71.590796,48.460283]]]]}},{"type":"Feature","properties":{"owner1":"TREMBLAY ROBIN","owner2":"JEAN DIANE","matricule":"2070-08-2132","street":"JAUVIN","civicLow":"335","civicHigh":"0","valueLand":"38200","valueBuilding":"133900","valueTotal":"172100","mailAddr":"335 RUE JAUVIN","mailCity":"SAINT-BRUNO, QC.","mun":"Saint-Bruno"},"geometry":{"type":"MultiPolygon","coordinates":[[[[-71.646896,48.470278],[-71.646654,48.470606],[-71.646447,48.470552],[-71.646582,48.470242],[-71.646896,48.470278]]]]}},{"type":"Feature","properties":{"owner1":"BEAUMONT PIERRE","owner2":"LAPOINTE ISABELLE","matricule":"1970-98-9351","street":"JAUVIN","civicLow":"325","civicHigh":"0","valueLand":"58300","valueBuilding":"176600","valueTotal":"234900","mailAddr":"325 RUE JAUVIN","mailCity":"SAINT-BRUNO, QC.","mun":"Saint-Bruno"},"geometry":{"type":"MultiPolygon","coordinates":[[[[-71.646887,48.470766],[-71.646788,48.470748],[-71.646887,48.470659],[-71.646654,48.470606],[-71.646896,48.470278],[-71.647381,48.4706],[-71.647291,48.470838],[-71.646887,48.470766]]]]}},{"type":"Feature","properties":{"owner1":"MOORE HELEN","owner2":null,"matricule":"1970-98-5981","street":"JAUVIN","civicLow":"305","civicHigh":"0","valueLand":"47500","valueBuilding":"173300","valueTotal":"220800","mailAddr":"C.P. 547","mailCity":"KUUJJUARAPIK, QC.","mun":"Saint-Bruno"},"geometry":{"type":"MultiPolygon","coordinates":[[[[-71.64766,48.470927],[-71.647597,48.471082],[-71.647256,48.471022],[-71.647381,48.4706],[-71.647741,48.470725],[-71.64766,48.470927]]]]}},{"type":"Feature","properties":{"owner1":"TREMBLAY STEPHANE","owner2":null,"matricule":"1970-98-2983","street":"JAUVIN","civicLow":"293","civicHigh":"295","valueLand":"35400","valueBuilding":"150700","valueTotal":"186100","mailAddr":"852 RUE DES PRUCHES","mailCity":"LEVIS, QC.","mun":"Saint-Bruno"},"geometry":{"type":"MultiPolygon","coordinates":[[[[-71.648136,48.47082],[-71.648064,48.470999],[-71.64766,48.470927],[-71.647741,48.470725],[-71.648136,48.47082]]]]}},{"type":"Feature","properties":{"owner1":"RANCOURT MELANIE","owner2":null,"matricule":"1970-99-3503","street":"TULIPES","civicLow":"595","civicHigh":"0","valueLand":"28400","valueBuilding":"136200","valueTotal":"164600","mailAddr":"595 AVENUE DES TULIPES","mailCity":"SAINT-BRUNO, QC.","mun":"Saint-Bruno"},"geometry":{"type":"MultiPolygon","coordinates":[[[[-71.648064,48.470999],[-71.648001,48.471153],[-71.647597,48.471082],[-71.64766,48.470927],[-71.648064,48.470999]]]]}},{"type":"Feature","properties":{"owner1":"THIVIERGE STEPHANE","owner2":"DORE JULIE","matricule":"1971-61-9775","street":"FORTIN","civicLow":"160","civicHigh":"0","valueLand":"33900","valueBuilding":"156700","valueTotal":"190600","mailAddr":"160 RUE FORTIN","mailCity":"SAINT-BRUNO, QC.","mun":"Saint-Bruno"},"geometry":{"type":"MultiPolygon","coordinates":[[[[-71.65128,48.473327],[-71.651163,48.473619],[-71.650903,48.473571],[-71.651019,48.47328],[-71.65128,48.473327]]]]}},{"type":"Feature","properties":{"owner1":"CLAVEAU MARTIN","owner2":"LAMONTAGNE COLETTE","matricule":"2070-08-5322","street":"JAUVIN","civicLow":"345","civicHigh":"0","valueLand":"41200","valueBuilding":"147100","valueTotal":"188300","mailAddr":"345 RUE JAUVIN","mailCity":"SAINT-BRUNO, QC.","mun":"Saint-Bruno"},"geometry":{"type":"MultiPolygon","coordinates":[[[[-71.646061,48.470498],[-71.646124,48.470129],[-71.646438,48.470189],[-71.646285,48.470546],[-71.646061,48.470498]]]]}},{"type":"Feature","properties":{"owner1":"2862-2629 QUEBEC INC","owner2":null,"matricule":"2268-81-7765","street":"Adresse non codifiée","civicLow":"0","civicHigh":"0","valueLand":"188500","valueBuilding":"17900","valueTotal":"206400","mailAddr":"1320 SIXIEME RANG NORD","mailCity":"SAINT-BRUNO, QC","mun":"Saint-Bruno"},"geometry":{"type":"MultiPolygon","coordinates":[[[[-71.596159,48.445984],[-71.596348,48.445615],[-71.597085,48.444888],[-71.597785,48.444989],[-71.597911,48.444673],[-71.597013,48.444542],[-71.596968,48.444202],[-71.597201,48.443624],[-71.618689,48.447652],[-71.617746,48.449934],[-71.596159,48.445984]]]]}},{"type":"Feature","properties":{"owner1":"RESTAURANT MARCHAND LTEE","owner2":null,"matricule":"1970-55-5197","street":"MELANCON","civicLow":"128","civicHigh":"0","valueLand":"373900","valueBuilding":"265500","valueTotal":"639400","mailAddr":"128 RUE MELANCON","mailCity":"SAINT-BRUNO, QC.","mun":"Saint-Bruno"},"geometry":{"type":"MultiPolygon","coordinates":[[[[-71.651657,48.467931],[-71.65172,48.467782],[-71.65216,48.46786],[-71.651999,48.468265],[-71.651558,48.468187],[-71.651657,48.467931]]],[[[-71.652196,48.468301],[-71.652358,48.467896],[-71.654173,48.468223],[-71.654002,48.468628],[-71.652196,48.468301]]]]}},{"type":"Feature","properties":{"owner1":"BOUCHARD GRATIEN","owner2":null,"matricule":"1970-44-5831","street":"ARMAND","civicLow":"356","civicHigh":"0","valueLand":"41100","valueBuilding":"167800","valueTotal":"208900","mailAddr":"356 RUE ARMAND","mailCity":"SAINT-BRUNO, QC.","mun":"Saint-Bruno"},"geometry":{"type":"MultiPolygon","coordinates":[[[[-71.654361,48.466817],[-71.654325,48.466895],[-71.65393,48.466823],[-71.654038,48.466561],[-71.654433,48.466633],[-71.654361,48.466817]]]]}},{"type":"Feature","properties":{"owner1":"LAPOINTE SONIA","owner2":null,"matricule":"1970-32-1739","street":"ST-ALPHONSE","civicLow":"249","civicHigh":"0","valueLand":"39800","valueBuilding":"153200","valueTotal":"193000","mailAddr":"249 AVENUE ST-ALPHONSE","mailCity":"SAINT-BRUNO, QC.","mun":"Saint-Bruno"},"geometry":{"type":"MultiPolygon","coordinates":[[[[-71.655754,48.465036],[-71.655834,48.46484],[-71.656328,48.464929],[-71.656248,48.465126],[-71.655754,48.465036]]]]}},{"type":"Feature","properties":{"owner1":"9079-0569 QUEBEC INC","owner2":null,"matricule":"1970-32-2254","street":"ST-ALPHONSE","civicLow":"265","civicHigh":"0","valueLand":"17800","valueBuilding":"50500","valueTotal":"68300","mailAddr":"265 AVENUE ST-ALPHONSE","mailCity":"SAINT-BRUNO, QC.","mun":"Saint-Bruno"},"geometry":{"type":"MultiPolygon","coordinates":[[[[-71.655718,48.465114],[-71.655754,48.465036],[-71.656248,48.465126],[-71.656221,48.465209],[-71.655718,48.465114]]]]}},{"type":"Feature","properties":{"owner1":"TURCOTTE REMI","owner2":null,"matricule":"1970-32-2669","street":"ST-ALPHONSE","civicLow":"267","civicHigh":"0","valueLand":"38500","valueBuilding":"123700","valueTotal":"162200","mailAddr":"267 AVENUE ST-ALPHONSE","mailCity":"SAINT-BRUNO, QC.","mun":"Saint-Bruno"},"geometry":{"type":"MultiPolygon","coordinates":[[[[-71.655646,48.465299],[-71.655718,48.465114],[-71.656221,48.465209],[-71.65614,48.465394],[-71.655646,48.465299]]]]}},{"type":"Feature","properties":{"owner1":"DUCHESNE ERIKA","owner2":null,"matricule":"1971-74-5239","street":"ETUDIANTS","civicLow":"805","civicHigh":"0","valueLand":"18900","valueBuilding":"143800","valueTotal":"162700","mailAddr":"805 AVENUE DES 0TUDIANTS","mailCity":"SAINT-BRUNO, QC.","mun":"Saint-Bruno"},"geometry":{"type":"MultiPolygon","coordinates":[[[[-71.650202,48.475858],[-71.650247,48.475739],[-71.650597,48.47584],[-71.65057,48.475924],[-71.650202,48.475858]]]]}},{"type":"Feature","properties":{"owner1":"FEQUET JESSIE","owner2":null,"matricule":"1971-74-5548","street":"ETUDIANTS","civicLow":"807","civicHigh":"0","valueLand":"10500","valueBuilding":"141000","valueTotal":"151500","mailAddr":"807 AVENUE DES ETUDIANTS","mailCity":"SAINT-BRUNO, QC.","mun":"Saint-Bruno"},"geometry":{"type":"MultiPolygon","coordinates":[[[[-71.650175,48.475918],[-71.650202,48.475858],[-71.65057,48.475924],[-71.650543,48.475983],[-71.650175,48.475918]]]]}},{"type":"Feature","properties":{"owner1":"CLINIQUE DENTAIRE VIVADENT ST-BRUNO INC","owner2":null,"matricule":"2170-33-9518","street":"170","civicLow":"2040","civicHigh":"0","valueLand":"46800","valueBuilding":"180400","valueTotal":"227200","mailAddr":"1511 RUE PRINCIPALE","mailCity":"CHAMBORD, QC","mun":"Saint-Bruno"},"geometry":{"type":"MultiPolygon","coordinates":[[[[-71.627304,48.466174],[-71.627645,48.466013],[-71.627933,48.465626],[-71.628373,48.465704],[-71.62813,48.466323],[-71.627304,48.466174]]]]}},{"type":"Feature","properties":{"owner1":"BOUCHARD MATHIEU","owner2":"GAUDREAULT KRYSTLE","matricule":"2070-06-7215","street":"BARRE","civicLow":"130","civicHigh":"0","valueLand":"38600","valueBuilding":"200100","valueTotal":"238700","mailAddr":"130 AVENUE LA BARRE","mailCity":"SAINT-BRUNO, QC.","mun":"Saint-Bruno"},"geometry":{"type":"MultiPolygon","coordinates":[[[[-71.646178,48.468324],[-71.646061,48.46861],[-71.645665,48.468539],[-71.645764,48.468354],[-71.646178,48.468324]]]]}},{"type":"Feature","properties":{"owner1":"DUBOIS JULIE","owner2":null,"matricule":"1970-24-8954","street":"PRES","civicLow":"313","civicHigh":"319","valueLand":"45800","valueBuilding":"383900","valueTotal":"429700","mailAddr":"565 PLATEAU BEAUMONT","mailCity":"SAINT-BRUNO, QC.","mun":"Saint-Bruno"},"geometry":{"type":"MultiPolygon","coordinates":[[[[-71.656715,48.467002],[-71.656068,48.467032],[-71.656284,48.466758],[-71.656778,48.466847],[-71.656715,48.467002]]]]}},{"type":"Feature","properties":{"owner1":"LAFOREST CLEMENT","owner2":null,"matricule":"1875-72-5630","street":"SIXIEME RANG OUEST","civicLow":"509","civicHigh":"0","valueLand":"19200","valueBuilding":"110200","valueTotal":"129400","mailAddr":"509 SIXIEME RANG OUEST","mailCity":"SAINT-BRUNO, QC.","mun":"Saint-Bruno"},"geometry":{"type":"MultiPolygon","coordinates":[[[[-71.664395,48.509923],[-71.664539,48.509548],[-71.664934,48.509619],[-71.664791,48.509994],[-71.664395,48.509923]]]]}},{"type":"Feature","properties":{"owner1":"9214-7578 QUEBEC INC","owner2":null,"matricule":"1970-46-7684","street":"MELANCON","civicLow":"113","civicHigh":"0","valueLand":"79700","valueBuilding":"299500","valueTotal":"379200","mailAddr":"272 CHEMIN DU LAC-DU-CAMP","mailCity":"LAROUCHE, QC","mun":"Saint-Bruno"},"geometry":{"type":"MultiPolygon","coordinates":[[[[-71.65375,48.469212],[-71.653894,48.468747],[-71.65428,48.468813],[-71.654101,48.46923],[-71.65375,48.469212]]]]}},{"type":"Feature","properties":{"owner1":"LAFOREST GERALD","owner2":"PATOINE SYLVIE","matricule":"1875-72-1148","street":"SIXIEME RANG OUEST","civicLow":"515","civicHigh":"0","valueLand":"23600","valueBuilding":"154600","valueTotal":"178200","mailAddr":"515 SIXIEME RANG OUEST","mailCity":"SAINT-BRUNO, QC.","mun":"Saint-Bruno"},"geometry":{"type":"MultiPolygon","coordinates":[[[[-71.664871,48.510006],[-71.66497,48.509744],[-71.665671,48.509875],[-71.665545,48.510137],[-71.664871,48.510006]]]]}},{"type":"Feature","properties":{"owner1":"TREMBLAY JULES-ARMAND","owner2":"PROULX MARJOLAINE","matricule":"1970-13-9549","street":"ST-ALPHONSE","civicLow":"280","civicHigh":"0","valueLand":"67000","valueBuilding":"140300","valueTotal":"207300","mailAddr":"280 AVENUE ST-ALPHONSE","mailCity":"SAINT-BRUNO, QC.","mun":"Saint-Bruno"},"geometry":{"type":"MultiPolygon","coordinates":[[[[-71.65614,48.465835],[-71.656257,48.465555],[-71.656535,48.465602],[-71.656562,48.465519],[-71.658907,48.465948],[-71.659464,48.466478],[-71.65614,48.465835]]]]}},{"type":"Feature","properties":{"owner1":"LAROUCHE BENOIT","owner2":null,"matricule":"1970-86-3683","street":"NAPOLEON","civicLow":"283","civicHigh":"0","valueLand":"38500","valueBuilding":"130500","valueTotal":"169000","mailAddr":"283 RUE NAPOLEON","mailCity":"SAINT-BRUNO, QC.","mun":"Saint-Bruno"},"geometry":{"type":"MultiPolygon","coordinates":[[[[-71.649322,48.468908],[-71.649196,48.46923],[-71.648908,48.469182],[-71.649034,48.468854],[-71.649322,48.468908]]]]}},{"type":"Feature","properties":{"owner1":"COTE MARTIN","owner2":"BOIVIN CANDIDE","matricule":"1970-87-5117","street":"PARC","civicLow":"310","civicHigh":"0","valueLand":"38600","valueBuilding":"123300","valueTotal":"161900","mailAddr":"310 RUE DU PARC","mailCity":"SAINT-BRUNO, QC.","mun":"Saint-Bruno"},"geometry":{"type":"MultiPolygon","coordinates":[[[[-71.648855,48.46917],[-71.649142,48.469224],[-71.649007,48.469545],[-71.64872,48.469492],[-71.648855,48.46917]]]]}},{"type":"Feature","properties":{"owner1":"SIMARD MICHAEL","owner2":"MORIN MARIE-EVE","matricule":"1970-38-3816","street":"POTVIN","civicLow":"507","civicHigh":"0","valueLand":"47000","valueBuilding":"463100","valueTotal":"510100","mailAddr":"320 RUE DES JONQUILLES","mailCity":"SAINT-BRUNO, QC.","mun":"Saint-Bruno"},"geometry":{"type":"MultiPolygon","coordinates":[[[[-71.655843,48.470367],[-71.655718,48.470385],[-71.655664,48.469992],[-71.656221,48.470105],[-71.656149,48.470248],[-71.655843,48.470367]]]]}},{"type":"Feature","properties":{"owner1":"COTE JEAN-FRANCOIS","owner2":null,"matricule":"1971-40-8326","street":"ST-ALPHONSE","civicLow":"588","civicHigh":"590","valueLand":"39200","valueBuilding":"147400","valueTotal":"186600","mailAddr":"590 AVENUE SAINT-ALPHONSE","mailCity":"SAINT-BRUNO, QC.","mun":"Saint-Bruno"},"geometry":{"type":"MultiPolygon","coordinates":[[[[-71.654343,48.472142],[-71.654316,48.47222],[-71.653571,48.472083],[-71.653625,48.471957],[-71.654343,48.472142]]]]}},{"type":"Feature","properties":{"owner1":"GAGNON MARIO","owner2":"LAFOREST MARTYNE","matricule":"1875-72-8104","street":"SIXIEME RANG OUEST","civicLow":"505","civicHigh":"505","valueLand":"32900","valueBuilding":"156600","valueTotal":"189500","mailAddr":"505 SIXIEME RANG OUEST","mailCity":"SAINT-BRUNO, QC.","mun":"Saint-Bruno"},"geometry":{"type":"MultiPolygon","coordinates":[[[[-71.663964,48.509845],[-71.664216,48.509238],[-71.664674,48.509185],[-71.664395,48.509923],[-71.663964,48.509845]]]]}},{"type":"Feature","properties":{"owner1":"BOUCHARD GHISLAIN","owner2":null,"matricule":"1969-15-2121","street":"ST-ALPHONSE SUD","civicLow":"76","civicHigh":"0","valueLand":"28500","valueBuilding":"77300","valueTotal":"105800","mailAddr":"76 ROUTE ST-ALPHONSE SUD","mailCity":"SAINT-BRUNO, QC.","mun":"Saint-Bruno"},"geometry":{"type":"MultiPolygon","coordinates":[[[[-71.659005,48.458287],[-71.658772,48.458841],[-71.658098,48.458716],[-71.658323,48.458162],[-71.659005,48.458287]]]]}},{"type":"Feature","properties":{"owner1":"BOUCHARD JOHANNE","owner2":"LAROUCHE GERVAIS","matricule":"1969-14-0774","street":"ST-ALPHONSE SUD","civicLow":"72","civicHigh":"0","valueLand":"25300","valueBuilding":"166200","valueTotal":"191500","mailAddr":"72 ROUTE ST-ALPHONSE SUD","mailCity":"SAINT-BRUNO, QC.","mun":"Saint-Bruno"},"geometry":{"type":"MultiPolygon","coordinates":[[[[-71.658332,48.458162],[-71.658449,48.45787],[-71.659113,48.457995],[-71.659005,48.458287],[-71.658332,48.458162]]]]}},{"type":"Feature","properties":{"owner1":"BOUCHARD SUZANNE","owner2":"BOUCHARD JEAN","matricule":"1971-54-9682","street":"THIBEAULT","civicLow":"827","civicHigh":"0","valueLand":"28400","valueBuilding":"29600","valueTotal":"58000","mailAddr":"827 AVENUE THIBEAULT","mailCity":"SAINT-BRUNO, QC.","mun":"Saint-Bruno"},"geometry":{"type":"MultiPolygon","coordinates":[[[[-71.652753,48.476156],[-71.65269,48.476311],[-71.652295,48.476239],[-71.652358,48.476079],[-71.652753,48.476156]]]]}},{"type":"Feature","properties":{"owner1":"ANGERS THIVIERGE DAVID","owner2":null,"matricule":"1971-64-0199","street":"THIBEAULT","civicLow":"837","civicHigh":"0","valueLand":"28400","valueBuilding":"64200","valueTotal":"92600","mailAddr":"837 AVENUE THIBEAULT","mailCity":"SAINT-BRUNO, QC.","mun":"Saint-Bruno"},"geometry":{"type":"MultiPolygon","coordinates":[[[[-71.65269,48.476311],[-71.652627,48.476472],[-71.652232,48.4764],[-71.652295,48.476239],[-71.65269,48.476311]]]]}},{"type":"Feature","properties":{"owner1":"DUFOUR STEPHANE","owner2":"SAVARD CAROLINE","matricule":"2070-06-7936","street":"BARRE","civicLow":"110","civicHigh":"0","valueLand":"31100","valueBuilding":"228800","valueTotal":"259900","mailAddr":"110 AVENUE LA BARRE","mailCity":"SAINT-BRUNO, QC.","mun":"Saint-Bruno"},"geometry":{"type":"MultiPolygon","coordinates":[[[[-71.646061,48.46861],[-71.645989,48.468783],[-71.645594,48.468712],[-71.645665,48.468539],[-71.646061,48.46861]]]]}},{"type":"Feature","properties":{"owner1":"BERGERON JEAN-SEBASTIEN","owner2":"GIRARD CLAUDIA","matricule":"2070-06-8456","street":"BARRE","civicLow":"108","civicHigh":"0","valueLand":"31100","valueBuilding":"205600","valueTotal":"236700","mailAddr":"108 AVENUE LA BARRE","mailCity":"SAINT-BRUNO, QC.","mun":"Saint-Bruno"},"geometry":{"type":"MultiPolygon","coordinates":[[[[-71.645989,48.468783],[-71.645917,48.468956],[-71.645522,48.468884],[-71.645594,48.468712],[-71.645989,48.468783]]]]}},{"type":"Feature","properties":{"owner1":"VALLIERES ISABELLE","owner2":null,"matricule":"2070-06-9479","street":"PIONNIERS","civicLow":"410","civicHigh":"0","valueLand":"37100","valueBuilding":"225000","valueTotal":"262100","mailAddr":"410 RUE DES PIONNIERS","mailCity":"SAINT-BRUNO, QC.","mun":"Saint-Bruno"},"geometry":{"type":"MultiPolygon","coordinates":[[[[-71.645845,48.468944],[-71.645737,48.469212],[-71.64545,48.469146],[-71.645522,48.468884],[-71.645845,48.468944]]]]}},{"type":"Feature","properties":{"owner1":"BOUCHARD ALEXANDRE","owner2":"COTE OUELLET PATRICIA","matricule":"2070-06-7086","street":"PIONNIERS","civicLow":"400","civicHigh":"0","valueLand":"36900","valueBuilding":"242700","valueTotal":"279600","mailAddr":"400 RUE DES PIONNIERS","mailCity":"SAINT-BRUNO, QC.","mun":"Saint-Bruno"},"geometry":{"type":"MultiPolygon","coordinates":[[[[-71.646169,48.469003],[-71.646052,48.469265],[-71.645737,48.469212],[-71.645845,48.468944],[-71.646169,48.469003]]]]}},{"type":"Feature","properties":{"owner1":"BOULIANNE MARIE-PHILIPPE","owner2":null,"matricule":"2070-06-4793","street":"PIONNIERS","civicLow":"390","civicHigh":"0","valueLand":"36900","valueBuilding":"189100","valueTotal":"226000","mailAddr":"390 RUE DES PIONNIERS","mailCity":"SAINT-BRUNO, QC.","mun":"Saint-Bruno"},"geometry":{"type":"MultiPolygon","coordinates":[[[[-71.646483,48.469063],[-71.646375,48.469325],[-71.646052,48.469265],[-71.646169,48.469003],[-71.646483,48.469063]]]]}},{"type":"Feature","properties":{"owner1":"AUDIBERT PASCAL","owner2":"IMBEAULT CHRISTINE","matricule":"1970-89-8806","street":"JAUVIN","civicLow":"285","civicHigh":"0","valueLand":"46300","valueBuilding":"118200","valueTotal":"164500","mailAddr":"325 RUE BARRETTE","mailCity":"ALMA, QC.","mun":"Saint-Bruno"},"geometry":{"type":"MultiPolygon","coordinates":[[[[-71.648729,48.470927],[-71.648594,48.471261],[-71.648199,48.471189],[-71.648333,48.470856],[-71.648729,48.470927]]]]}},{"type":"Feature","properties":{"owner1":"GAGNE ROGER","owner2":null,"matricule":"1971-80-2684","street":"LILAS","civicLow":"665","civicHigh":"0","valueLand":"35500","valueBuilding":"176300","valueTotal":"211800","mailAddr":"665 AVENUE DES LILAS","mailCity":"SAINT-BRUNO, QC.","mun":"Saint-Bruno"},"geometry":{"type":"MultiPolygon","coordinates":[[[[-71.649582,48.472595],[-71.64951,48.472779],[-71.649079,48.472702],[-71.649151,48.472517],[-71.649582,48.472595]]]]}},{"type":"Feature","properties":{"owner1":"MUNICIPALITE DE SAINT-BRUNO","owner2":null,"matricule":"1970-28-7619","street":"POTVIN","civicLow":"510","civicHigh":"520","valueLand":"53700","valueBuilding":"0","valueTotal":"53700","mailAddr":"563 RUE SAINT-ALPHONSE","mailCity":"SAINT-BRUNO, QC.","mun":"Saint-Bruno"},"geometry":{"type":"MultiPolygon","coordinates":[[[[-71.65676,48.470367],[-71.656382,48.470278],[-71.65649,48.469986],[-71.657083,48.470099],[-71.656957,48.470367],[-71.65676,48.470367]]]]}},{"type":"Feature","properties":{"owner1":"GAGNE JEAN-PHILIPPE","owner2":"GAGNE DOMINIC","matricule":"1971-81-3307","street":"LILAS","civicLow":"685","civicHigh":"685","valueLand":"40800","valueBuilding":"108900","valueTotal":"149700","mailAddr":"665 AVENUE DES LILAS","mailCity":"SAINT-BRUNO, QC.","mun":"Saint-Bruno"},"geometry":{"type":"MultiPolygon","coordinates":[[[[-71.64951,48.472779],[-71.649411,48.473024],[-71.64898,48.472946],[-71.649079,48.472702],[-71.64951,48.472779]]]]}},{"type":"Feature","properties":{"owner1":"MUNGER MICHEL","owner2":"LAROUCHE ANNICK","matricule":"1971-80-6399","street":"ROSIERS","civicLow":"680","civicHigh":"0","valueLand":"39300","valueBuilding":"146800","valueTotal":"186100","mailAddr":"680 AVENUE DES ROSIERS","mailCity":"SAINT-BRUNO, QC.","mun":"Saint-Bruno"},"geometry":{"type":"MultiPolygon","coordinates":[[[[-71.649079,48.472702],[-71.64898,48.472946],[-71.648585,48.472875],[-71.648684,48.47263],[-71.649079,48.472702]]]]}},{"type":"Feature","properties":{"owner1":"LACHANCE GUYLAINE","owner2":null,"matricule":"2368-97-5777","street":"HUITIEME RANG SUD","civicLow":"398","civicHigh":"0","valueLand":"20900","valueBuilding":"130200","valueTotal":"151100","mailAddr":"398 HUITIEME RANG SUD","mailCity":"SAINT-BRUNO, QC.","mun":"Saint-Bruno"},"geometry":{"type":"MultiPolygon","coordinates":[[[[-71.5935,48.452616],[-71.592503,48.452443],[-71.592557,48.452282],[-71.593554,48.452455],[-71.5935,48.452616]]]]}},{"type":"Feature","properties":{"owner1":"PELLETIER GILLES","owner2":"GAGNON VICKY","matricule":"1971-82-8550","street":"CEDRES","civicLow":"235","civicHigh":"0","valueLand":"36100","valueBuilding":"199600","valueTotal":"235700","mailAddr":"235 RUE DES CEDRES","mailCity":"SAINT-BRUNO, QC.","mun":"Saint-Bruno"},"geometry":{"type":"MultiPolygon","coordinates":[[[[-71.648783,48.474048],[-71.648675,48.47431],[-71.648369,48.474256],[-71.648477,48.473988],[-71.648783,48.474048]]]]}},{"type":"Feature","properties":{"owner1":"MCNICOLL PATRICE","owner2":"BOIVIN MYRIAM","matricule":"1971-92-0743","street":"CEDRES","civicLow":"245","civicHigh":"0","valueLand":"35300","valueBuilding":"226100","valueTotal":"261400","mailAddr":"245 RUE DES CEDRES","mailCity":"SAINT-BRUNO, QC.","mun":"Saint-Bruno"},"geometry":{"type":"MultiPolygon","coordinates":[[[[-71.648477,48.473988],[-71.648369,48.474256],[-71.648073,48.474203],[-71.648181,48.473941],[-71.648477,48.473988]]]]}},{"type":"Feature","properties":{"owner1":"FORTIN ISABELLE","owner2":null,"matricule":"1971-90-7520","street":"TULIPES","civicLow":"655","civicHigh":"0","valueLand":"40800","valueBuilding":"239000","valueTotal":"279800","mailAddr":"655 AVENUE DES TULIPES","mailCity":"SAINT-BRUNO, QC.","mun":"Saint-Bruno"},"geometry":{"type":"MultiPolygon","coordinates":[[[[-71.647633,48.472059],[-71.647561,48.472237],[-71.646941,48.472071],[-71.64713,48.471969],[-71.647633,48.472059]]]]}},{"type":"Feature","properties":{"owner1":"DORVAL GUY","owner2":"TREMBLAY LOUISE","matricule":"1971-90-6202","street":"TULIPES","civicLow":"645","civicHigh":"0","valueLand":"32200","valueBuilding":"125900","valueTotal":"158100","mailAddr":"645 AVENUE DES TULIPES","mailCity":"SAINT-BRUNO, QC.","mun":"Saint-Bruno"},"geometry":{"type":"MultiPolygon","coordinates":[[[[-71.647687,48.471928],[-71.647633,48.472059],[-71.64713,48.471969],[-71.647417,48.471832],[-71.647687,48.471928]]]]}},{"type":"Feature","properties":{"owner1":"BOUCHARD JEAN-LUC","owner2":"ST-PIERRE CHANTALE","matricule":"2070-09-9255","street":"BEAUMONT","civicLow":"630","civicHigh":"0","valueLand":"46400","valueBuilding":"246500","valueTotal":"292900","mailAddr":"630 PLATEAU BEAUMONT","mailCity":"SAINT-BRUNO, QC.","mun":"Saint-Bruno"},"geometry":{"type":"MultiPolygon","coordinates":[[[[-71.645477,48.471457],[-71.645612,48.47135],[-71.64607,48.471439],[-71.645773,48.471701],[-71.645477,48.471737],[-71.645477,48.471457]]]]}},{"type":"Feature","properties":{"owner1":"DUCHESNE GINETTE","owner2":null,"matricule":"2070-03-0515","street":"NORMANDIE","civicLow":"400","civicHigh":"0","valueLand":"35900","valueBuilding":"136400","valueTotal":"172300","mailAddr":"400 RUE NORMANDIE","mailCity":"SAINT-BRUNO, QC.","mun":"Saint-Bruno"},"geometry":{"type":"MultiPolygon","coordinates":[[[[-71.646968,48.465668],[-71.646869,48.465918],[-71.646546,48.465864],[-71.646654,48.465608],[-71.646968,48.465668]]]]}},{"type":"Feature","properties":{"owner1":"9247-8882 QUEBEC INC","owner2":null,"matricule":"1974-84-3100","street":"ST-ALPHONSE NORD","civicLow":"0","civicHigh":"0","valueLand":"34800","valueBuilding":"0","valueTotal":"34800","mailAddr":"2075 ROUTE SAINT-ALPHONSE","mailCity":"SAINT-BRUNO, QC.","mun":"Saint-Bruno"},"geometry":{"type":"MultiPolygon","coordinates":[[[[-71.650319,48.504775],[-71.645836,48.500531],[-71.646052,48.500299],[-71.649187,48.500846],[-71.648935,48.500174],[-71.651657,48.501692],[-71.652106,48.502043],[-71.652439,48.502596],[-71.652574,48.503555],[-71.651774,48.503584],[-71.65181,48.5039],[-71.652017,48.503894],[-71.65207,48.504537],[-71.65269,48.504513],[-71.652753,48.505174],[-71.650319,48.504775]]]]}},{"type":"Feature","properties":{"owner1":"GROUPE GIROUX MACONNEX INC.","owner2":null,"matricule":"1970-31-0515","street":"ST-ALPHONSE","civicLow":"181","civicHigh":"0","valueLand":"100800","valueBuilding":"48700","valueTotal":"149500","mailAddr":"2223 BOULEVARD ST-PAUL","mailCity":"CHICOUTIMI, QC.","mun":"Saint-Bruno"},"geometry":{"type":"MultiPolygon","coordinates":[[[[-71.656113,48.464173],[-71.655502,48.464048],[-71.655745,48.463488],[-71.656832,48.463684],[-71.656616,48.464262],[-71.656113,48.464173]]]]}},{"type":"Feature","properties":{"owner1":"AUDET NICOLE","owner2":null,"matricule":"2367-69-1629","street":"HUITIEME RANG SUD","civicLow":"227","civicHigh":"0","valueLand":"30200","valueBuilding":"101100","valueTotal":"131300","mailAddr":"227 HUITIEME RANG SUD","mailCity":"SAINT-BRUNO, QC.","mun":"Saint-Bruno"},"geometry":{"type":"MultiPolygon","coordinates":[[[[-71.597067,48.444673],[-71.597013,48.444554],[-71.597911,48.444673],[-71.597785,48.444989],[-71.597085,48.444888],[-71.597067,48.444673]]]]}},{"type":"Feature","properties":{"owner1":"SERVICES S.I.M. INC.","owner2":null,"matricule":"1970-95-2953","street":"MELANCON","civicLow":"353","civicHigh":"0","valueLand":"49100","valueBuilding":"145600","valueTotal":"194700","mailAddr":"353 RUE MELANCON","mailCity":"SAINT-BRUNO, QC.","mun":"Saint-Bruno"},"geometry":{"type":"MultiPolygon","coordinates":[[[[-71.648181,48.467782],[-71.648055,48.468098],[-71.647489,48.467997],[-71.647615,48.467681],[-71.648181,48.467782]]]]}},{"type":"Feature","properties":{"owner1":"LACHANCE ERIC","owner2":"THIVIERGE MELANIE","matricule":"2070-26-0881","street":"PIONNIERS","civicLow":"450","civicHigh":"0","valueLand":"42300","valueBuilding":"250700","valueTotal":"293000","mailAddr":"450 RUE DES PIONNIERS","mailCity":"SAINT-BRUNO, QC.","mun":"Saint-Bruno"},"geometry":{"type":"MultiPolygon","coordinates":[[[[-71.64439,48.469164],[-71.644075,48.469224],[-71.643761,48.469117],[-71.64412,48.468849],[-71.64439,48.469164]]]]}},{"type":"Feature","properties":{"owner1":"GAGNON MARC-ANDRE","owner2":null,"matricule":"2070-26-1946","street":"PIONNIERS","civicLow":"501","civicHigh":"0","valueLand":"36700","valueBuilding":"131100","valueTotal":"167800","mailAddr":"501 RUE DES PIONNIERS","mailCity":"SAINT-BRUNO, QC.","mun":"Saint-Bruno"},"geometry":{"type":"MultiPolygon","coordinates":[[[[-71.64368,48.468765],[-71.64395,48.468575],[-71.644174,48.468843],[-71.643986,48.46895],[-71.64368,48.468765]]]]}},{"type":"Feature","properties":{"owner1":"ST-GELAIS STEPHANE","owner2":null,"matricule":"2070-16-9935","street":"PIONNIERS","civicLow":"511","civicHigh":"0","valueLand":"40100","valueBuilding":"216400","valueTotal":"256500","mailAddr":"511 RUE DES PIONNIERS","mailCity":"SAINT-BRUNO, QC.","mun":"Saint-Bruno"},"geometry":{"type":"MultiPolygon","coordinates":[[[[-71.64395,48.468575],[-71.644291,48.468467],[-71.644426,48.468795],[-71.644174,48.468843],[-71.64395,48.468575]]]]}},{"type":"Feature","properties":{"owner1":"GAGNE TINA","owner2":"PARADIS JEAN-MARTIN","matricule":"2070-16-8570","street":"PIONNIERS","civicLow":"440","civicHigh":"0","valueLand":"41000","valueBuilding":"177500","valueTotal":"218500","mailAddr":"440 RUE DES PIONNIERS","mailCity":"SAINT-BRUNO, QC.","mun":"Saint-Bruno"},"geometry":{"type":"MultiPolygon","coordinates":[[[[-71.64412,48.468849],[-71.644489,48.468783],[-71.644641,48.469111],[-71.64439,48.469164],[-71.64412,48.468849]]]]}},{"type":"Feature","properties":{"owner1":"BEAUMONT ROSAIRE","owner2":null,"matricule":"2070-77-5282","street":"CHATEAU","civicLow":"0","civicHigh":"0","valueLand":"4200","valueBuilding":"0","valueTotal":"4200","mailAddr":"135 RUE JAUVIN","mailCity":"SAINT-BRUNO, QC.","mun":"Saint-Bruno"},"geometry":{"type":"MultiPolygon","coordinates":[[[[-71.637545,48.469593],[-71.637347,48.470576],[-71.635497,48.470242],[-71.635056,48.468896],[-71.63423,48.468146],[-71.634239,48.468015],[-71.635074,48.468807],[-71.635461,48.469623],[-71.6367,48.46967],[-71.636691,48.469468],[-71.636898,48.469468],[-71.636907,48.469605],[-71.637545,48.469593]]]]}},{"type":"Feature","properties":{"owner1":"RATHE MANON","owner2":null,"matricule":"1971-75-2734","street":"LAJOIE","civicLow":"129","civicHigh":"0","valueLand":"15900","valueBuilding":"142200","valueTotal":"158100","mailAddr":"129 RUE LAJOIE","mailCity":"SAINT-BRUNO, QC.","mun":"Saint-Bruno"},"geometry":{"type":"MultiPolygon","coordinates":[[[[-71.650831,48.476496],[-71.650813,48.476883],[-71.650714,48.476865],[-71.650732,48.476496],[-71.650831,48.476496]]]]}},{"type":"Feature","properties":{"owner1":"LORD OLIVIER","owner2":"TREMBLAY SOPHIE","matricule":"1971-75-1935","street":"LAJOIE","civicLow":"127","civicHigh":"0","valueLand":"16600","valueBuilding":"136500","valueTotal":"153100","mailAddr":"127 RUE LAJOIE","mailCity":"SAINT-BRUNO, QC.","mun":"Saint-Bruno"},"geometry":{"type":"MultiPolygon","coordinates":[[[[-71.65093,48.476496],[-71.650912,48.4769],[-71.650831,48.476496],[-71.65093,48.476496]]]]}},{"type":"Feature","properties":{"owner1":"TREMBLAY CARL","owner2":null,"matricule":"1971-75-0934","street":"LAJOIE","civicLow":"125","civicHigh":"0","valueLand":"26500","valueBuilding":"139900","valueTotal":"166400","mailAddr":"125 RUE LAJOIE","mailCity":"SAINT-BRUNO, QC.","mun":"Saint-Bruno"},"geometry":{"type":"MultiPolygon","coordinates":[[[[-71.651046,48.476787],[-71.650912,48.4769],[-71.65093,48.476496],[-71.651154,48.476525],[-71.651046,48.476787]]]]}},{"type":"Feature","properties":{"owner1":"LAROUCHE LUC","owner2":null,"matricule":"1971-73-1829","street":"ETUDIANTS","civicLow":"795","civicHigh":"0","valueLand":"35700","valueBuilding":"148700","valueTotal":"184400","mailAddr":"795 AVENUE DES ETUDIANTS","mailCity":"SAINT-BRUNO, QC.","mun":"Saint-Bruno"},"geometry":{"type":"MultiPolygon","coordinates":[[[[-71.651046,48.474733],[-71.65093,48.474971],[-71.650633,48.474941],[-71.650741,48.474679],[-71.651046,48.474733]]]]}},{"type":"Feature","properties":{"owner1":"ST-PIERRE FERNAND","owner2":"LAROUCHE RACHELLE","matricule":"1971-61-3597","street":"ETUDIANTS","civicLow":"700","civicHigh":"0","valueLand":"38200","valueBuilding":"155300","valueTotal":"193500","mailAddr":"700 AVENUE DES ETUDIANTS","mailCity":"SAINT-BRUNO, QC.","mun":"Saint-Bruno"},"geometry":{"type":"MultiPolygon","coordinates":[[[[-71.651765,48.473726],[-71.651774,48.473494],[-71.652196,48.473566],[-71.652106,48.473786],[-71.651765,48.473726]]]]}},{"type":"Feature","properties":{"owner1":"BERGERON ROBERT","owner2":"FORTIN KARINE","matricule":"1971-52-9906","street":"ST-ALPHONSE","civicLow":"695","civicHigh":"703","valueLand":"43500","valueBuilding":"142500","valueTotal":"186000","mailAddr":"695 AVENUE ST-ALPHONSE","mailCity":"SAINT-BRUNO, QC.","mun":"Saint-Bruno"},"geometry":{"type":"MultiPolygon","coordinates":[[[[-71.652753,48.473667],[-71.652663,48.473875],[-71.652106,48.47378],[-71.652196,48.473566],[-71.652753,48.473667]]]]}},{"type":"Feature","properties":{"owner1":"VILLE D'ALMA","owner2":null,"matricule":"2274-01-3228","street":"SIXIEME RANG NORD","civicLow":"1954","civicHigh":"0","valueLand":"600","valueBuilding":"0","valueTotal":"600","mailAddr":"140 RUE ST-JOSEPH SUD","mailCity":"ALMA, QC.","mun":"Saint-Bruno"},"geometry":{"type":"MultiPolygon","coordinates":[[[[-71.620396,48.500221],[-71.620288,48.500495],[-71.61983,48.500412],[-71.619938,48.500138],[-71.620396,48.500221]]]]}},{"type":"Feature","properties":{"owner1":"BOUCHARD OMER","owner2":"FORTIN JACYNTHE","matricule":"2273-77-7324","street":"Adresse non codifiée","civicLow":"0","civicHigh":"0","valueLand":"166400","valueBuilding":"0","valueTotal":"166400","mailAddr":"1150 SIXIEME RANG NORD","mailCity":"SAINT-BRUNO, QC.","mun":"Saint-Bruno"},"geometry":{"type":"MultiPolygon","coordinates":[[[[-71.61983,48.500412],[-71.599034,48.496602],[-71.600462,48.493215],[-71.621654,48.497084],[-71.621348,48.497858],[-71.62054,48.497715],[-71.620324,48.498245],[-71.621124,48.498388],[-71.620926,48.49884],[-71.620126,48.498709],[-71.620019,48.498977],[-71.620845,48.499108],[-71.620396,48.500221],[-71.619938,48.500138],[-71.61983,48.500412]]]]}},{"type":"Feature","properties":{"owner1":"9106-7702 QUEBEC INC","owner2":null,"matricule":"1970-85-4574","street":"MELANCON","civicLow":"305","civicHigh":"0","valueLand":"54400","valueBuilding":"267200","valueTotal":"321600","mailAddr":"305 RUE MELANCON","mailCity":"SAINT-BRUNO, QC.","mun":"Saint-Bruno"},"geometry":{"type":"MultiPolygon","coordinates":[[[[-71.649429,48.468003],[-71.649322,48.468283],[-71.648522,48.46814],[-71.648639,48.46786],[-71.649429,48.468003]]]]}},{"type":"Feature","properties":{"owner1":"9223-4947 QUEBEC INC","owner2":null,"matricule":"1970-85-9163","street":"MELANCON","civicLow":"325","civicHigh":"0","valueLand":"58700","valueBuilding":"40800","valueTotal":"99500","mailAddr":"578 RANG 8","mailCity":"SAINT-BRUNO, QC.","mun":"Saint-Bruno"},"geometry":{"type":"MultiPolygon","coordinates":[[[[-71.648055,48.468098],[-71.648181,48.467782],[-71.648639,48.46786],[-71.648504,48.468175],[-71.648055,48.468098]]]]}},{"type":"Feature","properties":{"owner1":"FORTIN REAL","owner2":null,"matricule":"1970-96-0501","street":"NAPOLEON","civicLow":"360","civicHigh":"0","valueLand":"43500","valueBuilding":"150700","valueTotal":"194200","mailAddr":"360 RUE NAPOLEON","mailCity":"SAINT-BRUNO, QC.","mun":"Saint-Bruno"},"geometry":{"type":"MultiPolygon","coordinates":[[[[-71.648432,48.468164],[-71.64828,48.468533],[-71.647902,48.468467],[-71.648055,48.468098],[-71.648432,48.468164]]]]}},{"type":"Feature","properties":{"owner1":"BOUCHER MARCEL","owner2":null,"matricule":"1970-95-4091","street":"NAPOLEON","civicLow":"370","civicHigh":"0","valueLand":"53100","valueBuilding":"156300","valueTotal":"209400","mailAddr":"370 RUE NAPOLEON","mailCity":"SAINT-BRUNO, QC.","mun":"Saint-Bruno"},"geometry":{"type":"MultiPolygon","coordinates":[[[[-71.648055,48.468098],[-71.647902,48.468467],[-71.647336,48.468366],[-71.647489,48.467997],[-71.648055,48.468098]]]]}},{"type":"Feature","properties":{"owner1":"MCNICOLL CHANTALE","owner2":"LAVOIE GILLES","matricule":"1974-55-7970","street":"ST-ALPHONSE NORD","civicLow":"1967","civicHigh":"0","valueLand":"53300","valueBuilding":"303700","valueTotal":"357000","mailAddr":"1967 ROUTE ST-ALPHONSE NORD","mailCity":"SAINT-BRUNO, QC.","mun":"Saint-Bruno"},"geometry":{"type":"MultiPolygon","coordinates":[[[[-71.652861,48.503567],[-71.653903,48.503852],[-71.65393,48.504156],[-71.652924,48.504197],[-71.652861,48.503567]]]]}},{"type":"Feature","properties":{"owner1":"VEZINA CHANTALE","owner2":"BOUCHARD DENIS","matricule":"2269-45-5285","street":"SEPTIEME RANG SUD","civicLow":"468","civicHigh":"0","valueLand":"31200","valueBuilding":"156300","valueTotal":"187500","mailAddr":"468 SEPTIEME RANG SUD","mailCity":"SAINT-BRUNO, QC.","mun":"Saint-Bruno"},"geometry":{"type":"MultiPolygon","coordinates":[[[[-71.61391,48.459366],[-71.61373,48.459818],[-71.613155,48.459652],[-71.613308,48.459258],[-71.61391,48.459366]]]]}},{"type":"Feature","properties":{"owner1":"MCNICOLL DIANE","owner2":null,"matricule":"2069-65-7393","street":"SIXIEME RANG SUD","civicLow":"445","civicHigh":"0","valueLand":"41300","valueBuilding":"204400","valueTotal":"245700","mailAddr":"445 SIXIEME RANG SUD","mailCity":"SAINT-BRUNO, QC.","mun":"Saint-Bruno"},"geometry":{"type":"MultiPolygon","coordinates":[[[[-71.638003,48.459681],[-71.637976,48.45983],[-71.636997,48.459657],[-71.637446,48.458538],[-71.63803,48.459086],[-71.638003,48.459681]]]]}},{"type":"Feature","properties":{"owner1":"TREMBLAY NATHALIE","owner2":null,"matricule":"2069-76-4217","street":"SIXIEME RANG SUD","civicLow":"450","civicHigh":"0","valueLand":"29600","valueBuilding":"110500","valueTotal":"140100","mailAddr":"130 RUE SIMARD","mailCity":"HEBERTVILLE-STATION, QC.","mun":"Saint-Bruno"},"geometry":{"type":"MultiPolygon","coordinates":[[[[-71.637033,48.459151],[-71.636682,48.460027],[-71.63626,48.459955],[-71.636637,48.45908],[-71.637033,48.459151]]]]}},{"type":"Feature","properties":{"owner1":"BOUDREAULT JACQUES","owner2":"THIBEAULT CAROLLE","matricule":"2069-62-4345","street":"SIXIEME RANG SUD","civicLow":"340","civicHigh":"0","valueLand":"24600","valueBuilding":"146200","valueTotal":"170800","mailAddr":"340 SIXIEME RANG SUD","mailCity":"SAINT-BRUNO, QC.","mun":"Saint-Bruno"},"geometry":{"type":"MultiPolygon","coordinates":[[[[-71.63759,48.456369],[-71.637751,48.455994],[-71.638254,48.456089],[-71.638102,48.456464],[-71.63759,48.456369]]]]}},{"type":"Feature","properties":{"owner1":"MICHAUD BRUNO-PIERRE","owner2":"V.-LAROUCHE MELINA","matricule":"1971-73-8216","street":"LAROUCHE","civicLow":"162","civicHigh":"0","valueLand":"24300","valueBuilding":"143800","valueTotal":"168100","mailAddr":"162 RUE LAROUCHE","mailCity":"SAINT-BRUNO, QC.","mun":"Saint-Bruno"},"geometry":{"type":"MultiPolygon","coordinates":[[[[-71.649941,48.474864],[-71.649906,48.47453],[-71.650175,48.474578],[-71.650076,48.474858],[-71.649941,48.474864]]]]}},{"type":"Feature","properties":{"owner1":"COTE JEAN-SEBASTIEN","owner2":"BOUCHARD CLAUDIA","matricule":"1971-83-7663","street":"LAROUCHE","civicLow":"194","civicHigh":"0","valueLand":"22500","valueBuilding":"162000","valueTotal":"184500","mailAddr":"194 RUE LAROUCHE","mailCity":"SAINT-BRUNO, QC.","mun":"Saint-Bruno"},"geometry":{"type":"MultiPolygon","coordinates":[[[[-71.648504,48.475108],[-71.648648,48.475025],[-71.648926,48.475233],[-71.648783,48.475316],[-71.648504,48.475108]]]]}},{"type":"Feature","properties":{"owner1":"MAILLOUX GHISLAIN","owner2":null,"matricule":"1974-47-9491","street":"ST-ALPHONSE NORD","civicLow":"0","civicHigh":"0","valueLand":"15100","valueBuilding":"0","valueTotal":"15100","mailAddr":"2265 CHEMIN DE LA RIVE","mailCity":"ALMA, QC.","mun":"Saint-Bruno"},"geometry":{"type":"MultiPolygon","coordinates":[[[[-71.654487,48.506025],[-71.654316,48.506447],[-71.653948,48.506334],[-71.654406,48.505775],[-71.655215,48.505965],[-71.655224,48.506179],[-71.654487,48.506025]]]]}},{"type":"Feature","properties":{"owner1":"LAVOIE MAXIME","owner2":"BELLEY VANESSA","matricule":"1974-57-5957","street":"ST-ALPHONSE NORD","civicLow":"1985","civicHigh":"0","valueLand":"37200","valueBuilding":"220000","valueTotal":"257200","mailAddr":"1985 ROUTE ST-ALPHONSE NORD","mailCity":"SAINT-BRUNO, QC.","mun":"Saint-Bruno"},"geometry":{"type":"MultiPolygon","coordinates":[[[[-71.654092,48.50559],[-71.653346,48.505947],[-71.653166,48.505691],[-71.654253,48.505334],[-71.654244,48.505513],[-71.654092,48.50559]]]]}},{"type":"Feature","properties":{"owner1":"THIVIERGE ROGER","owner2":"GAUTHIER ALINE","matricule":"1970-77-1913","street":"NAPOLEON","civicLow":"231","civicHigh":"0","valueLand":"41100","valueBuilding":"168400","valueTotal":"209500","mailAddr":"231 RUE NAPOLEON","mailCity":"SAINT-BRUNO, QC.","mun":"Saint-Bruno"},"geometry":{"type":"MultiPolygon","coordinates":[[[[-71.650957,48.4692],[-71.650849,48.469468],[-71.650454,48.469396],[-71.650561,48.469128],[-71.650957,48.4692]]]]}},{"type":"Feature","properties":{"owner1":"PANGEA TERRES AGRICOLES S.E.C.","owner2":null,"matricule":"1671-95-2520","street":"QUATRIEME RANG OUEST","civicLow":"0","civicHigh":"0","valueLand":"239800","valueBuilding":"0","valueTotal":"239800","mailAddr":"1091 RANG DU BAS-DE-L'ASSOMPTION SUD","mailCity":"L'ASSOMPTION, QC.","mun":"Saint-Bruno"},"geometry":{"type":"MultiPolygon","coordinates":[[[[-71.682263,48.482617],[-71.688093,48.468449],[-71.68962,48.468729],[-71.68944,48.469164],[-71.690258,48.469313],[-71.690438,48.468878],[-71.690572,48.468974],[-71.690599,48.468908],[-71.691551,48.469081],[-71.69139,48.46948],[-71.692054,48.469599],[-71.692216,48.469206],[-71.695055,48.469724],[-71.689234,48.483873],[-71.682263,48.482617]]]]}},{"type":"Feature","properties":{"owner1":"GIRARD JOHAN","owner2":null,"matricule":"1970-73-7183","street":"NORMANDIE","civicLow":"298","civicHigh":"0","valueLand":"35900","valueBuilding":"158300","valueTotal":"194200","mailAddr":"298 RUE NORMANDIE","mailCity":"SAINT-BRUNO, QC.","mun":"Saint-Bruno"},"geometry":{"type":"MultiPolygon","coordinates":[[[[-71.650148,48.46624],[-71.650049,48.466496],[-71.649726,48.466436],[-71.649834,48.466186],[-71.650148,48.46624]]]]}},{"type":"Feature","properties":{"owner1":"GAGNON ROBERT","owner2":null,"matricule":"1970-83-1869","street":"NORMANDIE","civicLow":"320","civicHigh":"0","valueLand":"35900","valueBuilding":"109100","valueTotal":"145000","mailAddr":"320 RUE NORMANDIE","mailCity":"SAINT-BRUNO, QC.","mun":"Saint-Bruno"},"geometry":{"type":"MultiPolygon","coordinates":[[[[-71.64951,48.466127],[-71.649411,48.466377],[-71.649097,48.466323],[-71.649196,48.466067],[-71.64951,48.466127]]]]}},{"type":"Feature","properties":{"owner1":"GAUTHIER MARCEL","owner2":"DESBIENS VICKY","matricule":"1970-73-9476","street":"NORMANDIE","civicLow":"308","civicHigh":"0","valueLand":"35900","valueBuilding":"134700","valueTotal":"170600","mailAddr":"308 RUE NORMANDIE","mailCity":"SAINT-BRUNO, QC.","mun":"Saint-Bruno"},"geometry":{"type":"MultiPolygon","coordinates":[[[[-71.649834,48.466186],[-71.649726,48.466436],[-71.649411,48.466377],[-71.64951,48.466127],[-71.649834,48.466186]]]]}},{"type":"Feature","properties":{"owner1":"GAGNON MARGUERITE","owner2":null,"matricule":"1970-83-4163","street":"NORMANDIE","civicLow":"328","civicHigh":"0","valueLand":"36000","valueBuilding":"91600","valueTotal":"127600","mailAddr":"328 RUE NORMANDIE","mailCity":"SAINT-BRUNO, QC.","mun":"Saint-Bruno"},"geometry":{"type":"MultiPolygon","coordinates":[[[[-71.649196,48.466067],[-71.649097,48.466323],[-71.648774,48.466264],[-71.648881,48.466013],[-71.649196,48.466067]]]]}},{"type":"Feature","properties":{"owner1":"JEAN CATHERINE","owner2":null,"matricule":"1970-83-6556","street":"NORMANDIE","civicLow":"344","civicHigh":"0","valueLand":"36100","valueBuilding":"99100","valueTotal":"135200","mailAddr":"344 RUE NORMANDIE","mailCity":"SAINT-BRUNO, QC.","mun":"Saint-Bruno"},"geometry":{"type":"MultiPolygon","coordinates":[[[[-71.648881,48.466013],[-71.648774,48.466264],[-71.648459,48.46621],[-71.648558,48.465954],[-71.648881,48.466013]]]]}},{"type":"Feature","properties":{"owner1":"TREMBLAY MAXIME","owner2":"DUCHESNE MELINA","matricule":"1970-83-8849","street":"NORMANDIE","civicLow":"350","civicHigh":"0","valueLand":"36100","valueBuilding":"98700","valueTotal":"134800","mailAddr":"350 RUE NORMANDIE","mailCity":"SAINT-BRUNO, QC.","mun":"Saint-Bruno"},"geometry":{"type":"MultiPolygon","coordinates":[[[[-71.648558,48.465954],[-71.648459,48.46621],[-71.648136,48.46615],[-71.648244,48.4659],[-71.648558,48.465954]]]]}},{"type":"Feature","properties":{"owner1":"BOUCHARD NICHOLAS","owner2":null,"matricule":"1970-93-1142","street":"NORMANDIE","civicLow":"370","civicHigh":"0","valueLand":"36100","valueBuilding":"109200","valueTotal":"145300","mailAddr":"370 RUE NORMANDIE","mailCity":"SAINT-BRUNO, QC.","mun":"Saint-Bruno"},"geometry":{"type":"MultiPolygon","coordinates":[[[[-71.648244,48.4659],[-71.648136,48.46615],[-71.647821,48.466097],[-71.64792,48.465841],[-71.648244,48.4659]]]]}},{"type":"Feature","properties":{"owner1":"TREMBLAY DANNY","owner2":"PARADIS MICHELLE","matricule":"2070-09-8227","street":"BEAUMONT","civicLow":"620","civicHigh":"0","valueLand":"41900","valueBuilding":"161400","valueTotal":"203300","mailAddr":"620 PLATEAU BEAUMONT","mailCity":"SAINT-BRUNO, QC.","mun":"Saint-Bruno"},"geometry":{"type":"MultiPolygon","coordinates":[[[[-71.645612,48.47135],[-71.645486,48.471153],[-71.646106,48.471165],[-71.64607,48.471439],[-71.645612,48.47135]]]]}},{"type":"Feature","properties":{"owner1":"BOULANGER NICOLAS","owner2":"BOILY NADIA","matricule":"2070-19-5026","street":"BEAUMONT","civicLow":"615","civicHigh":"0","valueLand":"41700","valueBuilding":"235400","valueTotal":"277100","mailAddr":"615 PLATEAU BEAUMONT","mailCity":"SAINT-BRUNO, QC.","mun":"Saint-Bruno"},"geometry":{"type":"MultiPolygon","coordinates":[[[[-71.645144,48.471356],[-71.644668,48.471475],[-71.644758,48.471112],[-71.645207,48.471189],[-71.645144,48.471356]]]]}},{"type":"Feature","properties":{"owner1":"BERNARD JANICK","owner2":"DIONNE MARIE-EVE","matricule":"1970-89-3495","street":"ROSIERS","civicLow":"630","civicHigh":"0","valueLand":"32200","valueBuilding":"158500","valueTotal":"190700","mailAddr":"630 AVENUE DES ROSIERS","mailCity":"SAINT-BRUNO, QC.","mun":"Saint-Bruno"},"geometry":{"type":"MultiPolygon","coordinates":[[[[-71.649447,48.471797],[-71.649376,48.471981],[-71.64898,48.47191],[-71.649052,48.471725],[-71.649447,48.471797]]]]}},{"type":"Feature","properties":{"owner1":"BOUCHARD MARTINE","owner2":null,"matricule":"1971-66-1094","street":"THIBEAULT","civicLow":"920","civicHigh":"0","valueLand":"28400","valueBuilding":"74700","valueTotal":"103100","mailAddr":"920 AVENUE THIBEAULT","mailCity":"SAINT-BRUNO, QC.","mun":"Saint-Bruno"},"geometry":{"type":"MultiPolygon","coordinates":[[[[-71.652142,48.478157],[-71.652214,48.477996],[-71.652609,48.478068],[-71.652538,48.478228],[-71.652142,48.478157]]]]}},{"type":"Feature","properties":{"owner1":"BELL CANADA / 4333063 CANADA INC.","owner2":null,"matricule":"1674-24-7046","street":"Adresse non codifiée","civicLow":"0","civicHigh":"0","valueLand":"47000","valueBuilding":"0","valueTotal":"47000","mailAddr":"C.P. 1386 SUCC. A","mailCity":"MONTREAL, QC.","mun":"Saint-Bruno"},"geometry":{"type":"MultiPolygon","coordinates":[[[[-71.700382,48.501239],[-71.699241,48.504138],[-71.695872,48.503555],[-71.697031,48.500656],[-71.700382,48.501239]]]]}},{"type":"Feature","properties":{"owner1":"9256-2156 QUEBEC INC","owner2":null,"matricule":"2667-02-5803","street":"NEUVIEME RANG NORD","civicLow":"0","civicHigh":"0","valueLand":"35700","valueBuilding":"0","valueTotal":"35700","mailAddr":"2040 ROUTE 170","mailCity":"SAINT-BRUNO, QC.","mun":"Saint-Bruno"},"geometry":{"type":"MultiPolygon","coordinates":[[[[-71.571644,48.442021],[-71.570378,48.441419],[-71.566919,48.440585],[-71.564943,48.440484],[-71.563299,48.440204],[-71.561511,48.440347],[-71.559418,48.440114],[-71.558349,48.439095],[-71.552241,48.437975],[-71.553166,48.435639],[-71.55587,48.436127],[-71.557523,48.436151],[-71.562032,48.436765],[-71.563038,48.436729],[-71.564107,48.436836],[-71.564916,48.437051],[-71.56806,48.437504],[-71.569066,48.437397],[-71.568743,48.437718],[-71.570081,48.438326],[-71.570378,48.438034],[-71.570926,48.438362],[-71.57354,48.43928],[-71.575211,48.439578],[-71.574887,48.440084],[-71.573728,48.441241],[-71.572776,48.442593],[-71.572264,48.442194],[-71.571644,48.442021]]],[[[-71.571177,48.438583],[-71.570683,48.438529],[-71.570126,48.439626],[-71.571204,48.43984],[-71.571608,48.43962],[-71.571986,48.439804],[-71.571869,48.439876],[-71.57212,48.440037],[-71.572363,48.440067],[-71.572534,48.439924],[-71.572713,48.44009],[-71.573459,48.439405],[-71.571177,48.438583]]],[[[-71.561826,48.440061],[-71.561951,48.439971],[-71.56241,48.439953],[-71.561862,48.439345],[-71.56143,48.439357],[-71.561646,48.439214],[-71.56152,48.439012],[-71.561089,48.439274],[-71.561071,48.439465],[-71.561583,48.440001],[-71.561826,48.440061]]],[[[-71.567557,48.439113],[-71.568869,48.439334],[-71.569416,48.438189],[-71.568653,48.437844],[-71.566946,48.437456],[-71.567153,48.43785],[-71.567961,48.438195],[-71.567557,48.439113]]],[[[-71.56232,48.437885],[-71.562526,48.437337],[-71.562347,48.436956],[-71.56152,48.436836],[-71.561772,48.437045],[-71.561817,48.437361],[-71.561601,48.437945],[-71.561799,48.438034],[-71.56232,48.437885]]]]}},{"type":"Feature","properties":{"owner1":"REGIE DES MATIERES RESIDUELLES","owner2":null,"matricule":"2566-98-5678","street":"NEUVIEME RANG NORD","civicLow":"0","civicHigh":"0","valueLand":"54700","valueBuilding":"0","valueTotal":"54700","mailAddr":"625 RUE BERGERON OUEST","mailCity":"ALMA, QC.","mun":"Saint-Bruno"},"geometry":{"type":"MultiPolygon","coordinates":[[[[-71.570611,48.437802],[-71.569273,48.4372],[-71.569066,48.437397],[-71.568069,48.437504],[-71.564916,48.437051],[-71.564107,48.436836],[-71.563038,48.436729],[-71.562032,48.436765],[-71.557523,48.436151],[-71.55587,48.436127],[-71.553166,48.435639],[-71.55454,48.43214],[-71.577915,48.436223],[-71.575444,48.442236],[-71.573513,48.441884],[-71.575408,48.439614],[-71.57354,48.43928],[-71.570926,48.438362],[-71.570378,48.438034],[-71.570611,48.437802]]]]}},{"type":"Feature","properties":{"owner1":"BOUDREAULT GUYLAINE","owner2":null,"matricule":"1971-54-3535","street":"THIBEAULT","civicLow":"800","civicHigh":"0","valueLand":"36300","valueBuilding":"123800","valueTotal":"160100","mailAddr":"800 AVENUE THIBEAULT","mailCity":"SAINT-BRUNO, QC.","mun":"Saint-Bruno"},"geometry":{"type":"MultiPolygon","coordinates":[[[[-71.653544,48.475656],[-71.653427,48.475936],[-71.65313,48.475882],[-71.653247,48.475626],[-71.653544,48.475656]]]]}},{"type":"Feature","properties":{"owner1":"GIRARD GUILLAUME","owner2":"SIMARD VALERIE","matricule":"2070-07-7931","street":"PIONNIERS","civicLow":"401","civicHigh":"0","valueLand":"33400","valueBuilding":"178300","valueTotal":"211700","mailAddr":"401 RUE DES PIONNIERS","mailCity":"SAINT-BRUNO, QC.","mun":"Saint-Bruno"},"geometry":{"type":"MultiPolygon","coordinates":[[[[-71.645764,48.469355],[-71.646043,48.469408],[-71.645935,48.46967],[-71.645657,48.469617],[-71.645764,48.469355]]]]}},{"type":"Feature","properties":{"owner1":"BOUCHARD JEAN","owner2":"ST-PIERRE DENISE","matricule":"1971-83-2579","street":"BOISE","civicLow":"200","civicHigh":"0","valueLand":"21800","valueBuilding":"133400","valueTotal":"155200","mailAddr":"200 RUE DU BOISE","mailCity":"SAINT-BRUNO, QC.","mun":"Saint-Bruno"},"geometry":{"type":"MultiPolygon","coordinates":[[[[-71.649555,48.475191],[-71.649447,48.475453],[-71.649259,48.475424],[-71.649367,48.475156],[-71.649555,48.475191]]]]}},{"type":"Feature","properties":{"owner1":"MUNICIPALITE DE SAINT-BRUNO","owner2":null,"matricule":"1971-83-4080","street":"BOISE","civicLow":"0","civicHigh":"0","valueLand":"14400","valueBuilding":"0","valueTotal":"14400","mailAddr":"563 AVENUE SAINT-ALPHONSE","mailCity":"SAINT-BRUNO, QC.","mun":"Saint-Bruno"},"geometry":{"type":"MultiPolygon","coordinates":[[[[-71.649367,48.475156],[-71.649259,48.475424],[-71.649115,48.475394],[-71.649367,48.475156]]]]}},{"type":"Feature","properties":{"owner1":"TANGUAY MAXIME","owner2":"TRUCHON MARIE-CLAUDE","matricule":"1971-72-1099","street":"ETUDIANTS","civicLow":"785","civicHigh":"0","valueLand":"35700","valueBuilding":"154300","valueTotal":"190000","mailAddr":"785 AVENUE DES ETUDIANTS","mailCity":"SAINT-BRUNO, QC.","mun":"Saint-Bruno"},"geometry":{"type":"MultiPolygon","coordinates":[[[[-71.651136,48.474518],[-71.651046,48.474733],[-71.650741,48.474679],[-71.650849,48.474411],[-71.651136,48.474518]]]]}},{"type":"Feature","properties":{"owner1":"DUFOUR MARC","owner2":"MALTAIS VANESSA","matricule":"2269-59-6099","street":"170","civicLow":"3000","civicHigh":"0","valueLand":"10500","valueBuilding":"107000","valueTotal":"117500","mailAddr":"3000 ROUTE 170","mailCity":"SAINT-BRUNO, QC.","mun":"Saint-Bruno"},"geometry":{"type":"MultiPolygon","coordinates":[[[[-71.612302,48.463321],[-71.611934,48.463416],[-71.612051,48.463118],[-71.612365,48.463172],[-71.612302,48.463321]]]]}},{"type":"Feature","properties":{"owner1":"FERME MORIVAN INC.","owner2":null,"matricule":"1569-48-3705","street":"Adresse non codifiée","civicLow":"0","civicHigh":"0","valueLand":"89700","valueBuilding":"0","valueTotal":"89700","mailAddr":"1151 TROISIEME RANG OUEST","mailCity":"SAINT-BRUNO, QC.","mun":"Saint-Bruno"},"geometry":{"type":"MultiPolygon","coordinates":[[[[-71.7057,48.4626],[-71.708233,48.456661],[-71.710093,48.457001],[-71.709536,48.458323],[-71.711126,48.458615],[-71.708458,48.464852],[-71.70738,48.464655],[-71.70808,48.463035],[-71.7057,48.4626]]]]}},{"type":"Feature","properties":{"owner1":"MOREL DAVID","owner2":"GAGNON KARINE","matricule":"1569-25-7003","street":"TROISIEME RANG OUEST","civicLow":"1100","civicHigh":"0","valueLand":"44900","valueBuilding":"152300","valueTotal":"197200","mailAddr":"1100 TROISIEME RANG OUEST","mailCity":"SAINT-BRUNO, QC","mun":"Saint-Bruno"},"geometry":{"type":"MultiPolygon","coordinates":[[[[-71.711683,48.457292],[-71.711126,48.458615],[-71.709536,48.458323],[-71.710093,48.457001],[-71.711683,48.457292]]]]}},{"type":"Feature","properties":{"owner1":"OUELLET NANCY","owner2":null,"matricule":"1569-53-2469","street":"TROISIEME RANG OUEST","civicLow":"1000","civicHigh":"0","valueLand":"23300","valueBuilding":"112800","valueTotal":"136100","mailAddr":"1000 TROISIEME RANG OUEST","mailCity":"SAINT-BRUNO, QC.","mun":"Saint-Bruno"},"geometry":{"type":"MultiPolygon","coordinates":[[[[-71.707712,48.456566],[-71.707443,48.457155],[-71.706877,48.457054],[-71.70702,48.45675],[-71.706221,48.456607],[-71.706347,48.456321],[-71.707712,48.456566]]]]}},{"type":"Feature","properties":{"owner1":"BOUDREAULT EMILIE","owner2":"LAVOIE PATRICK","matricule":"1875-81-3060","street":"SIXIEME RANG OUEST","civicLow":"0","civicHigh":"0","valueLand":"40700","valueBuilding":"0","valueTotal":"40700","mailAddr":"300 RUE DES CEDRES","mailCity":"SAINT-BRUNO, QC.","mun":"Saint-Bruno"},"geometry":{"type":"MultiPolygon","coordinates":[[[[-71.664054,48.508679],[-71.663605,48.50978],[-71.663219,48.509703],[-71.663659,48.508602],[-71.664054,48.508679]]]]}},{"type":"Feature","properties":{"owner1":"2862-2629 QUEBEC INC","owner2":null,"matricule":"2369-26-8475","street":"Adresse non codifiée","civicLow":"0","civicHigh":"0","valueLand":"142400","valueBuilding":"0","valueTotal":"142400","mailAddr":"1320 SIXIEME RANG NORD","mailCity":"SAINT-BRUNO, QC.","mun":"Saint-Bruno"},"geometry":{"type":"MultiPolygon","coordinates":[[[[-71.59156,48.457989],[-71.591973,48.458019],[-71.59191,48.458222],[-71.591632,48.45868],[-71.591138,48.459121],[-71.59156,48.457989]]],[[[-71.610371,48.463065],[-71.598926,48.46095],[-71.598199,48.4607],[-71.596617,48.460396],[-71.594246,48.460206],[-71.592916,48.459914],[-71.593024,48.459652],[-71.591129,48.459324],[-71.591973,48.458448],[-71.592189,48.457447],[-71.61312,48.461319],[-71.612563,48.462666],[-71.61135,48.462975],[-71.610469,48.462797],[-71.610371,48.463065]]]]}},{"type":"Feature","properties":{"owner1":"FORTIN RAYMOND","owner2":null,"matricule":"2269-69-0389","street":"170","civicLow":"3010","civicHigh":"0","valueLand":"27300","valueBuilding":"46900","valueTotal":"74200","mailAddr":"61 RUE SAINT-PAUL","mailCity":"HEBERTVILLE-STATION, QC","mun":"Saint-Bruno"},"geometry":{"type":"MultiPolygon","coordinates":[[[[-71.611161,48.462922],[-71.61206,48.463095],[-71.611934,48.463416],[-71.611062,48.463196],[-71.611161,48.462922]]]]}},{"type":"Feature","properties":{"owner1":"LAROUCHE ROBERT JR.","owner2":null,"matricule":"1675-21-7792","street":"Adresse non codifiée","civicLow":"0","civicHigh":"0","valueLand":"114200","valueBuilding":"0","valueTotal":"114200","mailAddr":"1910 ROUTE DU LAC OUEST","mailCity":"ALMA, QC.","mun":"Saint-Bruno"},"geometry":{"type":"MultiPolygon","coordinates":[[[[-71.702196,48.501561],[-71.696375,48.51582],[-71.694848,48.515535],[-71.694983,48.515219],[-71.694785,48.515183],[-71.700391,48.501221],[-71.702196,48.501561]]]]}},{"type":"Feature","properties":{"owner1":"GAGNE ANDRE","owner2":"GIRARD CHARLAINE","matricule":"1974-29-3409","street":"ST-ALPHONSE NORD","civicLow":"2051","civicHigh":"0","valueLand":"46900","valueBuilding":"73200","valueTotal":"120100","mailAddr":"2051 ROUTE ST-ALPHONSE NORD","mailCity":"SAINT-BRUNO, QC.","mun":"Saint-Bruno"},"geometry":{"type":"MultiPolygon","coordinates":[[[[-71.658592,48.506864],[-71.658449,48.507203],[-71.657658,48.507054],[-71.657802,48.506721],[-71.658592,48.506864]]]]}},{"type":"Feature","properties":{"owner1":"LAFOREST GASTON","owner2":"BOUDREAULT ANDREE","matricule":"1974-18-7299","street":"ST-ALPHONSE NORD","civicLow":"2053","civicHigh":"0","valueLand":"66200","valueBuilding":"396300","valueTotal":"462500","mailAddr":"2053 ROUTE ST-ALPHONSE NORD","mailCity":"SAINT-BRUNO, QC.","mun":"Saint-Bruno"},"geometry":{"type":"MultiPolygon","coordinates":[[[[-71.659428,48.506638],[-71.659122,48.507328],[-71.658449,48.507203],[-71.65879,48.506411],[-71.659464,48.506536],[-71.659428,48.506638]]]]}},{"type":"Feature","properties":{"owner1":"BOUCHARD REAL","owner2":null,"matricule":"1970-93-5829","street":"NORMANDIE","civicLow":"386","civicHigh":"0","valueLand":"36100","valueBuilding":"114800","valueTotal":"150900","mailAddr":"386 RUE NORMANDIE","mailCity":"SAINT-BRUNO, QC.","mun":"Saint-Bruno"},"geometry":{"type":"MultiPolygon","coordinates":[[[[-71.647606,48.465781],[-71.647498,48.466037],[-71.647184,48.465978],[-71.647282,48.465727],[-71.647606,48.465781]]]]}},{"type":"Feature","properties":{"owner1":"BOUCHARD OMER","owner2":"FORTIN JACYNTHE","matricule":"2171-76-7777","street":"Adresse non codifiée","civicLow":"0","civicHigh":"0","valueLand":"57900","valueBuilding":"0","valueTotal":"57900","mailAddr":"1150 SIXIEME RANG NORD","mailCity":"SAINT-BRUNO, QC.","mun":"Saint-Bruno"},"geometry":{"type":"MultiPolygon","coordinates":[[[[-71.628445,48.480164],[-71.628229,48.480694],[-71.628328,48.480033],[-71.627861,48.479461],[-71.626477,48.479527],[-71.62557,48.479461],[-71.623729,48.479074],[-71.62274,48.478568],[-71.621213,48.478419],[-71.619731,48.478598],[-71.618932,48.478574],[-71.617351,48.478193],[-71.617872,48.476883],[-71.629083,48.478806],[-71.628445,48.480164]]]]}},{"type":"Feature","properties":{"owner1":"MALTAIS JIMMY","owner2":null,"matricule":"2173-85-0567","street":"SIXIEME RANG NORD","civicLow":"1949","civicHigh":"0","valueLand":"40800","valueBuilding":"184300","valueTotal":"225100","mailAddr":"1949 SIXIEME RANG NORD","mailCity":"SAINT-BRUNO, QC.","mun":"Saint-Bruno"},"geometry":{"type":"MultiPolygon","coordinates":[[[[-71.622911,48.494828],[-71.623504,48.494935],[-71.623217,48.495662],[-71.622615,48.495554],[-71.622911,48.494828]]]]}},{"type":"Feature","properties":{"owner1":"TRUCHON LOUISE","owner2":null,"matricule":"2368-97-2306","street":"HUITIEME RANG SUD","civicLow":"350","civicHigh":"0","valueLand":"1000","valueBuilding":"0","valueTotal":"1000","mailAddr":"355 HUITIEME RANG SUD","mailCity":"SAINT-BRUNO, QC.","mun":"Saint-Bruno"},"geometry":{"type":"MultiPolygon","coordinates":[[[[-71.593096,48.451954],[-71.59324,48.451555],[-71.593842,48.451656],[-71.593698,48.452056],[-71.593096,48.451954]]]]}},{"type":"Feature","properties":{"owner1":"ST-PIERRE GERALD","owner2":null,"matricule":"1971-68-9320","street":"THIBEAULT","civicLow":"951","civicHigh":"0","valueLand":"45400","valueBuilding":"121700","valueTotal":"167100","mailAddr":"951 AVENUE THIBEAULT","mailCity":"SAINT-BRUNO, QC.","mun":"Saint-Bruno"},"geometry":{"type":"MultiPolygon","coordinates":[[[[-71.651136,48.479169],[-71.65119,48.479038],[-71.65154,48.479098],[-71.651388,48.479467],[-71.651037,48.479402],[-71.651136,48.479169]]]]}},{"type":"Feature","properties":{"owner1":"VILLENEUVE RODRIGUE","owner2":null,"matricule":"1971-78-2219","street":"ST-ALPHONSE","civicLow":"950","civicHigh":"0","valueLand":"37900","valueBuilding":"114000","valueTotal":"151900","mailAddr":"950 AVENUE ST-ALPHONSE","mailCity":"SAINT-BRUNO, QC.","mun":"Saint-Bruno"},"geometry":{"type":"MultiPolygon","coordinates":[[[[-71.651136,48.479169],[-71.651037,48.479402],[-71.650642,48.479324],[-71.650732,48.479104],[-71.651136,48.479169]]]]}},{"type":"Feature","properties":{"owner1":"MUNICIPALITE DE SAINT-BRUNO","owner2":null,"matricule":"1971-20-7514","street":"FABRIQUE","civicLow":"910","civicHigh":"0","valueLand":"29700","valueBuilding":"0","valueTotal":"29700","mailAddr":"563 RUE SAINT-ALPHONSE","mailCity":"SAINT-BRUNO, QC.","mun":"Saint-Bruno"},"geometry":{"type":"MultiPolygon","coordinates":[[[[-71.657011,48.471898],[-71.656948,48.472065],[-71.656544,48.471993],[-71.656607,48.471826],[-71.657011,48.471898]]]]}},{"type":"Feature","properties":{"owner1":"BERGERON JONATHAN","owner2":"ROUSSEAU MAIKA","matricule":"1971-20-8032","street":"FABRIQUE","civicLow":"920","civicHigh":"0","valueLand":"29900","valueBuilding":"198200","valueTotal":"228100","mailAddr":"920 AVENUE DE LA FABRIQUE","mailCity":"SAINT-BRUNO, QC.","mun":"Saint-Bruno"},"geometry":{"type":"MultiPolygon","coordinates":[[[[-71.656948,48.472065],[-71.656876,48.472231],[-71.656472,48.47216],[-71.656544,48.471993],[-71.656948,48.472065]]]]}},{"type":"Feature","properties":{"owner1":"MUNICIPALITE DE SAINT-BRUNO","owner2":null,"matricule":"1971-20-8550","street":"FABRIQUE","civicLow":"930","civicHigh":"0","valueLand":"28700","valueBuilding":"0","valueTotal":"28700","mailAddr":"563 RUE SAINT-ALPHONSE","mailCity":"SAINT-BRUNO, QC.","mun":"Saint-Bruno"},"geometry":{"type":"MultiPolygon","coordinates":[[[[-71.656876,48.472231],[-71.656814,48.472386],[-71.656409,48.472315],[-71.656472,48.47216],[-71.656876,48.472231]]]]}},{"type":"Feature","properties":{"owner1":"MUNICIPALITE DE SAINT-BRUNO","owner2":null,"matricule":"2671-72-2960","street":"Adresse non codifiée","civicLow":"0","civicHigh":"0","valueLand":"66200","valueBuilding":"0","valueTotal":"66200","mailAddr":"563 AVENUE ST-ALPHONSE","mailCity":"SAINT-BRUNO, QC.","mun":"Saint-Bruno"},"geometry":{"type":"MultiPolygon","coordinates":[[[[-71.560811,48.4783],[-71.558116,48.477818],[-71.557891,48.477883],[-71.557262,48.477669],[-71.555484,48.477347],[-71.555025,48.477657],[-71.554343,48.477615],[-71.553894,48.477389],[-71.553705,48.477032],[-71.541542,48.474858],[-71.541721,48.474417],[-71.545836,48.473184],[-71.54801,48.472243],[-71.551163,48.471695],[-71.559319,48.470719],[-71.561134,48.473476],[-71.562724,48.473762],[-71.562455,48.476543],[-71.563209,48.479104],[-71.562212,48.481474],[-71.565437,48.482051],[-71.56355,48.484183],[-71.558691,48.483314],[-71.560811,48.4783]]],[[[-71.555205,48.477299],[-71.553983,48.477085],[-71.554118,48.477276],[-71.554271,48.477204],[-71.554451,48.477436],[-71.554918,48.477466],[-71.555205,48.477299]]],[[[-71.557271,48.472362],[-71.557226,48.472231],[-71.556337,48.472309],[-71.55622,48.47219],[-71.555825,48.472339],[-71.555403,48.472255],[-71.554792,48.471868],[-71.554478,48.471463],[-71.553651,48.471547],[-71.553642,48.471713],[-71.553921,48.471719],[-71.553876,48.471874],[-71.553292,48.471636],[-71.553022,48.471707],[-71.553094,48.472345],[-71.553876,48.47263],[-71.554046,48.472857],[-71.554504,48.473024],[-71.554837,48.473697],[-71.555529,48.474423],[-71.556409,48.474072],[-71.556858,48.474566],[-71.557137,48.474483],[-71.55719,48.473738],[-71.557676,48.4735],[-71.55728,48.473101],[-71.55728,48.472827],[-71.557002,48.472636],[-71.557271,48.472362]]]]}},{"type":"Feature","properties":{"owner1":"2862-2629 QUEBEC INC","owner2":null,"matricule":"2271-29-2874","street":"Adresse non codifiée","civicLow":"0","civicHigh":"0","valueLand":"330800","valueBuilding":"552300","valueTotal":"883100","mailAddr":"1320 SIXIEME RANG NORD","mailCity":"SAINT-BRUNO, QC.","mun":"Saint-Bruno"},"geometry":{"type":"MultiPolygon","coordinates":[[[[-71.617225,48.482831],[-71.605601,48.480771],[-71.606831,48.477401],[-71.616964,48.479169],[-71.617351,48.478193],[-71.618932,48.478574],[-71.619731,48.478598],[-71.621213,48.478419],[-71.62274,48.478568],[-71.623729,48.479074],[-71.625301,48.479425],[-71.626477,48.479527],[-71.627861,48.479461],[-71.62822,48.479842],[-71.628337,48.48017],[-71.628166,48.480646],[-71.627753,48.480616],[-71.627546,48.481117],[-71.627124,48.481039],[-71.626945,48.481444],[-71.627933,48.481623],[-71.62769,48.482248],[-71.626882,48.482111],[-71.626711,48.482415],[-71.626388,48.482361],[-71.626199,48.482831],[-71.627358,48.483087],[-71.626765,48.484522],[-71.617225,48.482831]]]]}},{"type":"Feature","properties":{"owner1":"9118-8995 QUEBEC INC","owner2":null,"matricule":"1971-65-9769","street":"ST-ALPHONSE NORD","civicLow":"871","civicHigh":"0","valueLand":"46400","valueBuilding":"2100","valueTotal":"48500","mailAddr":"523 CHEMIN DU LAC-HIPPOLYTE","mailCity":"LAROUCHE, QC.","mun":"Saint-Bruno"},"geometry":{"type":"MultiPolygon","coordinates":[[[[-71.650903,48.477127],[-71.651046,48.476787],[-71.651442,48.476859],[-71.651307,48.477198],[-71.650903,48.477127]]]]}},{"type":"Feature","properties":{"owner1":"SOCIETE D'AQUEDUC DE ST-BRUNO","owner2":null,"matricule":"2367-56-9889","street":"Adresse non codifiée","civicLow":"0","civicHigh":"0","valueLand":"700","valueBuilding":"0","valueTotal":"700","mailAddr":"563 AVENUE ST-ALPHONSE","mailCity":"SAINT-BRUNO, QC.","mun":"Saint-Bruno"},"geometry":{"type":"MultiPolygon","coordinates":[[[[-71.597758,48.442617],[-71.597579,48.442623],[-71.59766,48.442587],[-71.597758,48.442617]]]]}},{"type":"Feature","properties":{"owner1":"TREMBLAY GERMAIN","owner2":null,"matricule":"1970-84-1261","street":"ARTISANS","civicLow":"306","civicHigh":"308","valueLand":"37300","valueBuilding":"116100","valueTotal":"153400","mailAddr":"308 RUE DES ARTISANS","mailCity":"SAINT-BRUNO, QC.","mun":"Saint-Bruno"},"geometry":{"type":"MultiPolygon","coordinates":[[[[-71.649322,48.466871],[-71.649672,48.467056],[-71.649456,48.467222],[-71.649133,48.46705],[-71.649322,48.466871]]]]}},{"type":"Feature","properties":{"owner1":"SIMARD JUAIR MARILYN","owner2":null,"matricule":"2070-14-3423","street":"PARE","civicLow":"450","civicHigh":"0","valueLand":"31600","valueBuilding":"104900","valueTotal":"136500","mailAddr":"450 RUE PARE","mailCity":"SAINT-BRUNO, QC.","mun":"Saint-Bruno"},"geometry":{"type":"MultiPolygon","coordinates":[[[[-71.64527,48.466585],[-71.645144,48.466889],[-71.644848,48.466835],[-71.64492,48.466669],[-71.64527,48.466585]]]]}},{"type":"Feature","properties":{"owner1":"NERON FRANCE","owner2":null,"matricule":"2070-14-5812","street":"PARE","civicLow":"460","civicHigh":"0","valueLand":"36100","valueBuilding":"87800","valueTotal":"123900","mailAddr":"460 RUE PARE","mailCity":"SAINT-BRUNO, QC.","mun":"Saint-Bruno"},"geometry":{"type":"MultiPolygon","coordinates":[[[[-71.644848,48.466835],[-71.644498,48.466639],[-71.644776,48.466496],[-71.64492,48.466669],[-71.644848,48.466835]]]]}},{"type":"Feature","properties":{"owner1":"GAGNON MATHIEU","owner2":null,"matricule":"2070-13-3398","street":"LECLERC","civicLow":"415","civicHigh":"0","valueLand":"36800","valueBuilding":"127200","valueTotal":"164000","mailAddr":"415 RUE LECLERC","mailCity":"SAINT-BRUNO, QC.","mun":"Saint-Bruno"},"geometry":{"type":"MultiPolygon","coordinates":[[[[-71.644776,48.466496],[-71.64518,48.466371],[-71.645306,48.466573],[-71.64492,48.466669],[-71.644776,48.466496]]]]}},{"type":"Feature","properties":{"owner1":"BOULIANNE ERIC","owner2":null,"matricule":"2071-01-7827","street":"OEILLETS","civicLow":"715","civicHigh":"0","valueLand":"31100","valueBuilding":"170400","valueTotal":"201500","mailAddr":"715 AVENUE DES OEILLETS","mailCity":"SAINT-BRUNO, QC.","mun":"Saint-Bruno"},"geometry":{"type":"MultiPolygon","coordinates":[[[[-71.646178,48.473024],[-71.646106,48.473196],[-71.64571,48.473131],[-71.645782,48.472952],[-71.646178,48.473024]]]]}},{"type":"Feature","properties":{"owner1":"LAVOIE FRANCE","owner2":null,"matricule":"2373-72-2289","street":"Adresse non codifiée","civicLow":"0","civicHigh":"0","valueLand":"2500","valueBuilding":"0","valueTotal":"2500","mailAddr":"2165 CHEMIN DU MOULIN","mailCity":"ALMA, QC.","mun":"Saint-Bruno"},"geometry":{"type":"MultiPolygon","coordinates":[[[[-71.597228,48.493304],[-71.596204,48.493138],[-71.596959,48.492667],[-71.597956,48.492852],[-71.597228,48.493304]]]]}},{"type":"Feature","properties":{"owner1":"THIVIERGE CLAUDE","owner2":"SIMARD MARLENE","matricule":"2372-35-4289","street":"SEPTIEME RANG NORD","civicLow":"1140","civicHigh":"0","valueLand":"22500","valueBuilding":"128700","valueTotal":"151200","mailAddr":"1140 SEPTIEME RANG NORD","mailCity":"SAINT-BRUNO, QC.","mun":"Saint-Bruno"},"geometry":{"type":"MultiPolygon","coordinates":[[[[-71.602034,48.486767],[-71.601693,48.486761],[-71.601711,48.486517],[-71.602457,48.486529],[-71.602448,48.486773],[-71.602034,48.486767]]]]}},{"type":"Feature","properties":{"owner1":"BOILY MAURICE","owner2":"GAGNON BRIGITTE","matricule":"1970-89-2255","street":"ROSIERS","civicLow":"610","civicHigh":"0","valueLand":"32200","valueBuilding":"151300","valueTotal":"183500","mailAddr":"610 AVENUE DES ROSIERS","mailCity":"SAINT-BRUNO, QC.","mun":"Saint-Bruno"},"geometry":{"type":"MultiPolygon","coordinates":[[[[-71.649591,48.471439],[-71.649519,48.471618],[-71.649124,48.471547],[-71.649196,48.471368],[-71.649591,48.471439]]]]}},{"type":"Feature","properties":{"owner1":"TREMBLAY MARCEL","owner2":"BEAUMONT LISE","matricule":"1970-35-0633","street":"MOISSONS","civicLow":"100","civicHigh":"0","valueLand":"43300","valueBuilding":"153700","valueTotal":"197000","mailAddr":"100 RUE DES MOISSONS","mailCity":"SAINT-BRUNO, QC.","mun":"Saint-Bruno"},"geometry":{"type":"MultiPolygon","coordinates":[[[[-71.656625,48.467485],[-71.656445,48.467943],[-71.65534,48.467759],[-71.655385,48.467645],[-71.655879,48.467735],[-71.656077,48.467306],[-71.656652,48.467413],[-71.656625,48.467485]]]]}},{"type":"Feature","properties":{"owner1":"DERY COLETTE","owner2":null,"matricule":"1970-44-0920","street":"ARMAND","civicLow":"113","civicHigh":"0","valueLand":"58200","valueBuilding":"141200","valueTotal":"199400","mailAddr":"113 RUE ARMAND","mailCity":"SAINT-BRUNO, QC.","mun":"Saint-Bruno"},"geometry":{"type":"MultiPolygon","coordinates":[[[[-71.654541,48.466853],[-71.654756,48.466323],[-71.655152,48.466395],[-71.654936,48.466925],[-71.654541,48.466853]]]]}},{"type":"Feature","properties":{"owner1":"LACHANCE FRANCOISE","owner2":null,"matricule":"1970-44-2478","street":"ARMAND","civicLow":"112","civicHigh":"0","valueLand":"41200","valueBuilding":"118200","valueTotal":"159400","mailAddr":"112 RUE ARMAND","mailCity":"SAINT-BRUNO, QC.","mun":"Saint-Bruno"},"geometry":{"type":"MultiPolygon","coordinates":[[[[-71.654505,48.466984],[-71.654909,48.467056],[-71.654792,48.467318],[-71.654397,48.467246],[-71.654505,48.466984]]]]}},{"type":"Feature","properties":{"owner1":"LES IMMEUBLES J.P.G. INC.","owner2":null,"matricule":"1970-34-8983","street":"ST-ALPHONSE","civicLow":"347","civicHigh":"355","valueLand":"37500","valueBuilding":"160300","valueTotal":"197800","mailAddr":"739 RUE GAUTHIER","mailCity":"LAROUCHE, QC.","mun":"Saint-Bruno"},"geometry":{"type":"MultiPolygon","coordinates":[[[[-71.655421,48.467151],[-71.655349,48.467318],[-71.654837,48.467222],[-71.654909,48.467056],[-71.655421,48.467151]]]]}},{"type":"Feature","properties":{"owner1":"GUAY KEVEN","owner2":null,"matricule":"1875-43-1328","street":"SIXIEME RANG OUEST","civicLow":"621","civicHigh":"0","valueLand":"23600","valueBuilding":"97700","valueTotal":"121300","mailAddr":"621 SIXIEME RANG OUEST","mailCity":"SAINT-BRUNO, QC.","mun":"Saint-Bruno"},"geometry":{"type":"MultiPolygon","coordinates":[[[[-71.669013,48.51078],[-71.669174,48.510381],[-71.669633,48.510464],[-71.669471,48.510863],[-71.669013,48.51078]]]]}},{"type":"Feature","properties":{"owner1":"FORTIN ELIE-MARIE","owner2":null,"matricule":"1875-33-6941","street":"SIXIEME RANG OUEST","civicLow":"631","civicHigh":"0","valueLand":"23600","valueBuilding":"161500","valueTotal":"185100","mailAddr":"631 SIXIEME RANG OUEST","mailCity":"SAINT-BRUNO, QC.","mun":"Saint-Bruno"},"geometry":{"type":"MultiPolygon","coordinates":[[[[-71.670064,48.510976],[-71.669606,48.510887],[-71.669776,48.510494],[-71.670225,48.510577],[-71.670064,48.510976]]]]}},{"type":"Feature","properties":{"owner1":"TREMBLAY SYLVAIN","owner2":"MINIER NADINE","matricule":"1875-33-3551","street":"SIXIEME RANG OUEST","civicLow":"645","civicHigh":"0","valueLand":"23600","valueBuilding":"73700","valueTotal":"97300","mailAddr":"645 SIXIEME RANG OUEST","mailCity":"SAINT-BRUNO, QC.","mun":"Saint-Bruno"},"geometry":{"type":"MultiPolygon","coordinates":[[[[-71.670064,48.510976],[-71.670225,48.510577],[-71.670684,48.510661],[-71.670522,48.51106],[-71.670064,48.510976]]]]}},{"type":"Feature","properties":{"owner1":"LAVOIE ANNE-MARIE","owner2":null,"matricule":"1775-84-9180","street":"SIXIEME RANG OUEST","civicLow":"821","civicHigh":"0","valueLand":"28500","valueBuilding":"160300","valueTotal":"188800","mailAddr":"821 SIXIEME RANG OUEST","mailCity":"SAINT-BRUNO, QC.","mun":"Saint-Bruno"},"geometry":{"type":"MultiPolygon","coordinates":[[[[-71.675885,48.511732],[-71.676532,48.511553],[-71.676801,48.511583],[-71.677133,48.511393],[-71.676936,48.512202],[-71.675436,48.511994],[-71.675885,48.511732]]]]}},{"type":"Feature","properties":{"owner1":"BOILY RICHARD","owner2":"GUAY VALERIE","matricule":"1971-93-8843","street":"ERABLES","civicLow":"790","civicHigh":"0","valueLand":"42200","valueBuilding":"347600","valueTotal":"389800","mailAddr":"790 AVENUE DES ERABLES","mailCity":"SAINT-BRUNO, QC.","mun":"Saint-Bruno"},"geometry":{"type":"MultiPolygon","coordinates":[[[[-71.646941,48.474995],[-71.647031,48.474816],[-71.647498,48.474935],[-71.647229,48.475245],[-71.646941,48.474995]]]]}},{"type":"Feature","properties":{"owner1":"MARTEL MARIO","owner2":"GAGNON MARIE-ANNE","matricule":"2373-81-1315","street":"SEPTIEME RANG NORD","civicLow":"1350","civicHigh":"0","valueLand":"25300","valueBuilding":"16800","valueTotal":"42100","mailAddr":"2735 RUE PRINCIPALE","mailCity":"LABRECQUE, QC.","mun":"Saint-Bruno"},"geometry":{"type":"MultiPolygon","coordinates":[[[[-71.592467,48.491304],[-71.593554,48.490476],[-71.59951,48.491578],[-71.598432,48.492405],[-71.592467,48.491304]]]]}},{"type":"Feature","properties":{"owner1":"BERGERON GAETAN","owner2":null,"matricule":"2372-79-9699","street":"SEPTIEME RANG NORD","civicLow":"1200","civicHigh":"0","valueLand":"34200","valueBuilding":"51700","valueTotal":"85900","mailAddr":"3020 ROUTE SAINT-EUSEBE","mailCity":"SAINT-FELICIEN, QC.","mun":"Saint-Bruno"},"geometry":{"type":"MultiPolygon","coordinates":[[[[-71.593554,48.490476],[-71.591569,48.490107],[-71.592476,48.489196],[-71.600417,48.490667],[-71.59951,48.491578],[-71.593554,48.490476]]]]}},{"type":"Feature","properties":{"owner1":"BOUCHARD DANY","owner2":"HUDON JESSICA","matricule":"1971-84-6716","street":"BOISE","civicLow":"215","civicHigh":"0","valueLand":"45100","valueBuilding":"177400","valueTotal":"222500","mailAddr":"215 RUE DU BOISE","mailCity":"SAINT-BRUNO, QC.","mun":"Saint-Bruno"},"geometry":{"type":"MultiPolygon","coordinates":[[[[-71.649115,48.475537],[-71.649007,48.475823],[-71.648414,48.475715],[-71.648801,48.475489],[-71.649115,48.475537]]]]}},{"type":"Feature","properties":{"owner1":"DORVAL JEAN-CLAUDE","owner2":"FORTIN TANIA","matricule":"1971-84-4522","street":"BOISE","civicLow":"205","civicHigh":"207","valueLand":"23200","valueBuilding":"140900","valueTotal":"164100","mailAddr":"360 RUE BARRETTE","mailCity":"ALMA, QC.","mun":"Saint-Bruno"},"geometry":{"type":"MultiPolygon","coordinates":[[[[-71.649304,48.475572],[-71.649187,48.475852],[-71.649007,48.475823],[-71.649115,48.475537],[-71.649304,48.475572]]]]}},{"type":"Feature","properties":{"owner1":"TREMBLAY CLAIRE","owner2":"PELLETIER-TREMBLAY FRANCOIS-OLIVIER","matricule":"1971-84-3126","street":"BOISE","civicLow":"195","civicHigh":"0","valueLand":"23200","valueBuilding":"146000","valueTotal":"169200","mailAddr":"195 RUE DU BOISE","mailCity":"SAINT-BRUNO, QC.","mun":"Saint-Bruno"},"geometry":{"type":"MultiPolygon","coordinates":[[[[-71.649483,48.475602],[-71.649376,48.475882],[-71.649187,48.475852],[-71.649304,48.475572],[-71.649483,48.475602]]]]}},{"type":"Feature","properties":{"owner1":"OUELLET NORMAND","owner2":"JEAN LINE","matricule":"1971-84-1730","street":"BOISE","civicLow":"185","civicHigh":"0","valueLand":"24200","valueBuilding":"137500","valueTotal":"161700","mailAddr":"185 RUE DU BOISE","mailCity":"SAINT-BRUNO, QC.","mun":"Saint-Bruno"},"geometry":{"type":"MultiPolygon","coordinates":[[[[-71.649681,48.475638],[-71.649564,48.475918],[-71.649376,48.475882],[-71.649483,48.475602],[-71.649681,48.475638]]]]}},{"type":"Feature","properties":{"owner1":"GAGNE JULIE","owner2":null,"matricule":"1971-84-0334","street":"BOISE","civicLow":"175","civicHigh":"0","valueLand":"24200","valueBuilding":"137300","valueTotal":"161500","mailAddr":"175 RUE DU BOISE","mailCity":"SAINT-BRUNO, QC.","mun":"Saint-Bruno"},"geometry":{"type":"MultiPolygon","coordinates":[[[[-71.64987,48.475674],[-71.649753,48.475954],[-71.649564,48.475918],[-71.649681,48.475638],[-71.64987,48.475674]]]]}},{"type":"Feature","properties":{"owner1":"TREMBLAY REGIS","owner2":null,"matricule":"2070-23-2163","street":"NORMANDIE","civicLow":"0","civicHigh":"0","valueLand":"500","valueBuilding":"0","valueTotal":"500","mailAddr":"500 RUE NORMANDIE","mailCity":"SAINT-BRUNO, QC.","mun":"Saint-Bruno"},"geometry":{"type":"MultiPolygon","coordinates":[[[[-71.643806,48.466323],[-71.643887,48.466115],[-71.643905,48.466115],[-71.643806,48.466323]]]]}},{"type":"Feature","properties":{"owner1":"BOUCHARD DONALD","owner2":"COTE ANNIE","matricule":"2070-23-1439","street":"NORMANDIE","civicLow":"0","civicHigh":"0","valueLand":"500","valueBuilding":"0","valueTotal":"500","mailAddr":"ADRESSE INCONNUE","mailCity":"SAINT-BRUNO, QC.","mun":"Saint-Bruno"},"geometry":{"type":"MultiPolygon","coordinates":[[[[-71.643887,48.466115],[-71.643986,48.465906],[-71.643905,48.466115],[-71.643887,48.466115]]]]}},{"type":"Feature","properties":{"owner1":"GAGNE NICOL","owner2":"LAVOIE ANDREE","matricule":"1971-72-3644","street":"CEDRES","civicLow":"160","civicHigh":"0","valueLand":"36300","valueBuilding":"167400","valueTotal":"203700","mailAddr":"160 RUE DES CEDRES","mailCity":"SAINT-BRUNO, QC.","mun":"Saint-Bruno"},"geometry":{"type":"MultiPolygon","coordinates":[[[[-71.650795,48.473976],[-71.650687,48.474244],[-71.650382,48.474185],[-71.650489,48.473923],[-71.650795,48.473976]]]]}},{"type":"Feature","properties":{"owner1":"NERON PIERRE","owner2":"DESBIENS JOHANNE","matricule":"1971-72-5938","street":"CEDRES","civicLow":"170","civicHigh":"0","valueLand":"36300","valueBuilding":"172400","valueTotal":"208700","mailAddr":"170 RUE DES CEDRES","mailCity":"SAINT-BRUNO, QC.","mun":"Saint-Bruno"},"geometry":{"type":"MultiPolygon","coordinates":[[[[-71.650489,48.473923],[-71.650382,48.474185],[-71.650067,48.474131],[-71.650175,48.473869],[-71.650489,48.473923]]]]}},{"type":"Feature","properties":{"owner1":"JEAN DOMINIC","owner2":"BELANGER JULIE","matricule":"1971-72-8531","street":"CEDRES","civicLow":"190","civicHigh":"0","valueLand":"41100","valueBuilding":"172900","valueTotal":"214000","mailAddr":"190 RUE DES CEDRES","mailCity":"SAINT-BRUNO, QC.","mun":"Saint-Bruno"},"geometry":{"type":"MultiPolygon","coordinates":[[[[-71.650175,48.473869],[-71.650067,48.474131],[-71.649672,48.47406],[-71.64978,48.473798],[-71.650175,48.473869]]]]}},{"type":"Feature","properties":{"owner1":"LAROUCHE SANDRA","owner2":null,"matricule":"1971-80-5155","street":"ROSIERS","civicLow":"660","civicHigh":"662","valueLand":"32200","valueBuilding":"182500","valueTotal":"214700","mailAddr":"72 RUE SAINTE-THERESE EST","mailCity":"ALMA, QC.","mun":"Saint-Bruno"},"geometry":{"type":"MultiPolygon","coordinates":[[[[-71.649232,48.472339],[-71.649151,48.472517],[-71.648756,48.472446],[-71.648828,48.472267],[-71.649232,48.472339]]]]}},{"type":"Feature","properties":{"owner1":"BOUCHARD DENIS","owner2":null,"matricule":"2567-69-2807","street":"Adresse non codifiée","civicLow":"0","civicHigh":"0","valueLand":"15500","valueBuilding":"25300","valueTotal":"40800","mailAddr":"468 SEPTIEME RANG SUD","mailCity":"SAINT-BRUNO, QC.","mun":"Saint-Bruno"},"geometry":{"type":"MultiPolygon","coordinates":[[[[-71.572345,48.444125],[-71.574519,48.444488],[-71.573872,48.446061],[-71.572363,48.445108],[-71.572219,48.44487],[-71.572345,48.444125]]],[[[-71.566344,48.445263],[-71.56612,48.442945],[-71.57212,48.444053],[-71.571842,48.444661],[-71.572049,48.445144],[-71.572893,48.445686],[-71.572965,48.445936],[-71.573764,48.446306],[-71.573657,48.446568],[-71.566344,48.445263]]]]}},{"type":"Feature","properties":{"owner1":"FORTIN NICOLAS","owner2":null,"matricule":"1970-25-0388","street":"PRES","civicLow":"353","civicHigh":"0","valueLand":"20100","valueBuilding":"146300","valueTotal":"166400","mailAddr":"353 RUE DES PRES","mailCity":"SAINT-BRUNO, QC.","mun":"Saint-Bruno"},"geometry":{"type":"MultiPolygon","coordinates":[[[[-71.657883,48.46808],[-71.657784,48.468187],[-71.657442,48.468128],[-71.657487,48.468009],[-71.657883,48.46808]]]]}},{"type":"Feature","properties":{"owner1":"DUFOUR ALAIN","owner2":"DUFOUR ALFRED","matricule":"2266-98-1738","street":"HUITIEME RANG SUD","civicLow":"151","civicHigh":"0","valueLand":"163300","valueBuilding":"9700","valueTotal":"173000","mailAddr":"151 HUITIEME RANG SUD","mailCity":"SAINT-BRUNO, QC.","mun":"Saint-Bruno"},"geometry":{"type":"MultiPolygon","coordinates":[[[[-71.602771,48.440454],[-71.602016,48.440615],[-71.601657,48.440955],[-71.60163,48.441187],[-71.601918,48.441568],[-71.601783,48.441807],[-71.601064,48.441842],[-71.600193,48.441658],[-71.606023,48.42786],[-71.612733,48.429094],[-71.606957,48.442945],[-71.605924,48.442158],[-71.604954,48.440972],[-71.602771,48.440454]]],[[[-71.602771,48.440561],[-71.604855,48.441056],[-71.605771,48.4422],[-71.606301,48.442546],[-71.606652,48.442951],[-71.601765,48.442069],[-71.602079,48.441586],[-71.601801,48.441008],[-71.602097,48.440704],[-71.602771,48.440561]]]]}},{"type":"Feature","properties":{"owner1":"DUFOUR ALAIN","owner2":null,"matricule":"2367-36-1534","street":"HUITIEME RANG SUD","civicLow":"151","civicHigh":"0","valueLand":"20500","valueBuilding":"90600","valueTotal":"111100","mailAddr":"151 HUITIEME RANG SUD","mailCity":"SAINT-BRUNO, QC.","mun":"Saint-Bruno"},"geometry":{"type":"MultiPolygon","coordinates":[[[[-71.601765,48.442069],[-71.601756,48.442248],[-71.601181,48.44223],[-71.601199,48.441956],[-71.601774,48.441926],[-71.601765,48.442069]]]]}},{"type":"Feature","properties":{"owner1":"FERME JM.M.S.D. S.E.N.C.","owner2":null,"matricule":"2172-27-8220","street":"Adresse non codifiée","civicLow":"0","civicHigh":"0","valueLand":"84100","valueBuilding":"0","valueTotal":"84100","mailAddr":"980 SIXIEME RANG NORD","mailCity":"SAINT-BRUNO, QC.","mun":"Saint-Bruno"},"geometry":{"type":"MultiPolygon","coordinates":[[[[-71.633871,48.487863],[-71.633844,48.488714],[-71.634086,48.489548],[-71.625831,48.487982],[-71.626603,48.485749],[-71.634032,48.487071],[-71.633871,48.487863]]]]}},{"type":"Feature","properties":{"owner1":"FERME MUNSERAY INC.","owner2":null,"matricule":"2572-90-3690","street":"Adresse non codifiée","civicLow":"0","civicHigh":"0","valueLand":"12600","valueBuilding":"0","valueTotal":"12600","mailAddr":"630 SEPTIEME RANG NORD","mailCity":"SAINT-BRUNO, QC.","mun":"Saint-Bruno"},"geometry":{"type":"MultiPolygon","coordinates":[[[[-71.56355,48.484183],[-71.565437,48.482051],[-71.562212,48.481474],[-71.562697,48.480331],[-71.569884,48.481611],[-71.570018,48.482516],[-71.569884,48.482843],[-71.569767,48.482826],[-71.569515,48.483087],[-71.569012,48.483153],[-71.568132,48.483641],[-71.566713,48.483885],[-71.565904,48.484135],[-71.565563,48.48454],[-71.56355,48.484183]]]]}},{"type":"Feature","properties":{"owner1":"HAMEL DENISE","owner2":null,"matricule":"2572-62-3741","street":"Adresse non codifiée","civicLow":"0","civicHigh":"0","valueLand":"31300","valueBuilding":"0","valueTotal":"31300","mailAddr":"1394 HUITIEME RANG NORD","mailCity":"SAINT-BRUNO, QC.","mun":"Saint-Bruno"},"geometry":{"type":"MultiPolygon","coordinates":[[[[-71.569731,48.482915],[-71.569884,48.482843],[-71.570018,48.482516],[-71.569884,48.481611],[-71.574627,48.482456],[-71.573773,48.483189],[-71.572704,48.485112],[-71.572408,48.485433],[-71.571896,48.485672],[-71.565563,48.48454],[-71.565904,48.484135],[-71.566713,48.483885],[-71.568132,48.483641],[-71.569012,48.483153],[-71.569515,48.483087],[-71.569731,48.482915]]],[[[-71.574788,48.482486],[-71.576657,48.48282],[-71.577043,48.483058],[-71.577097,48.483308],[-71.576873,48.484534],[-71.576513,48.484921],[-71.575229,48.485725],[-71.574806,48.48619],[-71.572102,48.485707],[-71.572543,48.485493],[-71.572848,48.48516],[-71.573917,48.483236],[-71.574788,48.482486]]]]}},{"type":"Feature","properties":{"owner1":"LACROIX PIERRE","owner2":"BOUCHARD MARIE-LINE","matricule":"2070-09-8403","street":"BEAUMONT","civicLow":"610","civicHigh":"0","valueLand":"43400","valueBuilding":"305900","valueTotal":"349300","mailAddr":"610 PLATEAU BEAUMONT","mailCity":"SAINT-BRUNO, QC.","mun":"Saint-Bruno"},"geometry":{"type":"MultiPolygon","coordinates":[[[[-71.645486,48.471153],[-71.64554,48.470969],[-71.646124,48.470963],[-71.646106,48.471165],[-71.645486,48.471153]]]]}},{"type":"Feature","properties":{"owner1":"GAGNON JEAN-PIERRE","owner2":null,"matricule":"2070-02-9988","street":"NORMANDIE","civicLow":"440","civicHigh":"0","valueLand":"35900","valueBuilding":"160100","valueTotal":"196000","mailAddr":"440 RUE NORMANDIE","mailCity":"SAINT-BRUNO, QC.","mun":"Saint-Bruno"},"geometry":{"type":"MultiPolygon","coordinates":[[[[-71.645692,48.465436],[-71.645594,48.465692],[-71.64527,48.465632],[-71.645378,48.465382],[-71.645692,48.465436]]]]}},{"type":"Feature","properties":{"owner1":"MUNICIPALITE DE SAINT-BRUNO","owner2":null,"matricule":"1971-77-5758","street":"ST-ALPHONSE","civicLow":"965","civicHigh":"0","valueLand":"38000","valueBuilding":"146300","valueTotal":"184300","mailAddr":"563 AVENUE ST-ALPHONSE","mailCity":"SAINT-BRUNO, QC.","mun":"Saint-Bruno"},"geometry":{"type":"MultiPolygon","coordinates":[[[[-71.650157,48.478782],[-71.650247,48.478556],[-71.650642,48.478627],[-71.650552,48.478854],[-71.650157,48.478782]]]]}},{"type":"Feature","properties":{"owner1":"MUNGER MICHEL","owner2":"BOUCHARD MADELEINE","matricule":"1971-61-7351","street":"ETUDIANTS","civicLow":"685","civicHigh":"0","valueLand":"39300","valueBuilding":"141700","valueTotal":"181000","mailAddr":"250 RUE ST-BERNARD OUEST","mailCity":"ALMA, QC.","mun":"Saint-Bruno"},"geometry":{"type":"MultiPolygon","coordinates":[[[[-71.651675,48.473161],[-71.651585,48.473381],[-71.651154,48.473303],[-71.651235,48.473083],[-71.651675,48.473161]]]]}},{"type":"Feature","properties":{"owner1":"FERME MARIEMAX SENC","owner2":null,"matricule":"2074-14-8042","street":"ST-ALPHONSE","civicLow":"0","civicHigh":"0","valueLand":"56600","valueBuilding":"0","valueTotal":"56600","mailAddr":"998 AVENUE SAINT-ALPHONSE","mailCity":"SAINT-BRUNO, QC.","mun":"Saint-Bruno"},"geometry":{"type":"MultiPolygon","coordinates":[[[[-71.641937,48.500007],[-71.64209,48.499608],[-71.644866,48.500096],[-71.651163,48.506042],[-71.640321,48.504132],[-71.641937,48.500007]]],[[[-71.651783,48.50615],[-71.650319,48.504775],[-71.652753,48.505174],[-71.652978,48.506364],[-71.651783,48.50615]]]]}},{"type":"Feature","properties":{"owner1":"BOUDREAULT LANGIS","owner2":"DUCHESNE LINDA","matricule":"1970-89-7263","street":"ROSIERS","civicLow":"615","civicHigh":"0","valueLand":"32200","valueBuilding":"151700","valueTotal":"183900","mailAddr":"615 AVENUE DES ROSIERS","mailCity":"SAINT-BRUNO, QC.","mun":"Saint-Bruno"},"geometry":{"type":"MultiPolygon","coordinates":[[[[-71.648917,48.471511],[-71.648846,48.471695],[-71.64845,48.471624],[-71.648522,48.471445],[-71.648917,48.471511]]]]}},{"type":"Feature","properties":{"owner1":"2738-7554 QUEBEC INC","owner2":null,"matricule":"1871-73-5115","street":"169","civicLow":"0","civicHigh":"0","valueLand":"250000","valueBuilding":"0","valueTotal":"250000","mailAddr":"1004 ROUTE ST-ALPHONSE NORD","mailCity":"SAINT-BRUNO, QC.","mun":"Saint-Bruno"},"geometry":{"type":"MultiPolygon","coordinates":[[[[-71.654011,48.474119],[-71.653265,48.473988],[-71.653544,48.473988],[-71.65393,48.473083],[-71.654667,48.473208],[-71.654855,48.47272],[-71.654155,48.472601],[-71.654199,48.472505],[-71.656589,48.472928],[-71.657083,48.471719],[-71.673944,48.474828],[-71.67266,48.477806],[-71.662123,48.475852],[-71.662221,48.47562],[-71.654011,48.474119]]]]}},{"type":"Feature","properties":{"owner1":"TREMBLAY VIVIANE","owner2":null,"matricule":"1974-66-5516","street":"ST-ALPHONSE NORD","civicLow":"1972","civicHigh":"0","valueLand":"30000","valueBuilding":"96800","valueTotal":"126800","mailAddr":"1972 ROUTE ST-ALPHONSE NORD","mailCity":"SAINT-BRUNO, QC.","mun":"Saint-Bruno"},"geometry":{"type":"MultiPolygon","coordinates":[[[[-71.652672,48.504316],[-71.65269,48.504513],[-71.65207,48.504537],[-71.652053,48.504263],[-71.652663,48.504239],[-71.652672,48.504316]]]]}},{"type":"Feature","properties":{"owner1":"TREMBLAY VIVIANE","owner2":null,"matricule":"1974-65-5684","street":"ST-ALPHONSE NORD","civicLow":"1970","civicHigh":"0","valueLand":"33500","valueBuilding":"93000","valueTotal":"126500","mailAddr":"1972 ROUTE ST-ALPHONSE NORD","mailCity":"SAINT-BRUNO, QC.","mun":"Saint-Bruno"},"geometry":{"type":"MultiPolygon","coordinates":[[[[-71.652017,48.503959],[-71.652636,48.503936],[-71.652663,48.504239],[-71.652053,48.504263],[-71.652017,48.503959]]]]}},{"type":"Feature","properties":{"owner1":"PAGEAU JOEL","owner2":"LAROUCHE CLAUDIA","matricule":"1971-20-9169","street":"FABRIQUE","civicLow":"940","civicHigh":"0","valueLand":"31000","valueBuilding":"203900","valueTotal":"234900","mailAddr":"940 AVENUE DE LA FABRIQUE","mailCity":"SAINT-BRUNO, QC.","mun":"Saint-Bruno"},"geometry":{"type":"MultiPolygon","coordinates":[[[[-71.656814,48.472386],[-71.656742,48.472559],[-71.656337,48.472488],[-71.656409,48.472315],[-71.656814,48.472386]]]]}},{"type":"Feature","properties":{"owner1":"BEAUPRE GUILLAUME","owner2":"BOIVIN KIM","matricule":"1971-20-9689","street":"FABRIQUE","civicLow":"950","civicHigh":"0","valueLand":"32500","valueBuilding":"218000","valueTotal":"250500","mailAddr":"950 AVENUE DE LA FABRIQUE","mailCity":"SAINT-BRUNO, QC.","mun":"Saint-Bruno"},"geometry":{"type":"MultiPolygon","coordinates":[[[[-71.656742,48.472559],[-71.65667,48.472744],[-71.656266,48.472666],[-71.656337,48.472488],[-71.656742,48.472559]]]]}},{"type":"Feature","properties":{"owner1":"GIRARD DANY","owner2":null,"matricule":"1971-31-0209","street":"FABRIQUE","civicLow":"960","civicHigh":"0","valueLand":"34300","valueBuilding":"252300","valueTotal":"286600","mailAddr":"960 AVENUE DE LA FABRIQUE","mailCity":"SAINT-BRUNO, QC.","mun":"Saint-Bruno"},"geometry":{"type":"MultiPolygon","coordinates":[[[[-71.65667,48.472744],[-71.656589,48.472928],[-71.656185,48.472857],[-71.656266,48.472666],[-71.65667,48.472744]]]]}},{"type":"Feature","properties":{"owner1":"TREMBLAY MARTIN","owner2":"LAVOIE JOSEE","matricule":"1971-30-3259","street":"L'EGLISE","civicLow":"151","civicHigh":"0","valueLand":"36500","valueBuilding":"165200","valueTotal":"201700","mailAddr":"151 RUE DE L'EGLISE","mailCity":"SAINT-BRUNO, QC.","mun":"Saint-Bruno"},"geometry":{"type":"MultiPolygon","coordinates":[[[[-71.656203,48.472303],[-71.656122,48.472511],[-71.65579,48.472476],[-71.655915,48.47219],[-71.656203,48.472303]]]]}},{"type":"Feature","properties":{"owner1":"LAVOIE YANN","owner2":"GAGNON LAURIE","matricule":"1970-89-2875","street":"ROSIERS","civicLow":"620","civicHigh":"0","valueLand":"32200","valueBuilding":"175600","valueTotal":"207800","mailAddr":"620 AVENUE DES ROSIERS","mailCity":"SAINT-BRUNO, QC.","mun":"Saint-Bruno"},"geometry":{"type":"MultiPolygon","coordinates":[[[[-71.649519,48.471618],[-71.649447,48.471797],[-71.649052,48.471725],[-71.649124,48.471547],[-71.649519,48.471618]]]]}},{"type":"Feature","properties":{"owner1":"LACHANCE JEAN-DENIS","owner2":"TREMBLAY JOHANIE","matricule":"1970-79-9884","street":"LILAS","civicLow":"615","civicHigh":"0","valueLand":"34800","valueBuilding":"151700","valueTotal":"186500","mailAddr":"615 AVENUE DES LILAS","mailCity":"SAINT-BRUNO, QC.","mun":"Saint-Bruno"},"geometry":{"type":"MultiPolygon","coordinates":[[[[-71.64995,48.471695],[-71.649879,48.471874],[-71.649447,48.471797],[-71.649519,48.471618],[-71.64995,48.471695]]]]}},{"type":"Feature","properties":{"owner1":"VILLENEUVE ERIC","owner2":null,"matricule":"1971-62-1581","street":"ST-ALPHONSE","civicLow":"761","civicHigh":"763","valueLand":"23400","valueBuilding":"103700","valueTotal":"127100","mailAddr":"761 AVENUE ST-ALPHONSE","mailCity":"SAINT-BRUNO, QC.","mun":"Saint-Bruno"},"geometry":{"type":"MultiPolygon","coordinates":[[[[-71.652457,48.474364],[-71.652403,48.474495],[-71.652017,48.474423],[-71.65207,48.474292],[-71.652457,48.474364]]]]}},{"type":"Feature","properties":{"owner1":"GAGNON FRANCOIS","owner2":"ROBICHAUD KARINE","matricule":"1971-62-2298","street":"ST-ALPHONSE","civicLow":"767","civicHigh":"769","valueLand":"36500","valueBuilding":"94800","valueTotal":"131300","mailAddr":"767 AVENUE ST-ALPHONSE","mailCity":"SAINT-BRUNO, QC.","mun":"Saint-Bruno"},"geometry":{"type":"MultiPolygon","coordinates":[[[[-71.652394,48.474518],[-71.65234,48.474673],[-71.651819,48.474584],[-71.652017,48.474423],[-71.652394,48.474518]]]]}},{"type":"Feature","properties":{"owner1":"LESSARD GAETAN","owner2":"GIRARD ROSIANE","matricule":"1670-96-9369","street":"QUATRIEME RANG OUEST","civicLow":"650","civicHigh":"0","valueLand":"34800","valueBuilding":"94400","valueTotal":"129200","mailAddr":"650 QUATRIEME RANG OUEST","mailCity":"SAINT-BRUNO, QC.","mun":"Saint-Bruno"},"geometry":{"type":"MultiPolygon","coordinates":[[[[-71.688093,48.468449],[-71.687958,48.468789],[-71.687015,48.468598],[-71.68715,48.468277],[-71.688093,48.468449]]]]}},{"type":"Feature","properties":{"owner1":"GROUPE LACNOR S.E.N.C","owner2":null,"matricule":"1972-37-7430","street":"ST-ALPHONSE NORD","civicLow":"0","civicHigh":"0","valueLand":"156700","valueBuilding":"0","valueTotal":"156700","mailAddr":"1050 CINQUIEME RANG OUEST","mailCity":"SAINT-BRUNO, QC.","mun":"Saint-Bruno"},"geometry":{"type":"MultiPolygon","coordinates":[[[[-71.647534,48.487107],[-71.647687,48.486737],[-71.647884,48.486767],[-71.647983,48.486529],[-71.648253,48.486535],[-71.648289,48.486458],[-71.648567,48.486511],[-71.648899,48.486213],[-71.648908,48.486094],[-71.647929,48.485826],[-71.648333,48.484844],[-71.663641,48.487589],[-71.662671,48.489839],[-71.647534,48.487107]]]]}},{"type":"Feature","properties":{"owner1":"9299-8053 QUEBEC INC","owner2":null,"matricule":"1872-69-6738","street":"CINQUIEME RANG OUEST","civicLow":"380","civicHigh":"0","valueLand":"81100","valueBuilding":"153900","valueTotal":"235000","mailAddr":"380 5E RANG OUEST","mailCity":"SAINT-BRUNO, QC.","mun":"Saint-Bruno"},"geometry":{"type":"MultiPolygon","coordinates":[[[[-71.668096,48.488399],[-71.667135,48.490643],[-71.662671,48.489839],[-71.663641,48.487589],[-71.665132,48.487851],[-71.665096,48.487946],[-71.665887,48.488095],[-71.665931,48.488],[-71.668096,48.488399]]]]}},{"type":"Feature","properties":{"owner1":"GIRARD MAXIME","owner2":null,"matricule":"2372-10-4728","street":"SEPTIEME RANG NORD","civicLow":"1050","civicHigh":"0","valueLand":"24100","valueBuilding":"90900","valueTotal":"115000","mailAddr":"1050 7IEME RANG NORD","mailCity":"SAINT-BRUNO, QC","mun":"Saint-Bruno"},"geometry":{"type":"MultiPolygon","coordinates":[[[[-71.604792,48.481944],[-71.60428,48.482307],[-71.603454,48.482361],[-71.604595,48.480902],[-71.605421,48.480926],[-71.605277,48.481533],[-71.604792,48.481944]]]]}},{"type":"Feature","properties":{"owner1":"LACHANCE SERGE","owner2":null,"matricule":"2368-87-9683","street":"HUITIEME RANG SUD","civicLow":"393","civicHigh":"0","valueLand":"15800","valueBuilding":"79400","valueTotal":"95200","mailAddr":"393 HUITIEME RANG SUD","mailCity":"SAINT-BRUNO, QC.","mun":"Saint-Bruno"},"geometry":{"type":"MultiPolygon","coordinates":[[[[-71.593923,48.452562],[-71.59386,48.452741],[-71.593617,48.452735],[-71.59377,48.452312],[-71.59412,48.452365],[-71.594048,48.452586],[-71.593923,48.452562]]]]}},{"type":"Feature","properties":{"owner1":"TREMBLAY ALEX","owner2":null,"matricule":"1971-81-4083","street":"FORTIN","civicLow":"225","civicHigh":"0","valueLand":"31500","valueBuilding":"156900","valueTotal":"188400","mailAddr":"225 RUE FORTIN","mailCity":"SAINT-BRUNO, QC.","mun":"Saint-Bruno"},"geometry":{"type":"MultiPolygon","coordinates":[[[[-71.649358,48.473434],[-71.64925,48.473702],[-71.64898,48.473655],[-71.649088,48.473393],[-71.649358,48.473434]]]]}},{"type":"Feature","properties":{"owner1":"MUNICIPALITE DE SAINT-BRUNO","owner2":null,"matricule":"1970-38-7212","street":"POTVIN","civicLow":"0","civicHigh":"0","valueLand":"1800","valueBuilding":"0","valueTotal":"1800","mailAddr":"563 RUE ST-ALPHONSE","mailCity":"SAINT-BRUNO, QC.","mun":"Saint-Bruno"},"geometry":{"type":"MultiPolygon","coordinates":[[[[-71.655134,48.470272],[-71.655259,48.469938],[-71.655655,48.47001],[-71.655718,48.470379],[-71.655134,48.470272]]]]}},{"type":"Feature","properties":{"owner1":"MUNICIPALITE DE SAINT-BRUNO","owner2":null,"matricule":"1970-38-6750","street":"POTVIN","civicLow":"0","civicHigh":"0","valueLand":"5300","valueBuilding":"0","valueTotal":"5300","mailAddr":"563 RUE SAINT-ALPHONSE","mailCity":"SAINT-BRUNO, QC.","mun":"Saint-Bruno"},"geometry":{"type":"MultiPolygon","coordinates":[[[[-71.655718,48.470385],[-71.655825,48.470695],[-71.655206,48.470582],[-71.655313,48.470308],[-71.655718,48.470385]]]]}},{"type":"Feature","properties":{"owner1":"2964-6767 QUEBEC INC","owner2":null,"matricule":"1770-54-4651","street":"QUATRIEME RANG OUEST","civicLow":"420","civicHigh":"0","valueLand":"37300","valueBuilding":"122200","valueTotal":"159500","mailAddr":"1663 BOULEVARD SAINT-PAUL","mailCity":"CHICOUTIMI, QC","mun":"Saint-Bruno"},"geometry":{"type":"MultiPolygon","coordinates":[[[[-71.681652,48.466913],[-71.681517,48.46724],[-71.678849,48.466704],[-71.678616,48.466514],[-71.678723,48.466109],[-71.679343,48.466144],[-71.681652,48.466913]]]]}},{"type":"Feature","properties":{"owner1":"FORTIN JEAN-FRANCOIS","owner2":null,"matricule":"2173-19-2761","street":"SIXIEME RANG OUEST","civicLow":"1957","civicHigh":"0","valueLand":"57800","valueBuilding":"7400","valueTotal":"65200","mailAddr":"550 RUE DE BORDEAUX","mailCity":"ALMA, QC.","mun":"Saint-Bruno"},"geometry":{"type":"MultiPolygon","coordinates":[[[[-71.622094,48.496852],[-71.622148,48.496721],[-71.623046,48.496822],[-71.623181,48.496537],[-71.623612,48.496608],[-71.623765,48.496233],[-71.624097,48.496293],[-71.623926,48.496703],[-71.641937,48.500007],[-71.641668,48.500704],[-71.623262,48.497352],[-71.623369,48.497078],[-71.622094,48.496852]]]]}},{"type":"Feature","properties":{"owner1":"DEMERS MATHIEU","owner2":"DUBOIS-MARTEL JESSICA","matricule":"1971-93-8216","street":"ERABLES","civicLow":"780","civicHigh":"0","valueLand":"41500","valueBuilding":"232500","valueTotal":"274000","mailAddr":"780 AVENUE DES ERABLES","mailCity":"SAINT-BRUNO, QC.","mun":"Saint-Bruno"},"geometry":{"type":"MultiPolygon","coordinates":[[[[-71.647031,48.474816],[-71.647121,48.474584],[-71.647561,48.474733],[-71.647498,48.474935],[-71.647031,48.474816]]]]}},{"type":"Feature","properties":{"owner1":"TURCOTTE CHRISTIAN","owner2":null,"matricule":"1570-81-0828","street":"Adresse non codifiée","civicLow":"0","civicHigh":"0","valueLand":"190200","valueBuilding":"0","valueTotal":"190200","mailAddr":"900 TROISIEME RANG OUEST","mailCity":"SAINT-BRUNO, QC.","mun":"Saint-Bruno"},"geometry":{"type":"MultiPolygon","coordinates":[[[[-71.698774,48.470123],[-71.704864,48.456047],[-71.706347,48.456321],[-71.706221,48.456607],[-71.70702,48.45675],[-71.706877,48.457054],[-71.707443,48.457155],[-71.707712,48.456566],[-71.708233,48.456661],[-71.702205,48.470748],[-71.698774,48.470123]]]]}},{"type":"Feature","properties":{"owner1":"TURCOTTE CHRISTIAN","owner2":null,"matricule":"1570-90-9669","street":"TROISIEME RANG OUEST","civicLow":"900","civicHigh":"0","valueLand":"103700","valueBuilding":"476300","valueTotal":"580000","mailAddr":"900 TROISIEME RANG OUEST","mailCity":"SAINT-BRUNO, QC.","mun":"Saint-Bruno"},"geometry":{"type":"MultiPolygon","coordinates":[[[[-71.704209,48.4565],[-71.704433,48.456536],[-71.704649,48.456012],[-71.704864,48.456047],[-71.698774,48.470123],[-71.697049,48.469807],[-71.703131,48.455732],[-71.704101,48.45591],[-71.703885,48.456441],[-71.704209,48.4565]]]]}},{"type":"Feature","properties":{"owner1":"TREMBLAY DANIEL","owner2":null,"matricule":"2371-08-9772","street":"SEPTIEME RANG NORD","civicLow":"1000","civicHigh":"0","valueLand":"35000","valueBuilding":"102900","valueTotal":"137900","mailAddr":"1000 SEPTIEME RANG NORD","mailCity":"SAINT-BRUNO, QC.","mun":"Saint-Bruno"},"geometry":{"type":"MultiPolygon","coordinates":[[[[-71.604882,48.480217],[-71.605053,48.479628],[-71.605717,48.479848],[-71.605466,48.480616],[-71.604936,48.480694],[-71.604882,48.480217]]]]}},{"type":"Feature","properties":{"owner1":"FERME R.C.A. THIVIERGE S.E.N.C.","owner2":null,"matricule":"2472-16-1949","street":"SEPTIEME RANG NORD","civicLow":"1150","civicHigh":"0","valueLand":"618100","valueBuilding":"176900","valueTotal":"795000","mailAddr":"1140 SEPTIEME RANG NORD","mailCity":"SAINT-BRUNO, QC.","mun":"Saint-Bruno"},"geometry":{"type":"MultiPolygon","coordinates":[[[[-71.60596,48.481867],[-71.606032,48.48139],[-71.605538,48.481301],[-71.605619,48.480861],[-71.606984,48.481099],[-71.607514,48.481676],[-71.606993,48.48173],[-71.606759,48.481897],[-71.606804,48.482099],[-71.607155,48.482385],[-71.607766,48.48248],[-71.607676,48.482826],[-71.60702,48.483415],[-71.606211,48.483105],[-71.605664,48.482564],[-71.605538,48.482296],[-71.606086,48.481885],[-71.60596,48.481867]]],[[[-71.602681,48.486202],[-71.603229,48.486297],[-71.603678,48.487244],[-71.605107,48.488702],[-71.604226,48.488768],[-71.604172,48.48903],[-71.602708,48.488756],[-71.602681,48.486202]]],[[[-71.577331,48.493632],[-71.583664,48.477901],[-71.597857,48.480479],[-71.598172,48.480205],[-71.599618,48.480265],[-71.603795,48.480837],[-71.605466,48.480616],[-71.605421,48.480926],[-71.604595,48.480902],[-71.603454,48.482361],[-71.60428,48.482307],[-71.602852,48.48379],[-71.602474,48.486529],[-71.601711,48.486517],[-71.601693,48.486761],[-71.602448,48.486773],[-71.602546,48.488726],[-71.602277,48.488678],[-71.601971,48.48944],[-71.60092,48.490173],[-71.600417,48.490667],[-71.592476,48.489196],[-71.591569,48.490107],[-71.593554,48.490476],[-71.592467,48.491304],[-71.598432,48.492405],[-71.597956,48.492852],[-71.596959,48.492667],[-71.596204,48.493138],[-71.597201,48.493322],[-71.596833,48.493733],[-71.596132,48.495632],[-71.596052,48.496805],[-71.59571,48.496852],[-71.595791,48.497132],[-71.577331,48.493632]]],[[[-71.596061,48.49718],[-71.596141,48.497168],[-71.59615,48.497197],[-71.596061,48.49718]]],[[[-71.600184,48.491161],[-71.600992,48.49028],[-71.602043,48.489542],[-71.603588,48.49022],[-71.604073,48.490155],[-71.604379,48.490304],[-71.605574,48.490274],[-71.605825,48.4905],[-71.606831,48.490774],[-71.607074,48.490947],[-71.607182,48.491268],[-71.607918,48.491667],[-71.60808,48.492173],[-71.60137,48.490947],[-71.598594,48.497662],[-71.596411,48.497245],[-71.596177,48.496626],[-71.596213,48.495882],[-71.597147,48.493536],[-71.598064,48.492923],[-71.600184,48.491161]]]]}},{"type":"Feature","properties":{"owner1":"DEVIN CAROLE","owner2":null,"matricule":"2070-23-6183","street":"DALLAIRE","civicLow":"500","civicHigh":"0","valueLand":"15200","valueBuilding":"156400","valueTotal":"171600","mailAddr":"150 CHEMIN DES SABLES","mailCity":"HBERTVILLE, QC.","mun":"Saint-Bruno"},"geometry":{"type":"MultiPolygon","coordinates":[[[[-71.643662,48.466192],[-71.643447,48.466716],[-71.642971,48.466633],[-71.643186,48.466103],[-71.643662,48.466192]]]]}},{"type":"Feature","properties":{"owner1":"PEARSON (SUCCESSION) TOUSSAINT","owner2":null,"matricule":"1971-53-7559","street":"ST-ALPHONSE","civicLow":"790","civicHigh":"0","valueLand":"46700","valueBuilding":"97000","valueTotal":"143700","mailAddr":"790 AVENUE ST-ALPHONSE","mailCity":"SAINT-BRUNO, QC.","mun":"Saint-Bruno"},"geometry":{"type":"MultiPolygon","coordinates":[[[[-71.653175,48.475168],[-71.653139,48.475245],[-71.65234,48.475096],[-71.652394,48.474953],[-71.652789,48.474983],[-71.65322,48.475054],[-71.653175,48.475168]]]]}},{"type":"Feature","properties":{"owner1":"BOUDREAULT DENIS","owner2":"MARTEL GUYLAINE","matricule":"1971-53-8278","street":"ST-ALPHONSE","civicLow":"794","civicHigh":"0","valueLand":"48900","valueBuilding":"82200","valueTotal":"131100","mailAddr":"794 AVENUE ST-ALPHONSE","mailCity":"SAINT-BRUNO, QC.","mun":"Saint-Bruno"},"geometry":{"type":"MultiPolygon","coordinates":[[[[-71.653139,48.475245],[-71.653014,48.475418],[-71.652259,48.475281],[-71.65234,48.475096],[-71.653139,48.475245]]]]}},{"type":"Feature","properties":{"owner1":"PONDOIR B.J. INC.","owner2":null,"matricule":"1971-44-1071","street":"LAROUCHE","civicLow":"0","civicHigh":"0","valueLand":"2700","valueBuilding":"0","valueTotal":"2700","mailAddr":"1861 ROUTE ST-ALPHONSE NORD","mailCity":"SAINT-BRUNO, QC.","mun":"Saint-Bruno"},"geometry":{"type":"MultiPolygon","coordinates":[[[[-71.653903,48.476019],[-71.65402,48.475745],[-71.655969,48.476144],[-71.655879,48.476376],[-71.653903,48.476019]]]]}},{"type":"Feature","properties":{"owner1":"PONDOIR B.J. INC.","owner2":null,"matricule":"1971-34-7632","street":"LAROUCHE","civicLow":"0","civicHigh":"0","valueLand":"2600","valueBuilding":"0","valueTotal":"2600","mailAddr":"1861 ROUTE ST-ALPHONSE NORD","mailCity":"SAINT-BRUNO, QC.","mun":"Saint-Bruno"},"geometry":{"type":"MultiPolygon","coordinates":[[[[-71.654074,48.475614],[-71.654182,48.475346],[-71.655197,48.475531],[-71.655035,48.475781],[-71.654074,48.475614]]],[[[-71.655313,48.475781],[-71.655394,48.475567],[-71.656409,48.475751],[-71.656302,48.476013],[-71.655313,48.475781]]]]}},{"type":"Feature","properties":{"owner1":"LACHANCE GASTON","owner2":null,"matricule":"2469-00-0235","street":"HUITIEME RANG SUD","civicLow":"454","civicHigh":"0","valueLand":"15100","valueBuilding":"77000","valueTotal":"92100","mailAddr":"61 CRT GLADECREST","mailCity":"OTTAWA, ON","mun":"Saint-Bruno"},"geometry":{"type":"MultiPolygon","coordinates":[[[[-71.592189,48.45488],[-71.592288,48.454617],[-71.592737,48.454665],[-71.592638,48.454933],[-71.592189,48.45488]]]]}},{"type":"Feature","properties":{"owner1":"DUFOUR SERGE","owner2":"DUFOUR YVES","matricule":"2367-56-1017","street":"Adresse non codifiée","civicLow":"0","civicHigh":"0","valueLand":"10300","valueBuilding":"2500","valueTotal":"12800","mailAddr":"472 RUE DE DEAUVILLE","mailCity":"ALMA, QC.","mun":"Saint-Bruno"},"geometry":{"type":"MultiPolygon","coordinates":[[[[-71.599833,48.441676],[-71.600947,48.441854],[-71.60031,48.441991],[-71.598773,48.442558],[-71.597758,48.442617],[-71.597812,48.442522],[-71.597462,48.442403],[-71.597857,48.44136],[-71.599169,48.441461],[-71.599833,48.441676]]]]}},{"type":"Feature","properties":{"owner1":"TREMBLAY SOPHIE","owner2":"DESMEULES SIMON","matricule":"2070-03-5202","street":"NORMANDIE","civicLow":"420","civicHigh":"0","valueLand":"35900","valueBuilding":"149300","valueTotal":"185200","mailAddr":"420 RUE NORMANDIE","mailCity":"SAINT-BRUNO, QC.","mun":"Saint-Bruno"},"geometry":{"type":"MultiPolygon","coordinates":[[[[-71.64633,48.465555],[-71.646231,48.465805],[-71.645908,48.465745],[-71.646016,48.465495],[-71.64633,48.465555]]]]}},{"type":"Feature","properties":{"owner1":"MARTEL ROBERT","owner2":null,"matricule":"2070-02-7595","street":"NORMANDIE","civicLow":"430","civicHigh":"0","valueLand":"35900","valueBuilding":"112000","valueTotal":"147900","mailAddr":"430 RUE NORMANDIE","mailCity":"SAINT-BRUNO, QC.","mun":"Saint-Bruno"},"geometry":{"type":"MultiPolygon","coordinates":[[[[-71.646016,48.465495],[-71.645908,48.465745],[-71.645594,48.465692],[-71.645692,48.465436],[-71.646016,48.465495]]]]}},{"type":"Feature","properties":{"owner1":"CLAVEAU MICHAEL","owner2":"PAQUETTE JAEL","matricule":"2173-87-3614","street":"SIXIEME RANG NORD","civicLow":"1975","civicHigh":"0","valueLand":"36800","valueBuilding":"0","valueTotal":"36800","mailAddr":"645 RUE DES OEILLETS","mailCity":"SAINT-BRUNO, QC.","mun":"Saint-Bruno"},"geometry":{"type":"MultiPolygon","coordinates":[[[[-71.622318,48.496293],[-71.623082,48.496424],[-71.623199,48.496513],[-71.623046,48.496822],[-71.622148,48.496721],[-71.622318,48.496293]]]]}},{"type":"Feature","properties":{"owner1":"BOUCHARD MARC","owner2":"BARIBEAU MARIE-HELENE","matricule":"2170-13-6486","street":"170","civicLow":"2000","civicHigh":"0","valueLand":"45800","valueBuilding":"102100","valueTotal":"147900","mailAddr":"2000 ROUTE 170","mailCity":"SAINT-BRUNO, QC.","mun":"Saint-Bruno"},"geometry":{"type":"MultiPolygon","coordinates":[[[[-71.631679,48.466377],[-71.63149,48.466907],[-71.630376,48.466728],[-71.630924,48.466192],[-71.631679,48.466377]]]]}},{"type":"Feature","properties":{"owner1":"BERGERON GHISLAIN","owner2":null,"matricule":"2270-50-0018","street":"170","civicLow":"2994","civicHigh":"0","valueLand":"15500","valueBuilding":"101900","valueTotal":"117400","mailAddr":"630 CHEMIN DU LAC-DECHENE","mailCity":"LAROUCHE, QC","mun":"Saint-Bruno"},"geometry":{"type":"MultiPolygon","coordinates":[[[[-71.612697,48.463541],[-71.612823,48.463244],[-71.613218,48.463309],[-71.613093,48.463613],[-71.612697,48.463541]]]]}},{"type":"Feature","properties":{"owner1":"GAUTHIER STEPHANIE","owner2":"GAGNE JEAN-PHILIPPE","matricule":"2069-77-9969","street":"SIXIEME RANG SUD","civicLow":"480","civicHigh":"0","valueLand":"29800","valueBuilding":"157400","valueTotal":"187200","mailAddr":"480 SIXIEME RANG SUD","mailCity":"SAINT-BRUNO, QC","mun":"Saint-Bruno"},"geometry":{"type":"MultiPolygon","coordinates":[[[[-71.636341,48.460861],[-71.636206,48.461182],[-71.635488,48.461057],[-71.635622,48.460736],[-71.636341,48.460861]]]]}},{"type":"Feature","properties":{"owner1":"GAGNE MATHIEU","owner2":"DUCHESNE MARIE-FLEURE","matricule":"1569-73-4518","street":"TROISIEME RANG OUEST","civicLow":"910","civicHigh":"0","valueLand":"16900","valueBuilding":"132900","valueTotal":"149800","mailAddr":"910 TROISIEME RANG OUEST","mailCity":"SAINT-BRUNO, QC.","mun":"Saint-Bruno"},"geometry":{"type":"MultiPolygon","coordinates":[[[[-71.704424,48.45597],[-71.704209,48.4565],[-71.703885,48.456441],[-71.704101,48.45591],[-71.704424,48.45597]]]]}},{"type":"Feature","properties":{"owner1":"FERME TURCOTTE ET FILS S.E.N.C.","owner2":null,"matricule":"1669-29-4791","street":"TROISIEME RANG OUEST","civicLow":"830","civicHigh":"840","valueLand":"328400","valueBuilding":"948500","valueTotal":"1276900","mailAddr":"830 TROISIEME RANG OUEST","mailCity":"SAINT-BRUNO, QC.","mun":"Saint-Bruno"},"geometry":{"type":"MultiPolygon","coordinates":[[[[-71.695136,48.461403],[-71.698019,48.454802],[-71.701154,48.455374],[-71.701388,48.456095],[-71.701774,48.455892],[-71.701774,48.455487],[-71.703131,48.455732],[-71.697049,48.469807],[-71.691911,48.468866],[-71.695136,48.461403]]]]}},{"type":"Feature","properties":{"owner1":"SIMARD JACQUELIN","owner2":null,"matricule":"1974-57-6224","street":"ST-ALPHONSE NORD","civicLow":"1981","civicHigh":"0","valueLand":"54600","valueBuilding":"311400","valueTotal":"366000","mailAddr":"1981 ROUTE SAINT-ALPHONSE","mailCity":"SAINT-BRUNO, QC.","mun":"Saint-Bruno"},"geometry":{"type":"MultiPolygon","coordinates":[[[[-71.653804,48.50484],[-71.654271,48.504822],[-71.654253,48.505334],[-71.653166,48.505691],[-71.653041,48.505239],[-71.65384,48.505162],[-71.653804,48.50484]]]]}},{"type":"Feature","properties":{"owner1":"OUELLET JONATHAN","owner2":"TREMBLAY SABRINA","matricule":"1970-35-1894","street":"MOISSONS","civicLow":"101","civicHigh":"0","valueLand":"32000","valueBuilding":"153200","valueTotal":"185200","mailAddr":"101 RUE DES MOISSONS","mailCity":"SAINT-BRUNO, QC.","mun":"Saint-Bruno"},"geometry":{"type":"MultiPolygon","coordinates":[[[[-71.656293,48.468056],[-71.656176,48.468336],[-71.655915,48.468289],[-71.656032,48.468015],[-71.656293,48.468056]]]]}},{"type":"Feature","properties":{"owner1":"BOIVIN MONIQUE","owner2":null,"matricule":"1971-90-0163","street":"ROSIERS","civicLow":"665","civicHigh":"0","valueLand":"32900","valueBuilding":"117000","valueTotal":"149900","mailAddr":"665 AVENUE DES ROSIERS","mailCity":"SAINT-BRUNO, QC.","mun":"Saint-Bruno"},"geometry":{"type":"MultiPolygon","coordinates":[[[[-71.648558,48.472416],[-71.648486,48.472595],[-71.648082,48.472529],[-71.648163,48.472345],[-71.648558,48.472416]]]]}},{"type":"Feature","properties":{"owner1":"BEAUMONT ROSAIRE","owner2":null,"matricule":"1970-59-7794","street":"JAUVIN","civicLow":"135","civicHigh":"0","valueLand":"47500","valueBuilding":"106800","valueTotal":"154300","mailAddr":"135 RUE JAUVIN","mailCity":"SAINT-BRUNO, QC.","mun":"Saint-Bruno"},"geometry":{"type":"MultiPolygon","coordinates":[[[[-71.652403,48.471922],[-71.652547,48.471624],[-71.652978,48.471684],[-71.652852,48.472005],[-71.652403,48.471922]]]]}},{"type":"Feature","properties":{"owner1":"THEBERGE LISE","owner2":null,"matricule":"1971-68-4100","street":"THIBEAULT","civicLow":"946","civicHigh":"0","valueLand":"28400","valueBuilding":"85400","valueTotal":"113800","mailAddr":"946 AVENUE THIBEAULT","mailCity":"SAINT-BRUNO, QC.","mun":"Saint-Bruno"},"geometry":{"type":"MultiPolygon","coordinates":[[[[-71.651747,48.479104],[-71.651819,48.478949],[-71.652214,48.47902],[-71.652151,48.479181],[-71.651747,48.479104]]]]}},{"type":"Feature","properties":{"owner1":"LAPOINTE YVAN","owner2":"BOULIANNE DENISE","matricule":"1971-68-4616","street":"THIBEAULT","civicLow":"952","civicHigh":"0","valueLand":"23700","valueBuilding":"44100","valueTotal":"67800","mailAddr":"952 AVENUE THIBEAULT","mailCity":"SAINT-BRUNO, QC.","mun":"Saint-Bruno"},"geometry":{"type":"MultiPolygon","coordinates":[[[[-71.651693,48.479241],[-71.651747,48.479104],[-71.652151,48.479181],[-71.652097,48.479312],[-71.651693,48.479241]]]]}},{"type":"Feature","properties":{"owner1":"MUNICIPALITE DE SAINT-BRUNO","owner2":null,"matricule":"1970-39-1397","street":"FABRIQUE","civicLow":"871","civicHigh":"0","valueLand":"26400","valueBuilding":"0","valueTotal":"26400","mailAddr":"563 RUE SAINT-ALPHONSE","mailCity":"SAINT-BRUNO, QC.","mun":"Saint-Bruno"},"geometry":{"type":"MultiPolygon","coordinates":[[[[-71.656463,48.471755],[-71.6564,48.471916],[-71.656032,48.47185],[-71.656104,48.471689],[-71.656463,48.471755]]]]}},{"type":"Feature","properties":{"owner1":"GUILLEMETTE ALAIN","owner2":"BOULET NANCY","matricule":"1971-94-3378","street":"LAROUCHE","civicLow":"220","civicHigh":"0","valueLand":"42700","valueBuilding":"229200","valueTotal":"271900","mailAddr":"220 RUE LAROUCHE","mailCity":"SAINT-BRUNO, QC","mun":"Saint-Bruno"},"geometry":{"type":"MultiPolygon","coordinates":[[[[-71.648244,48.47612],[-71.648064,48.476388],[-71.64783,48.476347],[-71.64766,48.476156],[-71.6481,48.476025],[-71.648244,48.47612]]]]}},{"type":"Feature","properties":{"owner1":"GAGNON JEAN-PIERRE","owner2":"COTE ANNIE","matricule":"1971-94-0987","street":"LAJOIE","civicLow":"225","civicHigh":"0","valueLand":"35900","valueBuilding":"207800","valueTotal":"243700","mailAddr":"225 RUE LAJOIE","mailCity":"SAINT-BRUNO, QC.","mun":"Saint-Bruno"},"geometry":{"type":"MultiPolygon","coordinates":[[[[-71.648495,48.476174],[-71.648387,48.476448],[-71.648064,48.476388],[-71.648244,48.47612],[-71.648495,48.476174]]]]}},{"type":"Feature","properties":{"owner1":"BRASSARD MARTIN","owner2":"VILLENEUVE ANN","matricule":"1971-84-8992","street":"LAJOIE","civicLow":"215","civicHigh":"0","valueLand":"31900","valueBuilding":"211000","valueTotal":"242900","mailAddr":"215 RUE LAJOIE","mailCity":"SAINT-BRUNO, QC.","mun":"Saint-Bruno"},"geometry":{"type":"MultiPolygon","coordinates":[[[[-71.648756,48.476216],[-71.648639,48.476496],[-71.648387,48.476448],[-71.648495,48.476174],[-71.648756,48.476216]]]]}},{"type":"Feature","properties":{"owner1":"COTE ROBIN","owner2":"BOUCHARD NATHALIE","matricule":"1971-64-7591","street":"ST-ALPHONSE","civicLow":"845","civicHigh":"0","valueLand":"14100","valueBuilding":"98900","valueTotal":"113000","mailAddr":"91 RUE SIMARD","mailCity":"HEBERTVILLE-STATION, QC,","mun":"Saint-Bruno"},"geometry":{"type":"MultiPolygon","coordinates":[[[[-71.651711,48.476192],[-71.651603,48.476466],[-71.651208,48.476394],[-71.651316,48.47612],[-71.651711,48.476192]]]]}},{"type":"Feature","properties":{"owner1":"GAGNE DIANE","owner2":null,"matricule":"1971-64-9585","street":"LAJOIE","civicLow":"130","civicHigh":"0","valueLand":"18800","valueBuilding":"141800","valueTotal":"160600","mailAddr":"523 CHEMIN DU LAC-HIPPOLYTE","mailCity":"LAROUCHE, QC.","mun":"Saint-Bruno"},"geometry":{"type":"MultiPolygon","coordinates":[[[[-71.651316,48.47612],[-71.651208,48.476394],[-71.651055,48.47637],[-71.651163,48.476091],[-71.651316,48.47612]]]]}},{"type":"Feature","properties":{"owner1":"MARCHAND RONALDO","owner2":null,"matricule":"1970-66-1537","street":"MELANCON","civicLow":"195","civicHigh":"0","valueLand":"43600","valueBuilding":"125800","valueTotal":"169400","mailAddr":"195 RUE MELANCON","mailCity":"SAINT-BRUNO, QC.","mun":"Saint-Bruno"},"geometry":{"type":"MultiPolygon","coordinates":[[[[-71.652376,48.468473],[-71.652241,48.468807],[-71.65181,48.468729],[-71.651945,48.468402],[-71.652376,48.468473]]]]}},{"type":"Feature","properties":{"owner1":"THIVIERGE GAETAN","owner2":null,"matricule":"2669-96-7989","street":"Adresse non codifiée","civicLow":"0","civicHigh":"0","valueLand":"38500","valueBuilding":"3800","valueTotal":"42300","mailAddr":"604 RUE SACRE-COEUR EST","mailCity":"ALMA, QC.","mun":"Saint-Bruno"},"geometry":{"type":"MultiPolygon","coordinates":[[[[-71.544228,48.459818],[-71.544695,48.458436],[-71.550372,48.459455],[-71.548279,48.459544],[-71.54748,48.459681],[-71.545988,48.459699],[-71.545458,48.459812],[-71.544228,48.459818]]],[[[-71.544857,48.460474],[-71.547704,48.460289],[-71.547992,48.46039],[-71.550399,48.460152],[-71.552456,48.459824],[-71.567135,48.462445],[-71.566263,48.464649],[-71.543931,48.460682],[-71.543985,48.460515],[-71.544857,48.460474]]]]}},{"type":"Feature","properties":{"owner1":"FERME J.B.L. TREMBLAY INC.","owner2":null,"matricule":"2171-11-8318","street":"SIXIEME RANG NORD","civicLow":"930","civicHigh":"0","valueLand":"26100","valueBuilding":"184100","valueTotal":"210200","mailAddr":"930 SIXIEME RANG NORD","mailCity":"SAINT-BRUNO, QC.","mun":"Saint-Bruno"},"geometry":{"type":"MultiPolygon","coordinates":[[[[-71.631382,48.473041],[-71.631265,48.473351],[-71.63061,48.473232],[-71.630727,48.472928],[-71.631382,48.473041]]]]}},{"type":"Feature","properties":{"owner1":"ST-JEAN MARC","owner2":"BOUCHARD JUDITH","matricule":"1970-87-9305","street":"PARC","civicLow":"330","civicHigh":"0","valueLand":"38500","valueBuilding":"155500","valueTotal":"194000","mailAddr":"330 RUE DU PARC","mailCity":"SAINT-BRUNO, QC.","mun":"Saint-Bruno"},"geometry":{"type":"MultiPolygon","coordinates":[[[[-71.648567,48.469117],[-71.648432,48.469444],[-71.648145,48.469391],[-71.64828,48.469069],[-71.648567,48.469117]]]]}},{"type":"Feature","properties":{"owner1":"COTE PASCAL","owner2":"BRIAND MELANIE","matricule":"1970-87-7211","street":"PARC","civicLow":"320","civicHigh":"0","valueLand":"38600","valueBuilding":"193000","valueTotal":"231600","mailAddr":"320 RUE DU PARC","mailCity":"SAINT-BRUNO, QC.","mun":"Saint-Bruno"},"geometry":{"type":"MultiPolygon","coordinates":[[[[-71.648855,48.46917],[-71.64872,48.469492],[-71.648432,48.469444],[-71.648567,48.469117],[-71.648855,48.46917]]]]}},{"type":"Feature","properties":{"owner1":"NOEL JEAN-CLAUDE","owner2":null,"matricule":"1970-86-7871","street":"NAPOLEON","civicLow":"305","civicHigh":"0","valueLand":"38000","valueBuilding":"99900","valueTotal":"137900","mailAddr":"305 RUE NAPOLEON","mailCity":"SAINT-BRUNO, QC.","mun":"Saint-Bruno"},"geometry":{"type":"MultiPolygon","coordinates":[[[[-71.648756,48.468807],[-71.64863,48.469128],[-71.648351,48.469081],[-71.648477,48.468759],[-71.648756,48.468807]]]]}},{"type":"Feature","properties":{"owner1":"BLAIS LINE","owner2":"JEAN LINE","matricule":"1971-73-5119","street":"LAROUCHE","civicLow":"156","civicHigh":"0","valueLand":"11400","valueBuilding":"122600","valueTotal":"134000","mailAddr":"156 RUE LAROUCHE","mailCity":"SAINT-BRUNO, QC.","mun":"Saint-Bruno"},"geometry":{"type":"MultiPolygon","coordinates":[[[[-71.650498,48.474637],[-71.650391,48.4749],[-71.650301,48.474882],[-71.6504,48.47462],[-71.650498,48.474637]]]]}},{"type":"Feature","properties":{"owner1":"CHIASSON PIERRE","owner2":"TREMBLAY JOSEE","matricule":"1971-84-0168","street":"LAJOIE","civicLow":"160","civicHigh":"0","valueLand":"31500","valueBuilding":"169500","valueTotal":"201000","mailAddr":"160 RUE LAJOIE","mailCity":"SAINT-BRUNO, QC.","mun":"Saint-Bruno"},"geometry":{"type":"MultiPolygon","coordinates":[[[[-71.649932,48.475983],[-71.649816,48.476269],[-71.649573,48.476222],[-71.649681,48.475942],[-71.649932,48.475983]]]]}},{"type":"Feature","properties":{"owner1":"PERRON PIER-OLIVIER","owner2":"TREMBLAY FANNY","matricule":"1971-74-8473","street":"LAJOIE","civicLow":"150","civicHigh":"0","valueLand":"25600","valueBuilding":"138500","valueTotal":"164100","mailAddr":"150 RUE LAJOIE","mailCity":"SAINT-BRUNO, QC.","mun":"Saint-Bruno"},"geometry":{"type":"MultiPolygon","coordinates":[[[[-71.65013,48.476025],[-71.650022,48.476305],[-71.649816,48.476269],[-71.649932,48.475983],[-71.65013,48.476025]]]]}},{"type":"Feature","properties":{"owner1":"HARVEY GINETTE","owner2":null,"matricule":"1971-74-7376","street":"LAJOIE","civicLow":"148","civicHigh":"0","valueLand":"11800","valueBuilding":"123400","valueTotal":"135200","mailAddr":"148 RUE LAJOIE","mailCity":"SAINT-BRUNO, QC.","mun":"Saint-Bruno"},"geometry":{"type":"MultiPolygon","coordinates":[[[[-71.650229,48.476043],[-71.650121,48.476323],[-71.650022,48.476305],[-71.65013,48.476025],[-71.650229,48.476043]]]]}},{"type":"Feature","properties":{"owner1":"DECOSTE HELENA","owner2":null,"matricule":"1971-74-6678","street":"LAJOIE","civicLow":"146","civicHigh":"0","valueLand":"11800","valueBuilding":"120000","valueTotal":"131800","mailAddr":"146 RUE LAJOIE","mailCity":"SAINT-BRUNO, QC.","mun":"Saint-Bruno"},"geometry":{"type":"MultiPolygon","coordinates":[[[[-71.650328,48.476061],[-71.650211,48.476335],[-71.650121,48.476323],[-71.650229,48.476043],[-71.650328,48.476061]]]]}},{"type":"Feature","properties":{"owner1":"MUNICIPALITE DE SAINT-BRUNO","owner2":null,"matricule":"1970-34-3476","street":"ST-ALPHONSE","civicLow":"0","civicHigh":"0","valueLand":"28900","valueBuilding":"0","valueTotal":"28900","mailAddr":"563 AVENUE ST-ALPHONSE","mailCity":"SAINT-BRUNO, QC.","mun":"Saint-Bruno"},"geometry":{"type":"MultiPolygon","coordinates":[[[[-71.655592,48.467139],[-71.655646,48.467008],[-71.65614,48.467097],[-71.656077,48.467228],[-71.655592,48.467139]]]]}},{"type":"Feature","properties":{"owner1":"LAROUCHE RAYMOND","owner2":null,"matricule":"1971-51-1225","street":"ST-ALPHONSE","civicLow":"664","civicHigh":"0","valueLand":"39100","valueBuilding":"93800","valueTotal":"132900","mailAddr":"664 AVENUE ST-ALPHONSE","mailCity":"SAINT-BRUNO, QC.","mun":"Saint-Bruno"},"geometry":{"type":"MultiPolygon","coordinates":[[[[-71.653202,48.472976],[-71.653256,48.472845],[-71.653966,48.472988],[-71.653921,48.473119],[-71.653202,48.472976]]]]}},{"type":"Feature","properties":{"owner1":"BOUCHARD GILLES","owner2":null,"matricule":"1970-45-5810","street":"ARMAND","civicLow":"0","civicHigh":"0","valueLand":"35800","valueBuilding":"19100","valueTotal":"54900","mailAddr":"240 RUE DES CEDRES","mailCity":"SAINT-BRUNO, QC.","mun":"Saint-Bruno"},"geometry":{"type":"MultiPolygon","coordinates":[[[[-71.654011,48.467663],[-71.653616,48.46758],[-71.653822,48.467091],[-71.654792,48.467318],[-71.654523,48.467937],[-71.654379,48.467913],[-71.654442,48.467741],[-71.654011,48.467663]]]]}},{"type":"Feature","properties":{"owner1":"TREMBLAY REINE","owner2":"BOUCHARD PIERRE-PAUL","matricule":"2073-14-4215","street":"ST-ALPHONSE NORD","civicLow":"0","civicHigh":"0","valueLand":"4200","valueBuilding":"0","valueTotal":"4200","mailAddr":"1570 ROUTE ST-ALPHONSE","mailCity":"SAINT-BRUNO, QC.","mun":"Saint-Bruno"},"geometry":{"type":"MultiPolygon","coordinates":[[[[-71.644758,48.493905],[-71.645288,48.492804],[-71.645585,48.492923],[-71.645567,48.493155],[-71.646204,48.493745],[-71.645926,48.49412],[-71.644758,48.493905]]]]}},{"type":"Feature","properties":{"owner1":"BOIVIN CLAUDE","owner2":null,"matricule":"1775-65-4830","street":"Adresse non codifiée","civicLow":"0","civicHigh":"0","valueLand":"13000","valueBuilding":"0","valueTotal":"13000","mailAddr":"1225 ROUTE DU LAC OUEST","mailCity":"ALMA, QC.","mun":"Saint-Bruno"},"geometry":{"type":"MultiPolygon","coordinates":[[[[-71.681203,48.512166],[-71.680844,48.513065],[-71.676756,48.512309],[-71.677304,48.512327],[-71.679469,48.511827],[-71.680466,48.511928],[-71.681203,48.512166]]]]}},{"type":"Feature","properties":{"owner1":"TREMBLAY NORMAND","owner2":null,"matricule":"1775-36-5747","street":"SIXIEME RANG OUEST","civicLow":"1051","civicHigh":"0","valueLand":"24900","valueBuilding":"66600","valueTotal":"91500","mailAddr":"1051 SIXIEME RANG OUEST","mailCity":"SAINT-BRUNO, QC.","mun":"Saint-Bruno"},"geometry":{"type":"MultiPolygon","coordinates":[[[[-71.683161,48.513482],[-71.682757,48.512928],[-71.684491,48.513244],[-71.684311,48.51369],[-71.683161,48.513482]]]]}},{"type":"Feature","properties":{"owner1":"2969-8743 QUEBEC INC","owner2":null,"matricule":"1575-92-5579","street":"SIXIEME RANG OUEST","civicLow":"1567","civicHigh":"0","valueLand":"195000","valueBuilding":"422000","valueTotal":"617000","mailAddr":"1567 SIXIEME RANG OUEST","mailCity":"SAINT-BRUNO, QC.","mun":"Saint-Bruno"},"geometry":{"type":"MultiPolygon","coordinates":[[[[-71.70738,48.502531],[-71.701586,48.516754],[-71.700588,48.516582],[-71.700696,48.516314],[-71.700553,48.516147],[-71.699906,48.516034],[-71.699753,48.516433],[-71.699151,48.516332],[-71.699241,48.516106],[-71.698846,48.516028],[-71.698747,48.516255],[-71.698109,48.516142],[-71.703921,48.501882],[-71.70738,48.502531]]]]}},{"type":"Feature","properties":{"owner1":"TREMBLAY MARIO","owner2":"GAGNE MARTINE","matricule":"1971-52-6394","street":"ST-ALPHONSE","civicLow":"760","civicHigh":"0","valueLand":"41300","valueBuilding":"159000","valueTotal":"200300","mailAddr":"760 AVENUE ST-ALPHONSE","mailCity":"SAINT-BRUNO, QC.","mun":"Saint-Bruno"},"geometry":{"type":"MultiPolygon","coordinates":[[[[-71.652636,48.474352],[-71.653301,48.474495],[-71.653229,48.474655],[-71.652574,48.474512],[-71.652636,48.474352]]]]}},{"type":"Feature","properties":{"owner1":"LAROUCHE DENIS","owner2":null,"matricule":"1974-56-7990","street":"ST-ALPHONSE NORD","civicLow":"1979","civicHigh":"0","valueLand":"46400","valueBuilding":"303000","valueTotal":"349400","mailAddr":"1979 ROUTE ST-ALPHONSE NORD","mailCity":"SAINT-BRUNO, QC.","mun":"Saint-Bruno"},"geometry":{"type":"MultiPolygon","coordinates":[[[[-71.652996,48.505013],[-71.65305,48.50487],[-71.653804,48.50484],[-71.65384,48.505162],[-71.653041,48.505239],[-71.652996,48.505013]]]]}},{"type":"Feature","properties":{"owner1":"GAGNE ANDRE","owner2":"TURCOTTE JOHANNE","matricule":"1569-73-2424","street":"TROISIEME RANG OUEST","civicLow":"920","civicHigh":"0","valueLand":"15300","valueBuilding":"109200","valueTotal":"124500","mailAddr":"920 TROISIEME RANG OUEST","mailCity":"SAINT-BRUNO, QC.","mun":"Saint-Bruno"},"geometry":{"type":"MultiPolygon","coordinates":[[[[-71.704209,48.4565],[-71.704424,48.45597],[-71.704649,48.456012],[-71.704433,48.456536],[-71.704209,48.4565]]]]}},{"type":"Feature","properties":{"owner1":"VILLENEUVE MICHEL","owner2":null,"matricule":"1971-65-1755","street":"THIBEAULT","civicLow":"855","civicHigh":"0","valueLand":"31800","valueBuilding":"31600","valueTotal":"63400","mailAddr":"855 AVENUE THIBEAULT","mailCity":"SAINT-BRUNO, QC.","mun":"Saint-Bruno"},"geometry":{"type":"MultiPolygon","coordinates":[[[[-71.652466,48.476859],[-71.652412,48.476984],[-71.652017,48.476912],[-71.652088,48.476734],[-71.652466,48.476859]]]]}},{"type":"Feature","properties":{"owner1":"VILLENEUVE VITAL","owner2":null,"matricule":"2470-54-1834","street":"HUITIEME RANG NORD","civicLow":"851","civicHigh":"0","valueLand":"29800","valueBuilding":"47000","valueTotal":"76800","mailAddr":"851 HUITIEME RANG NORD","mailCity":"SAINT-BRUNO, QC.","mun":"Saint-Bruno"},"geometry":{"type":"MultiPolygon","coordinates":[[[[-71.586035,48.467008],[-71.586404,48.46727],[-71.585505,48.467836],[-71.585137,48.467574],[-71.586035,48.467008]]]]}},{"type":"Feature","properties":{"owner1":"GESTION MANON VOYER INC","owner2":null,"matricule":"1970-75-7192","street":"MELANCON","civicLow":"255","civicHigh":"0","valueLand":"116600","valueBuilding":"0","valueTotal":"116600","mailAddr":"901 RUE THOMAS-EDISON","mailCity":"CHICOUTIMI. QC","mun":"Saint-Bruno"},"geometry":{"type":"MultiPolygon","coordinates":[[[[-71.650642,48.468164],[-71.650507,48.468497],[-71.649322,48.468283],[-71.649456,48.467949],[-71.650642,48.468164]]]]}},{"type":"Feature","properties":{"owner1":"AUDET PIERRE-ALEXANDRE","owner2":"GOBEIL BARBARA","matricule":"2070-15-6273","street":"PIONNIERS","civicLow":"540","civicHigh":"0","valueLand":"33300","valueBuilding":"159100","valueTotal":"192400","mailAddr":"540 RUE DES PIONNIERS","mailCity":"SAINT-BRUNO, QC.","mun":"Saint-Bruno"},"geometry":{"type":"MultiPolygon","coordinates":[[[[-71.644498,48.467979],[-71.644758,48.467931],[-71.644875,48.468217],[-71.644623,48.468265],[-71.644498,48.467979]]]]}},{"type":"Feature","properties":{"owner1":"NUTRINOR","owner2":null,"matricule":"2070-15-2822","street":"170","civicLow":"0","civicHigh":"0","valueLand":"109700","valueBuilding":"0","valueTotal":"109700","mailAddr":"425 RUE MELANCON","mailCity":"SAINT-BRUNO, QC.","mun":"Saint-Bruno"},"geometry":{"type":"MultiPolygon","coordinates":[[[[-71.645755,48.467943],[-71.644273,48.467848],[-71.644246,48.467401],[-71.646142,48.467443],[-71.645935,48.467955],[-71.645755,48.467943]]]]}},{"type":"Feature","properties":{"owner1":"BRASSARD GABRIELLE","owner2":null,"matricule":"2171-10-7485","street":"SIXIEME RANG NORD","civicLow":"920","civicHigh":"0","valueLand":"24700","valueBuilding":"54000","valueTotal":"78700","mailAddr":"775 RUE DES MELEZES APP #423","mailCity":"ALMA, QC","mun":"Saint-Bruno"},"geometry":{"type":"MultiPolygon","coordinates":[[[[-71.630727,48.472928],[-71.630843,48.472636],[-71.631499,48.47275],[-71.631382,48.473041],[-71.630727,48.472928]]]]}},{"type":"Feature","properties":{"owner1":"TREMBLAY LAVAL","owner2":null,"matricule":"2171-10-6554","street":"SIXIEME RANG NORD","civicLow":"900","civicHigh":"0","valueLand":"22500","valueBuilding":"217200","valueTotal":"239700","mailAddr":"900 SIXIEME RANG NORD","mailCity":"SAINT-BRUNO, QC.","mun":"Saint-Bruno"},"geometry":{"type":"MultiPolygon","coordinates":[[[[-71.630843,48.472636],[-71.630951,48.472368],[-71.631598,48.472488],[-71.631499,48.47275],[-71.630843,48.472636]]]]}},{"type":"Feature","properties":{"owner1":"GAGNON ERIC","owner2":"BOIVIN CAROLINE","matricule":"1970-93-3536","street":"NORMANDIE","civicLow":"382","civicHigh":"0","valueLand":"36100","valueBuilding":"107100","valueTotal":"143200","mailAddr":"382 RUE NORMANDIE","mailCity":"SAINT-BRUNO, QC.","mun":"Saint-Bruno"},"geometry":{"type":"MultiPolygon","coordinates":[[[[-71.64792,48.465841],[-71.647821,48.466097],[-71.647498,48.466037],[-71.647606,48.465781],[-71.64792,48.465841]]]]}},{"type":"Feature","properties":{"owner1":"MUNICIPALITE DE SAINT-BRUNO","owner2":null,"matricule":"1970-58-5998","street":"ST-ALPHONSE","civicLow":"563","civicHigh":"0","valueLand":"364900","valueBuilding":"3657900","valueTotal":"4022800","mailAddr":"563 AVENUE ST-ALPHONSE","mailCity":"SAINT-BRUNO, QC.","mun":"Saint-Bruno"},"geometry":{"type":"MultiPolygon","coordinates":[[[[-71.651891,48.470332],[-71.651936,48.470224],[-71.653544,48.470558],[-71.653445,48.470796],[-71.653894,48.47088],[-71.65358,48.471654],[-71.652376,48.471421],[-71.652241,48.471374],[-71.652367,48.471082],[-71.651639,48.470945],[-71.651891,48.470332]]]]}},{"type":"Feature","properties":{"owner1":"MATHIEU TREMBLAY ANNE-SOPHIE","owner2":null,"matricule":"1970-15-5176","street":"PRES","civicLow":"358","civicHigh":"0","valueLand":"36400","valueBuilding":"178500","valueTotal":"214900","mailAddr":"358 RUE DES PRES","mailCity":"SAINT-BRUNO, QC.","mun":"Saint-Bruno"},"geometry":{"type":"MultiPolygon","coordinates":[[[[-71.658619,48.467937],[-71.658538,48.468128],[-71.658107,48.46805],[-71.658179,48.46786],[-71.658619,48.467937]]]]}},{"type":"Feature","properties":{"owner1":"NOLIN MARC-ANDRE","owner2":null,"matricule":"1970-15-5797","street":"PRES","civicLow":"360","civicHigh":"0","valueLand":"35700","valueBuilding":"178800","valueTotal":"214500","mailAddr":"360 RUE DES PRES","mailCity":"SAINT-BRUNO, QC.","mun":"Saint-Bruno"},"geometry":{"type":"MultiPolygon","coordinates":[[[[-71.658538,48.468128],[-71.658466,48.468312],[-71.658044,48.468205],[-71.658107,48.46805],[-71.658538,48.468128]]]]}},{"type":"Feature","properties":{"owner1":"GUILBEAULT JIMMY","owner2":"CHOINIERE SYNTHIA","matricule":"1971-74-8938","street":"BOISE","civicLow":"165","civicHigh":"0","valueLand":"24200","valueBuilding":"141500","valueTotal":"165700","mailAddr":"165 RUE DU BOISE","mailCity":"SAINT-BRUNO, QC.","mun":"Saint-Bruno"},"geometry":{"type":"MultiPolygon","coordinates":[[[[-71.650058,48.475704],[-71.649941,48.475989],[-71.649753,48.475954],[-71.64987,48.475674],[-71.650058,48.475704]]]]}},{"type":"Feature","properties":{"owner1":"BUREAU MARIE-JOSEE","owner2":null,"matricule":"1971-81-7925","street":"FORTIN","civicLow":"250","civicHigh":"0","valueLand":"23700","valueBuilding":"72000","valueTotal":"95700","mailAddr":"250 RUE FORTIN","mailCity":"SAINT-BRUNO, QC.","mun":"Saint-Bruno"},"geometry":{"type":"MultiPolygon","coordinates":[[[[-71.648783,48.47291],[-71.648675,48.473172],[-71.648477,48.473137],[-71.648585,48.472875],[-71.648783,48.47291]]]]}},{"type":"Feature","properties":{"owner1":"FORTIN BRUNO","owner2":null,"matricule":"1970-89-5914","street":"JAUVIN","civicLow":"275","civicHigh":"0","valueLand":"46300","valueBuilding":"116100","valueTotal":"162400","mailAddr":"275 RUE JAUVIN","mailCity":"SAINT-BRUNO, QC.","mun":"Saint-Bruno"},"geometry":{"type":"MultiPolygon","coordinates":[[[[-71.649124,48.470999],[-71.648989,48.471332],[-71.648594,48.471261],[-71.648729,48.470927],[-71.649124,48.470999]]]]}},{"type":"Feature","properties":{"owner1":"GAUDREAULT CARL","owner2":null,"matricule":"1971-82-3018","street":"CEDRES","civicLow":"210","civicHigh":"0","valueLand":"33300","valueBuilding":"224200","valueTotal":"257500","mailAddr":"210 RUE DES CEDRES","mailCity":"SAINT-BRUNO, QC.","mun":"Saint-Bruno"},"geometry":{"type":"MultiPolygon","coordinates":[[[[-71.649501,48.473744],[-71.649393,48.474012],[-71.649106,48.473959],[-71.649214,48.473697],[-71.649501,48.473744]]]]}},{"type":"Feature","properties":{"owner1":"FORTIN ERIC","owner2":null,"matricule":"1971-82-5112","street":"CEDRES","civicLow":"220","civicHigh":"0","valueLand":"34500","valueBuilding":"180900","valueTotal":"215400","mailAddr":"220 RUE DES CEDRES","mailCity":"SAINT-BRUNO, QC.","mun":"Saint-Bruno"},"geometry":{"type":"MultiPolygon","coordinates":[[[[-71.649214,48.473697],[-71.649106,48.473959],[-71.648819,48.473911],[-71.648926,48.473643],[-71.649214,48.473697]]]]}},{"type":"Feature","properties":{"owner1":"GUAY YVES","owner2":null,"matricule":"1971-81-5978","street":"FORTIN","civicLow":"235","civicHigh":"0","valueLand":"31500","valueBuilding":"123900","valueTotal":"155400","mailAddr":"235 RUE FORTIN","mailCity":"SAINT-BRUNO, QC.","mun":"Saint-Bruno"},"geometry":{"type":"MultiPolygon","coordinates":[[[[-71.649088,48.473393],[-71.64898,48.473655],[-71.64872,48.473607],[-71.648828,48.473345],[-71.649088,48.473393]]]]}},{"type":"Feature","properties":{"owner1":"BRIDEAU VERONIQUE","owner2":null,"matricule":"1971-74-5583","street":"LAJOIE","civicLow":"144","civicHigh":"0","valueLand":"27200","valueBuilding":"129700","valueTotal":"156900","mailAddr":"144 RUE LAJOIE","mailCity":"SAINT-BRUNO, QC.","mun":"Saint-Bruno"},"geometry":{"type":"MultiPolygon","coordinates":[[[[-71.650328,48.476061],[-71.650507,48.476097],[-71.650427,48.47637],[-71.650211,48.476335],[-71.650328,48.476061]]]]}},{"type":"Feature","properties":{"owner1":"GODERRE JEAN-MICHEL","owner2":null,"matricule":"1971-94-4027","street":"LAJOIE","civicLow":"212","civicHigh":"0","valueLand":"39600","valueBuilding":"239900","valueTotal":"279500","mailAddr":"212 RUE LAJOIE","mailCity":"SAINT-BRUNO, QC.","mun":"Saint-Bruno"},"geometry":{"type":"MultiPolygon","coordinates":[[[[-71.647633,48.475614],[-71.648163,48.475709],[-71.648091,48.475894],[-71.647561,48.475799],[-71.647633,48.475614]]]]}},{"type":"Feature","properties":{"owner1":"BOUCHARD SEBASTIEN","owner2":"LESSARD ANNIE-PIER","matricule":"1971-94-4651","street":"LAJOIE","civicLow":"216","civicHigh":"0","valueLand":"45600","valueBuilding":"217000","valueTotal":"262600","mailAddr":"216 RUE LAJOIE","mailCity":"SAINT-BRUNO, QC.","mun":"Saint-Bruno"},"geometry":{"type":"MultiPolygon","coordinates":[[[[-71.647489,48.47596],[-71.647561,48.475799],[-71.648091,48.475894],[-71.6481,48.476025],[-71.64766,48.476156],[-71.647489,48.47596]]]]}},{"type":"Feature","properties":{"owner1":"OUELLET JEAN-MICHEL","owner2":null,"matricule":"1675-39-5418","street":"SIXIEME RANG OUEST","civicLow":"1475","civicHigh":"0","valueLand":"41000","valueBuilding":"84800","valueTotal":"125800","mailAddr":"1475 SIXIEME RANG OUEST","mailCity":"SAINT-BRUNO, QC","mun":"Saint-Bruno"},"geometry":{"type":"MultiPolygon","coordinates":[[[[-71.696843,48.515903],[-71.69713,48.515219],[-71.697768,48.515332],[-71.69748,48.516023],[-71.696843,48.515903]]]]}},{"type":"Feature","properties":{"owner1":"DUFOUR MICHAEL","owner2":null,"matricule":"2368-97-6396","street":"HUITIEME RANG SUD","civicLow":"424","civicHigh":"0","valueLand":"22400","valueBuilding":"117400","valueTotal":"139800","mailAddr":"424 HUITIEME RANG SUD","mailCity":"SAINT-BRUNO, QC.","mun":"Saint-Bruno"},"geometry":{"type":"MultiPolygon","coordinates":[[[[-71.5935,48.452616],[-71.593455,48.452729],[-71.592458,48.452699],[-71.592521,48.452449],[-71.5935,48.452616]]]]}},{"type":"Feature","properties":{"owner1":"MALTAIS STEPHANE","owner2":"GAGNE PATRICIA","matricule":"1970-99-1394","street":"TULIPES","civicLow":"640","civicHigh":"0","valueLand":"32200","valueBuilding":"149200","valueTotal":"181400","mailAddr":"640 AVENUE DES TULIPES","mailCity":"SAINT-BRUNO, QC.","mun":"Saint-Bruno"},"geometry":{"type":"MultiPolygon","coordinates":[[[[-71.648378,48.471803],[-71.648307,48.471981],[-71.647902,48.47191],[-71.647983,48.471731],[-71.648378,48.471803]]]]}},{"type":"Feature","properties":{"owner1":"BOUCHARD CLEMENT","owner2":null,"matricule":"1973-34-9105","street":"ST-ALPHONSE NORD","civicLow":"1525","civicHigh":"1527","valueLand":"347500","valueBuilding":"184500","valueTotal":"532000","mailAddr":"1525 ROUTE ST-ALPHONSE NORD","mailCity":"SAINT-BRUNO, QC.","mun":"Saint-Bruno"},"geometry":{"type":"MultiPolygon","coordinates":[[[[-71.646151,48.490244],[-71.64624,48.490024],[-71.646878,48.490137],[-71.647157,48.489476],[-71.666156,48.492911],[-71.66418,48.497453],[-71.645926,48.49412],[-71.64616,48.493632],[-71.645567,48.493155],[-71.645585,48.492923],[-71.645288,48.492804],[-71.645567,48.491548],[-71.646151,48.490244]]]]}},{"type":"Feature","properties":{"owner1":"BOUCHARD ANTONIO","owner2":null,"matricule":"2073-00-5500","street":"ST-ALPHONSE NORD","civicLow":"0","civicHigh":"0","valueLand":"900","valueBuilding":"0","valueTotal":"900","mailAddr":"1525 ROUTE ST-ALPHONSE NORD","mailCity":"SAINT-BRUNO, QC.","mun":"Saint-Bruno"},"geometry":{"type":"MultiPolygon","coordinates":[[[[-71.646339,48.489792],[-71.646375,48.489691],[-71.647013,48.489804],[-71.646878,48.490137],[-71.64624,48.490024],[-71.646339,48.489792]]]]}},{"type":"Feature","properties":{"owner1":"BOUCHARD GUY","owner2":null,"matricule":"2072-09-4464","street":"ST-ALPHONSE NORD","civicLow":"1411","civicHigh":"0","valueLand":"27400","valueBuilding":"138100","valueTotal":"165500","mailAddr":"1411 ROUTE ST-ALPHONSE NORD","mailCity":"SAINT-BRUNO, QC.","mun":"Saint-Bruno"},"geometry":{"type":"MultiPolygon","coordinates":[[[[-71.646375,48.489691],[-71.646519,48.489363],[-71.647157,48.489476],[-71.647013,48.489804],[-71.646375,48.489691]]]]}},{"type":"Feature","properties":{"owner1":"GUAY DESGAGNE MICHAEL","owner2":"VILLENEUVE EMILIE","matricule":"1971-80-8403","street":"ROSIERS","civicLow":"635","civicHigh":"0","valueLand":"32200","valueBuilding":"113600","valueTotal":"145800","mailAddr":"635 AVENUE DES ROSIERS","mailCity":"SAINT-BRUNO, QC.","mun":"Saint-Bruno"},"geometry":{"type":"MultiPolygon","coordinates":[[[[-71.648774,48.471874],[-71.648702,48.472053],[-71.648307,48.471981],[-71.648378,48.471803],[-71.648774,48.471874]]]]}},{"type":"Feature","properties":{"owner1":"JAUVIN GHISLAINE","owner2":null,"matricule":"1970-45-1056","street":"ST-ALPHONSE","civicLow":"379","civicHigh":"0","valueLand":"49400","valueBuilding":"96700","valueTotal":"146100","mailAddr":"379 AVENUE ST-ALPHONSE","mailCity":"SAINT-BRUNO, QC.","mun":"Saint-Bruno"},"geometry":{"type":"MultiPolygon","coordinates":[[[[-71.654523,48.467937],[-71.65464,48.467651],[-71.655179,48.467753],[-71.655062,48.468033],[-71.654523,48.467937]]]]}},{"type":"Feature","properties":{"owner1":"EMOND LOUIS","owner2":null,"matricule":"1971-90-1914","street":"TULIPES","civicLow":"650","civicHigh":"0","valueLand":"32200","valueBuilding":"157200","valueTotal":"189400","mailAddr":"650 AVENUE DES TULIPES","mailCity":"SAINT-BRUNO, QC.","mun":"Saint-Bruno"},"geometry":{"type":"MultiPolygon","coordinates":[[[[-71.648307,48.471981],[-71.648235,48.47216],[-71.64783,48.472094],[-71.647902,48.47191],[-71.648307,48.471981]]]]}},{"type":"Feature","properties":{"owner1":"GIRARD MANON","owner2":null,"matricule":"2070-17-2896","street":"JAUVIN","civicLow":"375","civicHigh":"0","valueLand":"40600","valueBuilding":"253700","valueTotal":"294300","mailAddr":"375 RUE JAUVIN","mailCity":"SAINT-BRUNO, QC.","mun":"Saint-Bruno"},"geometry":{"type":"MultiPolygon","coordinates":[[[[-71.645441,48.470004],[-71.645324,48.470272],[-71.644938,48.470201],[-71.645046,48.469933],[-71.645441,48.470004]]]]}},{"type":"Feature","properties":{"owner1":"LAVOIE TONY","owner2":"LAVOIE MARIE-JOSEE","matricule":"2070-08-9805","street":"JAUVIN","civicLow":"365","civicHigh":"0","valueLand":"43600","valueBuilding":"233200","valueTotal":"276800","mailAddr":"365 RUE JAUVIN","mailCity":"SAINT-BRUNO, QC.","mun":"Saint-Bruno"},"geometry":{"type":"MultiPolygon","coordinates":[[[[-71.645881,48.470087],[-71.645773,48.470349],[-71.645324,48.470272],[-71.645441,48.470004],[-71.645881,48.470087]]]]}},{"type":"Feature","properties":{"owner1":"RODGERS REGINE","owner2":null,"matricule":"2070-08-7212","street":"JAUVIN","civicLow":"355","civicHigh":"0","valueLand":"28400","valueBuilding":"166200","valueTotal":"194600","mailAddr":"355 RUE JAUVIN","mailCity":"SAINT-BRUNO, QC.","mun":"Saint-Bruno"},"geometry":{"type":"MultiPolygon","coordinates":[[[[-71.646124,48.470129],[-71.646016,48.470397],[-71.645773,48.470349],[-71.645881,48.470087],[-71.646124,48.470129]]]]}},{"type":"Feature","properties":{"owner1":"TRUCHON ELOI","owner2":"TRUCHON GERALD","matricule":"1770-53-7330","street":"QUATRIEME RANG OUEST","civicLow":"401","civicHigh":"0","valueLand":"67400","valueBuilding":"170500","valueTotal":"237900","mailAddr":"401 QUATRIEME RANG OUEST","mailCity":"SAINT-BRUNO, QC.","mun":"Saint-Bruno"},"geometry":{"type":"MultiPolygon","coordinates":[[[[-71.680601,48.465346],[-71.680296,48.466085],[-71.678732,48.465733],[-71.678822,48.465263],[-71.678921,48.465275],[-71.679029,48.465007],[-71.680601,48.465346]]]]}},{"type":"Feature","properties":{"owner1":"9078-0057 QUEBEC","owner2":null,"matricule":"2174-24-6733","street":"Adresse non codifiée","civicLow":"0","civicHigh":"0","valueLand":"54500","valueBuilding":"0","valueTotal":"54500","mailAddr":"2685 ROUTE DU LAC OUEST","mailCity":"ALMA, QC.","mun":"Saint-Bruno"},"geometry":{"type":"MultiPolygon","coordinates":[[[[-71.640321,48.504132],[-71.639871,48.505275],[-71.620701,48.501775],[-71.620926,48.501245],[-71.620782,48.501221],[-71.621025,48.500614],[-71.640321,48.504132]]]]}},{"type":"Feature","properties":{"owner1":"TRUCHON ROBIN","owner2":null,"matricule":"2174-23-5111","street":"SIXIEME RANG NORD","civicLow":"1981","civicHigh":"0","valueLand":"49200","valueBuilding":"293000","valueTotal":"342200","mailAddr":"1981 SIXIEME RANG NORD","mailCity":"SAINT-BRUNO, QC.","mun":"Saint-Bruno"},"geometry":{"type":"MultiPolygon","coordinates":[[[[-71.621025,48.500614],[-71.620611,48.500537],[-71.62107,48.499394],[-71.64077,48.502989],[-71.640321,48.504132],[-71.621025,48.500614]]]]}},{"type":"Feature","properties":{"owner1":"LAJOIE CLEMENT","owner2":null,"matricule":"2670-80-1001","street":"170","civicLow":"0","civicHigh":"0","valueLand":"63800","valueBuilding":"1200","valueTotal":"65000","mailAddr":"523 CHEMIN DU LAC-HIPPOLYTE","mailCity":"LAROUCHE, QC","mun":"Saint-Bruno"},"geometry":{"type":"MultiPolygon","coordinates":[[[[-71.543141,48.462964],[-71.543931,48.460682],[-71.566263,48.464649],[-71.565347,48.466966],[-71.543141,48.462964]]]]}},{"type":"Feature","properties":{"owner1":"JOBIN CAROL","owner2":"SAVARD SYLVIE","matricule":"2070-09-2089","street":"OEILLETS","civicLow":"665","civicHigh":"0","valueLand":"32200","valueBuilding":"137700","valueTotal":"169900","mailAddr":"665 AVENUE DES OEILLETS","mailCity":"SAINT-BRUNO, QC.","mun":"Saint-Bruno"},"geometry":{"type":"MultiPolygon","coordinates":[[[[-71.646483,48.471761],[-71.646564,48.4716],[-71.646941,48.471898],[-71.64677,48.471993],[-71.646483,48.471761]]]]}},{"type":"Feature","properties":{"owner1":"9177-9017 QUEBEC INC","owner2":null,"matricule":"1974-39-9230","street":"ST-ALPHONSE NORD","civicLow":"0","civicHigh":"0","valueLand":"53100","valueBuilding":"0","valueTotal":"53100","mailAddr":"2075 ROUTE SAINT-ALPHONSE","mailCity":"SAINT-BRUNO, QC.","mun":"Saint-Bruno"},"geometry":{"type":"MultiPolygon","coordinates":[[[[-71.656472,48.50703],[-71.656293,48.507471],[-71.655502,48.507328],[-71.655682,48.506894],[-71.656472,48.50703]]]]}},{"type":"Feature","properties":{"owner1":"DUCHESNE ALMAS","owner2":null,"matricule":"1970-67-5332","street":"NAPOLEON","civicLow":"201","civicHigh":"0","valueLand":"27000","valueBuilding":"95800","valueTotal":"122800","mailAddr":"201 RUE NAPOLEON","mailCity":"SAINT-BRUNO, QC.","mun":"Saint-Bruno"},"geometry":{"type":"MultiPolygon","coordinates":[[[[-71.651442,48.469575],[-71.651549,48.469313],[-71.651774,48.469355],[-71.651666,48.469617],[-71.651442,48.469575]]]]}},{"type":"Feature","properties":{"owner1":"LAVOIE MARCO","owner2":null,"matricule":"1970-67-7626","street":"NAPOLEON","civicLow":"213","civicHigh":"0","valueLand":"41100","valueBuilding":"125400","valueTotal":"166500","mailAddr":"213 RUE NAPOLEON","mailCity":"SAINT-BRUNO, QC.","mun":"Saint-Bruno"},"geometry":{"type":"MultiPolygon","coordinates":[[[[-71.651046,48.469504],[-71.651154,48.469242],[-71.651549,48.469313],[-71.651442,48.469575],[-71.651046,48.469504]]]]}},{"type":"Feature","properties":{"owner1":"GAGNE MARC","owner2":"ST-PIERRE DOMINIQUE","matricule":"1970-66-3884","street":"NAPOLEON","civicLow":"204","civicHigh":"0","valueLand":"28400","valueBuilding":"112100","valueTotal":"140500","mailAddr":"204 RUE NAPOLEON","mailCity":"SAINT-BRUNO, QC.","mun":"Saint-Bruno"},"geometry":{"type":"MultiPolygon","coordinates":[[[[-71.651972,48.468914],[-71.651864,48.469182],[-71.65163,48.469134],[-71.651729,48.468872],[-71.651972,48.468914]]]]}},{"type":"Feature","properties":{"owner1":"ST-LAURENT FRANCOIS","owner2":null,"matricule":"1970-66-6268","street":"NAPOLEON","civicLow":"210","civicHigh":"0","valueLand":"56200","valueBuilding":"161200","valueTotal":"217400","mailAddr":"210 RUE NAPOLEON","mailCity":"SAINT-BRUNO, QC.","mun":"Saint-Bruno"},"geometry":{"type":"MultiPolygon","coordinates":[[[[-71.651729,48.468872],[-71.65163,48.469134],[-71.651145,48.469051],[-71.651316,48.46864],[-71.651792,48.468723],[-71.651729,48.468872]]]]}},{"type":"Feature","properties":{"owner1":"MARCHAND DENIS","owner2":null,"matricule":"1970-66-4628","street":"MELANCON","civicLow":"205","civicHigh":"0","valueLand":"42100","valueBuilding":"190000","valueTotal":"232100","mailAddr":"205 RUE MELANCON","mailCity":"SAINT-BRUNO, QC.","mun":"Saint-Bruno"},"geometry":{"type":"MultiPolygon","coordinates":[[[[-71.651945,48.468402],[-71.65181,48.468729],[-71.651415,48.468658],[-71.651549,48.46833],[-71.651945,48.468402]]]]}},{"type":"Feature","properties":{"owner1":"SIMARD CHRISTIAN","owner2":"BERGERON NANCY","matricule":"1970-67-5159","street":"QUATRE-H","civicLow":"515","civicHigh":"0","valueLand":"34500","valueBuilding":"124900","valueTotal":"159400","mailAddr":"515 AVENUE QUATRE-H","mailCity":"SAINT-BRUNO, QC.","mun":"Saint-Bruno"},"geometry":{"type":"MultiPolygon","coordinates":[[[[-71.651442,48.469575],[-71.651891,48.469659],[-71.651819,48.469831],[-71.65137,48.469748],[-71.651442,48.469575]]]]}},{"type":"Feature","properties":{"owner1":"LAPOINTE JANIE","owner2":null,"matricule":"1970-67-5778","street":"QUATRE-H","civicLow":"525","civicHigh":"0","valueLand":"34500","valueBuilding":"112900","valueTotal":"147400","mailAddr":"525 AVENUE QUATRE-H","mailCity":"SAINT-BRUNO, QC.","mun":"Saint-Bruno"},"geometry":{"type":"MultiPolygon","coordinates":[[[[-71.651819,48.469831],[-71.651747,48.470004],[-71.651307,48.469921],[-71.65137,48.469748],[-71.651819,48.469831]]]]}},{"type":"Feature","properties":{"owner1":"BEAUMONT LEON","owner2":"LAROUCHE MARTINE","matricule":"1970-67-8250","street":"TREMBLAY","civicLow":"510","civicHigh":"0","valueLand":"30800","valueBuilding":"115500","valueTotal":"146300","mailAddr":"510 RUE TREMBLAY","mailCity":"ST-BRUNO, QC.","mun":"Saint-Bruno"},"geometry":{"type":"MultiPolygon","coordinates":[[[[-71.651442,48.469575],[-71.65137,48.469748],[-71.650975,48.469676],[-71.651046,48.469504],[-71.651442,48.469575]]]]}},{"type":"Feature","properties":{"owner1":"BERGERON LISA","owner2":null,"matricule":"1970-67-8869","street":"TREMBLAY","civicLow":"0","civicHigh":"0","valueLand":"30800","valueBuilding":"0","valueTotal":"30800","mailAddr":"530 RUE TREMBLAY","mailCity":"SAINT-BRUNO, QC","mun":"Saint-Bruno"},"geometry":{"type":"MultiPolygon","coordinates":[[[[-71.650975,48.469676],[-71.65137,48.469748],[-71.651307,48.469921],[-71.650903,48.469849],[-71.650975,48.469676]]]]}},{"type":"Feature","properties":{"owner1":"BOUDREAULT GILLES","owner2":null,"matricule":"1970-67-9388","street":"TREMBLAY","civicLow":"530","civicHigh":"0","valueLand":"31000","valueBuilding":"211100","valueTotal":"242100","mailAddr":"530 RUE TREMBLAY","mailCity":"SAINT-BRUNO, QC.","mun":"Saint-Bruno"},"geometry":{"type":"MultiPolygon","coordinates":[[[[-71.651307,48.469921],[-71.651235,48.470093],[-71.65084,48.470022],[-71.650903,48.469849],[-71.651307,48.469921]]]]}},{"type":"Feature","properties":{"owner1":"BERGERON GASTON","owner2":null,"matricule":"1970-67-6297","street":"QUATRE-H","civicLow":"535","civicHigh":"0","valueLand":"35000","valueBuilding":"127400","valueTotal":"162400","mailAddr":"535 AVENUE QUATRE-H","mailCity":"SAINT-BRUNO, QC.","mun":"Saint-Bruno"},"geometry":{"type":"MultiPolygon","coordinates":[[[[-71.651747,48.470004],[-71.651675,48.470177],[-71.651235,48.470093],[-71.651307,48.469921],[-71.651747,48.470004]]]]}},{"type":"Feature","properties":{"owner1":"GAGNON CHRISTIANE","owner2":null,"matricule":"2274-02-0255","street":"SIXIEME RANG NORD","civicLow":"1995","civicHigh":"0","valueLand":"33500","valueBuilding":"129200","valueTotal":"162700","mailAddr":"1995 SIXIEME RANG NORD","mailCity":"SAINT-BRUNO, QC.","mun":"Saint-Bruno"},"geometry":{"type":"MultiPolygon","coordinates":[[[[-71.620926,48.501245],[-71.620701,48.501775],[-71.620153,48.501674],[-71.620369,48.501144],[-71.620926,48.501245]]]]}},{"type":"Feature","properties":{"owner1":"TREMBLAY CAMIL","owner2":null,"matricule":"1869-92-9490","street":"ST-ALPHONSE SUD","civicLow":"39","civicHigh":"0","valueLand":"22800","valueBuilding":"85000","valueTotal":"107800","mailAddr":"39 ROUTE ST-ALPHONSE SUD","mailCity":"SAINT-BRUNO, QC.","mun":"Saint-Bruno"},"geometry":{"type":"MultiPolygon","coordinates":[[[[-71.659949,48.456625],[-71.660155,48.456119],[-71.660497,48.456184],[-71.660299,48.456685],[-71.659949,48.456625]]]]}},{"type":"Feature","properties":{"owner1":"VILLE D'ALMA","owner2":null,"matricule":"2074-17-3858","street":"ST-ALPHONSE","civicLow":"0","civicHigh":"0","valueLand":"13900","valueBuilding":"0","valueTotal":"13900","mailAddr":"140 RUE ST-JOSEPH SUD","mailCity":"ALMA, QC.","mun":"Saint-Bruno"},"geometry":{"type":"MultiPolygon","coordinates":[[[[-71.639871,48.505263],[-71.640321,48.504132],[-71.651163,48.506042],[-71.652816,48.507602],[-71.639871,48.505263]]]]}},{"type":"Feature","properties":{"owner1":"TREMBLAY NATHALIE","owner2":null,"matricule":"1970-35-5478","street":"ST-ALPHONSE","civicLow":"0","civicHigh":"0","valueLand":"51700","valueBuilding":"4500","valueTotal":"56200","mailAddr":"380 AVENUE ST-ALPHONSE","mailCity":"SAINT-BRUNO, QC.","mun":"Saint-Bruno"},"geometry":{"type":"MultiPolygon","coordinates":[[[[-71.656032,48.468015],[-71.655906,48.468312],[-71.655637,48.468259],[-71.655691,48.468146],[-71.655206,48.468068],[-71.655277,48.46789],[-71.656032,48.468015]]]]}},{"type":"Feature","properties":{"owner1":"COTE PIERRE","owner2":null,"matricule":"1974-53-9158","street":"ST-ALPHONSE NORD","civicLow":"1915","civicHigh":"0","valueLand":"52200","valueBuilding":"112100","valueTotal":"164300","mailAddr":"1915 ROUTE ST-ALPHONSE NORD","mailCity":"SAINT-BRUNO, QC.","mun":"Saint-Bruno"},"geometry":{"type":"MultiPolygon","coordinates":[[[[-71.653858,48.501656],[-71.653463,48.502215],[-71.652717,48.502543],[-71.652502,48.50212],[-71.653409,48.501579],[-71.653858,48.501656]]]]}},{"type":"Feature","properties":{"owner1":"COTE MARC-OLIVIER","owner2":"GAUDREAULT LAURIE","matricule":"1970-34-7015","street":"ST-ALPHONSE","civicLow":"307","civicHigh":"0","valueLand":"47800","valueBuilding":"111000","valueTotal":"158800","mailAddr":"307 AVENUE ST-ALPHONSE","mailCity":"SAINT-BRUNO, QC.","mun":"Saint-Bruno"},"geometry":{"type":"MultiPolygon","coordinates":[[[[-71.655691,48.46649],[-71.655583,48.466758],[-71.655044,48.466657],[-71.655152,48.466395],[-71.655691,48.46649]]]]}},{"type":"Feature","properties":{"owner1":"BERGERON GISELE","owner2":null,"matricule":"1970-34-7844","street":"ST-ALPHONSE","civicLow":"315","civicHigh":"0","valueLand":"47800","valueBuilding":"129300","valueTotal":"177100","mailAddr":"315 RUE SAINT-ALPHONSE","mailCity":"SAINT-BRUNO, QC.","mun":"Saint-Bruno"},"geometry":{"type":"MultiPolygon","coordinates":[[[[-71.655583,48.466758],[-71.655475,48.46702],[-71.654936,48.466925],[-71.655044,48.466657],[-71.655583,48.466758]]]]}},{"type":"Feature","properties":{"owner1":"PAINCHAUD MARC","owner2":null,"matricule":"1970-34-3257","street":"ST-ALPHONSE","civicLow":"320","civicHigh":"0","valueLand":"33200","valueBuilding":"129600","valueTotal":"162800","mailAddr":"320 AVENUE ST-ALPHONSE","mailCity":"SAINT-BRUNO, QC.","mun":"Saint-Bruno"},"geometry":{"type":"MultiPolygon","coordinates":[[[[-71.655646,48.467008],[-71.655727,48.466823],[-71.656122,48.466895],[-71.65605,48.46708],[-71.655646,48.467008]]]]}},{"type":"Feature","properties":{"owner1":"FERME MARTIN BOUCHARD S.E.N.C.","owner2":null,"matricule":"2069-08-2883","street":"ST-ALPHONSE","civicLow":"245","civicHigh":"0","valueLand":"289900","valueBuilding":"392400","valueTotal":"682300","mailAddr":"245 AVENUE ST-ALPHONSE","mailCity":"SAINT-BRUNO, QC.","mun":"Saint-Bruno"},"geometry":{"type":"MultiPolygon","coordinates":[[[[-71.636107,48.461921],[-71.636997,48.459657],[-71.637976,48.45983],[-71.638066,48.459211],[-71.637446,48.458538],[-71.637509,48.458377],[-71.656167,48.46176],[-71.656284,48.462445],[-71.656832,48.463684],[-71.655745,48.463488],[-71.655502,48.464048],[-71.656122,48.464161],[-71.655951,48.464566],[-71.656445,48.464661],[-71.656328,48.464929],[-71.655834,48.46484],[-71.655583,48.465459],[-71.636107,48.461921]]]]}},{"type":"Feature","properties":{"owner1":"MUNICIPALITE DE SAINT-BRUNO","owner2":null,"matricule":"2070-49-6800","street":"INDUSTRIELLE","civicLow":"0","civicHigh":"0","valueLand":"30200","valueBuilding":"0","valueTotal":"30200","mailAddr":"563 AVENUE ST-ALPHONSE","mailCity":"SAINT-BRUNO, QC.","mun":"Saint-Bruno"},"geometry":{"type":"MultiPolygon","coordinates":[[[[-71.641515,48.471177],[-71.641524,48.47132],[-71.639719,48.470993],[-71.639746,48.470856],[-71.641515,48.471177]]]]}},{"type":"Feature","properties":{"owner1":"JUAIR CARL","owner2":"BOUCHARD ALEXANDRA","matricule":"2170-06-3324","street":"SIXIEME RANG NORD","civicLow":"700","civicHigh":"0","valueLand":"27300","valueBuilding":"90800","valueTotal":"118100","mailAddr":"700 SIXIEME RANG NORD","mailCity":"SAINT-BRUNO, QC.","mun":"Saint-Bruno"},"geometry":{"type":"MultiPolygon","coordinates":[[[[-71.633161,48.468628],[-71.633017,48.468974],[-71.632613,48.468908],[-71.632829,48.468378],[-71.633224,48.468444],[-71.633161,48.468628]]]]}},{"type":"Feature","properties":{"owner1":"2967-0932 QUEBEC INC","owner2":null,"matricule":"2070-67-0375","street":"INDUSTRIELLE","civicLow":"525","civicHigh":"0","valueLand":"82500","valueBuilding":"884100","valueTotal":"966600","mailAddr":"40 RUE PRINCIPALE","mailCity":"SAINT-ARSENE, QC.","mun":"Saint-Bruno"},"geometry":{"type":"MultiPolygon","coordinates":[[[[-71.638039,48.469236],[-71.638084,48.468771],[-71.639252,48.468688],[-71.639692,48.469801],[-71.639512,48.470957],[-71.637751,48.470641],[-71.638039,48.469236]]]]}},{"type":"Feature","properties":{"owner1":"TOITUREX INC.","owner2":null,"matricule":"2070-65-1190","street":"MELANCON","civicLow":"695","civicHigh":"0","valueLand":"107800","valueBuilding":"408600","valueTotal":"516400","mailAddr":"695 RUE MELANCON","mailCity":"SAINT-BRUNO, QC.","mun":"Saint-Bruno"},"geometry":{"type":"MultiPolygon","coordinates":[[[[-71.637985,48.467967],[-71.639099,48.467872],[-71.639252,48.468688],[-71.638084,48.468771],[-71.637985,48.467967]]]]}},{"type":"Feature","properties":{"owner1":"BOUCHARD FERNAND","owner2":"BOUCHARD MARIO","matricule":"2371-34-7713","street":"Adresse non codifiée","civicLow":"0","civicHigh":"0","valueLand":"323800","valueBuilding":"1600","valueTotal":"325400","mailAddr":"800 SEPTIEME RANG NORD","mailCity":"SAINT-BRUNO, QC.","mun":"Saint-Bruno"},"geometry":{"type":"MultiPolygon","coordinates":[[[[-71.60711,48.476603],[-71.607137,48.476496],[-71.608358,48.476579],[-71.608736,48.47649],[-71.609167,48.476174],[-71.609823,48.476156],[-71.609939,48.475924],[-71.609877,48.475501],[-71.617872,48.476883],[-71.616964,48.479169],[-71.606831,48.477401],[-71.60711,48.476603]]],[[[-71.605915,48.479366],[-71.589476,48.47621],[-71.584652,48.475436],[-71.586395,48.471124],[-71.607137,48.474923],[-71.607011,48.476061],[-71.606643,48.475995],[-71.606616,48.476376],[-71.606984,48.476448],[-71.606544,48.477758],[-71.605735,48.477812],[-71.605655,48.478038],[-71.605259,48.478038],[-71.60516,48.478312],[-71.60569,48.478467],[-71.606292,48.478425],[-71.605915,48.479366]]]]}},{"type":"Feature","properties":{"owner1":"BELLEY ANDRE","owner2":null,"matricule":"1971-67-8489","street":"THIBEAULT","civicLow":"945","civicHigh":"0","valueLand":"28900","valueBuilding":"77200","valueTotal":"106100","mailAddr":"192 CHEMIN DU PATELIN DES JEAN","mailCity":"SAINT-LUDGER-DE-MILOT, QC.","mun":"Saint-Bruno"},"geometry":{"type":"MultiPolygon","coordinates":[[[[-71.651612,48.478919],[-71.65154,48.479098],[-71.65119,48.479038],[-71.651262,48.478854],[-71.651612,48.478919]]]]}},{"type":"Feature","properties":{"owner1":"CAOUETTE DENIS","owner2":null,"matricule":"2273-73-1399","street":"SIXIEME RANG NORD","civicLow":"1952","civicHigh":"0","valueLand":"47700","valueBuilding":"0","valueTotal":"47700","mailAddr":"1430 BOULEVARD AUGER OUEST","mailCity":"ALMA, QC.","mun":"Saint-Bruno"},"geometry":{"type":"MultiPolygon","coordinates":[[[[-71.600462,48.493215],[-71.60137,48.490947],[-71.61868,48.494102],[-71.617979,48.49584],[-71.621878,48.496549],[-71.621654,48.497084],[-71.600462,48.493215]]]]}},{"type":"Feature","properties":{"owner1":"BOUCHARD OMER","owner2":"FORTIN JACYNTHE","matricule":"2271-04-8603","street":"SIXIEME RANG NORD","civicLow":"1150","civicHigh":"1160","valueLand":"224300","valueBuilding":"564100","valueTotal":"788400","mailAddr":"1150 SIXIEME RANG NORD","mailCity":"SAINT-BRUNO, QC.","mun":"Saint-Bruno"},"geometry":{"type":"MultiPolygon","coordinates":[[[[-71.617872,48.476883],[-71.607703,48.47512],[-71.608044,48.474233],[-71.608879,48.473387],[-71.609122,48.472893],[-71.629981,48.476573],[-71.629083,48.478806],[-71.617872,48.476883]]]]}},{"type":"Feature","properties":{"owner1":"FERME JM.M.S.D. S.E.N.C.","owner2":null,"matricule":"2271-01-0154","street":"SIXIEME RANG NORD","civicLow":"1000","civicHigh":"1022","valueLand":"219400","valueBuilding":"353400","valueTotal":"572800","mailAddr":"980 SIXIEME RANG NORD","mailCity":"SAINT-BRUNO, QC.","mun":"Saint-Bruno"},"geometry":{"type":"MultiPolygon","coordinates":[[[[-71.630664,48.474852],[-71.629981,48.476573],[-71.609095,48.472887],[-71.609275,48.471433],[-71.60958,48.470534],[-71.630367,48.474197],[-71.63034,48.474268],[-71.630861,48.474364],[-71.630664,48.474852]]]]}},{"type":"Feature","properties":{"owner1":"JEAN ALEXANDRE","owner2":"SIMARD CLAUDINE","matricule":"2070-18-7463","street":"BEAUMONT","civicLow":"575","civicHigh":"0","valueLand":"36000","valueBuilding":"193200","valueTotal":"229200","mailAddr":"575 PLATEAU BEAUMONT","mailCity":"SAINT-BRUNO, QC.","mun":"Saint-Bruno"},"geometry":{"type":"MultiPolygon","coordinates":[[[[-71.644794,48.4706],[-71.644686,48.470862],[-71.644363,48.470802],[-71.644507,48.470546],[-71.644794,48.4706]]]]}},{"type":"Feature","properties":{"owner1":"MUNICIPALITE DE SAINT-BRUNO","owner2":null,"matricule":"2672-93-9656","street":"Adresse non codifiée","civicLow":"0","civicHigh":"0","valueLand":"2300","valueBuilding":"0","valueTotal":"2300","mailAddr":"563 AVENUE ST-ALPHONSE","mailCity":"SAINT-BRUNO, QC.","mun":"Saint-Bruno"},"geometry":{"type":"MultiPolygon","coordinates":[[[[-71.555654,48.485177],[-71.554522,48.485612],[-71.550839,48.485338],[-71.551244,48.484272],[-71.555654,48.485177]]]]}},{"type":"Feature","properties":{"owner1":"TREMBLAY MARCEL","owner2":"PELLETIER SARAH","matricule":"2069-88-0905","street":"SIXIEME RANG SUD","civicLow":"490","civicHigh":"0","valueLand":"30000","valueBuilding":"118800","valueTotal":"148800","mailAddr":"490 SIXIEME RANG SUD","mailCity":"SAINT-BRUNO, QC.","mun":"Saint-Bruno"},"geometry":{"type":"MultiPolygon","coordinates":[[[[-71.635353,48.461391],[-71.635488,48.461057],[-71.636206,48.461182],[-71.63608,48.461504],[-71.635353,48.461391]]]]}},{"type":"Feature","properties":{"owner1":"LAVOIE MARCO","owner2":null,"matricule":"2070-92-9984","street":"SIXIEME RANG SUD","civicLow":"550","civicHigh":"560","valueLand":"33300","valueBuilding":"87200","valueTotal":"120500","mailAddr":"213  RUE NAPOLEON","mailCity":"SAINT-BRUNO, QC.","mun":"Saint-Bruno"},"geometry":{"type":"MultiPolygon","coordinates":[[[[-71.633089,48.466508],[-71.632317,48.465245],[-71.632703,48.464852],[-71.634176,48.46512],[-71.633996,48.465596],[-71.634481,48.465418],[-71.633951,48.466406],[-71.633368,48.466317],[-71.633089,48.466508]]]]}},{"type":"Feature","properties":{"owner1":"THERIAULT STEPHANE","owner2":null,"matricule":"1971-80-8923","street":"ROSIERS","civicLow":"645","civicHigh":"0","valueLand":"32200","valueBuilding":"130800","valueTotal":"163000","mailAddr":"510 TROISIEME RANG OUEST","mailCity":"SAINT-BRUNO, QC.","mun":"Saint-Bruno"},"geometry":{"type":"MultiPolygon","coordinates":[[[[-71.648702,48.472053],[-71.64863,48.472231],[-71.648235,48.47216],[-71.648307,48.471981],[-71.648702,48.472053]]]]}},{"type":"Feature","properties":{"owner1":"BELANGER DENIS","owner2":"MORIN MARIE-CLAIRE","matricule":"1971-80-9542","street":"ROSIERS","civicLow":"655","civicHigh":"0","valueLand":"32200","valueBuilding":"135000","valueTotal":"167200","mailAddr":"655 AVENUE DES ROSIERS","mailCity":"SAINT-BRUNO, QC.","mun":"Saint-Bruno"},"geometry":{"type":"MultiPolygon","coordinates":[[[[-71.64863,48.472231],[-71.648558,48.472416],[-71.648163,48.472345],[-71.648235,48.47216],[-71.64863,48.472231]]]]}},{"type":"Feature","properties":{"owner1":"GAGNON PATRICK","owner2":"FOURNIER EMILIE","matricule":"1970-93-8222","street":"NORMANDIE","civicLow":"390","civicHigh":"0","valueLand":"35900","valueBuilding":"145000","valueTotal":"180900","mailAddr":"390 RUE NORMANDIE","mailCity":"SAINT-BRUNO, QC.","mun":"Saint-Bruno"},"geometry":{"type":"MultiPolygon","coordinates":[[[[-71.647282,48.465727],[-71.647184,48.465978],[-71.646869,48.465918],[-71.646968,48.465668],[-71.647282,48.465727]]]]}},{"type":"Feature","properties":{"owner1":"NERON JOCELYN","owner2":"LAPIERRE LYNE","matricule":"1971-72-2915","street":"FORTIN","civicLow":"165","civicHigh":"0","valueLand":"38800","valueBuilding":"101500","valueTotal":"140300","mailAddr":"165 RUE FORTIN","mailCity":"SAINT-BRUNO, QC.","mun":"Saint-Bruno"},"geometry":{"type":"MultiPolygon","coordinates":[[[[-71.650903,48.473714],[-71.650795,48.473976],[-71.650436,48.473917],[-71.650552,48.473673],[-71.650903,48.473714]]]]}},{"type":"Feature","properties":{"owner1":"DUBE RICHARD","owner2":"PARENT CATHY","matricule":"1971-72-5208","street":"FORTIN","civicLow":"175","civicHigh":"0","valueLand":"31300","valueBuilding":"124700","valueTotal":"156000","mailAddr":"175 RUE FORTIN","mailCity":"SAINT-BRUNO, QC.","mun":"Saint-Bruno"},"geometry":{"type":"MultiPolygon","coordinates":[[[[-71.650525,48.473702],[-71.650436,48.473917],[-71.650175,48.473869],[-71.650283,48.473601],[-71.650525,48.473702]]]]}},{"type":"Feature","properties":{"owner1":"GIRARD MANON","owner2":null,"matricule":"1971-72-7701","street":"FORTIN","civicLow":"195","civicHigh":"0","valueLand":"41000","valueBuilding":"84800","valueTotal":"125800","mailAddr":"195 RUE FORTIN","mailCity":"SAINT-BRUNO, QC.","mun":"Saint-Bruno"},"geometry":{"type":"MultiPolygon","coordinates":[[[[-71.650256,48.473655],[-71.650175,48.473869],[-71.64978,48.473798],[-71.649888,48.47353],[-71.650256,48.473655]]]]}},{"type":"Feature","properties":{"owner1":"BERGERON ERIC","owner2":"BEAUMONT CAROLINE","matricule":"1970-84-5877","street":"ARTISANS","civicLow":"321","civicHigh":"0","valueLand":"36100","valueBuilding":"103800","valueTotal":"139900","mailAddr":"321 RUE DES ARTISANS","mailCity":"SAINT-BRUNO, QC.","mun":"Saint-Bruno"},"geometry":{"type":"MultiPolygon","coordinates":[[[[-71.648657,48.46702],[-71.648989,48.467151],[-71.648899,48.467359],[-71.648558,48.467258],[-71.648657,48.46702]]]]}},{"type":"Feature","properties":{"owner1":"PARENT ANDREE-ANNE","owner2":null,"matricule":"1970-84-9191","street":"PARE","civicLow":"336","civicHigh":"0","valueLand":"37700","valueBuilding":"95700","valueTotal":"133400","mailAddr":"336 RUE PARE","mailCity":"SAINT-BRUNO, QC.","mun":"Saint-Bruno"},"geometry":{"type":"MultiPolygon","coordinates":[[[[-71.648558,48.467258],[-71.648468,48.467485],[-71.648109,48.467419],[-71.648217,48.467157],[-71.648558,48.467258]]]]}},{"type":"Feature","properties":{"owner1":"RENAUD DOMINIC","owner2":null,"matricule":"1970-84-8364","street":"ARTISANS","civicLow":"347","civicHigh":"0","valueLand":"37400","valueBuilding":"131400","valueTotal":"168800","mailAddr":"347 RUE DES ARTISANS","mailCity":"SAINT-BRUNO, QC","mun":"Saint-Bruno"},"geometry":{"type":"MultiPolygon","coordinates":[[[[-71.648316,48.466913],[-71.648657,48.46702],[-71.648558,48.467258],[-71.648217,48.467157],[-71.648316,48.466913]]]]}},{"type":"Feature","properties":{"owner1":"BRASSARD SYLVAIN","owner2":"DROLET MICHELE","matricule":"1970-94-1683","street":"PARE","civicLow":"358","civicHigh":"0","valueLand":"37900","valueBuilding":"117700","valueTotal":"155600","mailAddr":"358 RUE PARE","mailCity":"SAINT-BRUNO, QC.","mun":"Saint-Bruno"},"geometry":{"type":"MultiPolygon","coordinates":[[[[-71.647947,48.467389],[-71.647803,48.467288],[-71.647857,48.467091],[-71.648217,48.467157],[-71.648109,48.467419],[-71.647947,48.467389]]]]}},{"type":"Feature","properties":{"owner1":"LAROUCHE MARTIN","owner2":null,"matricule":"1970-79-5397","street":"LILAS","civicLow":"620","civicHigh":"0","valueLand":"32200","valueBuilding":"120200","valueTotal":"152400","mailAddr":"620 AVENUE DES LILAS","mailCity":"SAINT-BRUNO, QC.","mun":"Saint-Bruno"},"geometry":{"type":"MultiPolygon","coordinates":[[[[-71.650543,48.471803],[-71.650471,48.471981],[-71.650076,48.47191],[-71.650148,48.471731],[-71.650543,48.471803]]]]}},{"type":"Feature","properties":{"owner1":"GIRARD DANIELLE","owner2":null,"matricule":"1970-16-6628","street":"PRES","civicLow":"366","civicHigh":"0","valueLand":"24100","valueBuilding":"150900","valueTotal":"175000","mailAddr":"366 RUE DES PRES","mailCity":"SAINT-BRUNO, QC.","mun":"Saint-Bruno"},"geometry":{"type":"MultiPolygon","coordinates":[[[[-71.658413,48.468444],[-71.658359,48.468569],[-71.657927,48.468485],[-71.658017,48.468378],[-71.658413,48.468444]]]]}},{"type":"Feature","properties":{"owner1":"DION VALERIE","owner2":null,"matricule":"1970-16-7042","street":"PRES","civicLow":"368","civicHigh":"0","valueLand":"23900","valueBuilding":"140000","valueTotal":"163900","mailAddr":"368 RUE DES PRES","mailCity":"SAINT-BRUNO","mun":"Saint-Bruno"},"geometry":{"type":"MultiPolygon","coordinates":[[[[-71.657874,48.46861],[-71.657927,48.468485],[-71.658359,48.468569],[-71.658314,48.468688],[-71.657874,48.46861]]]]}},{"type":"Feature","properties":{"owner1":"MUNICIPALITE DE SAINT-BRUNO","owner2":null,"matricule":"1970-16-7455","street":"PRES","civicLow":"370","civicHigh":"0","valueLand":"23900","valueBuilding":"0","valueTotal":"23900","mailAddr":"563 AVENUE ST-ALPHONSE","mailCity":"SAINT-BRUNO, QC.","mun":"Saint-Bruno"},"geometry":{"type":"MultiPolygon","coordinates":[[[[-71.65782,48.468729],[-71.657874,48.46861],[-71.658314,48.468688],[-71.65826,48.468813],[-71.65782,48.468729]]]]}},{"type":"Feature","properties":{"owner1":"MUNICIPALITE DE SAINT-BRUNO","owner2":null,"matricule":"1970-16-7869","street":"PRES","civicLow":"372","civicHigh":"0","valueLand":"23900","valueBuilding":"0","valueTotal":"23900","mailAddr":"563 AVENUE ST-ALPHONSE","mailCity":"SAINT-BRUNO, QC.","mun":"Saint-Bruno"},"geometry":{"type":"MultiPolygon","coordinates":[[[[-71.657775,48.468854],[-71.65782,48.468729],[-71.65826,48.468813],[-71.658215,48.468932],[-71.657775,48.468854]]]]}},{"type":"Feature","properties":{"owner1":"LAVOIE HAROLD","owner2":null,"matricule":"1970-16-8282","street":"PRES","civicLow":"374","civicHigh":"0","valueLand":"23900","valueBuilding":"154000","valueTotal":"177900","mailAddr":"374 RUE DES PRES","mailCity":"SAINT-BRUNO, QC.","mun":"Saint-Bruno"},"geometry":{"type":"MultiPolygon","coordinates":[[[[-71.657721,48.468974],[-71.657775,48.468854],[-71.658215,48.468932],[-71.658161,48.469051],[-71.657721,48.468974]]]]}},{"type":"Feature","properties":{"owner1":"SAVARD SABRINA","owner2":null,"matricule":"1970-16-8699","street":"PRES","civicLow":"376","civicHigh":"0","valueLand":"34400","valueBuilding":"152300","valueTotal":"186700","mailAddr":"376 RUE DES PRES","mailCity":"SAINT-BRUNO, QC.","mun":"Saint-Bruno"},"geometry":{"type":"MultiPolygon","coordinates":[[[[-71.658161,48.469051],[-71.658089,48.46923],[-71.657676,48.469123],[-71.657721,48.468974],[-71.658161,48.469051]]]]}},{"type":"Feature","properties":{"owner1":"COTE CATHERINE","owner2":"LAVOIE ALEXANDRE","matricule":"1970-15-3831","street":"PRES","civicLow":"350","civicHigh":"0","valueLand":"28800","valueBuilding":"179400","valueTotal":"208200","mailAddr":"350 RUE DES PRES","mailCity":"SAINT-BRUNO, QC.","mun":"Saint-Bruno"},"geometry":{"type":"MultiPolygon","coordinates":[[[[-71.658278,48.467616],[-71.658323,48.467502],[-71.65879,48.46752],[-71.658718,48.467699],[-71.658278,48.467616]]]]}},{"type":"Feature","properties":{"owner1":"LAROCHE NANCY","owner2":null,"matricule":"1873-21-2556","street":"CINQUIEME RANG OUEST","civicLow":"500","civicHigh":"0","valueLand":"24400","valueBuilding":"137800","valueTotal":"162200","mailAddr":"500 CINQUIEME RANG OUEST","mailCity":"SAINT-BRUNO, QC.","mun":"Saint-Bruno"},"geometry":{"type":"MultiPolygon","coordinates":[[[[-71.671771,48.491042],[-71.671618,48.49131],[-71.671061,48.491107],[-71.671223,48.490762],[-71.671771,48.491042]]]]}},{"type":"Feature","properties":{"owner1":"EMOND MARCEL","owner2":null,"matricule":"1971-70-2101","street":"QUATRE-H","civicLow":"615","civicHigh":"0","valueLand":"34700","valueBuilding":"152500","valueTotal":"187200","mailAddr":"615 AVENUE QUATRE-H","mailCity":"SAINT-BRUNO, QC.","mun":"Saint-Bruno"},"geometry":{"type":"MultiPolygon","coordinates":[[[[-71.650516,48.471952],[-71.650597,48.471773],[-71.650993,48.471844],[-71.650921,48.472023],[-71.650516,48.471952]]]]}},{"type":"Feature","properties":{"owner1":"DUFOUR GUY","owner2":"FRIOLET MONA","matricule":"1970-77-3258","street":"TREMBLAY","civicLow":"511","civicHigh":"513","valueLand":"37100","valueBuilding":"157000","valueTotal":"194100","mailAddr":"511 RUE TREMBLAY","mailCity":"SAINT-BRUNO, QC.","mun":"Saint-Bruno"},"geometry":{"type":"MultiPolygon","coordinates":[[[[-71.650382,48.469569],[-71.650777,48.469641],[-71.650687,48.469855],[-71.650292,48.469778],[-71.650382,48.469569]]]]}},{"type":"Feature","properties":{"owner1":"BOUCHARD DOMINIC","owner2":"TREMBLAY LOUISE","matricule":"2570-69-9452","street":"HUITIEME RANG NORD","civicLow":"1150","civicHigh":"0","valueLand":"19200","valueBuilding":"20700","valueTotal":"39900","mailAddr":"3420 RUE DES LILAS","mailCity":"JONQUIERE,QC","mun":"Saint-Bruno"},"geometry":{"type":"MultiPolygon","coordinates":[[[[-71.563559,48.471773],[-71.563964,48.470641],[-71.57645,48.472702],[-71.576145,48.473238],[-71.576064,48.473839],[-71.563559,48.471773]]]]}},{"type":"Feature","properties":{"owner1":"LES PLATRIERS DU LAC INC","owner2":null,"matricule":"1970-10-9608","street":"ST-ALPHONSE","civicLow":"130","civicHigh":"0","valueLand":"55900","valueBuilding":"57800","valueTotal":"113700","mailAddr":"198 RUE DE QUEN","mailCity":"SAINT-GEDEON, QC","mun":"Saint-Bruno"},"geometry":{"type":"MultiPolygon","coordinates":[[[[-71.657335,48.463041],[-71.657469,48.462642],[-71.657963,48.462737],[-71.657802,48.46313],[-71.657335,48.463041]]]]}},{"type":"Feature","properties":{"owner1":"MUNGER ETIENNE","owner2":null,"matricule":"1970-11-9055","street":"ST-ALPHONSE","civicLow":"196","civicHigh":"0","valueLand":"104300","valueBuilding":"184800","valueTotal":"289100","mailAddr":"196 AVENUE ST-ALPHONSE","mailCity":"SAINT-BRUNO, QC.","mun":"Saint-Bruno"},"geometry":{"type":"MultiPolygon","coordinates":[[[[-71.657784,48.465263],[-71.657002,48.465036],[-71.657164,48.464637],[-71.65667,48.464548],[-71.657011,48.46372],[-71.65764,48.463839],[-71.65773,48.463637],[-71.657128,48.463529],[-71.657335,48.463041],[-71.658862,48.463339],[-71.658008,48.465364],[-71.657784,48.465263]]]]}},{"type":"Feature","properties":{"owner1":"GIRARD PATRICK","owner2":null,"matricule":"2071-03-5121","street":"ERABLES","civicLow":"795","civicHigh":"0","valueLand":"41200","valueBuilding":"341900","valueTotal":"383100","mailAddr":"795 AVENUE DES ERABLES","mailCity":"SAINT-BRUNO, QC.","mun":"Saint-Bruno"},"geometry":{"type":"MultiPolygon","coordinates":[[[[-71.646555,48.474905],[-71.646079,48.474989],[-71.646204,48.474602],[-71.646591,48.474774],[-71.646555,48.474905]]]]}},{"type":"Feature","properties":{"owner1":"LEMAY MARTIN","owner2":"BOULANGER MYLENE","matricule":"2071-03-3800","street":"ERABLES","civicLow":"785","civicHigh":"0","valueLand":"37700","valueBuilding":"182400","valueTotal":"220100","mailAddr":"785 AVENUE DES ERABLES","mailCity":"SAINT-BRUNO, QC.","mun":"Saint-Bruno"},"geometry":{"type":"MultiPolygon","coordinates":[[[[-71.646204,48.474602],[-71.64642,48.474471],[-71.646851,48.474643],[-71.646591,48.474774],[-71.646204,48.474602]]]]}},{"type":"Feature","properties":{"owner1":"LAROUCHE MARTIN","owner2":"COTE CLAUDIA","matricule":"2071-02-2284","street":"ERABLES","civicLow":"775","civicHigh":"0","valueLand":"37300","valueBuilding":"208000","valueTotal":"245300","mailAddr":"775 AVENUE DES ERABLES","mailCity":"SAINT-BRUNO, QC.","mun":"Saint-Bruno"},"geometry":{"type":"MultiPolygon","coordinates":[[[[-71.64642,48.474471],[-71.646618,48.474322],[-71.646995,48.474453],[-71.646851,48.474643],[-71.64642,48.474471]]]]}},{"type":"Feature","properties":{"owner1":"BELLEY NANCY","owner2":null,"matricule":"2071-02-1164","street":"ERABLES","civicLow":"765","civicHigh":"0","valueLand":"36000","valueBuilding":"182900","valueTotal":"218900","mailAddr":"765 AVENUE DES ERABLES","mailCity":"SAINT-BRUNO, QC.","mun":"Saint-Bruno"},"geometry":{"type":"MultiPolygon","coordinates":[[[[-71.646618,48.474322],[-71.646726,48.474149],[-71.64713,48.474256],[-71.646995,48.474453],[-71.646618,48.474322]]]]}},{"type":"Feature","properties":{"owner1":"DALLAIRE PATRICK","owner2":"LAVOIE MARIE-EVE","matricule":"2071-02-0344","street":"ERABLES","civicLow":"755","civicHigh":"0","valueLand":"35700","valueBuilding":"235300","valueTotal":"271000","mailAddr":"755 AVENUE DES ERABLES","mailCity":"SAINT-BRUNO, QC.","mun":"Saint-Bruno"},"geometry":{"type":"MultiPolygon","coordinates":[[[[-71.646726,48.474149],[-71.646833,48.473982],[-71.647229,48.474054],[-71.64713,48.474256],[-71.646726,48.474149]]]]}},{"type":"Feature","properties":{"owner1":"BOIVIN KEVIN","owner2":"DESJARDINS STEPHANIE","matricule":"1971-30-5557","street":"L'EGLISE","civicLow":"141","civicHigh":"0","valueLand":"38900","valueBuilding":"0","valueTotal":"38900","mailAddr":"1327 AVENUE MARGUERITE-D'YOUVILLE","mailCity":"ALMA, QC","mun":"Saint-Bruno"},"geometry":{"type":"MultiPolygon","coordinates":[[[[-71.65579,48.472476],[-71.655763,48.472547],[-71.655502,48.472494],[-71.655646,48.472142],[-71.655915,48.47219],[-71.65579,48.472476]]]]}},{"type":"Feature","properties":{"owner1":"NUTRINOR, COOPERATIVE AGRO-ALIMENTAIRE","owner2":null,"matricule":"1970-56-2272","street":"MELANCON","civicLow":"121","civicHigh":"133","valueLand":"165100","valueBuilding":"477300","valueTotal":"642400","mailAddr":"425 RUE MELANCON","mailCity":"SAINT-BRUNO, QC.","mun":"Saint-Bruno"},"geometry":{"type":"MultiPolygon","coordinates":[[[[-71.65287,48.468991],[-71.653032,48.468592],[-71.653894,48.468747],[-71.653696,48.469212],[-71.652843,48.469057],[-71.65287,48.468991]]]]}},{"type":"Feature","properties":{"owner1":"FAUCHER ALEXANDRA","owner2":"BOUCHARD MELISSA","matricule":"1970-47-9577","street":"NAPOLEON","civicLow":"123","civicHigh":"0","valueLand":"36800","valueBuilding":"113700","valueTotal":"150500","mailAddr":"123 RUE NAPOLEON","mailCity":"SAINT-BRUNO, QC.","mun":"Saint-Bruno"},"geometry":{"type":"MultiPolygon","coordinates":[[[[-71.653535,48.46995],[-71.653643,48.469682],[-71.653966,48.469742],[-71.653858,48.470004],[-71.653535,48.46995]]]]}},{"type":"Feature","properties":{"owner1":"LAPIERRE SONIA","owner2":null,"matricule":"1970-57-1671","street":"NAPOLEON","civicLow":"125","civicHigh":"0","valueLand":"28400","valueBuilding":"105800","valueTotal":"134200","mailAddr":"125 RUE NAPOLEON","mailCity":"SAINT-BRUNO, QC.","mun":"Saint-Bruno"},"geometry":{"type":"MultiPolygon","coordinates":[[[[-71.653508,48.469944],[-71.653301,48.469909],[-71.653409,48.469641],[-71.653643,48.469682],[-71.653508,48.469944]]]]}},{"type":"Feature","properties":{"owner1":"CLAVEAU ROBERT","owner2":null,"matricule":"1970-57-3266","street":"NAPOLEON","civicLow":"135","civicHigh":"0","valueLand":"23700","valueBuilding":"116300","valueTotal":"140000","mailAddr":"135 RUE NAPOLEON","mailCity":"SAINT-BRUNO, QC.","mun":"Saint-Bruno"},"geometry":{"type":"MultiPolygon","coordinates":[[[[-71.653409,48.469641],[-71.653301,48.469909],[-71.653095,48.469873],[-71.653202,48.469605],[-71.653409,48.469641]]]]}},{"type":"Feature","properties":{"owner1":"HALEY JONATHAN","owner2":"GAGNON JOANNIE","matricule":"2070-13-9220","street":"NORMANDIE","civicLow":"480","civicHigh":"0","valueLand":"40000","valueBuilding":"129200","valueTotal":"169200","mailAddr":"480 RUE NORMANDIE","mailCity":"SAINT-BRUNO, QC.","mun":"Saint-Bruno"},"geometry":{"type":"MultiPolygon","coordinates":[[[[-71.643977,48.4659],[-71.644093,48.465614],[-71.644507,48.465817],[-71.64439,48.465978],[-71.643977,48.4659]]]]}},{"type":"Feature","properties":{"owner1":"TREMBLAY JACQUES","owner2":null,"matricule":"2073-37-8742","street":"ST-ALPHONSE NORD","civicLow":"1670","civicHigh":"0","valueLand":"36700","valueBuilding":"105300","valueTotal":"142000","mailAddr":"1670 ROUTE ST-ALPHONSE NORD","mailCity":"SAINT-BRUNO, QC.","mun":"Saint-Bruno"},"geometry":{"type":"MultiPolygon","coordinates":[[[[-71.642243,48.497138],[-71.640653,48.495632],[-71.642575,48.495977],[-71.642441,48.496281],[-71.643303,48.496531],[-71.642845,48.497703],[-71.642243,48.497138]]]]}},{"type":"Feature","properties":{"owner1":"BOUCHARD OMER","owner2":"FORTIN JACYNTHE","matricule":"2173-12-8695","street":"Adresse non codifiée","civicLow":"0","civicHigh":"0","valueLand":"145900","valueBuilding":"0","valueTotal":"145900","mailAddr":"1150 SIXIEME RANG NORD","mailCity":"SAINT-BRUNO, QC.","mun":"Saint-Bruno"},"geometry":{"type":"MultiPolygon","coordinates":[[[[-71.639,48.494548],[-71.640033,48.495519],[-71.623827,48.492572],[-71.624771,48.490256],[-71.636808,48.492477],[-71.639,48.494548]]]]}},{"type":"Feature","properties":{"owner1":"RATTHE YOHANN","owner2":"LAMIRANDE CHRISTINE","matricule":"2172-68-7154","street":"SIXIEME RANG NORD","civicLow":"1720","civicHigh":"0","valueLand":"27400","valueBuilding":"135700","valueTotal":"163100","mailAddr":"1720 SIXIEME RANG NORD","mailCity":"SAINT-BRUNO, QC.","mun":"Saint-Bruno"},"geometry":{"type":"MultiPolygon","coordinates":[[[[-71.624896,48.488946],[-71.624825,48.489113],[-71.624429,48.489042],[-71.624645,48.488512],[-71.625049,48.488583],[-71.624896,48.488946]]]]}},{"type":"Feature","properties":{"owner1":"MAURICE ST-LAURENT LTEE","owner2":null,"matricule":"2170-08-1401","street":"Adresse non codifiée","civicLow":"0","civicHigh":"0","valueLand":"21300","valueBuilding":"0","valueTotal":"21300","mailAddr":"745 SIXIEME RANG NORD","mailCity":"SAINT-BRUNO, QC.","mun":"Saint-Bruno"},"geometry":{"type":"MultiPolygon","coordinates":[[[[-71.63308,48.469813],[-71.633673,48.469921],[-71.63335,48.470713],[-71.632757,48.470606],[-71.63308,48.469813]]]]}},{"type":"Feature","properties":{"owner1":"PEDNEAULT SYLVAIN","owner2":"TURCOTTE CHANTALE","matricule":"2070-07-9857","street":"JAUVIN","civicLow":"390","civicHigh":"0","valueLand":"36500","valueBuilding":"138700","valueTotal":"175200","mailAddr":"390 RUE JAUVIN","mailCity":"SAINT-BRUNO, QC.","mun":"Saint-Bruno"},"geometry":{"type":"MultiPolygon","coordinates":[[[[-71.645486,48.469587],[-71.6458,48.469647],[-71.645692,48.469909],[-71.645378,48.469855],[-71.645486,48.469587]]]]}},{"type":"Feature","properties":{"owner1":"TREMBLAY LOUIS","owner2":"POULIN CATHERINE","matricule":"2070-17-2150","street":"JAUVIN","civicLow":"400","civicHigh":"0","valueLand":"36500","valueBuilding":"198500","valueTotal":"235000","mailAddr":"400 RUE JAUVIN","mailCity":"SAINT-BRUNO, QC.","mun":"Saint-Bruno"},"geometry":{"type":"MultiPolygon","coordinates":[[[[-71.645486,48.469587],[-71.645378,48.469855],[-71.645064,48.469796],[-71.645171,48.469533],[-71.645486,48.469587]]]]}},{"type":"Feature","properties":{"owner1":"ST-GELAIS GUYLAINE","owner2":null,"matricule":"1970-65-6175","street":"MELANCON","civicLow":"230","civicHigh":"0","valueLand":"15500","valueBuilding":"85500","valueTotal":"101000","mailAddr":"230 RUE MELANCON","mailCity":"SAINT-BRUNO, QC.","mun":"Saint-Bruno"},"geometry":{"type":"MultiPolygon","coordinates":[[[[-71.65163,48.468009],[-71.651576,48.46814],[-71.651289,48.468092],[-71.651343,48.467961],[-71.65163,48.468009]]]]}},{"type":"Feature","properties":{"owner1":"VILLENEUVE DANY","owner2":null,"matricule":"2071-11-0416","street":"JONQUILLES","civicLow":"345","civicHigh":"0","valueLand":"45000","valueBuilding":"187200","valueTotal":"232200","mailAddr":"345 RUE DES JONQUILLES","mailCity":"SAINT-BRUNO, QC.","mun":"Saint-Bruno"},"geometry":{"type":"MultiPolygon","coordinates":[[[[-71.645612,48.473113],[-71.645567,48.473226],[-71.645306,48.473172],[-71.645504,48.472815],[-71.645791,48.472726],[-71.64571,48.473131],[-71.645612,48.473113]]]]}},{"type":"Feature","properties":{"owner1":"DUBE VERONIQUE","owner2":null,"matricule":"2071-01-9270","street":"OEILLETS","civicLow":"735","civicHigh":"0","valueLand":"42100","valueBuilding":"222300","valueTotal":"264400","mailAddr":"735 RUE DES OEILLETS","mailCity":"SAINT-BRUNO, QC.","mun":"Saint-Bruno"},"geometry":{"type":"MultiPolygon","coordinates":[[[[-71.64545,48.473482],[-71.645639,48.473309],[-71.646034,48.473381],[-71.64589,48.473655],[-71.64545,48.473482]]]]}},{"type":"Feature","properties":{"owner1":"CHAMPIGNY SONIA","owner2":null,"matricule":"2071-11-1389","street":"OEILLETS","civicLow":"745","civicHigh":"0","valueLand":"41900","valueBuilding":"185700","valueTotal":"227600","mailAddr":"745 AVENUE DES OEILLETS","mailCity":"SAINT-BRUNO, QC.","mun":"Saint-Bruno"},"geometry":{"type":"MultiPolygon","coordinates":[[[[-71.645144,48.473673],[-71.64545,48.473482],[-71.64589,48.473655],[-71.645576,48.473792],[-71.645144,48.473673]]]]}},{"type":"Feature","properties":{"owner1":"MUNICIPALITE DE SAINT-BRUNO","owner2":null,"matricule":"1970-29-5030","street":"FABRIQUE","civicLow":"860","civicHigh":"0","valueLand":"22000","valueBuilding":"0","valueTotal":"22000","mailAddr":"563 RUE SAINT-ALPHONSE","mailCity":"SAINT-BRUNO, QC.","mun":"Saint-Bruno"},"geometry":{"type":"MultiPolygon","coordinates":[[[[-71.65729,48.471225],[-71.656867,48.471213],[-71.656912,48.471094],[-71.65729,48.471225]]]]}},{"type":"Feature","properties":{"owner1":"MUNICIPALITE DE SAINT-BRUNO","owner2":null,"matricule":"1970-29-5443","street":"FABRIQUE","civicLow":"870","civicHigh":"0","valueLand":"22000","valueBuilding":"0","valueTotal":"22000","mailAddr":"563 RUE SAINT-ALPHONSE","mailCity":"SAINT-BRUNO, QC.","mun":"Saint-Bruno"},"geometry":{"type":"MultiPolygon","coordinates":[[[[-71.657263,48.471284],[-71.657218,48.47141],[-71.656814,48.471332],[-71.656867,48.471213],[-71.657263,48.471284]]]]}},{"type":"Feature","properties":{"owner1":"MUNICIPALITE DE SAINT-BRUNO","owner2":null,"matricule":"1970-29-5959","street":"FABRIQUE","civicLow":"880","civicHigh":"0","valueLand":"29700","valueBuilding":"0","valueTotal":"29700","mailAddr":"563 RUE SAINT-ALPHONSE","mailCity":"SAINT-BRUNO, QC.","mun":"Saint-Bruno"},"geometry":{"type":"MultiPolygon","coordinates":[[[[-71.657218,48.47141],[-71.657146,48.47157],[-71.656742,48.471499],[-71.656814,48.471332],[-71.657218,48.47141]]]]}},{"type":"Feature","properties":{"owner1":"BOUCHARD DENIS","owner2":null,"matricule":"2767-04-0097","street":"Adresse non codifiée","civicLow":"0","civicHigh":"0","valueLand":"2500","valueBuilding":"0","valueTotal":"2500","mailAddr":"468 SEPTIEME RANG SUD","mailCity":"SAINT-BRUNO, QC.","mun":"Saint-Bruno"},"geometry":{"type":"MultiPolygon","coordinates":[[[[-71.550489,48.442432],[-71.55136,48.440233],[-71.553624,48.440651],[-71.552438,48.441187],[-71.552025,48.442158],[-71.551477,48.44248],[-71.551531,48.442617],[-71.550489,48.442432]]]]}},{"type":"Feature","properties":{"owner1":"BOUCHARD DENIS","owner2":null,"matricule":"2667-55-4428","street":"Adresse non codifiée","civicLow":"0","civicHigh":"0","valueLand":"400","valueBuilding":"0","valueTotal":"400","mailAddr":"468 SEPTIEME RANG SUD","mailCity":"SAINT-BRUNO, QC.","mun":"Saint-Bruno"},"geometry":{"type":"MultiPolygon","coordinates":[[[[-71.555816,48.441056],[-71.559167,48.44167],[-71.557909,48.441854],[-71.557388,48.441455],[-71.556786,48.441252],[-71.556085,48.441205],[-71.555816,48.441056]]]]}},{"type":"Feature","properties":{"owner1":"SIMARD FRANCE","owner2":null,"matricule":"1770-64-5107","street":"QUATRIEME RANG OUEST","civicLow":"0","civicHigh":"0","valueLand":"500","valueBuilding":"0","valueTotal":"500","mailAddr":"ADRESSE INCONNUE","mailCity":"SAINT-BRUNO, QC.","mun":"Saint-Bruno"},"geometry":{"type":"MultiPolygon","coordinates":[[[[-71.678508,48.466406],[-71.678607,48.466103],[-71.678723,48.466109],[-71.678661,48.466579],[-71.678508,48.466406]]]]}},{"type":"Feature","properties":{"owner1":"LACHANCE GERARD","owner2":null,"matricule":"2468-07-4138","street":"HUITIEME RANG SUD","civicLow":"0","civicHigh":"0","valueLand":"200","valueBuilding":"0","valueTotal":"200","mailAddr":"390 HUITIEME RANG SUD","mailCity":"SAINT-BRUNO, QC.","mun":"Saint-Bruno"},"geometry":{"type":"MultiPolygon","coordinates":[[[[-71.591829,48.452056],[-71.591964,48.452079],[-71.591928,48.452175],[-71.591794,48.452151],[-71.591829,48.452056]]]]}},{"type":"Feature","properties":{"owner1":"DESCHENES PATRICK","owner2":null,"matricule":"2173-86-1518","street":"Adresse non codifiée","civicLow":"0","civicHigh":"0","valueLand":"300","valueBuilding":"0","valueTotal":"300","mailAddr":"155 RUE SCOTT OUEST","mailCity":"ALMA, QC.","mun":"Saint-Bruno"},"geometry":{"type":"MultiPolygon","coordinates":[[[[-71.623235,48.495685],[-71.622615,48.495572],[-71.624259,48.495888],[-71.623235,48.495685]]],[[[-71.622579,48.495656],[-71.623145,48.495721],[-71.623845,48.495894],[-71.622579,48.495656]]]]}},{"type":"Feature","properties":{"owner1":"CLUB AGE D'OR SAINT-BRUNO L-S-J","owner2":null,"matricule":"1970-68-7235","street":"QUATRE-H","civicLow":"555","civicHigh":"0","valueLand":"42300","valueBuilding":"186700","valueTotal":"229000","mailAddr":"555 AVENUE QUATRE-H","mailCity":"SAINT-BRUNO, QC.","mun":"Saint-Bruno"},"geometry":{"type":"MultiPolygon","coordinates":[[[[-71.651639,48.470266],[-71.651505,48.470588],[-71.651091,48.47051],[-71.651226,48.470195],[-71.651639,48.470266]]]]}},{"type":"Feature","properties":{"owner1":"MUNICIPALITE DE SAINT-BRUNO","owner2":null,"matricule":"1970-29-8501","street":"FABRIQUE","civicLow":"821","civicHigh":"0","valueLand":"29700","valueBuilding":"0","valueTotal":"29700","mailAddr":"563 RUE SAINT-ALPHONSE","mailCity":"SAINT-BRUNO, QC.","mun":"Saint-Bruno"},"geometry":{"type":"MultiPolygon","coordinates":[[[[-71.656796,48.470868],[-71.656751,48.471058],[-71.656391,48.470987],[-71.656463,48.470808],[-71.656796,48.470868]]]]}},{"type":"Feature","properties":{"owner1":"MUNICIPALITE DE SAINT-BRUNO","owner2":null,"matricule":"1970-28-7375","street":"POTVIN","civicLow":"523","civicHigh":"0","valueLand":"34800","valueBuilding":"0","valueTotal":"34800","mailAddr":"563 RUE SAINT-ALPHONSE","mailCity":"SAINT-BRUNO, QC.","mun":"Saint-Bruno"},"geometry":{"type":"MultiPolygon","coordinates":[[[[-71.656796,48.470868],[-71.656589,48.470832],[-71.656733,48.470498],[-71.656948,48.470576],[-71.656796,48.470868]]]]}},{"type":"Feature","properties":{"owner1":"FORTIN RICHARD","owner2":"BOULIANNE MADELEINE","matricule":"1970-87-3023","street":"PARC","civicLow":"300","civicHigh":"0","valueLand":"38700","valueBuilding":"133100","valueTotal":"171800","mailAddr":"300 RUE DU PARC","mailCity":"SAINT-BRUNO, QC.","mun":"Saint-Bruno"},"geometry":{"type":"MultiPolygon","coordinates":[[[[-71.649196,48.46923],[-71.64942,48.469271],[-71.649295,48.469599],[-71.649007,48.469545],[-71.649196,48.46923]]]]}},{"type":"Feature","properties":{"owner1":"COTE JEAN-EUDES","owner2":null,"matricule":"1970-87-0829","street":"PARC","civicLow":"290","civicHigh":"0","valueLand":"38700","valueBuilding":"101900","valueTotal":"140600","mailAddr":"290 RUE DU PARC","mailCity":"SAINT-BRUNO, QC.","mun":"Saint-Bruno"},"geometry":{"type":"MultiPolygon","coordinates":[[[[-71.649474,48.469283],[-71.649708,48.469325],[-71.649582,48.469653],[-71.649295,48.469599],[-71.649474,48.469283]]]]}},{"type":"Feature","properties":{"owner1":"TREMBLAY JEAN-NORMAND","owner2":null,"matricule":"1970-14-6087","street":"PRES","civicLow":"344","civicHigh":"0","valueLand":"26700","valueBuilding":"157800","valueTotal":"184500","mailAddr":"344 RUE DES PRES","mailCity":"SAINT-BRUNO, QC.","mun":"Saint-Bruno"},"geometry":{"type":"MultiPolygon","coordinates":[[[[-71.658466,48.467091],[-71.658206,48.467336],[-71.658062,48.4673],[-71.65817,48.467038],[-71.658466,48.467091]]]]}},{"type":"Feature","properties":{"owner1":"GAGNE PIERRE","owner2":"GIRARD LINDA","matricule":"1970-14-7582","street":"PRES","civicLow":"342","civicHigh":"0","valueLand":"21900","valueBuilding":"155900","valueTotal":"177800","mailAddr":"342 RUE DES PRES","mailCity":"SAINT-BRUNO, QC.","mun":"Saint-Bruno"},"geometry":{"type":"MultiPolygon","coordinates":[[[[-71.65817,48.467038],[-71.658062,48.4673],[-71.657874,48.467264],[-71.657981,48.467002],[-71.65817,48.467038]]]]}},{"type":"Feature","properties":{"owner1":"OUELLET SIMON","owner2":null,"matricule":"1970-14-8878","street":"PRES","civicLow":"340","civicHigh":"0","valueLand":"22000","valueBuilding":"163000","valueTotal":"185000","mailAddr":"340 RUE DES PRES","mailCity":"SAINT-BRUNO, QC.","mun":"Saint-Bruno"},"geometry":{"type":"MultiPolygon","coordinates":[[[[-71.657981,48.467002],[-71.657874,48.467264],[-71.657685,48.467228],[-71.657793,48.466966],[-71.657981,48.467002]]]]}},{"type":"Feature","properties":{"owner1":"LAJOIE ALEXANDRE","owner2":"DUFOUR VERONIQUE","matricule":"1970-24-0274","street":"PRES","civicLow":"338","civicHigh":"0","valueLand":"22000","valueBuilding":"154800","valueTotal":"176800","mailAddr":"338 RUE DES PRES","mailCity":"SAINT-BRUNO, QC.","mun":"Saint-Bruno"},"geometry":{"type":"MultiPolygon","coordinates":[[[[-71.657793,48.466966],[-71.657685,48.467228],[-71.657505,48.467199],[-71.657613,48.466937],[-71.657793,48.466966]]]]}},{"type":"Feature","properties":{"owner1":"2862-2629 QUEBEC INC","owner2":null,"matricule":"2371-96-3258","street":"SEPTIEME RANG NORD","civicLow":"0","civicHigh":"0","valueLand":"75700","valueBuilding":"0","valueTotal":"75700","mailAddr":"1320 SIXIEME RANG NORD","mailCity":"SAINT-BRUNO, QC.","mun":"Saint-Bruno"},"geometry":{"type":"MultiPolygon","coordinates":[[[[-71.604882,48.480217],[-71.604936,48.480694],[-71.603984,48.480831],[-71.599276,48.480241],[-71.598127,48.480211],[-71.597857,48.480479],[-71.583664,48.477901],[-71.584652,48.475436],[-71.589476,48.47621],[-71.605915,48.479366],[-71.605717,48.479848],[-71.605053,48.479628],[-71.604882,48.480217]]]]}},{"type":"Feature","properties":{"owner1":"TREMBLAY DAVID","owner2":null,"matricule":"1971-75-6628","street":"LAJOIE","civicLow":"145","civicHigh":"0","valueLand":"24400","valueBuilding":"162700","valueTotal":"187100","mailAddr":"145 RUE LAJOIE","mailCity":"SAINT-BRUNO, QC.","mun":"Saint-Bruno"},"geometry":{"type":"MultiPolygon","coordinates":[[[[-71.650085,48.476752],[-71.650193,48.476472],[-71.650373,48.476502],[-71.650283,48.476787],[-71.650085,48.476752]]]]}},{"type":"Feature","properties":{"owner1":"HOULE ALEXANDRA","owner2":null,"matricule":"2071-01-8746","street":"OEILLETS","civicLow":"725","civicHigh":"0","valueLand":"38100","valueBuilding":"189500","valueTotal":"227600","mailAddr":"725 AVENUE DES OEILLETS","mailCity":"SAINT-BRUNO, QC.","mun":"Saint-Bruno"},"geometry":{"type":"MultiPolygon","coordinates":[[[[-71.645639,48.473309],[-71.64554,48.473292],[-71.645612,48.473113],[-71.646106,48.473196],[-71.646034,48.473381],[-71.645639,48.473309]]]]}},{"type":"Feature","properties":{"owner1":"CLAVEAU JEROME","owner2":null,"matricule":"1971-90-3159","street":"TULIPES","civicLow":"680","civicHigh":"0","valueLand":"18100","valueBuilding":"88300","valueTotal":"106400","mailAddr":"991 RUE CARON","mailCity":"TROIS-RIVIERES, QC.","mun":"Saint-Bruno"},"geometry":{"type":"MultiPolygon","coordinates":[[[[-71.648127,48.472422],[-71.648082,48.472529],[-71.647687,48.472458],[-71.647732,48.472357],[-71.648127,48.472422]]]]}},{"type":"Feature","properties":{"owner1":"DORE CAROL","owner2":"DALLAIRE DIANE","matricule":"1971-90-3573","street":"TULIPES","civicLow":"690","civicHigh":"0","valueLand":"28700","valueBuilding":"115000","valueTotal":"143700","mailAddr":"690 AVENUE DES TULIPES","mailCity":"SAINT-BRUNO, QC.","mun":"Saint-Bruno"},"geometry":{"type":"MultiPolygon","coordinates":[[[[-71.648082,48.472529],[-71.648019,48.47269],[-71.647624,48.472619],[-71.647687,48.472458],[-71.648082,48.472529]]]]}},{"type":"Feature","properties":{"owner1":"DELISLE SYLVAIN","owner2":"HARVEY ANDREE-ANNE","matricule":"1971-90-0786","street":"ROSIERS","civicLow":"675","civicHigh":"0","valueLand":"39300","valueBuilding":"149300","valueTotal":"188600","mailAddr":"675 AVENUE DES ROSIERS","mailCity":"SAINT-BRUNO, QC","mun":"Saint-Bruno"},"geometry":{"type":"MultiPolygon","coordinates":[[[[-71.648486,48.472595],[-71.648387,48.472839],[-71.647983,48.472767],[-71.648082,48.472529],[-71.648486,48.472595]]]]}},{"type":"Feature","properties":{"owner1":"LABBE YVES","owner2":"GAGNON LOUISE","matricule":"1971-90-4191","street":"TULIPES","civicLow":"700","civicHigh":"0","valueLand":"28700","valueBuilding":"123900","valueTotal":"152600","mailAddr":"700 AVENUE DES TULIPES","mailCity":"SAINT-BRUNO, QC.","mun":"Saint-Bruno"},"geometry":{"type":"MultiPolygon","coordinates":[[[[-71.647983,48.472767],[-71.647956,48.472845],[-71.647561,48.472779],[-71.647624,48.472619],[-71.648019,48.47269],[-71.647983,48.472767]]]]}},{"type":"Feature","properties":{"owner1":"COTE JEANNOT","owner2":null,"matricule":"1971-91-1514","street":"FORTIN","civicLow":"260","civicHigh":"270","valueLand":"41100","valueBuilding":"198500","valueTotal":"239600","mailAddr":"270 RUE FORTIN","mailCity":"SAINT-BRUNO, QC.","mun":"Saint-Bruno"},"geometry":{"type":"MultiPolygon","coordinates":[[[[-71.648387,48.472839],[-71.64828,48.473101],[-71.647884,48.473035],[-71.647983,48.472767],[-71.648387,48.472839]]]]}},{"type":"Feature","properties":{"owner1":"DESBIENS JEAN-LUC","owner2":"TREMBLAY DOMINIQUE","matricule":"1971-91-4610","street":"TULIPES","civicLow":"710","civicHigh":"0","valueLand":"32800","valueBuilding":"152300","valueTotal":"185100","mailAddr":"710 AVENUE DES TULIPES","mailCity":"SAINT-BRUNO, QC.","mun":"Saint-Bruno"},"geometry":{"type":"MultiPolygon","coordinates":[[[[-71.647956,48.472845],[-71.647884,48.473035],[-71.647507,48.47294],[-71.647561,48.472779],[-71.647956,48.472845]]]]}},{"type":"Feature","properties":{"owner1":"BOUCHARD MATHIEU","owner2":"DION NANCY","matricule":"1971-61-6003","street":"ETUDIANTS","civicLow":"645","civicHigh":"0","valueLand":"39200","valueBuilding":"126900","valueTotal":"166100","mailAddr":"645 AVENUE DES ETUDIANTS","mailCity":"SAINT-BRUNO, QC.","mun":"Saint-Bruno"},"geometry":{"type":"MultiPolygon","coordinates":[[[[-71.651855,48.472732],[-71.651765,48.472952],[-71.651325,48.472875],[-71.651415,48.472654],[-71.651855,48.472732]]]]}},{"type":"Feature","properties":{"owner1":"AUDIBERT PASCAL","owner2":"IMBEAULT CHRISTINE","matricule":"1971-60-9294","street":"QUATRE-H","civicLow":"660","civicHigh":"660","valueLand":"39200","valueBuilding":"143100","valueTotal":"182300","mailAddr":"325 RUE BARRETTE","mailCity":"ALMA, QC.","mun":"Saint-Bruno"},"geometry":{"type":"MultiPolygon","coordinates":[[[[-71.651415,48.472654],[-71.651325,48.472875],[-71.650885,48.472797],[-71.650975,48.472577],[-71.651415,48.472654]]]]}},{"type":"Feature","properties":{"owner1":"AUDIBERT PASCAL","owner2":"IMBEAULT CHRISTINE","matricule":"1971-61-9918","street":"QUATRE-H","civicLow":"670","civicHigh":"670","valueLand":"38700","valueBuilding":"138300","valueTotal":"177000","mailAddr":"325 RUE BARRETTE","mailCity":"ALMA, QC.","mun":"Saint-Bruno"},"geometry":{"type":"MultiPolygon","coordinates":[[[[-71.651325,48.472875],[-71.651235,48.473083],[-71.650804,48.473006],[-71.650885,48.472797],[-71.651325,48.472875]]]]}},{"type":"Feature","properties":{"owner1":"FORTIN SERGE","owner2":"COTE MARTINE","matricule":"1971-61-6727","street":"ETUDIANTS","civicLow":"655","civicHigh":"0","valueLand":"38600","valueBuilding":"117800","valueTotal":"156400","mailAddr":"655 AVENUE DES ETUDIANTS","mailCity":"SAINT-BRUNO, QC.","mun":"Saint-Bruno"},"geometry":{"type":"MultiPolygon","coordinates":[[[[-71.651765,48.472952],[-71.651675,48.473161],[-71.651235,48.473083],[-71.651325,48.472875],[-71.651765,48.472952]]]]}},{"type":"Feature","properties":{"owner1":"BOILY SEBASTIEN","owner2":"ROY MARIE-EVE","matricule":"1971-71-0642","street":"QUATRE-H","civicLow":"680","civicHigh":"0","valueLand":"39300","valueBuilding":"156300","valueTotal":"195600","mailAddr":"680 AVENUE QUATRE-H","mailCity":"SAINT-BRUNO, QC.","mun":"Saint-Bruno"},"geometry":{"type":"MultiPolygon","coordinates":[[[[-71.651235,48.473083],[-71.651154,48.473303],[-71.650714,48.473226],[-71.650804,48.473006],[-71.651235,48.473083]]]]}},{"type":"Feature","properties":{"owner1":"GAGNE YVES","owner2":"BOUCHARD FRANCE","matricule":"1971-63-3137","street":"ST-ALPHONSE","civicLow":"785","civicHigh":"0","valueLand":"27000","valueBuilding":"99900","valueTotal":"126900","mailAddr":"785 AVENUE ST-ALPHONSE","mailCity":"SAINT-BRUNO, QC.","mun":"Saint-Bruno"},"geometry":{"type":"MultiPolygon","coordinates":[[[[-71.652259,48.474858],[-71.652196,48.475007],[-71.651801,48.474935],[-71.651864,48.474786],[-71.652259,48.474858]]]]}},{"type":"Feature","properties":{"owner1":"BOUCHARD FLORENT","owner2":null,"matricule":"1970-79-4678","street":"LILAS","civicLow":"610","civicHigh":"0","valueLand":"33100","valueBuilding":"103700","valueTotal":"136800","mailAddr":"610 AVENUE DES LILAS","mailCity":"SAINT-BRUNO, QC.","mun":"Saint-Bruno"},"geometry":{"type":"MultiPolygon","coordinates":[[[[-71.650148,48.471731],[-71.65022,48.471558],[-71.650651,48.47163],[-71.650579,48.471809],[-71.650148,48.471731]]]]}},{"type":"Feature","properties":{"owner1":"DUCHESNE MAGELLA","owner2":"BOUCHARD ROSE-ANGE","matricule":"1971-67-9016","street":"ST-ALPHONSE","civicLow":"918","civicHigh":"920","valueLand":"42600","valueBuilding":"214800","valueTotal":"257400","mailAddr":"920 AVENUE ST-ALPHONSE","mailCity":"SAINT-BRUNO, QC.","mun":"Saint-Bruno"},"geometry":{"type":"MultiPolygon","coordinates":[[[[-71.651505,48.478377],[-71.65146,48.478485],[-71.651028,48.478407],[-71.651136,48.478139],[-71.651567,48.478217],[-71.651505,48.478377]]]]}},{"type":"Feature","properties":{"owner1":"LAROUCHE STEEVE","owner2":"LACHANCE MARIE-PIER","matricule":"1971-67-6735","street":"THIBEAULT","civicLow":"931","civicHigh":"0","valueLand":"22500","valueBuilding":"59700","valueTotal":"82200","mailAddr":"931 AVENUE THIBEAULT","mailCity":"SAINT-BRUNO, QC.","mun":"Saint-Bruno"},"geometry":{"type":"MultiPolygon","coordinates":[[[[-71.65181,48.478437],[-71.651747,48.478592],[-71.651433,48.478538],[-71.651505,48.478377],[-71.65181,48.478437]]]]}},{"type":"Feature","properties":{"owner1":"BOUCHARD ANIPIER","owner2":"BELANGER MARTEL FREDERIC","matricule":"1971-61-1326","street":"ETUDIANTS","civicLow":"660","civicHigh":"0","valueLand":"33100","valueBuilding":"136600","valueTotal":"169700","mailAddr":"660 AVENUE DES ETUDIANTS","mailCity":"SAINT-BRUNO, QC.","mun":"Saint-Bruno"},"geometry":{"type":"MultiPolygon","coordinates":[[[[-71.652484,48.472958],[-71.652421,48.473119],[-71.651963,48.473035],[-71.652026,48.472881],[-71.652484,48.472958]]]]}},{"type":"Feature","properties":{"owner1":"MCNICOLL PHILIPPE","owner2":null,"matricule":"1971-61-1844","street":"ETUDIANTS","civicLow":"670","civicHigh":"0","valueLand":"34400","valueBuilding":"143300","valueTotal":"177700","mailAddr":"670 AVENUE DES ETUDIANTS","mailCity":"SAINT-BRUNO, QC.","mun":"Saint-Bruno"},"geometry":{"type":"MultiPolygon","coordinates":[[[[-71.651891,48.473202],[-71.651963,48.473035],[-71.652421,48.473119],[-71.652358,48.473286],[-71.651891,48.473202]]]]}},{"type":"Feature","properties":{"owner1":"MALTAIS MAXIME","owner2":"LACHANCE CAROLANE","matricule":"1971-61-2560","street":"ETUDIANTS","civicLow":"680","civicHigh":"0","valueLand":"27700","valueBuilding":"136600","valueTotal":"164300","mailAddr":"680 AVENUE DES ETUDIANTS","mailCity":"SAINT-BRUNO, QC","mun":"Saint-Bruno"},"geometry":{"type":"MultiPolygon","coordinates":[[[[-71.652313,48.473274],[-71.652259,48.473423],[-71.651837,48.473345],[-71.651891,48.473202],[-71.652313,48.473274]]]]}},{"type":"Feature","properties":{"owner1":"PEDNEAULT EVANS","owner2":"BOUCHARD CLAUDIA","matricule":"1971-61-2977","street":"ETUDIANTS","civicLow":"690","civicHigh":"0","valueLand":"28700","valueBuilding":"148500","valueTotal":"177200","mailAddr":"690 AVENUE DES ETUDIANTS","mailCity":"SAINT-BRUNO, QC.","mun":"Saint-Bruno"},"geometry":{"type":"MultiPolygon","coordinates":[[[[-71.652268,48.473423],[-71.652214,48.473571],[-71.651774,48.473494],[-71.651837,48.473345],[-71.652268,48.473423]]]]}},{"type":"Feature","properties":{"owner1":"COTE DENIS","owner2":null,"matricule":"1971-51-8168","street":"ST-ALPHONSE","civicLow":"681","civicHigh":"0","valueLand":"38100","valueBuilding":"74100","valueTotal":"112200","mailAddr":"681 AVENUE ST-ALPHONSE","mailCity":"SAINT-BRUNO, QC.","mun":"Saint-Bruno"},"geometry":{"type":"MultiPolygon","coordinates":[[[[-71.652906,48.473292],[-71.652816,48.473524],[-71.652421,48.473452],[-71.652511,48.47322],[-71.652906,48.473292]]]]}},{"type":"Feature","properties":{"owner1":"VAILLANCOURT MARC","owner2":"GIRARD VALERIE","matricule":"2071-02-8549","street":"OEILLETS","civicLow":"760","civicHigh":"0","valueLand":"42800","valueBuilding":"185700","valueTotal":"228500","mailAddr":"760 AVENUE DES OEILLETS","mailCity":"SAINT-BRUNO, QC.","mun":"Saint-Bruno"},"geometry":{"type":"MultiPolygon","coordinates":[[[[-71.645944,48.473988],[-71.646187,48.474221],[-71.645594,48.474387],[-71.645737,48.474012],[-71.645944,48.473988]]]]}},{"type":"Feature","properties":{"owner1":"COTE ROCK","owner2":"POTVIN CHRISTIANE","matricule":"1971-70-6337","street":"LILAS","civicLow":"640","civicHigh":"0","valueLand":"34800","valueBuilding":"137000","valueTotal":"171800","mailAddr":"640 AVENUE DES LILAS","mailCity":"SAINT-BRUNO, QC.","mun":"Saint-Bruno"},"geometry":{"type":"MultiPolygon","coordinates":[[[[-71.650427,48.47219],[-71.650364,48.472345],[-71.649932,48.472273],[-71.650004,48.472089],[-71.650427,48.47219]]]]}},{"type":"Feature","properties":{"owner1":"BOILY RENE","owner2":null,"matricule":"1971-70-3451","street":"QUATRE-H","civicLow":"645","civicHigh":"0","valueLand":"39000","valueBuilding":"184900","valueTotal":"223900","mailAddr":"645 AVENUE QUATRE-H","mailCity":"SAINT-BRUNO, QC.","mun":"Saint-Bruno"},"geometry":{"type":"MultiPolygon","coordinates":[[[[-71.650822,48.472261],[-71.650723,48.472499],[-71.650328,48.472428],[-71.650427,48.47219],[-71.650822,48.472261]]]]}},{"type":"Feature","properties":{"owner1":"LAVOIE CHANTALE","owner2":null,"matricule":"1971-70-6957","street":"LILAS","civicLow":"650","civicHigh":"0","valueLand":"34800","valueBuilding":"133700","valueTotal":"168500","mailAddr":"650 AVENUE DES LILAS","mailCity":"SAINT-BRUNO, QC.","mun":"Saint-Bruno"},"geometry":{"type":"MultiPolygon","coordinates":[[[[-71.650328,48.472428],[-71.650283,48.472529],[-71.649861,48.472452],[-71.649932,48.472273],[-71.650364,48.472345],[-71.650328,48.472428]]]]}},{"type":"Feature","properties":{"owner1":"LAPOINTE DAVID","owner2":"TREMBLAY JULIE-ANNE","matricule":"1971-70-4177","street":"QUATRE-H","civicLow":"655","civicHigh":"0","valueLand":"39000","valueBuilding":"121800","valueTotal":"160800","mailAddr":"655 AVENUE QUATRE-H","mailCity":"SAINT-BRUNO, QC.","mun":"Saint-Bruno"},"geometry":{"type":"MultiPolygon","coordinates":[[[[-71.650723,48.472499],[-71.650624,48.472738],[-71.650229,48.472666],[-71.650328,48.472428],[-71.650723,48.472499]]]]}},{"type":"Feature","properties":{"owner1":"FERME LACNOR INC.","owner2":null,"matricule":"1772-78-0912","street":"Adresse non codifiée","civicLow":"0","civicHigh":"0","valueLand":"497100","valueBuilding":"7100","valueTotal":"504200","mailAddr":"1050 CINQUIEME RANG OUEST","mailCity":"SAINT-BRUNO, QC.","mun":"Saint-Bruno"},"geometry":{"type":"MultiPolygon","coordinates":[[[[-71.682173,48.493953],[-71.681706,48.493846],[-71.681589,48.494138],[-71.68105,48.494013],[-71.680951,48.494251],[-71.676945,48.49278],[-71.677223,48.492429],[-71.675876,48.491953],[-71.675597,48.492304],[-71.672103,48.491024],[-71.671267,48.490601],[-71.675238,48.481355],[-71.686557,48.483391],[-71.682092,48.494513],[-71.681957,48.494483],[-71.682173,48.493953]]]]}},{"type":"Feature","properties":{"owner1":"EMOND MICHAEL","owner2":"LAROUCHE ALEXANDRA","matricule":"1971-63-3116","street":"ST-ALPHONSE","civicLow":"781","civicHigh":"0","valueLand":"40500","valueBuilding":"137900","valueTotal":"178400","mailAddr":"781 AVENUE ST-ALPHONSE","mailCity":"SAINT-BRUNO, QC.","mun":"Saint-Bruno"},"geometry":{"type":"MultiPolygon","coordinates":[[[[-71.651693,48.474763],[-71.651819,48.474584],[-71.65234,48.474673],[-71.652259,48.474858],[-71.651693,48.474763]]]]}},{"type":"Feature","properties":{"owner1":"LAMBERT NICOLAS","owner2":"BERGERON MARIE-CLAUDE","matricule":"1971-61-7781","street":"FORTIN","civicLow":"150","civicHigh":"0","valueLand":"37800","valueBuilding":"130400","valueTotal":"168200","mailAddr":"150 RUE FORTIN","mailCity":"SAINT-BRUNO, QC.","mun":"Saint-Bruno"},"geometry":{"type":"MultiPolygon","coordinates":[[[[-71.651585,48.473381],[-71.651469,48.473649],[-71.651163,48.473619],[-71.65128,48.473327],[-71.651585,48.473381]]]]}},{"type":"Feature","properties":{"owner1":"LAVOIE RITA","owner2":null,"matricule":"1970-59-3895","street":"ST-ALPHONSE","civicLow":"575","civicHigh":"577","valueLand":"36200","valueBuilding":"105500","valueTotal":"141700","mailAddr":"575 AVENUE ST-ALPHONSE","mailCity":"SAINT-BRUNO, QC.","mun":"Saint-Bruno"},"geometry":{"type":"MultiPolygon","coordinates":[[[[-71.653508,48.471826],[-71.653463,48.471928],[-71.652915,48.471844],[-71.652978,48.471684],[-71.653508,48.471826]]]]}},{"type":"Feature","properties":{"owner1":"BOILY AUDREY","owner2":null,"matricule":"1971-75-4133","street":"LAJOIE","civicLow":"133","civicHigh":"0","valueLand":"13800","valueBuilding":"139500","valueTotal":"153300","mailAddr":"133 RUE LAJOIE","mailCity":"SAINT-BRUNO, QC.","mun":"Saint-Bruno"},"geometry":{"type":"MultiPolygon","coordinates":[[[[-71.650633,48.476502],[-71.650615,48.476847],[-71.650516,48.476829],[-71.650633,48.476502]]]]}},{"type":"Feature","properties":{"owner1":"DUCHESNE MAGELLA","owner2":"BOUCHARD ROSE-ANGE","matricule":"1971-75-3433","street":"LAJOIE","civicLow":"131","civicHigh":"0","valueLand":"14900","valueBuilding":"140800","valueTotal":"155700","mailAddr":"920 RUE SAINT-ALPHONSE","mailCity":"SAINT-BRUNO, QC.","mun":"Saint-Bruno"},"geometry":{"type":"MultiPolygon","coordinates":[[[[-71.650732,48.476496],[-71.650714,48.476865],[-71.650615,48.476847],[-71.650732,48.476496]]]]}},{"type":"Feature","properties":{"owner1":"RODRIGUE GILLES","owner2":null,"matricule":"1971-74-0482","street":"LAJOIE","civicLow":"132","civicHigh":"0","valueLand":"11000","valueBuilding":"135100","valueTotal":"146100","mailAddr":"132 RUE LAJOIE","mailCity":"SAINT-BRUNO, QC.","mun":"Saint-Bruno"},"geometry":{"type":"MultiPolygon","coordinates":[[[[-71.651163,48.476091],[-71.650966,48.476359],[-71.651073,48.476079],[-71.651163,48.476091]]]]}},{"type":"Feature","properties":{"owner1":"COULOMBE SUZANNE","owner2":null,"matricule":"1770-25-8185","street":"QUATRIEME RANG OUEST","civicLow":"562","civicHigh":"0","valueLand":"26200","valueBuilding":"90800","valueTotal":"117000","mailAddr":"562 QUATRIEME RANG OUEST","mailCity":"SAINT-BRUNO, QC.","mun":"Saint-Bruno"},"geometry":{"type":"MultiPolygon","coordinates":[[[[-71.684176,48.468003],[-71.68414,48.46808],[-71.682685,48.467812],[-71.68282,48.467485],[-71.684616,48.467812],[-71.684509,48.468062],[-71.684176,48.468003]]]]}},{"type":"Feature","properties":{"owner1":"FERME MARIEMAX SENC","owner2":null,"matricule":"1871-85-2066","street":"LAROUCHE","civicLow":"165","civicHigh":"0","valueLand":"140900","valueBuilding":"0","valueTotal":"140900","mailAddr":"998 AVENUE SAINT-ALPHONSE","mailCity":"SAINT-BRUNO, QC.","mun":"Saint-Bruno"},"geometry":{"type":"MultiPolygon","coordinates":[[[[-71.656499,48.47649],[-71.656077,48.476412],[-71.656409,48.475751],[-71.653175,48.475168],[-71.65349,48.474352],[-71.653867,48.474423],[-71.654011,48.474119],[-71.662221,48.47562],[-71.662123,48.475852],[-71.67266,48.477806],[-71.672022,48.479294],[-71.656499,48.47649]]]]}},{"type":"Feature","properties":{"owner1":"FERME ELOISE INC.","owner2":null,"matricule":"1871-87-8079","street":"ST-ALPHONSE NORD","civicLow":"0","civicHigh":"0","valueLand":"199400","valueBuilding":"0","valueTotal":"199400","mailAddr":"280 ROUTE DU LAC OUEST","mailCity":"ALMA, QC.","mun":"Saint-Bruno"},"geometry":{"type":"MultiPolygon","coordinates":[[[[-71.653382,48.476192],[-71.653481,48.475948],[-71.672022,48.479294],[-71.671025,48.481605],[-71.652538,48.478228],[-71.653382,48.476192]]]]}},{"type":"Feature","properties":{"owner1":"FORTIN KARINE","owner2":"TREMBLAY ROBIN","matricule":"1875-43-4412","street":"SIXIEME RANG OUEST","civicLow":"615","civicHigh":"0","valueLand":"29600","valueBuilding":"241400","valueTotal":"271000","mailAddr":"615 SIXIEME RANG OUEST","mailCity":"SAINT-BRUNO, QC.","mun":"Saint-Bruno"},"geometry":{"type":"MultiPolygon","coordinates":[[[[-71.669237,48.510244],[-71.669013,48.51078],[-71.668555,48.510697],[-71.668752,48.510256],[-71.669237,48.510244]]]]}},{"type":"Feature","properties":{"owner1":"CHEMIN DE FER NATIONAL DU CANADA","owner2":null,"matricule":"2568-67-1480","street":"Adresse non codifiée","civicLow":"0","civicHigh":"0","valueLand":"179500","valueBuilding":"0","valueTotal":"179500","mailAddr":"935 DE LA GAUCHETIERE OUEST 8E ETAGE","mailCity":"MONTREAL, QUUBEC","mun":"Saint-Bruno"},"geometry":{"type":"MultiPolygon","coordinates":[[[[-71.632658,48.44891],[-71.635901,48.448302],[-71.636673,48.448439],[-71.617054,48.452062],[-71.617171,48.45177],[-71.632658,48.44891]]],[[[-71.602241,48.453229],[-71.593518,48.453009],[-71.593617,48.452735],[-71.600965,48.452949],[-71.604568,48.452884],[-71.614332,48.452097],[-71.617,48.451793],[-71.616874,48.452085],[-71.614889,48.452318],[-71.605699,48.453086],[-71.602241,48.453229]]],[[[-71.577771,48.453539],[-71.559158,48.451627],[-71.555717,48.451055],[-71.547758,48.449404],[-71.547857,48.449136],[-71.556014,48.450822],[-71.559858,48.451436],[-71.57831,48.453313],[-71.580915,48.453307],[-71.585146,48.452794],[-71.587401,48.452633],[-71.593455,48.452729],[-71.593348,48.453003],[-71.587544,48.452902],[-71.585272,48.453057],[-71.580789,48.453593],[-71.577771,48.453539]]]]}},{"type":"Feature","properties":{"owner1":"GODERRE LUC","owner2":null,"matricule":"2070-09-0976","street":"OEILLETS","civicLow":"655","civicHigh":"0","valueLand":"35700","valueBuilding":"156200","valueTotal":"191900","mailAddr":"655 AVENUE DES OEILLETS","mailCity":"SAINT-BRUNO, QC.","mun":"Saint-Bruno"},"geometry":{"type":"MultiPolygon","coordinates":[[[[-71.646564,48.4716],[-71.646734,48.471505],[-71.647103,48.471803],[-71.646941,48.471898],[-71.646564,48.4716]]]]}},{"type":"Feature","properties":{"owner1":"PLOURDE JEAN-FRANCOIS","owner2":"BOIVIN SABRINA","matricule":"2269-46-6942","street":"SEPTIEME RANG SUD","civicLow":"470","civicHigh":"0","valueLand":"31900","valueBuilding":"149100","valueTotal":"181000","mailAddr":"470 SEPTIEME RANG SUD","mailCity":"SAINT-BRUNO, QC.","mun":"Saint-Bruno"},"geometry":{"type":"MultiPolygon","coordinates":[[[[-71.613694,48.459896],[-71.613515,48.460313],[-71.612922,48.460206],[-71.61312,48.459735],[-71.613694,48.459896]]]]}},{"type":"Feature","properties":{"owner1":"PLOURDE JEAN-FRANCOIS","owner2":"BOUCHARD DENIS","matricule":"2269-46-6013","street":"Adresse non codifiée","civicLow":"0","civicHigh":"0","valueLand":"2900","valueBuilding":"0","valueTotal":"2900","mailAddr":"470 SEPTIEME RANG SUD","mailCity":"SAINT-BRUNO, QC.","mun":"Saint-Bruno"},"geometry":{"type":"MultiPolygon","coordinates":[[[[-71.61312,48.459735],[-71.613155,48.459652],[-71.61373,48.459818],[-71.613694,48.459896],[-71.61312,48.459735]]]]}},{"type":"Feature","properties":{"owner1":"GAGNE JEAN-CLAUDE","owner2":"GAGNON HELENE","matricule":"2068-47-9420","street":"SIXIEME RANG SUD","civicLow":"250","civicHigh":"0","valueLand":"35200","valueBuilding":"75800","valueTotal":"111000","mailAddr":"250 SIXIEME RANG SUD","mailCity":"SAINT-BRUNO, QC.","mun":"Saint-Bruno"},"geometry":{"type":"MultiPolygon","coordinates":[[[[-71.639961,48.451895],[-71.639898,48.452044],[-71.639341,48.451942],[-71.639755,48.450906],[-71.640294,48.451007],[-71.639961,48.451895]]]]}},{"type":"Feature","properties":{"owner1":"MARCOTTE PAUL-ANDRE","owner2":null,"matricule":"1971-74-5858","street":"ETUDIANTS","civicLow":"809","civicHigh":"0","valueLand":"17900","valueBuilding":"145600","valueTotal":"163500","mailAddr":"419 FOXBORO DRIVE","mailCity":"SHERWOOD PARK, ALBERTA","mun":"Saint-Bruno"},"geometry":{"type":"MultiPolygon","coordinates":[[[[-71.650543,48.475983],[-71.650507,48.476097],[-71.65013,48.476025],[-71.650175,48.475918],[-71.650543,48.475983]]]]}},{"type":"Feature","properties":{"owner1":"SIMARD MAXIME","owner2":"GAGNON ANDREE-ANNE","matricule":"1971-84-9542","street":"LAJOIE","civicLow":"210","civicHigh":"0","valueLand":"37500","valueBuilding":"159400","valueTotal":"196900","mailAddr":"210 RUE LAJOIE","mailCity":"SAINT-BRUNO, QC.","mun":"Saint-Bruno"},"geometry":{"type":"MultiPolygon","coordinates":[[[[-71.648693,48.475763],[-71.648576,48.476043],[-71.648298,48.475989],[-71.648414,48.475715],[-71.648693,48.475763]]]]}},{"type":"Feature","properties":{"owner1":"DUFOUR MARTIN","owner2":null,"matricule":"1971-83-1620","street":"LAROUCHE","civicLow":"170","civicHigh":"0","valueLand":"21800","valueBuilding":"132800","valueTotal":"154600","mailAddr":"170 RUE LAROUCHE","mailCity":"SAINT-BRUNO, QC.","mun":"Saint-Bruno"},"geometry":{"type":"MultiPolygon","coordinates":[[[[-71.649376,48.474673],[-71.649564,48.474643],[-71.649654,48.474905],[-71.649519,48.474929],[-71.649376,48.474673]]]]}},{"type":"Feature","properties":{"owner1":"JEAN ANDRE","owner2":null,"matricule":"2173-15-0392","street":"Adresse non codifiée","civicLow":"0","civicHigh":"0","valueLand":"171600","valueBuilding":"0","valueTotal":"171600","mailAddr":"1460 ROUTE ST-ALPHONSE NORD","mailCity":"SAINT-BRUNO, QC.","mun":"Saint-Bruno"},"geometry":{"type":"MultiPolygon","coordinates":[[[[-71.623387,48.493661],[-71.623827,48.492572],[-71.640033,48.495519],[-71.64271,48.498049],[-71.642566,48.498418],[-71.622911,48.494828],[-71.623387,48.493661]]]]}},{"type":"Feature","properties":{"owner1":"LACHANCE GERARD","owner2":null,"matricule":"2368-97-3435","street":"HUITIEME RANG SUD","civicLow":"390","civicHigh":"0","valueLand":"15100","valueBuilding":"112700","valueTotal":"127800","mailAddr":"390 HUITIEME RANG SUD","mailCity":"SAINT-BRUNO, QC.","mun":"Saint-Bruno"},"geometry":{"type":"MultiPolygon","coordinates":[[[[-71.593249,48.452133],[-71.593195,48.452264],[-71.592979,48.452228],[-71.593069,48.451954],[-71.593698,48.452056],[-71.593644,48.452193],[-71.593249,48.452133]]]]}},{"type":"Feature","properties":{"owner1":"MUNICIPALITE DE SAINT-BRUNO","owner2":null,"matricule":"1970-46-2839","street":"170","civicLow":"0","civicHigh":"0","valueLand":"24100","valueBuilding":"0","valueTotal":"24100","mailAddr":"563 AVENUE ST-ALPHONSE","mailCity":"SAINT-BRUNO, QC.","mun":"Saint-Bruno"},"geometry":{"type":"MultiPolygon","coordinates":[[[[-71.654478,48.468473],[-71.654855,48.468545],[-71.654828,48.468622],[-71.654406,48.468646],[-71.654478,48.468473]]]]}},{"type":"Feature","properties":{"owner1":"9061-6350 QUEBEC INC","owner2":null,"matricule":"1970-46-5631","street":"MELANCON","civicLow":"116","civicHigh":"0","valueLand":"27700","valueBuilding":"127300","valueTotal":"155000","mailAddr":"118 RUE MELANCON","mailCity":"SAINT-BRUNO, QC.","mun":"Saint-Bruno"},"geometry":{"type":"MultiPolygon","coordinates":[[[[-71.65402,48.46858],[-71.654092,48.468408],[-71.654478,48.468473],[-71.654406,48.468646],[-71.65402,48.46858]]]]}},{"type":"Feature","properties":{"owner1":"BOUCHARD JOHANNE","owner2":null,"matricule":"1870-69-3073","street":"170","civicLow":"0","civicHigh":"0","valueLand":"83100","valueBuilding":"0","valueTotal":"83100","mailAddr":"830 TROISIEME RANG OUEST","mailCity":"SAINT-BRUNO, QC.","mun":"Saint-Bruno"},"geometry":{"type":"MultiPolygon","coordinates":[[[[-71.664189,48.471832],[-71.657559,48.470564],[-71.657981,48.469551],[-71.672956,48.472309],[-71.673792,48.472559],[-71.674205,48.472821],[-71.674448,48.473214],[-71.674412,48.473679],[-71.664189,48.471832]]]]}},{"type":"Feature","properties":{"owner1":"LAMIRANADE CHRISTINE","owner2":"RATTHE YOHANN","matricule":"2172-68-9432","street":"SIXIEME RANG NORD","civicLow":"0","civicHigh":"0","valueLand":"10100","valueBuilding":"10900","valueTotal":"21000","mailAddr":"1720 6E RANG","mailCity":"SAINT-BRUNO, QC.","mun":"Saint-Bruno"},"geometry":{"type":"MultiPolygon","coordinates":[[[[-71.624645,48.488512],[-71.624429,48.489042],[-71.624115,48.488988],[-71.624438,48.48819],[-71.624753,48.48825],[-71.624645,48.488512]]]]}},{"type":"Feature","properties":{"owner1":"MARCHAND MARCEL","owner2":null,"matricule":"2172-54-8892","street":"SIXIEME RANG NORD","civicLow":"1530","civicHigh":"0","valueLand":"31500","valueBuilding":"148800","valueTotal":"180300","mailAddr":"1530 SIXIEME RANG NORD","mailCity":"SAINT-BRUNO, QC.","mun":"Saint-Bruno"},"geometry":{"type":"MultiPolygon","coordinates":[[[[-71.626235,48.485737],[-71.62619,48.485856],[-71.625184,48.485707],[-71.625382,48.485243],[-71.626388,48.485398],[-71.626235,48.485737]]]]}},{"type":"Feature","properties":{"owner1":"ALLARD HELENE","owner2":"DESBIENS REMI","matricule":"2172-41-7737","street":"SIXIEME RANG NORD","civicLow":"1350","civicHigh":"0","valueLand":"31400","valueBuilding":"75100","valueTotal":"106500","mailAddr":"1350 SIXIEME RANG NORD","mailCity":"SAINT-BRUNO, QC.","mun":"Saint-Bruno"},"geometry":{"type":"MultiPolygon","coordinates":[[[[-71.626711,48.482415],[-71.626882,48.482111],[-71.62769,48.482248],[-71.627564,48.482564],[-71.626711,48.482415]]]]}},{"type":"Feature","properties":{"owner1":"TREMBLAY MARIO","owner2":null,"matricule":"1970-26-6013","street":"MOISSONS","civicLow":"113","civicHigh":"0","valueLand":"20200","valueBuilding":"151200","valueTotal":"171400","mailAddr":"113 RUE DES MOISSONS","mailCity":"SAINT-BRUNO, QC.","mun":"Saint-Bruno"},"geometry":{"type":"MultiPolygon","coordinates":[[[[-71.657029,48.468193],[-71.656903,48.468515],[-71.65676,48.468491],[-71.656894,48.46817],[-71.657029,48.468193]]]]}},{"type":"Feature","properties":{"owner1":"GAGNE CHANTALE","owner2":"TREMBLAY MICHEL","matricule":"1974-26-0259","street":"ST-ALPHONSE NORD","civicLow":"2045","civicHigh":"2045","valueLand":"82800","valueBuilding":"239300","valueTotal":"322100","mailAddr":"2045 ROUTE ST-ALPHONSE NORD","mailCity":"SAINT-BRUNO, QC.","mun":"Saint-Bruno"},"geometry":{"type":"MultiPolygon","coordinates":[[[[-71.657802,48.506721],[-71.657658,48.507054],[-71.656095,48.506775],[-71.656409,48.504531],[-71.655143,48.504311],[-71.655134,48.504162],[-71.65764,48.504168],[-71.658377,48.502442],[-71.661736,48.503025],[-71.660874,48.505102],[-71.660137,48.504977],[-71.659571,48.506298],[-71.660039,48.506441],[-71.659886,48.50681],[-71.659428,48.506638],[-71.659464,48.506536],[-71.65879,48.506411],[-71.658592,48.506864],[-71.657802,48.506721]]]]}},{"type":"Feature","properties":{"owner1":"MUNICIPALITE DE SAINT-BRUNO","owner2":null,"matricule":"1971-83-8370","street":"LAROUCHE","civicLow":"0","civicHigh":"0","valueLand":"4000","valueBuilding":"0","valueTotal":"4000","mailAddr":"563 AVENUE SAINT-ALPHONSE","mailCity":"SAINT-BRUNO, QC.","mun":"Saint-Bruno"},"geometry":{"type":"MultiPolygon","coordinates":[[[[-71.64845,48.475138],[-71.648783,48.475316],[-71.648738,48.475346],[-71.64845,48.475138]]]]}},{"type":"Feature","properties":{"owner1":"GAUTHIER SAMUEL","owner2":"MARTIN BOILY SABRINA","matricule":"1975-00-6766","street":"169","civicLow":"989","civicHigh":"989","valueLand":"13900","valueBuilding":"130800","valueTotal":"144700","mailAddr":"989 ROUTE 169","mailCity":"SAINT-BRUNO, QC.","mun":"Saint-Bruno"},"geometry":{"type":"MultiPolygon","coordinates":[[[[-71.660757,48.508316],[-71.660694,48.508489],[-71.660065,48.508387],[-71.660137,48.508215],[-71.660757,48.508316]]]]}},{"type":"Feature","properties":{"owner1":"TREMBLAY KARINE","owner2":"TREMBLAY PATRICK","matricule":"1975-00-5934","street":"169","civicLow":"991","civicHigh":"0","valueLand":"30700","valueBuilding":"141100","valueTotal":"171800","mailAddr":"991 ROUTE 169","mailCity":"SAINT-BRUNO, QC.","mun":"Saint-Bruno"},"geometry":{"type":"MultiPolygon","coordinates":[[[[-71.660137,48.508215],[-71.66029,48.50781],[-71.660901,48.507911],[-71.660757,48.508316],[-71.660137,48.508215]]]]}},{"type":"Feature","properties":{"owner1":"RACINE JACQUES","owner2":null,"matricule":"1975-00-4902","street":"169","civicLow":"995","civicHigh":"0","valueLand":"13900","valueBuilding":"101800","valueTotal":"115700","mailAddr":"995 ROUTE 169","mailCity":"SAINT-BRUNO, QC.","mun":"Saint-Bruno"},"geometry":{"type":"MultiPolygon","coordinates":[[[[-71.66029,48.50781],[-71.660353,48.507638],[-71.660973,48.507739],[-71.660901,48.507911],[-71.66029,48.50781]]]]}},{"type":"Feature","properties":{"owner1":"LES ENTREPRISES SERGE MALTAIS LTE","owner2":null,"matricule":"1874-97-1596","street":"Adresse non codifiée","civicLow":"0","civicHigh":"0","valueLand":"32300","valueBuilding":"4600","valueTotal":"36900","mailAddr":"1001 ROUTE 169","mailCity":"SAINT-BRUNO, QC.","mun":"Saint-Bruno"},"geometry":{"type":"MultiPolygon","coordinates":[[[[-71.662006,48.509191],[-71.661898,48.509453],[-71.661027,48.509286],[-71.661332,48.508423],[-71.660757,48.508316],[-71.661781,48.505763],[-71.661179,48.50565],[-71.662141,48.503608],[-71.662482,48.503055],[-71.662859,48.5029],[-71.662994,48.502578],[-71.663335,48.502936],[-71.664072,48.502918],[-71.664494,48.503132],[-71.662365,48.508316],[-71.662168,48.508697],[-71.661808,48.508631],[-71.661602,48.509119],[-71.662006,48.509191]]]]}},{"type":"Feature","properties":{"owner1":"GAGNE JANNY","owner2":null,"matricule":"1971-83-3024","street":"LAROUCHE","civicLow":"172","civicHigh":"0","valueLand":"23400","valueBuilding":"146800","valueTotal":"170200","mailAddr":"172 RUE LAROUCHE","mailCity":"SAINT-BRUNO, QC.","mun":"Saint-Bruno"},"geometry":{"type":"MultiPolygon","coordinates":[[[[-71.649124,48.474745],[-71.649376,48.474673],[-71.649519,48.474929],[-71.64942,48.474965],[-71.649124,48.474745]]]]}},{"type":"Feature","properties":{"owner1":"GAGNON ANDREANE","owner2":"TREMBLAY MICKAEL","matricule":"1971-83-4335","street":"LAROUCHE","civicLow":"176","civicHigh":"0","valueLand":"13500","valueBuilding":"137500","valueTotal":"151000","mailAddr":"461 RUE NERON","mailCity":"HBERTVILLE-STATION, QC","mun":"Saint-Bruno"},"geometry":{"type":"MultiPolygon","coordinates":[[[[-71.64898,48.474828],[-71.649052,48.474786],[-71.649331,48.475001],[-71.649259,48.475042],[-71.64898,48.474828]]]]}},{"type":"Feature","properties":{"owner1":"ENERGIR S.E.C.","owner2":null,"matricule":"2170-09-7396","street":"SIXIEME RANG NORD","civicLow":"0","civicHigh":"0","valueLand":"11800","valueBuilding":"0","valueTotal":"11800","mailAddr":"1717 RUE DU HAVRE","mailCity":"MONTREAL, QC.","mun":"Saint-Bruno"},"geometry":{"type":"MultiPolygon","coordinates":[[[[-71.632757,48.471987],[-71.632685,48.472166],[-71.632164,48.472071],[-71.632236,48.471892],[-71.632757,48.471987]]]]}},{"type":"Feature","properties":{"owner1":"TREMBLAY LEONCE","owner2":"BRODEUR JOCELYNE","matricule":"2073-36-2784","street":"ST-ALPHONSE NORD","civicLow":"1650","civicHigh":"1660","valueLand":"19400","valueBuilding":"109600","valueTotal":"129000","mailAddr":"1660 ROUTE ST-ALPHONSE NORD","mailCity":"SAINT-BRUNO, QC.","mun":"Saint-Bruno"},"geometry":{"type":"MultiPolygon","coordinates":[[[[-71.642575,48.495977],[-71.642683,48.495995],[-71.642791,48.49559],[-71.64359,48.495733],[-71.643572,48.496346],[-71.643393,48.496549],[-71.64271,48.49643],[-71.642746,48.496334],[-71.642441,48.496281],[-71.642575,48.495977]]]]}},{"type":"Feature","properties":{"owner1":"FORTIN MARLENE","owner2":null,"matricule":"2073-25-9998","street":"ST-ALPHONSE NORD","civicLow":"0","civicHigh":"0","valueLand":"800","valueBuilding":"2000","valueTotal":"2800","mailAddr":"210 CHEMIN DES SALBLES","mailCity":"HEBERTVILLE, QC.","mun":"Saint-Bruno"},"geometry":{"type":"MultiPolygon","coordinates":[[[[-71.643689,48.495394],[-71.643276,48.495394],[-71.64333,48.495162],[-71.643689,48.495394]]]]}},{"type":"Feature","properties":{"owner1":"JEAN ANDRE","owner2":null,"matricule":"2073-44-7797","street":"ST-ALPHONSE NORD","civicLow":"0","civicHigh":"0","valueLand":"46600","valueBuilding":"25800","valueTotal":"72400","mailAddr":"1460 ROUTE ST-ALPHONSE NORD","mailCity":"SAINT-BRUNO, QC.","mun":"Saint-Bruno"},"geometry":{"type":"MultiPolygon","coordinates":[[[[-71.642297,48.49593],[-71.640653,48.495632],[-71.637428,48.49259],[-71.644318,48.493858],[-71.644147,48.494304],[-71.643456,48.494173],[-71.643249,48.494584],[-71.643483,48.494614],[-71.643168,48.495245],[-71.643303,48.495257],[-71.643276,48.495394],[-71.643689,48.495435],[-71.64359,48.495733],[-71.642791,48.49559],[-71.642683,48.495995],[-71.642297,48.49593]]]]}},{"type":"Feature","properties":{"owner1":"BERGERON MARIO","owner2":null,"matricule":"2073-25-8855","street":"ST-ALPHONSE NORD","civicLow":"1600","civicHigh":"0","valueLand":"22200","valueBuilding":"56600","valueTotal":"78800","mailAddr":"1600 ROUTE ST-ALPHONSE NORD","mailCity":"SAINT-BRUNO, QC.","mun":"Saint-Bruno"},"geometry":{"type":"MultiPolygon","coordinates":[[[[-71.64333,48.495162],[-71.643303,48.495257],[-71.643168,48.495245],[-71.643483,48.494614],[-71.643968,48.494662],[-71.643689,48.495394],[-71.64333,48.495162]]]]}},{"type":"Feature","properties":{"owner1":"PEARSON MAXIME","owner2":null,"matricule":"2073-24-7899","street":"ST-ALPHONSE NORD","civicLow":"1590","civicHigh":"0","valueLand":"32600","valueBuilding":"136700","valueTotal":"169300","mailAddr":"1590 ROUTE ST-ALPHONSE NORD","mailCity":"SAINT-BRUNO, QC","mun":"Saint-Bruno"},"geometry":{"type":"MultiPolygon","coordinates":[[[[-71.643483,48.494614],[-71.643249,48.494584],[-71.643456,48.494173],[-71.644147,48.494304],[-71.643968,48.494662],[-71.643483,48.494614]]]]}},{"type":"Feature","properties":{"owner1":"BOUCHARD JEROME","owner2":null,"matricule":"1970-79-1275","street":"QUATRE-H","civicLow":"578","civicHigh":"601","valueLand":"45900","valueBuilding":"205400","valueTotal":"251300","mailAddr":"1283 RUE ADELARD-GRENON","mailCity":"LA BAIE, QC.","mun":"Saint-Bruno"},"geometry":{"type":"MultiPolygon","coordinates":[[[[-71.651118,48.471541],[-71.650993,48.471844],[-71.650597,48.471773],[-71.650642,48.471457],[-71.651118,48.471541]]]]}},{"type":"Feature","properties":{"owner1":"LACHANCE GERARD","owner2":null,"matricule":"2368-97-2753","street":"Adresse non codifiée","civicLow":"0","civicHigh":"0","valueLand":"200","valueBuilding":"0","valueTotal":"200","mailAddr":"390 HUITIEME RANG SUD","mailCity":"SAINT-BRUNO, QC.","mun":"Saint-Bruno"},"geometry":{"type":"MultiPolygon","coordinates":[[[[-71.593644,48.452193],[-71.593599,48.45233],[-71.593195,48.452264],[-71.593249,48.452133],[-71.593644,48.452193]]]]}},{"type":"Feature","properties":{"owner1":"BOUCHARD OMER","owner2":"FORTIN JACYNTHE","matricule":"2172-23-2298","street":"Adresse non codifiée","civicLow":"0","civicHigh":"0","valueLand":"104000","valueBuilding":"0","valueTotal":"104000","mailAddr":"1150 SIXIEME RANG NORD","mailCity":"SAINT-BRUNO, QC.","mun":"Saint-Bruno"},"geometry":{"type":"MultiPolygon","coordinates":[[[[-71.627529,48.483469],[-71.627996,48.482331],[-71.634742,48.483564],[-71.634032,48.487071],[-71.626603,48.485749],[-71.627529,48.483469]]]]}},{"type":"Feature","properties":{"owner1":"BOUCHARD CHANTALE","owner2":null,"matricule":"1971-81-6429","street":"FORTIN","civicLow":"240","civicHigh":"0","valueLand":"23700","valueBuilding":"77900","valueTotal":"101600","mailAddr":"240 RUE FORTIN","mailCity":"SAINT-BRUNO, QC.","mun":"Saint-Bruno"},"geometry":{"type":"MultiPolygon","coordinates":[[[[-71.64898,48.472946],[-71.648872,48.473208],[-71.648675,48.473172],[-71.648783,48.47291],[-71.64898,48.472946]]]]}},{"type":"Feature","properties":{"owner1":"DESBIENS ROBIN","owner2":null,"matricule":"2070-03-2909","street":"NORMANDIE","civicLow":"410","civicHigh":"0","valueLand":"35900","valueBuilding":"155400","valueTotal":"191300","mailAddr":"410 RUE NORMANDIE","mailCity":"SAINT-BRUNO, QC.","mun":"Saint-Bruno"},"geometry":{"type":"MultiPolygon","coordinates":[[[[-71.646654,48.465608],[-71.646546,48.465864],[-71.646231,48.465805],[-71.64633,48.465555],[-71.646654,48.465608]]]]}},{"type":"Feature","properties":{"owner1":"TREMBLAY GRATIEN","owner2":null,"matricule":"1970-96-6645","street":"NAPOLEON","civicLow":"345","civicHigh":"0","valueLand":"39900","valueBuilding":"104700","valueTotal":"144600","mailAddr":"345 RUE NAPOLEON","mailCity":"SAINT-BRUNO, QC.","mun":"Saint-Bruno"},"geometry":{"type":"MultiPolygon","coordinates":[[[[-71.64757,48.468592],[-71.647444,48.468914],[-71.647139,48.46886],[-71.647264,48.468539],[-71.64757,48.468592]]]]}},{"type":"Feature","properties":{"owner1":"GAUTHIER ERIC","owner2":"DION SANDRA","matricule":"1970-96-4452","street":"NAPOLEON","civicLow":"325","civicHigh":"0","valueLand":"39600","valueBuilding":"105700","valueTotal":"145300","mailAddr":"325 RUE NAPOLEON","mailCity":"SAINT-BRUNO, QC.","mun":"Saint-Bruno"},"geometry":{"type":"MultiPolygon","coordinates":[[[[-71.647875,48.468646],[-71.647741,48.468974],[-71.647444,48.468914],[-71.64757,48.468592],[-71.647875,48.468646]]]]}},{"type":"Feature","properties":{"owner1":"BOUCHARD JEROME","owner2":"COTE MELANIE","matricule":"1970-96-2158","street":"NAPOLEON","civicLow":"315","civicHigh":"0","valueLand":"39600","valueBuilding":"133900","valueTotal":"173500","mailAddr":"315 RUE NAPOLEON","mailCity":"SAINT-BRUNO, QC.","mun":"Saint-Bruno"},"geometry":{"type":"MultiPolygon","coordinates":[[[[-71.648181,48.4687],[-71.648046,48.469027],[-71.647741,48.468974],[-71.647875,48.468646],[-71.648181,48.4687]]]]}},{"type":"Feature","properties":{"owner1":"VILLENEUVE REAL","owner2":null,"matricule":"1970-86-9965","street":"NAPOLEON","civicLow":"311","civicHigh":"0","valueLand":"39600","valueBuilding":"114900","valueTotal":"154500","mailAddr":"311 RUE NAPOLEON","mailCity":"SAINT-BRUNO, QC.","mun":"Saint-Bruno"},"geometry":{"type":"MultiPolygon","coordinates":[[[[-71.648477,48.468759],[-71.648351,48.469081],[-71.648046,48.469027],[-71.648181,48.4687],[-71.648477,48.468759]]]]}},{"type":"Feature","properties":{"owner1":"PARADIS JEAN-ROCK","owner2":null,"matricule":"1970-96-7781","street":"PARC","civicLow":"370","civicHigh":"0","valueLand":"38400","valueBuilding":"109800","valueTotal":"148200","mailAddr":"370 RUE DU PARC","mailCity":"SAINT-BRUNO, QC.","mun":"Saint-Bruno"},"geometry":{"type":"MultiPolygon","coordinates":[[[[-71.647426,48.468914],[-71.647291,48.469236],[-71.647004,48.469182],[-71.647139,48.46886],[-71.647426,48.468914]]]]}},{"type":"Feature","properties":{"owner1":"THIBEAULT STEPHANE","owner2":"GUAY KARINA","matricule":"1970-96-5687","street":"PARC","civicLow":"360","civicHigh":"0","valueLand":"38400","valueBuilding":"148400","valueTotal":"186800","mailAddr":"360 RUE DU PARC","mailCity":"SAINT-BRUNO, QC.","mun":"Saint-Bruno"},"geometry":{"type":"MultiPolygon","coordinates":[[[[-71.647705,48.468962],[-71.647579,48.469283],[-71.647291,48.469236],[-71.647426,48.468914],[-71.647705,48.468962]]]]}},{"type":"Feature","properties":{"owner1":"MALTAIS SYLVAIN","owner2":"MORIN MICHELINE","matricule":"1970-96-3593","street":"PARC","civicLow":"350","civicHigh":"0","valueLand":"38400","valueBuilding":"217800","valueTotal":"256200","mailAddr":"350 RUE DU PARC","mailCity":"SAINT-BRUNO, QC.","mun":"Saint-Bruno"},"geometry":{"type":"MultiPolygon","coordinates":[[[[-71.647992,48.469015],[-71.647866,48.469337],[-71.647579,48.469283],[-71.647705,48.468962],[-71.647992,48.469015]]]]}},{"type":"Feature","properties":{"owner1":"THIBEAULT JEAN-FRANCOIS","owner2":"BOULE JOANNIE","matricule":"1970-96-1499","street":"PARC","civicLow":"340","civicHigh":"0","valueLand":"38500","valueBuilding":"136600","valueTotal":"175100","mailAddr":"340 RUE DU PARC","mailCity":"SAINT-BRUNO, QC.","mun":"Saint-Bruno"},"geometry":{"type":"MultiPolygon","coordinates":[[[[-71.64828,48.469069],[-71.648145,48.469391],[-71.647866,48.469337],[-71.647992,48.469015],[-71.64828,48.469069]]]]}},{"type":"Feature","properties":{"owner1":"LAVOIE RICHARD","owner2":null,"matricule":"2368-97-3859","street":"Adresse non codifiée","civicLow":"0","civicHigh":"0","valueLand":"100","valueBuilding":"0","valueTotal":"100","mailAddr":"355 HUITIEME RANG SUD","mailCity":"SAINT-BRUNO, QC.","mun":"Saint-Bruno"},"geometry":{"type":"MultiPolygon","coordinates":[[[[-71.59297,48.452246],[-71.592979,48.452228],[-71.593599,48.45233],[-71.59297,48.452246]]]]}},{"type":"Feature","properties":{"owner1":"DUCHESNE MANDOZA","owner2":null,"matricule":"1970-77-4904","street":"NAPOLEON","civicLow":"255","civicHigh":"0","valueLand":"41100","valueBuilding":"125100","valueTotal":"166200","mailAddr":"255 RUE NAPOLEON","mailCity":"SAINT-BRUNO, QC.","mun":"Saint-Bruno"},"geometry":{"type":"MultiPolygon","coordinates":[[[[-71.650561,48.469128],[-71.650454,48.469396],[-71.650049,48.469325],[-71.650157,48.469057],[-71.650561,48.469128]]]]}},{"type":"Feature","properties":{"owner1":"LACHANCE MICHELINE","owner2":null,"matricule":"2368-99-7904","street":"HUITIEME RANG SUD","civicLow":"430","civicHigh":"0","valueLand":"2000","valueBuilding":"500","valueTotal":"2500","mailAddr":"428 8E RANG SUD","mailCity":"SAINT-BRUNO, QC.","mun":"Saint-Bruno"},"geometry":{"type":"MultiPolygon","coordinates":[[[[-71.593177,48.453325],[-71.592943,48.453926],[-71.592324,48.453908],[-71.592584,48.453241],[-71.593177,48.453325]]]]}},{"type":"Feature","properties":{"owner1":"MARTIN DONALD","owner2":null,"matricule":"2469-01-3307","street":"HUITIEME RANG SUD","civicLow":"468","civicHigh":"0","valueLand":"44700","valueBuilding":"71600","valueTotal":"116300","mailAddr":"675 ROUTE SAINT-MARC","mailCity":"SAINT-HONORE,QC","mun":"Saint-Bruno"},"geometry":{"type":"MultiPolygon","coordinates":[[[[-71.59244,48.455499],[-71.592225,48.456029],[-71.591156,48.455851],[-71.591255,48.455636],[-71.591722,48.455285],[-71.59191,48.454844],[-71.592638,48.454933],[-71.59244,48.455499]]]]}},{"type":"Feature","properties":{"owner1":"LAJOIE CLAUDIA","owner2":null,"matricule":"2772-55-9682","street":"Adresse non codifiée","civicLow":"0","civicHigh":"0","valueLand":"31500","valueBuilding":"60000","valueTotal":"91500","mailAddr":"607 RUE MORIN","mailCity":"HEBERTVILLE, QC.","mun":"Saint-Bruno"},"geometry":{"type":"MultiPolygon","coordinates":[[[[-71.553435,48.489536],[-71.534795,48.485797],[-71.535209,48.484653],[-71.553588,48.488297],[-71.555043,48.487851],[-71.554684,48.488208],[-71.554783,48.488476],[-71.553435,48.489536]]]]}},{"type":"Feature","properties":{"owner1":"LAJOIE PIERRETTE","owner2":null,"matricule":"2772-54-6154","street":"Adresse non codifiée","civicLow":"0","civicHigh":"0","valueLand":"37000","valueBuilding":"0","valueTotal":"37000","mailAddr":"810 RUE CHARLES-HUOT","mailCity":"CHICOUTIMI, QC.","mun":"Saint-Bruno"},"geometry":{"type":"MultiPolygon","coordinates":[[[[-71.535209,48.484653],[-71.535622,48.483516],[-71.555924,48.487494],[-71.555735,48.487714],[-71.555259,48.487767],[-71.553588,48.488297],[-71.535209,48.484653]]]]}},{"type":"Feature","properties":{"owner1":"LAJOIE MARTIN","owner2":"LAJOIE PIERRETTE","matricule":"2672-77-7534","street":"HUITIEME RANG NORD","civicLow":"0","civicHigh":"0","valueLand":"400","valueBuilding":"0","valueTotal":"400","mailAddr":"215 RUE HEBERT","mailCity":"HEBERTVILLE, QC.","mun":"Saint-Bruno"},"geometry":{"type":"MultiPolygon","coordinates":[[[[-71.556211,48.488815],[-71.55596,48.489339],[-71.555807,48.489304],[-71.555744,48.489178],[-71.555169,48.488946],[-71.554675,48.488285],[-71.555052,48.487845],[-71.555735,48.487714],[-71.555924,48.487494],[-71.556777,48.48766],[-71.556211,48.488815]]]]}},{"type":"Feature","properties":{"owner1":"LAPIERRE ROBERT","owner2":null,"matricule":"1970-86-1125","street":"NAPOLEON","civicLow":"292","civicHigh":"0","valueLand":"39700","valueBuilding":"106800","valueTotal":"146500","mailAddr":"292 RUE NAPOLEON","mailCity":"SAINT-BRUNO, QC.","mun":"Saint-Bruno"},"geometry":{"type":"MultiPolygon","coordinates":[[[[-71.649645,48.468342],[-71.649474,48.468753],[-71.649241,48.468706],[-71.649402,48.468295],[-71.649645,48.468342]]]]}},{"type":"Feature","properties":{"owner1":"TREMBLAY JANICK","owner2":"CARRIERE AUDREY","matricule":"1970-86-2920","street":"NAPOLEON","civicLow":"296","civicHigh":"0","valueLand":"39700","valueBuilding":"108100","valueTotal":"147800","mailAddr":"296 RUE NAPOLEON","mailCity":"SAINT-BRUNO, QC.","mun":"Saint-Bruno"},"geometry":{"type":"MultiPolygon","coordinates":[[[[-71.649402,48.468295],[-71.649241,48.468706],[-71.648998,48.468664],[-71.649169,48.468253],[-71.649402,48.468295]]]]}},{"type":"Feature","properties":{"owner1":"VILLENEUVE REAL","owner2":null,"matricule":"1970-86-5513","street":"NAPOLEON","civicLow":"310","civicHigh":"0","valueLand":"54900","valueBuilding":"139800","valueTotal":"194700","mailAddr":"311 RUE NAPOLEON","mailCity":"SAINT-BRUNO, QC.","mun":"Saint-Bruno"},"geometry":{"type":"MultiPolygon","coordinates":[[[[-71.649169,48.468253],[-71.648998,48.468664],[-71.64854,48.46858],[-71.648711,48.46817],[-71.649169,48.468253]]]]}},{"type":"Feature","properties":{"owner1":"FORTIN MARIE-CLAUDE","owner2":null,"matricule":"1971-74-7542","street":"BOISE","civicLow":"155","civicHigh":"0","valueLand":"24200","valueBuilding":"136700","valueTotal":"160900","mailAddr":"155 RUE DU BOISE","mailCity":"SAINT-BRUNO, QC.","mun":"Saint-Bruno"},"geometry":{"type":"MultiPolygon","coordinates":[[[[-71.650175,48.475918],[-71.650139,48.476019],[-71.649941,48.475989],[-71.650058,48.475704],[-71.650247,48.475739],[-71.650175,48.475918]]]]}},{"type":"Feature","properties":{"owner1":"9264-6660 QUEBEC INC","owner2":null,"matricule":"2070-45-8386","street":"MELANCON","civicLow":"675","civicHigh":"0","valueLand":"112300","valueBuilding":"454200","valueTotal":"566500","mailAddr":"695 RUE  MELANCON","mailCity":"SAINT-BRUNO, QC","mun":"Saint-Bruno"},"geometry":{"type":"MultiPolygon","coordinates":[[[[-71.640806,48.467842],[-71.641291,48.468229],[-71.641614,48.468884],[-71.639422,48.468491],[-71.639305,48.467866],[-71.640806,48.467842]]]]}},{"type":"Feature","properties":{"owner1":"TERASSEMENT MARCEL TREMBLAY INC","owner2":null,"matricule":"2070-46-6279","street":"INDUSTRIELLE","civicLow":"500","civicHigh":"0","valueLand":"40000","valueBuilding":"208300","valueTotal":"248300","mailAddr":"500 AVENUE INDUSTRIELLE","mailCity":"SAINT-BRUNO, QC.","mun":"Saint-Bruno"},"geometry":{"type":"MultiPolygon","coordinates":[[[[-71.641704,48.468902],[-71.641812,48.469331],[-71.642261,48.469772],[-71.639746,48.469313],[-71.639422,48.468491],[-71.641704,48.468902]]]]}},{"type":"Feature","properties":{"owner1":"BOUCHARD SEBASTIEN","owner2":null,"matricule":"1971-63-9387","street":"ETUDIANTS","civicLow":"792","civicHigh":"798","valueLand":"38900","valueBuilding":"285100","valueTotal":"324000","mailAddr":"216 RUE LAJOIE","mailCity":"SAINT-BRUNO, QC.","mun":"Saint-Bruno"},"geometry":{"type":"MultiPolygon","coordinates":[[[[-71.650975,48.475489],[-71.651109,48.475197],[-71.651406,48.475215],[-71.651271,48.475543],[-71.650975,48.475489]]]]}},{"type":"Feature","properties":{"owner1":"BOUCHARD JACQUES","owner2":"HARVEY FRANCE","matricule":"2070-17-2019","street":"PIONNIERS","civicLow":"421","civicHigh":"0","valueLand":"33400","valueBuilding":"189700","valueTotal":"223100","mailAddr":"421 RUE DES PIONNIERS","mailCity":"SAINT-BRUNO, QC.","mun":"Saint-Bruno"},"geometry":{"type":"MultiPolygon","coordinates":[[[[-71.645091,48.469516],[-71.645198,48.469254],[-71.645486,48.469301],[-71.645369,48.469569],[-71.645091,48.469516]]]]}},{"type":"Feature","properties":{"owner1":"ROBERVAL SAGUENAY","owner2":null,"matricule":"2073-39-0059","street":"SIXIEME RANG SUD","civicLow":"524","civicHigh":"0","valueLand":"213300","valueBuilding":"0","valueTotal":"213300","mailAddr":"1655 RUE POWELL","mailCity":"JONQUIERE, QC.","mun":"Saint-Bruno"},"geometry":{"type":"MultiPolygon","coordinates":[[[[-71.623091,48.451078],[-71.621833,48.451227],[-71.629828,48.449726],[-71.627088,48.450286],[-71.626451,48.450524],[-71.625768,48.45121],[-71.625804,48.45193],[-71.635083,48.463923],[-71.634913,48.464286],[-71.624995,48.451847],[-71.624295,48.451299],[-71.623091,48.451078]]],[[[-71.635056,48.464465],[-71.635209,48.464083],[-71.63626,48.465418],[-71.63573,48.465322],[-71.635056,48.464465]]],[[[-71.640033,48.495519],[-71.634688,48.490441],[-71.634122,48.489625],[-71.633844,48.48875],[-71.633871,48.487887],[-71.63767,48.468914],[-71.637626,48.468187],[-71.637365,48.467485],[-71.635856,48.465483],[-71.636395,48.465584],[-71.63759,48.467115],[-71.637985,48.467967],[-71.638084,48.46886],[-71.634266,48.487952],[-71.634248,48.488666],[-71.634428,48.489369],[-71.635209,48.490476],[-71.653436,48.507715],[-71.652816,48.507602],[-71.640033,48.495519]]]]}},{"type":"Feature","properties":{"owner1":"MALTAIS FELIX","owner2":"LEMAY VALERIE","matricule":"2070-23-9574","street":"DALLAIRE","civicLow":"540","civicHigh":"0","valueLand":"15500","valueBuilding":"213800","valueTotal":"229300","mailAddr":"655 RUE DES LILAS","mailCity":"SAINT-BRUNO, QC.","mun":"Saint-Bruno"},"geometry":{"type":"MultiPolygon","coordinates":[[[[-71.643186,48.466103],[-71.642971,48.466633],[-71.642539,48.466543],[-71.642683,48.466013],[-71.643186,48.466103]]]]}},{"type":"Feature","properties":{"owner1":"FERME ELOISE INC.","owner2":null,"matricule":"1872-28-8846","street":"Adresse non codifiée","civicLow":"0","civicHigh":"0","valueLand":"215800","valueBuilding":"45000","valueTotal":"260800","mailAddr":"280 ROUTE DU LAC OUEST","mailCity":"ALMA, QC.","mun":"Saint-Bruno"},"geometry":{"type":"MultiPolygon","coordinates":[[[[-71.669192,48.487059],[-71.671905,48.480759],[-71.675238,48.481355],[-71.671267,48.490601],[-71.670243,48.489786],[-71.670737,48.489125],[-71.669776,48.488857],[-71.669974,48.488571],[-71.668671,48.488256],[-71.669192,48.487059]]],[[[-71.668393,48.488911],[-71.668537,48.488571],[-71.671223,48.490762],[-71.669129,48.495572],[-71.665779,48.494965],[-71.668052,48.489702],[-71.668384,48.489196],[-71.668393,48.488911]]]]}},{"type":"Feature","properties":{"owner1":"FERME EIKO S.E.N.C.","owner2":null,"matricule":"1874-31-9836","street":"Adresse non codifiée","civicLow":"0","civicHigh":"0","valueLand":"272300","valueBuilding":"290000","valueTotal":"562300","mailAddr":"520 CINQUIEME RANG OUEST","mailCity":"SAINT-BRUNO, QC.","mun":"Saint-Bruno"},"geometry":{"type":"MultiPolygon","coordinates":[[[[-71.668492,48.504995],[-71.668007,48.505031],[-71.667845,48.505215],[-71.667054,48.505019],[-71.666875,48.505102],[-71.666731,48.505543],[-71.666174,48.505191],[-71.665761,48.50509],[-71.665788,48.504894],[-71.666488,48.504543],[-71.666641,48.504346],[-71.666417,48.503656],[-71.666111,48.503572],[-71.666722,48.502162],[-71.664988,48.501918],[-71.664494,48.503132],[-71.664072,48.502918],[-71.663335,48.502936],[-71.663219,48.502846],[-71.662994,48.502578],[-71.663192,48.50212],[-71.663057,48.501537],[-71.66586,48.494977],[-71.669129,48.495572],[-71.671061,48.491107],[-71.673028,48.491828],[-71.673145,48.491566],[-71.674699,48.492137],[-71.673055,48.496281],[-71.672893,48.496251],[-71.671851,48.498787],[-71.675319,48.499418],[-71.672211,48.506971],[-71.67089,48.506709],[-71.670154,48.506667],[-71.669408,48.506411],[-71.66921,48.506269],[-71.669291,48.506031],[-71.669138,48.50565],[-71.668797,48.505501],[-71.668797,48.505185],[-71.668492,48.504995]]]]}},{"type":"Feature","properties":{"owner1":"MUNGER CYNTHIA","owner2":"PERON MARC","matricule":"1971-92-2937","street":"CEDRES","civicLow":"255","civicHigh":"0","valueLand":"36600","valueBuilding":"168800","valueTotal":"205400","mailAddr":"255 RUE DES CEDRES","mailCity":"SAINT-BRUNO, QC.","mun":"Saint-Bruno"},"geometry":{"type":"MultiPolygon","coordinates":[[[[-71.648181,48.473941],[-71.648073,48.474203],[-71.647759,48.474149],[-71.647866,48.473881],[-71.648181,48.473941]]]]}},{"type":"Feature","properties":{"owner1":"GUAY SAMUEL","owner2":"DESBIENS SABRINA","matricule":"1971-92-5330","street":"CEDRES","civicLow":"265","civicHigh":"0","valueLand":"37400","valueBuilding":"164400","valueTotal":"201800","mailAddr":"265 RUE DES CEDRES","mailCity":"SAINT-BRUNO, QC.","mun":"Saint-Bruno"},"geometry":{"type":"MultiPolygon","coordinates":[[[[-71.647866,48.473881],[-71.647759,48.474149],[-71.647426,48.47409],[-71.647543,48.473845],[-71.647866,48.473881]]]]}},{"type":"Feature","properties":{"owner1":"GIRARD STEEVE","owner2":"MAILLOUX GENEVIEVE","matricule":"1875-81-0888","street":"SIXIEME RANG OUEST","civicLow":"503","civicHigh":"0","valueLand":"33000","valueBuilding":"148200","valueTotal":"181200","mailAddr":"503 SIXIEME RANG OUEST","mailCity":"SAINT-BRUNO, QC.","mun":"Saint-Bruno"},"geometry":{"type":"MultiPolygon","coordinates":[[[[-71.664216,48.509238],[-71.663964,48.509845],[-71.663605,48.50978],[-71.663928,48.508983],[-71.664288,48.509048],[-71.664216,48.509238]]]]}},{"type":"Feature","properties":{"owner1":"8720428 CANADA INC","owner2":null,"matricule":"2072-04-0985","street":"ST-ALPHONSE NORD","civicLow":"1212","civicHigh":"1214","valueLand":"45700","valueBuilding":"403400","valueTotal":"449100","mailAddr":"2455 RUE CANTIN","mailCity":"JONQUIERE, QC","mun":"Saint-Bruno"},"geometry":{"type":"MultiPolygon","coordinates":[[[[-71.646968,48.483921],[-71.646851,48.483838],[-71.648387,48.484124],[-71.647678,48.486005],[-71.647094,48.486982],[-71.647049,48.486535],[-71.645522,48.485547],[-71.646654,48.484856],[-71.646393,48.484713],[-71.646402,48.48435],[-71.646905,48.484076],[-71.646968,48.483921]]]]}},{"type":"Feature","properties":{"owner1":"ROY-SIMARD BENOIT","owner2":"BERGERON ISABELLE","matricule":"1972-93-3432","street":"ST-ALPHONSE NORD","civicLow":"1120","civicHigh":"0","valueLand":"24700","valueBuilding":"81500","valueTotal":"106200","mailAddr":"1120 ROUTE ST-ALPHONSE NORD","mailCity":"SAINT-BRUNO, QC.","mun":"Saint-Bruno"},"geometry":{"type":"MultiPolygon","coordinates":[[[[-71.646887,48.483844],[-71.647786,48.483879],[-71.648154,48.483653],[-71.648558,48.483611],[-71.648387,48.484124],[-71.646887,48.483844]]]]}},{"type":"Feature","properties":{"owner1":"2738-7554 QUEBEC INC","owner2":null,"matricule":"2071-58-3157","street":"ST-ALPHONSE NORD","civicLow":"1000","civicHigh":"0","valueLand":"809500","valueBuilding":"344600","valueTotal":"1154100","mailAddr":"1004 ROUTE ST-ALPHONSE NORD","mailCity":"SAINT-BRUNO, QC.","mun":"Saint-Bruno"},"geometry":{"type":"MultiPolygon","coordinates":[[[[-71.631634,48.473369],[-71.632164,48.472071],[-71.636808,48.472916],[-71.634742,48.483564],[-71.627996,48.482331],[-71.631634,48.473369]]],[[[-71.64554,48.485529],[-71.635137,48.483635],[-71.637347,48.473012],[-71.637814,48.473101],[-71.638138,48.473417],[-71.639476,48.47372],[-71.640437,48.474322],[-71.645782,48.475281],[-71.645701,48.475465],[-71.645935,48.476007],[-71.650993,48.476918],[-71.649699,48.47992],[-71.649546,48.47989],[-71.649124,48.480908],[-71.649681,48.481009],[-71.649591,48.481212],[-71.649043,48.481105],[-71.648899,48.481444],[-71.649447,48.481557],[-71.648558,48.483611],[-71.648154,48.483653],[-71.647786,48.483879],[-71.646851,48.483838],[-71.646905,48.484076],[-71.646402,48.48435],[-71.646348,48.484564],[-71.646654,48.484856],[-71.64554,48.485529]]]]}},{"type":"Feature","properties":{"owner1":"BOUCHARD REAL","owner2":null,"matricule":"2269-55-3344","street":"SEPTIEME RANG SUD","civicLow":"470","civicHigh":"0","valueLand":"52200","valueBuilding":"112600","valueTotal":"164800","mailAddr":"429 SEPTIEME RANG SUD","mailCity":"SAINT-BRUNO, QC.","mun":"Saint-Bruno"},"geometry":{"type":"MultiPolygon","coordinates":[[[[-71.612581,48.459586],[-71.611736,48.459866],[-71.611341,48.459741],[-71.611314,48.459568],[-71.611826,48.458609],[-71.614063,48.459008],[-71.61391,48.459366],[-71.613308,48.459258],[-71.613129,48.459717],[-71.612581,48.459586]]]]}},{"type":"Feature","properties":{"owner1":"BERGERON EVENS","owner2":"DUCHESNE CHANTALE","matricule":"2570-26-7454","street":"HUITIEME RANG NORD","civicLow":"1098","civicHigh":"0","valueLand":"291400","valueBuilding":"486600","valueTotal":"778000","mailAddr":"1098 HUITIEME RANG NORD","mailCity":"SAINT-BRUNO, QC.","mun":"Saint-Bruno"},"geometry":{"type":"MultiPolygon","coordinates":[[[[-71.563964,48.470641],[-71.566201,48.46481],[-71.584113,48.467955],[-71.582819,48.468384],[-71.581148,48.469295],[-71.580439,48.46917],[-71.580062,48.469379],[-71.580744,48.469498],[-71.578669,48.47079],[-71.57645,48.472702],[-71.563964,48.470641]]],[[[-71.579424,48.47048],[-71.586188,48.47163],[-71.585173,48.474143],[-71.576612,48.472732],[-71.578714,48.470915],[-71.579424,48.47048]]]]}},{"type":"Feature","properties":{"owner1":"FERME AVICOLE BERGERON & FILS S.E.N.C","owner2":null,"matricule":"2470-78-0903","street":"HUITIEME RANG NORD","civicLow":"1097","civicHigh":"0","valueLand":"11600","valueBuilding":"180600","valueTotal":"192200","mailAddr":"1097 HUITIEME RANG NORD","mailCity":"SAINT-BRUNO, QC.","mun":"Saint-Bruno"},"geometry":{"type":"MultiPolygon","coordinates":[[[[-71.579424,48.47048],[-71.580403,48.469837],[-71.586493,48.470868],[-71.586188,48.47163],[-71.579424,48.47048]]]]}},{"type":"Feature","properties":{"owner1":"BERGERON BERTRAND","owner2":null,"matricule":"2471-91-0859","street":"HUITIEME RANG NORD","civicLow":"1151","civicHigh":"0","valueLand":"39100","valueBuilding":"185000","valueTotal":"224100","mailAddr":"1151 HUITIEME RANG NORD","mailCity":"SAINT-BRUNO, QC.","mun":"Saint-Bruno"},"geometry":{"type":"MultiPolygon","coordinates":[[[[-71.576226,48.473863],[-71.576298,48.473256],[-71.576612,48.472732],[-71.585173,48.474143],[-71.584724,48.475263],[-71.576226,48.473863]]]]}},{"type":"Feature","properties":{"owner1":"TREMBLAY ALAIN","owner2":null,"matricule":"2471-94-5436","street":"Adresse non codifiée","civicLow":"0","civicHigh":"0","valueLand":"58100","valueBuilding":"13400","valueTotal":"71500","mailAddr":"950 SEPTIEME RANG NORD","mailCity":"SAINT-BRUNO, QC.","mun":"Saint-Bruno"},"geometry":{"type":"MultiPolygon","coordinates":[[[[-71.576028,48.477752],[-71.576226,48.473863],[-71.584724,48.475263],[-71.583206,48.479032],[-71.576028,48.477752]]]]}},{"type":"Feature","properties":{"owner1":"GIRARD DONALD","owner2":"TREMBLAY ISABELLE","matricule":"2567-52-3586","street":"LAC MARCO","civicLow":"410","civicHigh":"0","valueLand":"36400","valueBuilding":"186100","valueTotal":"222500","mailAddr":"1047 RUE LALANCETTE","mailCity":"ROBERVAL, QC.","mun":"Saint-Bruno"},"geometry":{"type":"MultiPolygon","coordinates":[[[[-71.571456,48.439673],[-71.571204,48.43984],[-71.570764,48.439757],[-71.571384,48.438642],[-71.57212,48.438875],[-71.571456,48.439673]]]]}},{"type":"Feature","properties":{"owner1":"MUNICIPALITE DE SAINT-BRUNO","owner2":null,"matricule":"1970-47-9024","street":"NAPOLEON","civicLow":"0","civicHigh":"0","valueLand":"12300","valueBuilding":"0","valueTotal":"12300","mailAddr":"563 AVENUE ST-ALPHONSE","mailCity":"SAINT-BRUNO, QC.","mun":"Saint-Bruno"},"geometry":{"type":"MultiPolygon","coordinates":[[[[-71.653885,48.469385],[-71.653831,48.469533],[-71.653669,48.469504],[-71.653705,48.469206],[-71.653939,48.469254],[-71.653885,48.469385]]]]}},{"type":"Feature","properties":{"owner1":"VALLIERES ALAIN","owner2":"VALLEE PASCALE-JULIE","matricule":"1971-63-4691","street":"ST-ALPHONSE","civicLow":"793","civicHigh":"795","valueLand":"28400","valueBuilding":"138000","valueTotal":"166400","mailAddr":"793 AVENUE ST-ALPHONSE","mailCity":"SAINT-BRUNO, QC.","mun":"Saint-Bruno"},"geometry":{"type":"MultiPolygon","coordinates":[[[[-71.652061,48.475346],[-71.651999,48.475501],[-71.651603,48.475436],[-71.651666,48.475275],[-71.652061,48.475346]]]]}},{"type":"Feature","properties":{"owner1":"BOUCHARD PATRICK","owner2":null,"matricule":"1971-64-9720","street":"ETUDIANTS","civicLow":"800","civicHigh":"806","valueLand":"43400","valueBuilding":"288700","valueTotal":"332100","mailAddr":"565 AVENUE DU PLATEAU-BEAUMONT","mailCity":"SAINT-BRUNO, QC.","mun":"Saint-Bruno"},"geometry":{"type":"MultiPolygon","coordinates":[[[[-71.650867,48.475751],[-71.650975,48.475489],[-71.651424,48.475567],[-71.651307,48.475835],[-71.650867,48.475751]]]]}},{"type":"Feature","properties":{"owner1":"CLOUTIER ERIC","owner2":"BOUDREAULT MARILYNE","matricule":"2071-12-3116","street":"OEILLETS","civicLow":"755","civicHigh":"0","valueLand":"50100","valueBuilding":"205700","valueTotal":"255800","mailAddr":"755 AVENUE DES OEILLETS","mailCity":"SAINT-BRUNO, QC.","mun":"Saint-Bruno"},"geometry":{"type":"MultiPolygon","coordinates":[[[[-71.645576,48.473929],[-71.644902,48.474054],[-71.645144,48.473673],[-71.645576,48.473792],[-71.645576,48.473929]]]]}},{"type":"Feature","properties":{"owner1":"TREMBLAY EMILIO","owner2":"COULOMBE MADELEINE","matricule":"2070-04-3544","street":"PARE","civicLow":"406","civicHigh":"0","valueLand":"45000","valueBuilding":"115700","valueTotal":"160700","mailAddr":"406 RUE PARE","mailCity":"SAINT-BRUNO, QC.","mun":"Saint-Bruno"},"geometry":{"type":"MultiPolygon","coordinates":[[[[-71.646285,48.467091],[-71.646124,48.467062],[-71.64624,48.466764],[-71.646645,48.466728],[-71.646483,48.467127],[-71.646285,48.467091]]]]}},{"type":"Feature","properties":{"owner1":"MUNICIPALITE DE SAINT-BRUNO","owner2":null,"matricule":"2070-01-0598","street":"SIXIEME RANG SUD","civicLow":"515","civicHigh":"0","valueLand":"146100","valueBuilding":"210500","valueTotal":"356600","mailAddr":"563 AVENUE ST-ALPHONSE","mailCity":"SAINT-BRUNO, QC.","mun":"Saint-Bruno"},"geometry":{"type":"MultiPolygon","coordinates":[[[[-71.63971,48.464292],[-71.639701,48.46422],[-71.642117,48.464661],[-71.641812,48.4654],[-71.639853,48.465042],[-71.63971,48.464292]]],[[[-71.643312,48.467074],[-71.643348,48.466841],[-71.643977,48.466954],[-71.643312,48.467074]]],[[[-71.652169,48.466609],[-71.644273,48.465179],[-71.643626,48.466752],[-71.643447,48.466716],[-71.64421,48.464858],[-71.635883,48.463345],[-71.635757,48.463649],[-71.635515,48.463601],[-71.635452,48.463506],[-71.636107,48.461921],[-71.655583,48.465459],[-71.655152,48.466395],[-71.654756,48.466323],[-71.654541,48.466853],[-71.654361,48.466817],[-71.654433,48.466633],[-71.654038,48.466561],[-71.653616,48.46758],[-71.654442,48.467741],[-71.654325,48.468259],[-71.65172,48.467782],[-71.652169,48.466609]]]]}},{"type":"Feature","properties":{"owner1":"GAGNON FRANCOIS","owner2":"NORMAND SYLVIE","matricule":"2070-04-6543","street":"PARE","civicLow":"420","civicHigh":"0","valueLand":"38700","valueBuilding":"125600","valueTotal":"164300","mailAddr":"420 RUE PARE","mailCity":"SAINT-BRUNO, QC.","mun":"Saint-Bruno"},"geometry":{"type":"MultiPolygon","coordinates":[[[[-71.64624,48.466764],[-71.646124,48.467062],[-71.645683,48.466984],[-71.645854,48.466829],[-71.64624,48.466764]]]]}},{"type":"Feature","properties":{"owner1":"MUNICIPALITE DE SAINT-BRUNO","owner2":null,"matricule":"1970-37-2885","street":"POTVIN","civicLow":"503","civicHigh":"0","valueLand":"30600","valueBuilding":"0","valueTotal":"30600","mailAddr":"563 RUE SAINT-ALPHONSE","mailCity":"SAINT-BRUNO, QC.","mun":"Saint-Bruno"},"geometry":{"type":"MultiPolygon","coordinates":[[[[-71.656275,48.46998],[-71.655709,48.469897],[-71.655763,48.469778],[-71.65632,48.469891],[-71.656275,48.46998]]]]}},{"type":"Feature","properties":{"owner1":"MARTEL MICHAEL","owner2":"GAGNON ISABELLE","matricule":"1971-73-3273","street":"LAROUCHE","civicLow":"145","civicHigh":"0","valueLand":"37800","valueBuilding":"205800","valueTotal":"243600","mailAddr":"145 RUE LAROUCHE","mailCity":"SAINT-BRUNO, QC.","mun":"Saint-Bruno"},"geometry":{"type":"MultiPolygon","coordinates":[[[[-71.650867,48.475179],[-71.650777,48.475412],[-71.650454,48.475352],[-71.650561,48.475072],[-71.650867,48.475179]]]]}},{"type":"Feature","properties":{"owner1":"SIMARD CLEMENT","owner2":"WALSH GAIL","matricule":"1971-65-5266","street":"ST-ALPHONSE","civicLow":"860","civicHigh":"0","valueLand":"28400","valueBuilding":"111300","valueTotal":"139700","mailAddr":"860 AVENUE ST-ALPHONSE","mailCity":"SAINT-BRUNO, QC.","mun":"Saint-Bruno"},"geometry":{"type":"MultiPolygon","coordinates":[[[[-71.651549,48.477002],[-71.651612,48.476841],[-71.652017,48.476918],[-71.651945,48.477073],[-71.651549,48.477002]]]]}},{"type":"Feature","properties":{"owner1":"BROUSSEAULT MAUDE","owner2":null,"matricule":"1971-44-9846","street":"LAROUCHE","civicLow":"0","civicHigh":"0","valueLand":"29900","valueBuilding":"3700","valueTotal":"33600","mailAddr":"147 RUE LAROUCHE","mailCity":"SAINT-BRUNO, QC.","mun":"Saint-Bruno"},"geometry":{"type":"MultiPolygon","coordinates":[[[[-71.65402,48.475745],[-71.653903,48.476019],[-71.653669,48.475977],[-71.653786,48.475704],[-71.65402,48.475745]]]]}},{"type":"Feature","properties":{"owner1":"NUTRINOR COOP. AGRO-ALIMENTAIRE","owner2":null,"matricule":"2070-74-6517","street":"MELANCON","civicLow":"800","civicHigh":"0","valueLand":"40700","valueBuilding":"533100","valueTotal":"573800","mailAddr":"425 RUE MELANCON","mailCity":"SAINT-BRUNO, QC.","mun":"Saint-Bruno"},"geometry":{"type":"MultiPolygon","coordinates":[[[[-71.636188,48.46699],[-71.635892,48.467622],[-71.636107,48.466978],[-71.636071,48.466234],[-71.636215,48.465936],[-71.637167,48.467163],[-71.636188,48.46699]]]]}},{"type":"Feature","properties":{"owner1":"DUCHESNE CHANTALE","owner2":null,"matricule":"1970-79-4358","street":"LILAS","civicLow":"600","civicHigh":"0","valueLand":"27300","valueBuilding":"152700","valueTotal":"180000","mailAddr":"600 AVENUE DES LILAS","mailCity":"SAINT-BRUNO, QC.","mun":"Saint-Bruno"},"geometry":{"type":"MultiPolygon","coordinates":[[[[-71.650579,48.471612],[-71.65022,48.471558],[-71.650283,48.471392],[-71.650642,48.471457],[-71.650579,48.471612]]]]}},{"type":"Feature","properties":{"owner1":"DEMERS JACQUES","owner2":null,"matricule":"1970-79-0549","street":"JAUVIN","civicLow":"197","civicHigh":"0","valueLand":"31400","valueBuilding":"95000","valueTotal":"126400","mailAddr":"197 RUE JAUVIN","mailCity":"SAINT-BRUNO, QC.","mun":"Saint-Bruno"},"geometry":{"type":"MultiPolygon","coordinates":[[[[-71.651163,48.47141],[-71.651118,48.471541],[-71.650714,48.471469],[-71.650786,48.47129],[-71.651163,48.47141]]]]}},{"type":"Feature","properties":{"owner1":"BERGERON EVENS","owner2":"DUCHESNE CHANTALE","matricule":"1970-79-3540","street":"JAUVIN","civicLow":"217","civicHigh":"0","valueLand":"33900","valueBuilding":"131000","valueTotal":"164900","mailAddr":"1098 RANG 8 NORD","mailCity":"SAINT-BRUNO, QC.","mun":"Saint-Bruno"},"geometry":{"type":"MultiPolygon","coordinates":[[[[-71.650786,48.471296],[-71.650714,48.471469],[-71.650283,48.471392],[-71.650382,48.471225],[-71.650786,48.471296]]]]}},{"type":"Feature","properties":{"owner1":"MUNICIPALITE DE SAINT-BRUNO","owner2":null,"matricule":"1970-37-3296","street":"POTVIN","civicLow":"505","civicHigh":"0","valueLand":"23800","valueBuilding":"0","valueTotal":"23800","mailAddr":"563 RUE SAINT-ALPHONSE","mailCity":"SAINT-BRUNO, QC.","mun":"Saint-Bruno"},"geometry":{"type":"MultiPolygon","coordinates":[[[[-71.656266,48.47001],[-71.656221,48.470105],[-71.655664,48.469992],[-71.655709,48.469897],[-71.656266,48.47001]]]]}},{"type":"Feature","properties":{"owner1":"HALEY JAMES","owner2":null,"matricule":"1971-90-2433","street":"TULIPES","civicLow":"660","civicHigh":"0","valueLand":"29100","valueBuilding":"91600","valueTotal":"120700","mailAddr":"660 AVENUE DES TULIPES","mailCity":"SAINT-BRUNO, QC.","mun":"Saint-Bruno"},"geometry":{"type":"MultiPolygon","coordinates":[[[[-71.648235,48.47216],[-71.648163,48.472327],[-71.647768,48.472255],[-71.64783,48.472094],[-71.648235,48.47216]]]]}},{"type":"Feature","properties":{"owner1":"CLAVEAU ESTHER","owner2":null,"matricule":"1971-90-2848","street":"TULIPES","civicLow":"670","civicHigh":"0","valueLand":"18000","valueBuilding":"88900","valueTotal":"106900","mailAddr":"576-A SAINT-WILBROD","mailCity":"HEBERTVILLE-STATION, QC.","mun":"Saint-Bruno"},"geometry":{"type":"MultiPolygon","coordinates":[[[[-71.648163,48.472345],[-71.648127,48.472422],[-71.647732,48.472357],[-71.647768,48.472255],[-71.648163,48.472345]]]]}},{"type":"Feature","properties":{"owner1":"SIMARD MICHAEL","owner2":null,"matricule":"2071-10-1552","street":"JONQUILLES","civicLow":"320","civicHigh":"0","valueLand":"38600","valueBuilding":"190600","valueTotal":"229200","mailAddr":"320 RUE DES JONQUILLES","mailCity":"SAINT-BRUNO, QC.","mun":"Saint-Bruno"},"geometry":{"type":"MultiPolygon","coordinates":[[[[-71.645091,48.472327],[-71.64554,48.472237],[-71.645657,48.472499],[-71.645423,48.472559],[-71.645091,48.472327]]]]}},{"type":"Feature","properties":{"owner1":"BOUCHARD STEPHANE","owner2":"BOULIANNE NADINE","matricule":"2071-10-3471","street":"JONQUILLES","civicLow":"325","civicHigh":"0","valueLand":"44800","valueBuilding":"229100","valueTotal":"273900","mailAddr":"325 RUE DES JONQUILLES","mailCity":"SAINT-BRUNO, QC.","mun":"Saint-Bruno"},"geometry":{"type":"MultiPolygon","coordinates":[[[[-71.645351,48.472696],[-71.644902,48.47275],[-71.64501,48.472339],[-71.645423,48.472559],[-71.645351,48.472696]]]]}},{"type":"Feature","properties":{"owner1":"ST-PIERRE NICOLAS","owner2":"DALLAIRE JULIE","matricule":"2071-11-3004","street":"JONQUILLES","civicLow":"335","civicHigh":"0","valueLand":"48800","valueBuilding":"252900","valueTotal":"301700","mailAddr":"335 RUE DES JONQUILLES","mailCity":"SAINT-BRUNO, QC.","mun":"Saint-Bruno"},"geometry":{"type":"MultiPolygon","coordinates":[[[[-71.645504,48.472815],[-71.645306,48.473172],[-71.644857,48.472756],[-71.645351,48.472696],[-71.645504,48.472815]]]]}},{"type":"Feature","properties":{"owner1":"BOUCHARD REJEAN","owner2":null,"matricule":"1971-52-4301","street":"ST-ALPHONSE","civicLow":"690","civicHigh":"0","valueLand":"23100","valueBuilding":"0","valueTotal":"23100","mailAddr":"782 AVENUE DE LA FABRIQUE","mailCity":"SAINT-BRUNO, QC.","mun":"Saint-Bruno"},"geometry":{"type":"MultiPolygon","coordinates":[[[[-71.652969,48.473542],[-71.653472,48.473631],[-71.6534,48.473792],[-71.652906,48.473702],[-71.652969,48.473542]]]]}},{"type":"Feature","properties":{"owner1":"HARVEY YANNICK","owner2":"GAGNON JULIE","matricule":"1971-72-3193","street":"CEDRES","civicLow":"155","civicHigh":"0","valueLand":"33100","valueBuilding":"161500","valueTotal":"194600","mailAddr":"155 RUE DES CEDRES","mailCity":"SAINT-BRUNO, QC.","mun":"Saint-Bruno"},"geometry":{"type":"MultiPolygon","coordinates":[[[[-71.650849,48.474411],[-71.650741,48.474679],[-71.650462,48.474626],[-71.65057,48.474364],[-71.650849,48.474411]]]]}},{"type":"Feature","properties":{"owner1":"COUDE PIERRE","owner2":"FORTIN SANDRA","matricule":"1971-72-5287","street":"CEDRES","civicLow":"165","civicHigh":"0","valueLand":"33100","valueBuilding":"197600","valueTotal":"230700","mailAddr":"165 RUE DES CEDRES","mailCity":"SAINT-BRUNO, QC.","mun":"Saint-Bruno"},"geometry":{"type":"MultiPolygon","coordinates":[[[[-71.65057,48.474364],[-71.650462,48.474626],[-71.650184,48.474578],[-71.650292,48.474316],[-71.65057,48.474364]]]]}},{"type":"Feature","properties":{"owner1":"ALLARD YAN","owner2":null,"matricule":"1971-72-7282","street":"CEDRES","civicLow":"175","civicHigh":"0","valueLand":"33100","valueBuilding":"157300","valueTotal":"190400","mailAddr":"175 RUE DES CEDRES","mailCity":"SAINT-BRUNO, QC.","mun":"Saint-Bruno"},"geometry":{"type":"MultiPolygon","coordinates":[[[[-71.649906,48.47453],[-71.650013,48.474262],[-71.650292,48.474316],[-71.650184,48.474578],[-71.649906,48.47453]]]]}},{"type":"Feature","properties":{"owner1":"MALTAIS FELIX","owner2":"LEMAY VALERIE","matricule":"1971-80-2164","street":"LILAS","civicLow":"655","civicHigh":"0","valueLand":"34800","valueBuilding":"152400","valueTotal":"187200","mailAddr":"655 AVENUE DES LILAS","mailCity":"SAINT-BRUNO, QC.","mun":"Saint-Bruno"},"geometry":{"type":"MultiPolygon","coordinates":[[[[-71.649654,48.472416],[-71.649582,48.472595],[-71.649151,48.472517],[-71.649232,48.472339],[-71.649654,48.472416]]]]}},{"type":"Feature","properties":{"owner1":"BANQUE DE MONTREAL","owner2":null,"matricule":"1971-80-5775","street":"ROSIERS","civicLow":"670","civicHigh":"0","valueLand":"33000","valueBuilding":"131300","valueTotal":"164300","mailAddr":"129 RUE SAINT-JACQUES","mailCity":"MONTREAL, QC.","mun":"Saint-Bruno"},"geometry":{"type":"MultiPolygon","coordinates":[[[[-71.649151,48.472517],[-71.649079,48.472702],[-71.648684,48.47263],[-71.648756,48.472446],[-71.649151,48.472517]]]]}},{"type":"Feature","properties":{"owner1":"THERIAULT RICHARD","owner2":"LACHANCE MICHELINE","matricule":"2368-98-8851","street":"HUITIEME RANG SUD","civicLow":"428","civicHigh":"0","valueLand":"34000","valueBuilding":"123700","valueTotal":"157700","mailAddr":"428 HUITIEME RANG SUD","mailCity":"SAINT-BRUNO, QC.","mun":"Saint-Bruno"},"geometry":{"type":"MultiPolygon","coordinates":[[[[-71.592566,48.453241],[-71.591982,48.453158],[-71.592063,48.452961],[-71.593303,48.453003],[-71.593177,48.453325],[-71.592566,48.453241]]]]}},{"type":"Feature","properties":{"owner1":"COMMISSION SCOLAIRE LAC-ST-JEAN","owner2":null,"matricule":"1971-60-5316","street":"JAUVIN","civicLow":"165","civicHigh":"0","valueLand":"411900","valueBuilding":"2445500","valueTotal":"2857400","mailAddr":"350 BOULEVARD CHAMPLAIN SUD","mailCity":"ALMA, QC.","mun":"Saint-Bruno"},"geometry":{"type":"MultiPolygon","coordinates":[[[[-71.651028,48.472446],[-71.651487,48.47132],[-71.65199,48.47141],[-71.651945,48.471517],[-71.65207,48.471547],[-71.65216,48.471356],[-71.65199,48.471296],[-71.652277,48.471284],[-71.652313,48.47157],[-71.6519,48.472601],[-71.651028,48.472446]]]]}},{"type":"Feature","properties":{"owner1":"9247-8882 QUEBEC INC","owner2":null,"matricule":"2074-30-2836","street":"ST-ALPHONSE NORD","civicLow":"0","civicHigh":"0","valueLand":"9500","valueBuilding":"0","valueTotal":"9500","mailAddr":"2030 ROUTE SAINT-ALPHONSE","mailCity":"SAINT-BRUNO, QC.","mun":"Saint-Bruno"},"geometry":{"type":"MultiPolygon","coordinates":[[[[-71.64271,48.498049],[-71.644866,48.500096],[-71.64209,48.499608],[-71.64271,48.498049]]]]}},{"type":"Feature","properties":{"owner1":"BOILY ERIC","owner2":null,"matricule":"1974-56-5446","street":"ST-ALPHONSE NORD","civicLow":"1975","civicHigh":"0","valueLand":"53200","valueBuilding":"303300","valueTotal":"356500","mailAddr":"1975 ROUTE ST-ALPHONSE NORD","mailCity":"SAINT-BRUNO, QC.","mun":"Saint-Bruno"},"geometry":{"type":"MultiPolygon","coordinates":[[[[-71.652942,48.504465],[-71.654873,48.504388],[-71.654271,48.504822],[-71.652987,48.504929],[-71.652942,48.504465]]]]}},{"type":"Feature","properties":{"owner1":"SIMARD FRANCOIS","owner2":"GILBERT LYNE","matricule":"1974-56-3606","street":"ST-ALPHONSE NORD","civicLow":"1971","civicHigh":"0","valueLand":"49100","valueBuilding":"345200","valueTotal":"394300","mailAddr":"1971 ROUTE ST-ALPHONSE NORD","mailCity":"SAINT-BRUNO, QC.","mun":"Saint-Bruno"},"geometry":{"type":"MultiPolygon","coordinates":[[[[-71.652924,48.504197],[-71.655134,48.504162],[-71.654873,48.504388],[-71.652942,48.504465],[-71.652924,48.504197]]]]}},{"type":"Feature","properties":{"owner1":"SIMARD GERMAIN","owner2":null,"matricule":"2770-34-1901","street":"Adresse non codifiée","civicLow":"0","civicHigh":"0","valueLand":"37900","valueBuilding":"7100","valueTotal":"45000","mailAddr":"3769 RUE DE BELFORT","mailCity":"JONQUIERE, QC.","mun":"Saint-Bruno"},"geometry":{"type":"MultiPolygon","coordinates":[[[[-71.541245,48.46752],[-71.542171,48.465257],[-71.554621,48.467461],[-71.554442,48.467919],[-71.553974,48.468283],[-71.553786,48.468604],[-71.554325,48.469265],[-71.554235,48.469819],[-71.541245,48.46752]]]]}},{"type":"Feature","properties":{"owner1":"EMOND ROGER","owner2":null,"matricule":"2173-08-6877","street":"SIXIEME RANG NORD","civicLow":"1953","civicHigh":"0","valueLand":"24900","valueBuilding":"182800","valueTotal":"207700","mailAddr":"1953 SIXIEME RANG NORD","mailCity":"SAINT-BRUNO, QC.","mun":"Saint-Bruno"},"geometry":{"type":"MultiPolygon","coordinates":[[[[-71.624905,48.496882],[-71.623926,48.496703],[-71.624097,48.496293],[-71.623711,48.496227],[-71.623845,48.495894],[-71.624232,48.495941],[-71.624286,48.495816],[-71.625265,48.495989],[-71.64227,48.499168],[-71.641937,48.500007],[-71.624905,48.496882]]]]}},{"type":"Feature","properties":{"owner1":"2534-1256 QUEBEC INC","owner2":null,"matricule":"2173-07-1897","street":"SIXIEME RANG NORD","civicLow":"1951","civicHigh":"0","valueLand":"18900","valueBuilding":"55700","valueTotal":"74600","mailAddr":"1965 RANG 6 NORD","mailCity":"SAINT-BRUNO, QC.","mun":"Saint-Bruno"},"geometry":{"type":"MultiPolygon","coordinates":[[[[-71.625238,48.496049],[-71.622615,48.495554],[-71.623217,48.495662],[-71.623504,48.494935],[-71.642566,48.498418],[-71.64227,48.499168],[-71.625238,48.496049]]]]}},{"type":"Feature","properties":{"owner1":"TREMBLAY CARL","owner2":null,"matricule":"2171-49-2380","street":"SIXIEME RANG NORD","civicLow":"1320","civicHigh":"0","valueLand":"32800","valueBuilding":"145900","valueTotal":"178700","mailAddr":"1320 SIXIEME RANG NORD","mailCity":"SAINT-BRUNO, QC","mun":"Saint-Bruno"},"geometry":{"type":"MultiPolygon","coordinates":[[[[-71.627546,48.481117],[-71.627753,48.480616],[-71.628166,48.480646],[-71.628103,48.481212],[-71.627546,48.481117]]]]}},{"type":"Feature","properties":{"owner1":"DESBIENS MARIE-VERONIQUE","owner2":null,"matricule":"2073-11-8093","street":"ST-ALPHONSE NORD","civicLow":"1550","civicHigh":"0","valueLand":"19200","valueBuilding":"140200","valueTotal":"159400","mailAddr":"1550 ROUTE ST-ALPHONSE NORD","mailCity":"SAINT-BRUNO, QC.","mun":"Saint-Bruno"},"geometry":{"type":"MultiPolygon","coordinates":[[[[-71.645279,48.491572],[-71.645055,48.491935],[-71.644713,48.491804],[-71.644767,48.491477],[-71.644974,48.491518],[-71.645037,48.491387],[-71.645333,48.491441],[-71.645279,48.491572]]]]}},{"type":"Feature","properties":{"owner1":"JEAN ALEXANDRE","owner2":null,"matricule":"2072-19-2365","street":"ST-ALPHONSE NORD","civicLow":"0","civicHigh":"0","valueLand":"13700","valueBuilding":"0","valueTotal":"13700","mailAddr":"1450 ROUTE ST-ALPHONSE NORD","mailCity":"SAINT-BRUNO, QC.","mun":"Saint-Bruno"},"geometry":{"type":"MultiPolygon","coordinates":[[[[-71.646133,48.489607],[-71.646079,48.489738],[-71.645279,48.489601],[-71.645333,48.489464],[-71.646133,48.489607]]]]}},{"type":"Feature","properties":{"owner1":"JEAN ANDRE","owner2":null,"matricule":"2072-19-1228","street":"ST-ALPHONSE NORD","civicLow":"1420","civicHigh":"0","valueLand":"40200","valueBuilding":"85000","valueTotal":"125200","mailAddr":"1460 ROUTE  ST-ALPHONSE NORD","mailCity":"SAINT-BRUNO, QC.","mun":"Saint-Bruno"},"geometry":{"type":"MultiPolygon","coordinates":[[[[-71.645333,48.489464],[-71.645549,48.48894],[-71.646348,48.489077],[-71.646133,48.489607],[-71.645333,48.489464]]]]}},{"type":"Feature","properties":{"owner1":"9349-9465 QUEBEC INC","owner2":null,"matricule":"2468-64-5840","street":"Adresse non codifiée","civicLow":"0","civicHigh":"0","valueLand":"92600","valueBuilding":"22000","valueTotal":"114600","mailAddr":"370 RUE NORMANDIE","mailCity":"SAINT-BRUNO, QC.","mun":"Saint-Bruno"},"geometry":{"type":"MultiPolygon","coordinates":[[[[-71.593069,48.451954],[-71.591794,48.451793],[-71.590949,48.451913],[-71.572695,48.448904],[-71.573603,48.446705],[-71.59403,48.450072],[-71.593851,48.450536],[-71.594246,48.450602],[-71.593842,48.451656],[-71.59324,48.451555],[-71.593069,48.451954]]]]}},{"type":"Feature","properties":{"owner1":"NAUD MICHEL","owner2":"ALLAIRE PASTY","matricule":"2567-72-2619","street":"LAC MARCO","civicLow":"0","civicHigh":"0","valueLand":"50900","valueBuilding":"0","valueTotal":"50900","mailAddr":"2276 RUE SAINT-HUBERT","mailCity":"JONQUIERE, QC","mun":"Saint-Bruno"},"geometry":{"type":"MultiPolygon","coordinates":[[[[-71.568213,48.439208],[-71.568833,48.437921],[-71.569416,48.438189],[-71.568869,48.439334],[-71.568213,48.439208]]]]}},{"type":"Feature","properties":{"owner1":"TREMBLAY REGIS","owner2":null,"matricule":"2667-14-3199","street":"NEUVIEME RANG NORD","civicLow":"0","civicHigh":"0","valueLand":"29800","valueBuilding":"0","valueTotal":"29800","mailAddr":"420 QUATRIEME RANG OUEST","mailCity":"SAINT-BRUNO, QC.","mun":"Saint-Bruno"},"geometry":{"type":"MultiPolygon","coordinates":[[[[-71.553624,48.440651],[-71.55136,48.440233],[-71.552241,48.437975],[-71.558349,48.439095],[-71.559418,48.440114],[-71.561511,48.440347],[-71.563299,48.440204],[-71.564943,48.440484],[-71.566919,48.440585],[-71.56806,48.440829],[-71.570378,48.441419],[-71.571644,48.442021],[-71.572264,48.442194],[-71.572776,48.442593],[-71.572264,48.44332],[-71.57212,48.444053],[-71.553624,48.440651]]],[[[-71.573333,48.442182],[-71.57354,48.44189],[-71.575444,48.442236],[-71.574519,48.444488],[-71.572336,48.444089],[-71.572695,48.443088],[-71.573333,48.442182]]]]}},{"type":"Feature","properties":{"owner1":"TREMBLAY REGIS","owner2":null,"matricule":"2667-23-6108","street":"LAC MARCO","civicLow":"0","civicHigh":"0","valueLand":"20900","valueBuilding":"0","valueTotal":"20900","mailAddr":"420 QUATRIEME RANG OUEST","mailCity":"SAINT-BRUNO, QC.","mun":"Saint-Bruno"},"geometry":{"type":"MultiPolygon","coordinates":[[[[-71.561583,48.440001],[-71.561071,48.439465],[-71.561089,48.439274],[-71.56152,48.439012],[-71.561646,48.439214],[-71.56143,48.439357],[-71.561862,48.439345],[-71.56241,48.439953],[-71.561951,48.439971],[-71.561826,48.440061],[-71.561583,48.440001]]]]}},{"type":"Feature","properties":{"owner1":"TREMBLAY SYLVAIN","owner2":"BOILY CHRISTINE","matricule":"2571-59-3868","street":"Adresse non codifiée","civicLow":"0","civicHigh":"0","valueLand":"18100","valueBuilding":"14100","valueTotal":"32200","mailAddr":"4101 RUE MELANCON","mailCity":"ALMA, QC.","mun":"Saint-Bruno"},"geometry":{"type":"MultiPolygon","coordinates":[[[[-71.562697,48.480331],[-71.563209,48.479104],[-71.575049,48.481212],[-71.574923,48.48192],[-71.574627,48.482456],[-71.562697,48.480331]]],[[[-71.575202,48.481242],[-71.58184,48.482427],[-71.581346,48.483659],[-71.574788,48.482486],[-71.575067,48.481962],[-71.575202,48.481242]]]]}},{"type":"Feature","properties":{"owner1":"GAGNON SIMON","owner2":null,"matricule":"1971-64-5107","street":"ST-ALPHONSE","civicLow":"797","civicHigh":"799","valueLand":"24200","valueBuilding":"78400","valueTotal":"102600","mailAddr":"799 AVENUE ST-ALPHONSE","mailCity":"SAINT-BRUNO, QC.","mun":"Saint-Bruno"},"geometry":{"type":"MultiPolygon","coordinates":[[[[-71.651999,48.475501],[-71.651945,48.475638],[-71.65154,48.475567],[-71.651603,48.475436],[-71.651999,48.475501]]]]}},{"type":"Feature","properties":{"owner1":"BERGERON MARIO","owner2":null,"matricule":"1971-64-6025","street":"ST-ALPHONSE","civicLow":"809","civicHigh":"811","valueLand":"40700","valueBuilding":"52900","valueTotal":"93600","mailAddr":"809 AVENUE ST-ALPHONSE","mailCity":"SAINT-BRUNO, QC.","mun":"Saint-Bruno"},"geometry":{"type":"MultiPolygon","coordinates":[[[[-71.651424,48.475567],[-71.651945,48.475638],[-71.651864,48.47584],[-71.651343,48.475751],[-71.651424,48.475567]]]]}},{"type":"Feature","properties":{"owner1":"9180-3361 QUEBEC INC","owner2":null,"matricule":"1971-64-6955","street":"ST-ALPHONSE","civicLow":"813","civicHigh":"0","valueLand":"54000","valueBuilding":"171000","valueTotal":"225000","mailAddr":"813 AVENUE ST-ALPHONSE","mailCity":"SAINT-BRUNO, QC.","mun":"Saint-Bruno"},"geometry":{"type":"MultiPolygon","coordinates":[[[[-71.651864,48.47584],[-71.651711,48.476192],[-71.651199,48.476097],[-71.651343,48.475751],[-71.651864,48.47584]]]]}},{"type":"Feature","properties":{"owner1":"EMOND MARC","owner2":null,"matricule":"2071-03-1161","street":"ERABLES","civicLow":"800","civicHigh":"0","valueLand":"43100","valueBuilding":"193100","valueTotal":"236200","mailAddr":"800 AVENUE DES ERABLES","mailCity":"SAINT-BRUNO, QC.","mun":"Saint-Bruno"},"geometry":{"type":"MultiPolygon","coordinates":[[[[-71.646743,48.475025],[-71.646941,48.474995],[-71.647229,48.475245],[-71.646573,48.475352],[-71.646743,48.475025]]]]}},{"type":"Feature","properties":{"owner1":"MUNICIPALITE DE SAINT-BRUNO","owner2":null,"matricule":"2071-03-3062","street":"ERABLES","civicLow":"0","civicHigh":"0","valueLand":"3800","valueBuilding":"0","valueTotal":"3800","mailAddr":"563 AVENUE ST-ALPHONSE","mailCity":"SAINT-BRUNO, QC.","mun":"Saint-Bruno"},"geometry":{"type":"MultiPolygon","coordinates":[[[[-71.646743,48.475025],[-71.646573,48.475352],[-71.646681,48.475013],[-71.646743,48.475025]]]]}},{"type":"Feature","properties":{"owner1":"BERGERON MARCO","owner2":null,"matricule":"2071-03-4449","street":"ERABLES","civicLow":"805","civicHigh":"0","valueLand":"43100","valueBuilding":"188700","valueTotal":"231800","mailAddr":"805 AVENUE DES ERABLES","mailCity":"SAINT-BRUNO, QC.","mun":"Saint-Bruno"},"geometry":{"type":"MultiPolygon","coordinates":[[[[-71.646681,48.475013],[-71.646519,48.475322],[-71.646079,48.474989],[-71.646555,48.474905],[-71.646681,48.475013]]]]}},{"type":"Feature","properties":{"owner1":"RODGERS MICHEL","owner2":"DALLAIRE CLAUDINE","matricule":"2070-04-6602","street":"ARTISANS","civicLow":"396","civicHigh":"0","valueLand":"36500","valueBuilding":"96400","valueTotal":"132900","mailAddr":"396 RUE DES ARTISANS","mailCity":"SAINT-BRUNO, QC.","mun":"Saint-Bruno"},"geometry":{"type":"MultiPolygon","coordinates":[[[[-71.645692,48.466484],[-71.646124,48.466412],[-71.646187,48.466633],[-71.645818,48.466692],[-71.645692,48.466484]]]]}},{"type":"Feature","properties":{"owner1":"BUREAU YVES","owner2":null,"matricule":"2070-04-9310","street":"ARTISANS","civicLow":"400","civicHigh":"0","valueLand":"36000","valueBuilding":"133700","valueTotal":"169700","mailAddr":"400 RUE DES ARTISANS","mailCity":"SAINT-BRUNO, QC.","mun":"Saint-Bruno"},"geometry":{"type":"MultiPolygon","coordinates":[[[[-71.64527,48.466585],[-71.645692,48.466484],[-71.645818,48.466692],[-71.645612,48.466788],[-71.64527,48.466585]]]]}},{"type":"Feature","properties":{"owner1":"DUFOUR YVES","owner2":null,"matricule":"2070-14-0929","street":"PARE","civicLow":"444","civicHigh":"0","valueLand":"37500","valueBuilding":"130900","valueTotal":"168400","mailAddr":"444 RUE PARE","mailCity":"SAINT-BRUNO, QC.","mun":"Saint-Bruno"},"geometry":{"type":"MultiPolygon","coordinates":[[[[-71.645612,48.466788],[-71.645486,48.466948],[-71.645144,48.466889],[-71.64527,48.466585],[-71.645612,48.466788]]]]}},{"type":"Feature","properties":{"owner1":"AUDET NICOLE","owner2":null,"matricule":"2366-37-1094","street":"Adresse non codifiée","civicLow":"0","civicHigh":"0","valueLand":"36800","valueBuilding":"1600","valueTotal":"38400","mailAddr":"227 HUITIEME RANG SUD","mailCity":"SAINT-BRUNO, QC.","mun":"Saint-Bruno"},"geometry":{"type":"MultiPolygon","coordinates":[[[[-71.600085,48.441646],[-71.599833,48.441676],[-71.599169,48.441461],[-71.596734,48.441157],[-71.602663,48.427246],[-71.606023,48.42786],[-71.600193,48.441658],[-71.600085,48.441646]]]]}},{"type":"Feature","properties":{"owner1":"LACHANCE GILLES","owner2":null,"matricule":"2366-57-5308","street":"Adresse non codifiée","civicLow":"0","civicHigh":"0","valueLand":"38400","valueBuilding":"28200","valueTotal":"66600","mailAddr":"235 RUE JAUVIN","mailCity":"SAINT-BRUNO, QC.","mun":"Saint-Bruno"},"geometry":{"type":"MultiPolygon","coordinates":[[[[-71.602663,48.427246],[-71.596734,48.441157],[-71.593527,48.440573],[-71.599312,48.426632],[-71.602663,48.427246]]]]}},{"type":"Feature","properties":{"owner1":"REGIE DES MATIERES RESIDUELLES DU","owner2":null,"matricule":"2467-46-4092","street":"Adresse non codifiée","civicLow":"0","civicHigh":"0","valueLand":"42900","valueBuilding":"0","valueTotal":"42900","mailAddr":"625 RUE BERGERON OUEST","mailCity":"ALMA, QC","mun":"Saint-Bruno"},"geometry":{"type":"MultiPolygon","coordinates":[[[[-71.57548,48.442134],[-71.576405,48.439888],[-71.596465,48.443356],[-71.596285,48.443875],[-71.596878,48.443988],[-71.596788,48.444321],[-71.596914,48.444888],[-71.596222,48.445555],[-71.57548,48.442134]]]]}},{"type":"Feature","properties":{"owner1":"GAGNON-VEZINA MAUDE-ISABELLE","owner2":null,"matricule":"2367-68-7511","street":"HUITIEME RANG SUD","civicLow":"210","civicHigh":"0","valueLand":"30200","valueBuilding":"84600","valueTotal":"114800","mailAddr":"210 HUITIEME RANG SUD","mailCity":"SAINT-BRUNO, QC.","mun":"Saint-Bruno"},"geometry":{"type":"MultiPolygon","coordinates":[[[[-71.597022,48.443588],[-71.596878,48.443988],[-71.596285,48.443875],[-71.596429,48.443475],[-71.597022,48.443588]]]]}},{"type":"Feature","properties":{"owner1":"COTE NICOLAS","owner2":"DALLAIRE ANDREANNE","matricule":"1970-25-1220","street":"PRES","civicLow":"335","civicHigh":"0","valueLand":"32300","valueBuilding":"161400","valueTotal":"193700","mailAddr":"335 RUE DES PRES","mailCity":"SAINT-BRUNO, QC.","mun":"Saint-Bruno"},"geometry":{"type":"MultiPolygon","coordinates":[[[[-71.657703,48.467371],[-71.657586,48.467657],[-71.657335,48.467616],[-71.657451,48.46733],[-71.657703,48.467371]]]]}},{"type":"Feature","properties":{"owner1":"LALANCETTE LUC","owner2":null,"matricule":"2168-22-8388","street":"Adresse non codifiée","civicLow":"0","civicHigh":"0","valueLand":"109200","valueBuilding":"0","valueTotal":"109200","mailAddr":"108 RUE SAINT-WILBROD","mailCity":"HEBERTVILLE-STATION, QC.","mun":"Saint-Bruno"},"geometry":{"type":"MultiPolygon","coordinates":[[[[-71.619686,48.445358],[-71.635901,48.448302],[-71.632658,48.44891],[-71.619327,48.446496],[-71.619686,48.445358]]],[[[-71.636018,48.448564],[-71.636673,48.448439],[-71.64103,48.449231],[-71.640563,48.45034],[-71.63343,48.449053],[-71.636018,48.448564]]]]}},{"type":"Feature","properties":{"owner1":"PEARSON MARCEL","owner2":null,"matricule":"1971-50-4211","street":"ST-ALPHONSE","civicLow":"579","civicHigh":"581","valueLand":"36000","valueBuilding":"106000","valueTotal":"142000","mailAddr":"579 AVENUE ST-ALPHONSE","mailCity":"SAINT-BRUNO, QC.","mun":"Saint-Bruno"},"geometry":{"type":"MultiPolygon","coordinates":[[[[-71.653463,48.471928],[-71.6534,48.472089],[-71.652861,48.471987],[-71.652915,48.471844],[-71.653463,48.471928]]]]}},{"type":"Feature","properties":{"owner1":"LAVOIE PATRICK","owner2":"BOUDREAULT EMYLIE","matricule":"2071-01-1864","street":"CEDRES","civicLow":"300","civicHigh":"0","valueLand":"28800","valueBuilding":"158600","valueTotal":"187400","mailAddr":"300 RUE DES CEDRES","mailCity":"SAINT-BRUNO, QC","mun":"Saint-Bruno"},"geometry":{"type":"MultiPolygon","coordinates":[[[[-71.646932,48.473292],[-71.646824,48.473554],[-71.646582,48.473512],[-71.64669,48.473244],[-71.646932,48.473292]]]]}},{"type":"Feature","properties":{"owner1":"COTE JESSICA","owner2":null,"matricule":"2071-01-4058","street":"CEDRES","civicLow":"310","civicHigh":"0","valueLand":"38800","valueBuilding":"303700","valueTotal":"342500","mailAddr":"310 RUE DES CEDRES","mailCity":"SAINT-BRUNO, QC.","mun":"Saint-Bruno"},"geometry":{"type":"MultiPolygon","coordinates":[[[[-71.64669,48.473244],[-71.646582,48.473512],[-71.646258,48.47344],[-71.64633,48.473184],[-71.64669,48.473244]]]]}},{"type":"Feature","properties":{"owner1":"LAMONTAGNE JEAN-BENOIT","owner2":"SIMARD ANNE-MARIE","matricule":"2071-01-3234","street":"OEILLETS","civicLow":"750","civicHigh":"0","valueLand":"31100","valueBuilding":"167800","valueTotal":"198900","mailAddr":"750 AVENUE DES OEILLETS","mailCity":"SAINT-BRUNO, QC.","mun":"Saint-Bruno"},"geometry":{"type":"MultiPolygon","coordinates":[[[[-71.646797,48.473077],[-71.646726,48.47325],[-71.64633,48.473184],[-71.646393,48.473006],[-71.646797,48.473077]]]]}},{"type":"Feature","properties":{"owner1":"GAGNE ROBERT","owner2":"TREMBLAY ELIETTE","matricule":"2071-01-2715","street":"OEILLETS","civicLow":"740","civicHigh":"0","valueLand":"31100","valueBuilding":"192500","valueTotal":"223600","mailAddr":"740 AVENUE DES OEILLETS","mailCity":"SAINT-BRUNO, QC.","mun":"Saint-Bruno"},"geometry":{"type":"MultiPolygon","coordinates":[[[[-71.646393,48.473006],[-71.646465,48.472833],[-71.646869,48.472904],[-71.646797,48.473077],[-71.646393,48.473006]]]]}},{"type":"Feature","properties":{"owner1":"MUNICIPALITE DE SAINT-BRUNO","owner2":null,"matricule":"2071-10-0048","street":"JONQUILLES","civicLow":"0","civicHigh":"0","valueLand":"7800","valueBuilding":"0","valueTotal":"7800","mailAddr":"563 AVENUE ST-ALPHONSE","mailCity":"SAINT-BRUNO, QC.","mun":"Saint-Bruno"},"geometry":{"type":"MultiPolygon","coordinates":[[[[-71.64554,48.472237],[-71.645603,48.472226],[-71.645719,48.472488],[-71.64554,48.472237]]]]}},{"type":"Feature","properties":{"owner1":"MALTAIS STEPHANIE","owner2":"TRUCHON NICOLAS","matricule":"2070-07-7564","street":"JAUVIN","civicLow":"380","civicHigh":"0","valueLand":"36500","valueBuilding":"141500","valueTotal":"178000","mailAddr":"380 RUE JAUVIN","mailCity":"SAINT-BRUNO, QC.","mun":"Saint-Bruno"},"geometry":{"type":"MultiPolygon","coordinates":[[[[-71.6458,48.469647],[-71.646115,48.4697],[-71.645998,48.469968],[-71.645692,48.469909],[-71.6458,48.469647]]]]}},{"type":"Feature","properties":{"owner1":"LAROUCHE GASTON M.","owner2":null,"matricule":"1970-74-3839","street":"LECLERC","civicLow":"278","civicHigh":"280","valueLand":"40900","valueBuilding":"129600","valueTotal":"170500","mailAddr":"278 RUE LECLERC","mailCity":"SAINT-BRUNO, QC.","mun":"Saint-Bruno"},"geometry":{"type":"MultiPolygon","coordinates":[[[[-71.650103,48.466829],[-71.650256,48.466675],[-71.650651,48.466746],[-71.650409,48.467032],[-71.650103,48.466829]]]]}},{"type":"Feature","properties":{"owner1":"TREMBLAY ERIC","owner2":"BUREAU ISABELLE","matricule":"1970-74-4890","street":"LECLERC","civicLow":"275","civicHigh":"0","valueLand":"39300","valueBuilding":"142000","valueTotal":"181300","mailAddr":"275 RUE LECLERC","mailCity":"SAINT-BRUNO, QC.","mun":"Saint-Bruno"},"geometry":{"type":"MultiPolygon","coordinates":[[[[-71.649995,48.467258],[-71.650238,48.467109],[-71.650543,48.467354],[-71.650274,48.467485],[-71.649995,48.467258]]]]}},{"type":"Feature","properties":{"owner1":"GAGNON BERTRAND","owner2":null,"matricule":"1970-74-7165","street":"LECLERC","civicLow":"285","civicHigh":"0","valueLand":"39300","valueBuilding":"95900","valueTotal":"135200","mailAddr":"285 RUE LECLERC","mailCity":"SAINT-BRUNO, QC.","mun":"Saint-Bruno"},"geometry":{"type":"MultiPolygon","coordinates":[[[[-71.649888,48.466889],[-71.650238,48.467109],[-71.649995,48.467258],[-71.649672,48.467056],[-71.649888,48.466889]]]]}},{"type":"Feature","properties":{"owner1":"LAROUCHE STEPHANE","owner2":null,"matricule":"1970-74-9081","street":"ARTISANS","civicLow":"290","civicHigh":"0","valueLand":"35200","valueBuilding":"105900","valueTotal":"141100","mailAddr":"290 RUE DES ARTISANS","mailCity":"SAINT-BRUNO, QC","mun":"Saint-Bruno"},"geometry":{"type":"MultiPolygon","coordinates":[[[[-71.649672,48.467056],[-71.649968,48.46724],[-71.649726,48.467389],[-71.649456,48.467222],[-71.649672,48.467056]]]]}},{"type":"Feature","properties":{"owner1":"LESSARD HELENE","owner2":null,"matricule":"1970-74-9742","street":"LECLERC","civicLow":"295","civicHigh":"305","valueLand":"39300","valueBuilding":"119600","valueTotal":"158900","mailAddr":"305 RUE LECLERC","mailCity":"SAINT-BRUNO, QC.","mun":"Saint-Bruno"},"geometry":{"type":"MultiPolygon","coordinates":[[[[-71.649322,48.466871],[-71.64951,48.466692],[-71.649888,48.466889],[-71.649672,48.467056],[-71.649322,48.466871]]]]}},{"type":"Feature","properties":{"owner1":"GAGNON FREDERIC","owner2":null,"matricule":"1970-93-7296","street":"ARTISANS","civicLow":"386","civicHigh":"0","valueLand":"37300","valueBuilding":"123100","valueTotal":"160400","mailAddr":"386 RUE DES ARTISANS","mailCity":"SAINT-BRUNO, QC.","mun":"Saint-Bruno"},"geometry":{"type":"MultiPolygon","coordinates":[[[[-71.647462,48.466395],[-71.647417,48.466609],[-71.647004,48.466591],[-71.647013,48.466371],[-71.647462,48.466395]]]]}},{"type":"Feature","properties":{"owner1":"COTE NICOLE","owner2":"PAGE MAURICE","matricule":"2070-03-0395","street":"ARTISANS","civicLow":"390","civicHigh":"392","valueLand":"37300","valueBuilding":"142300","valueTotal":"179600","mailAddr":"390 RUE DES ARTISANS","mailCity":"SAINT-BRUNO, QC.","mun":"Saint-Bruno"},"geometry":{"type":"MultiPolygon","coordinates":[[[[-71.646573,48.466377],[-71.647013,48.466371],[-71.647004,48.466591],[-71.6466,48.466597],[-71.646573,48.466377]]]]}},{"type":"Feature","properties":{"owner1":"GAGNON LISE","owner2":null,"matricule":"2070-03-3597","street":"ARTISANS","civicLow":"394","civicHigh":"0","valueLand":"37300","valueBuilding":"113400","valueTotal":"150700","mailAddr":"394 RUE DES ARTISANS","mailCity":"SAINT-BRUNO, QC.","mun":"Saint-Bruno"},"geometry":{"type":"MultiPolygon","coordinates":[[[[-71.646124,48.466412],[-71.646573,48.466377],[-71.6466,48.466597],[-71.646187,48.466633],[-71.646124,48.466412]]]]}},{"type":"Feature","properties":{"owner1":"DECHENE ARTHUR","owner2":null,"matricule":"2072-59-0543","street":"ST-ALPHONSE NORD","civicLow":"0","civicHigh":"0","valueLand":"2200","valueBuilding":"0","valueTotal":"2200","mailAddr":"ADRESSE INCONNUE","mailCity":"SAINT-BRUNO, QC.","mun":"Saint-Bruno"},"geometry":{"type":"MultiPolygon","coordinates":[[[[-71.640698,48.489696],[-71.640204,48.489601],[-71.640365,48.489214],[-71.640689,48.48928],[-71.641066,48.488357],[-71.641246,48.488387],[-71.640716,48.489661],[-71.645683,48.490697],[-71.640698,48.489696]]]]}},{"type":"Feature","properties":{"owner1":"VILLENEUVE ADHEMAR","owner2":null,"matricule":"2470-32-7523","street":"HUITIEME RANG NORD","civicLow":"0","civicHigh":"0","valueLand":"400","valueBuilding":"0","valueTotal":"400","mailAddr":"ADRESSE INCONNUE","mailCity":"SAINT-BRUNO, QC.","mun":"Saint-Bruno"},"geometry":{"type":"MultiPolygon","coordinates":[[[[-71.588083,48.465442],[-71.587778,48.465668],[-71.58732,48.465584],[-71.587464,48.465328],[-71.588083,48.465442]]]]}},{"type":"Feature","properties":{"owner1":"2971-8376 QUEBEC INC","owner2":null,"matricule":"2070-06-2943","street":"COOPERATIVE","civicLow":"555","civicHigh":"0","valueLand":"88800","valueBuilding":"628400","valueTotal":"717200","mailAddr":"555 AVENUE DE LA COOPERATIVE","mailCity":"SAINT-BRUNO, QC.","mun":"Saint-Bruno"},"geometry":{"type":"MultiPolygon","coordinates":[[[[-71.647076,48.468461],[-71.646806,48.469123],[-71.645917,48.468956],[-71.646178,48.468324],[-71.647076,48.468461]]]]}},{"type":"Feature","properties":{"owner1":"MUNICIPALITE DE SAINT-BRUNO","owner2":null,"matricule":"2070-05-4475","street":"PIONNIERS","civicLow":"0","civicHigh":"0","valueLand":"59400","valueBuilding":"0","valueTotal":"59400","mailAddr":"563 AVENUE ST-ALPHONSE","mailCity":"SAINT-BRUNO, QC.","mun":"Saint-Bruno"},"geometry":{"type":"MultiPolygon","coordinates":[[[[-71.645935,48.467955],[-71.647193,48.468175],[-71.64713,48.468336],[-71.646294,48.468187],[-71.645719,48.468247],[-71.645755,48.467943],[-71.645935,48.467955]]]]}},{"type":"Feature","properties":{"owner1":"DUFOUR HENRI-PAUL","owner2":null,"matricule":"2173-76-8025","street":"Adresse non codifiée","civicLow":"0","civicHigh":"0","valueLand":"400","valueBuilding":"0","valueTotal":"400","mailAddr":"ADRESSE INCONNUE","mailCity":"SAINT-BRUNO, QC.","mun":"Saint-Bruno"},"geometry":{"type":"MultiPolygon","coordinates":[[[[-71.624259,48.495888],[-71.623953,48.495924],[-71.622588,48.495626],[-71.624259,48.495888]]]]}},{"type":"Feature","properties":{"owner1":"TREMBLAY BERTHOLD","owner2":"TREMBLAY JESSICA","matricule":"1969-70-7362","street":"ST-ALPHONSE","civicLow":"0","civicHigh":"0","valueLand":"185400","valueBuilding":"4400","valueTotal":"189800","mailAddr":"103 AVENUE ST-ALPHONSE","mailCity":"SAINT-BRUNO, QC","mun":"Saint-Bruno"},"geometry":{"type":"MultiPolygon","coordinates":[[[[-71.645926,48.454981],[-71.639377,48.453754],[-71.640249,48.451555],[-71.660254,48.455172],[-71.659895,48.456083],[-71.659293,48.45597],[-71.659185,48.45625],[-71.659778,48.456357],[-71.659482,48.457096],[-71.657936,48.45681],[-71.657811,48.457173],[-71.645926,48.454981]]]]}},{"type":"Feature","properties":{"owner1":"LAROUCHE RAYNALD","owner2":null,"matricule":"1969-13-1269","street":"ST-ALPHONSE SUD","civicLow":"50","civicHigh":"0","valueLand":"27700","valueBuilding":"102300","valueTotal":"130000","mailAddr":"50 ROUTE ST-ALPHONSE SUD","mailCity":"SAINT-BRUNO, QC.","mun":"Saint-Bruno"},"geometry":{"type":"MultiPolygon","coordinates":[[[[-71.659482,48.457096],[-71.659338,48.457453],[-71.657811,48.457173],[-71.657936,48.45681],[-71.659482,48.457096]]]]}},{"type":"Feature","properties":{"owner1":"DALLAIRE ANDREE-ANN","owner2":"KELLY DAVE","matricule":"1875-91-0642","street":"SIXIEME RANG OUEST","civicLow":"485","civicHigh":"0","valueLand":"59200","valueBuilding":"151500","valueTotal":"210700","mailAddr":"485 SIXIEME RANG OUEST","mailCity":"SAINT-BRUNO, QC.","mun":"Saint-Bruno"},"geometry":{"type":"MultiPolygon","coordinates":[[[[-71.661997,48.509476],[-71.662446,48.508375],[-71.663272,48.50853],[-71.662823,48.509631],[-71.661997,48.509476]]]]}},{"type":"Feature","properties":{"owner1":"KELLY DAVE","owner2":null,"matricule":"1875-81-5955","street":"Adresse non codifiée","civicLow":"0","civicHigh":"0","valueLand":"40700","valueBuilding":"0","valueTotal":"40700","mailAddr":"485 SIXIEME RANG OUEST","mailCity":"SAINT-BRUNO, QC.","mun":"Saint-Bruno"},"geometry":{"type":"MultiPolygon","coordinates":[[[[-71.663272,48.50853],[-71.663659,48.508602],[-71.663219,48.509703],[-71.662823,48.509631],[-71.663272,48.50853]]]]}},{"type":"Feature","properties":{"owner1":"2950-2911 QUEBEC INC","owner2":null,"matricule":"1675-61-8782","street":"SIXIEME RANG OUEST","civicLow":"1212","civicHigh":"0","valueLand":"311800","valueBuilding":"4700","valueTotal":"316500","mailAddr":"1685 SIXIEME RANG OUEST","mailCity":"SAINT-BRUNO, QC.","mun":"Saint-Bruno"},"geometry":{"type":"MultiPolygon","coordinates":[[[[-71.697498,48.503834],[-71.692872,48.515249],[-71.690455,48.514731],[-71.690626,48.514321],[-71.689827,48.514172],[-71.689665,48.514571],[-71.687796,48.514261],[-71.693653,48.499894],[-71.694947,48.500269],[-71.69704,48.500644],[-71.695872,48.503555],[-71.697498,48.503834]]]]}},{"type":"Feature","properties":{"owner1":"DEBOSSELAGE DJF INC","owner2":null,"matricule":"1874-77-5929","street":"169","civicLow":"985","civicHigh":"0","valueLand":"31500","valueBuilding":"0","valueTotal":"31500","mailAddr":"985 ROUTE 169","mailCity":"SAINT-BRUNO, QC.","mun":"Saint-Bruno"},"geometry":{"type":"MultiPolygon","coordinates":[[[[-71.662006,48.509191],[-71.664988,48.501918],[-71.666722,48.502162],[-71.664054,48.508679],[-71.662446,48.508375],[-71.661997,48.509476],[-71.661898,48.509453],[-71.662006,48.509191]]]]}},{"type":"Feature","properties":{"owner1":"MUNICIPALITE DE SAINT-BRUNO","owner2":null,"matricule":"1970-28-8869","street":"POTVIN","civicLow":"521","civicHigh":"0","valueLand":"30300","valueBuilding":"0","valueTotal":"30300","mailAddr":"563 RUE SAINT-ALPHONSE","mailCity":"SAINT-BRUNO, QC.","mun":"Saint-Bruno"},"geometry":{"type":"MultiPolygon","coordinates":[[[[-71.656391,48.470796],[-71.656526,48.470463],[-71.656733,48.470498],[-71.656589,48.470832],[-71.656391,48.470796]]]]}},{"type":"Feature","properties":{"owner1":"MUNICIPALITE DE SAINT-BRUNO","owner2":null,"matricule":"1970-38-0566","street":"POTVIN","civicLow":"519","civicHigh":"0","valueLand":"35900","valueBuilding":"0","valueTotal":"35900","mailAddr":"563 RUE SAINT-ALPHONSE","mailCity":"SAINT-BRUNO, QC.","mun":"Saint-Bruno"},"geometry":{"type":"MultiPolygon","coordinates":[[[[-71.656409,48.470439],[-71.656526,48.470463],[-71.656391,48.470796],[-71.656086,48.470743],[-71.656409,48.470439]]]]}},{"type":"Feature","properties":{"owner1":"PLOURDE CARL","owner2":"GAGNON SANDRA","matricule":"2069-63-6104","street":"SIXIEME RANG SUD","civicLow":"350","civicHigh":"0","valueLand":"26700","valueBuilding":"139400","valueTotal":"166100","mailAddr":"350 SIXIEME RANG SUD","mailCity":"SAINT-BRUNO, QC.","mun":"Saint-Bruno"},"geometry":{"type":"MultiPolygon","coordinates":[[[[-71.638102,48.456464],[-71.637751,48.457197],[-71.637239,48.456887],[-71.637338,48.456637],[-71.637473,48.456661],[-71.63759,48.456369],[-71.638102,48.456464]]]]}},{"type":"Feature","properties":{"owner1":"POIRIER DOMINIQUE","owner2":null,"matricule":"1970-38-2456","street":"POTVIN","civicLow":"517","civicHigh":"0","valueLand":"42600","valueBuilding":"0","valueTotal":"42600","mailAddr":"141 RUE MELANCON APP 1","mailCity":"SAINT-BRUNO, QC.","mun":"Saint-Bruno"},"geometry":{"type":"MultiPolygon","coordinates":[[[[-71.655906,48.470486],[-71.656149,48.470349],[-71.656346,48.470427],[-71.656086,48.470743],[-71.655825,48.470695],[-71.655906,48.470486]]]]}},{"type":"Feature","properties":{"owner1":"TREMBLAY MARTIN","owner2":"COTE CATHERINE","matricule":"1775-94-8064","street":"SIXIEME RANG OUEST","civicLow":"815","civicHigh":"0","valueLand":"31800","valueBuilding":"206300","valueTotal":"238100","mailAddr":"815 SIXIEME RANG OUEST","mailCity":"SAINT-BRUNO, QC.","mun":"Saint-Bruno"},"geometry":{"type":"MultiPolygon","coordinates":[[[[-71.674744,48.511863],[-71.674888,48.511553],[-71.675885,48.511732],[-71.675436,48.511994],[-71.674744,48.511863]]]]}},{"type":"Feature","properties":{"owner1":"9080-0327 QUEBEC INC","owner2":null,"matricule":"1774-88-4634","street":"SIXIEME RANG OUEST","civicLow":"801","civicHigh":"0","valueLand":"302800","valueBuilding":"365300","valueTotal":"668100","mailAddr":"801 SIXIEME RANG OUEST","mailCity":"SAINT-BRUNO, QC.","mun":"Saint-Bruno"},"geometry":{"type":"MultiPolygon","coordinates":[[[[-71.676936,48.512202],[-71.677133,48.511393],[-71.676801,48.511583],[-71.676532,48.511553],[-71.675885,48.511732],[-71.674133,48.511464],[-71.674025,48.511726],[-71.670522,48.51106],[-71.67478,48.500721],[-71.675022,48.500418],[-71.675552,48.500364],[-71.676038,48.500448],[-71.676424,48.5009],[-71.676828,48.501013],[-71.677708,48.501001],[-71.678481,48.500287],[-71.680062,48.500382],[-71.682056,48.50134],[-71.682946,48.49918],[-71.684104,48.499269],[-71.679209,48.511149],[-71.678966,48.51094],[-71.678939,48.510661],[-71.678382,48.510988],[-71.677834,48.511149],[-71.67743,48.512143],[-71.676936,48.512202]]]]}},{"type":"Feature","properties":{"owner1":"COTE DANIEL","owner2":"NOLIN DIANE","matricule":"1673-87-8569","street":"CINQUIEME RANG OUEST","civicLow":"995","civicHigh":"0","valueLand":"29800","valueBuilding":"176200","valueTotal":"206000","mailAddr":"995 CINQUIEME RANG OUEST","mailCity":"SAINT-BRUNO, QC.","mun":"Saint-Bruno"},"geometry":{"type":"MultiPolygon","coordinates":[[[[-71.689575,48.496174],[-71.689647,48.496096],[-71.690024,48.496221],[-71.689647,48.496697],[-71.689252,48.496531],[-71.689575,48.496174]]]]}},{"type":"Feature","properties":{"owner1":"COTE GILLES","owner2":"GAGNON HELENE","matricule":"1673-87-5892","street":"CINQUIEME RANG OUEST","civicLow":"1005","civicHigh":"0","valueLand":"29900","valueBuilding":"185600","valueTotal":"215500","mailAddr":"1005 CINQUIEME RANG OUEST","mailCity":"SAINT-BRUNO, QC.","mun":"Saint-Bruno"},"geometry":{"type":"MultiPolygon","coordinates":[[[[-71.689647,48.496697],[-71.690024,48.496221],[-71.690357,48.496436],[-71.690051,48.496965],[-71.689647,48.496697]]]]}},{"type":"Feature","properties":{"owner1":"BELLEY MARC","owner2":null,"matricule":"2070-07-5769","street":"JAUVIN","civicLow":"350","civicHigh":"0","valueLand":"23600","valueBuilding":"99600","valueTotal":"123200","mailAddr":"350 RUE JAUVIN","mailCity":"SAINT-BRUNO, QC.","mun":"Saint-Bruno"},"geometry":{"type":"MultiPolygon","coordinates":[[[[-71.645998,48.469968],[-71.646115,48.4697],[-71.646312,48.469736],[-71.646195,48.470004],[-71.645998,48.469968]]]]}},{"type":"Feature","properties":{"owner1":"BERGERON SYLVAIN","owner2":"TREMBLAY LOUISE","matricule":"2269-59-6972","street":"SEPTIEME RANG SUD","civicLow":"570","civicHigh":"0","valueLand":"15500","valueBuilding":"110400","valueTotal":"125900","mailAddr":"570 SEPTIEME RANG SUD","mailCity":"SAINT-BRUNO, QC.","mun":"Saint-Bruno"},"geometry":{"type":"MultiPolygon","coordinates":[[[[-71.61135,48.462975],[-71.611763,48.462898],[-71.612428,48.463017],[-71.612365,48.463172],[-71.61135,48.462975]]]]}},{"type":"Feature","properties":{"owner1":"BOUCHARD JACQUES","owner2":"BOILY ANNA","matricule":"1971-64-2573","street":"ST-ALPHONSE","civicLow":"840","civicHigh":"0","valueLand":"46900","valueBuilding":"176500","valueTotal":"223400","mailAddr":"840 AVENUE ST-ALPHONSE","mailCity":"SAINT-BRUNO, QC.","mun":"Saint-Bruno"},"geometry":{"type":"MultiPolygon","coordinates":[[[[-71.652295,48.476239],[-71.652259,48.476335],[-71.651855,48.476257],[-71.651999,48.475918],[-71.652394,48.475989],[-71.652295,48.476239]]]]}},{"type":"Feature","properties":{"owner1":"BRISSON CECILE","owner2":"FILLION MARIO","matricule":"1970-86-5777","street":"NAPOLEON","civicLow":"301","civicHigh":"0","valueLand":"38000","valueBuilding":"103100","valueTotal":"141100","mailAddr":"301 RUE NAPOLEON","mailCity":"SAINT-BRUNO, QC.","mun":"Saint-Bruno"},"geometry":{"type":"MultiPolygon","coordinates":[[[[-71.649034,48.468854],[-71.648908,48.469182],[-71.64863,48.469128],[-71.648756,48.468807],[-71.649034,48.468854]]]]}},{"type":"Feature","properties":{"owner1":"LAPOINTE ALEXANDRE","owner2":"COTE OUELLET STEPHANIE","matricule":"2070-07-2300","street":"PIONNIERS","civicLow":"380","civicHigh":"0","valueLand":"37100","valueBuilding":"183600","valueTotal":"220700","mailAddr":"380 RUE DES PIONNIERS","mailCity":"SAINT-BRUNO, QC","mun":"Saint-Bruno"},"geometry":{"type":"MultiPolygon","coordinates":[[[[-71.646806,48.469123],[-71.64669,48.469367],[-71.646375,48.469325],[-71.646483,48.469063],[-71.646806,48.469123]]]]}},{"type":"Feature","properties":{"owner1":"TREMBLAY ROGER","owner2":null,"matricule":"2273-09-0372","street":"SIXIEME RANG NORD","civicLow":"1970","civicHigh":"0","valueLand":"27400","valueBuilding":"128600","valueTotal":"156000","mailAddr":"1970 6E RANG NORD","mailCity":"SAINT-BRUNO, QC.","mun":"Saint-Bruno"},"geometry":{"type":"MultiPolygon","coordinates":[[[[-71.620926,48.49884],[-71.620818,48.499108],[-71.620019,48.498977],[-71.620126,48.498709],[-71.620926,48.49884]]]]}},{"type":"Feature","properties":{"owner1":"ALLARD GINETTE","owner2":null,"matricule":"1971-66-8492","street":"ST-ALPHONSE","civicLow":"908","civicHigh":"0","valueLand":"32400","valueBuilding":"103000","valueTotal":"135400","mailAddr":"908 AVENUE ST-ALPHONSE","mailCity":"SAINT-BRUNO, QC.","mun":"Saint-Bruno"},"geometry":{"type":"MultiPolygon","coordinates":[[[[-71.65163,48.478062],[-71.651567,48.478217],[-71.651136,48.478139],[-71.651208,48.477972],[-71.65163,48.478062]]]]}},{"type":"Feature","properties":{"owner1":"BOUCHARD LINDA","owner2":"BOUCHARD-POTVIN GENEVIEVE","matricule":"1971-81-4135","street":"LILAS","civicLow":"695","civicHigh":"0","valueLand":"42600","valueBuilding":"166200","valueTotal":"208800","mailAddr":"695 AVENUE DES LILAS","mailCity":"SAINT-BRUNO, QC.","mun":"Saint-Bruno"},"geometry":{"type":"MultiPolygon","coordinates":[[[[-71.648872,48.473208],[-71.64898,48.472946],[-71.649411,48.473024],[-71.649286,48.473268],[-71.648872,48.473208]]]]}},{"type":"Feature","properties":{"owner1":"FORTIN ELIE-MARIE","owner2":null,"matricule":"1875-30-7792","street":"Adresse non codifiée","civicLow":"0","civicHigh":"0","valueLand":"55700","valueBuilding":"19600","valueTotal":"75300","mailAddr":"631 SIXIEME RANG OUEST","mailCity":"SAINT-BRUNO, QC.","mun":"Saint-Bruno"},"geometry":{"type":"MultiPolygon","coordinates":[[[[-71.669633,48.510464],[-71.669174,48.510381],[-71.669237,48.510244],[-71.66904,48.510203],[-71.668752,48.510256],[-71.668555,48.510697],[-71.668159,48.510631],[-71.668267,48.510369],[-71.66798,48.51031],[-71.668123,48.509929],[-71.667324,48.509774],[-71.66904,48.505608],[-71.669291,48.506031],[-71.66921,48.506269],[-71.669686,48.506548],[-71.672211,48.506971],[-71.670684,48.510661],[-71.669776,48.510494],[-71.669606,48.510887],[-71.669471,48.510863],[-71.669633,48.510464]]]]}},{"type":"Feature","properties":{"owner1":"LAPOINTE MICHEL","owner2":"DUCHESNE ARLETTE","matricule":"1974-48-2952","street":"ST-ALPHONSE NORD","civicLow":"2015","civicHigh":"0","valueLand":"22100","valueBuilding":"114600","valueTotal":"136700","mailAddr":"2015 ROUTE ST-ALPHONSE NORD","mailCity":"SAINT-BRUNO, QC.","mun":"Saint-Bruno"},"geometry":{"type":"MultiPolygon","coordinates":[[[[-71.6557,48.506328],[-71.655718,48.506709],[-71.655242,48.506626],[-71.655224,48.506245],[-71.6557,48.506328]]]]}},{"type":"Feature","properties":{"owner1":"TANGUAY PIERRE","owner2":null,"matricule":"1974-48-7834","street":"ST-ALPHONSE NORD","civicLow":"2011","civicHigh":"0","valueLand":"40300","valueBuilding":"88800","valueTotal":"129100","mailAddr":"2011 ROUTE ST-ALPHONSE NORD","mailCity":"SAINT-BRUNO, QC.","mun":"Saint-Bruno"},"geometry":{"type":"MultiPolygon","coordinates":[[[[-71.655224,48.506245],[-71.655242,48.506626],[-71.654316,48.506447],[-71.654487,48.506025],[-71.655224,48.506245]]]]}},{"type":"Feature","properties":{"owner1":"MUNICIPALITE DE SAINT-BRUNO","owner2":null,"matricule":"1970-14-8323","street":"ST-ALPHONSE","civicLow":"288","civicHigh":"0","valueLand":"107800","valueBuilding":"95000","valueTotal":"202800","mailAddr":"563 AVENUE SAINT-ALPHONSE","mailCity":"SAINT-BRUNO, QC.","mun":"Saint-Bruno"},"geometry":{"type":"MultiPolygon","coordinates":[[[[-71.657002,48.466823],[-71.656284,48.466758],[-71.656221,48.466913],[-71.655727,48.466823],[-71.656122,48.46587],[-71.659464,48.466478],[-71.659832,48.466823],[-71.659625,48.467306],[-71.657002,48.466823]]]]}},{"type":"Feature","properties":{"owner1":"HARVEY JOCELYN","owner2":"VAILLANCOURT LIANE","matricule":"1972-81-1850","street":"ST-ALPHONSE NORD","civicLow":"1011","civicHigh":"0","valueLand":"31700","valueBuilding":"121700","valueTotal":"153400","mailAddr":"1011 ROUTE ST-ALPHONSE NORD","mailCity":"SAINT-BRUNO, QC.","mun":"Saint-Bruno"},"geometry":{"type":"MultiPolygon","coordinates":[[[[-71.6496,48.481873],[-71.650004,48.481938],[-71.649735,48.482599],[-71.649331,48.482528],[-71.6496,48.481873]]]]}},{"type":"Feature","properties":{"owner1":"BRODEUR-PEARSON NICOLAS","owner2":"BRODEUR-PEARSON JOE","matricule":"1971-50-8420","street":"ETUDIANTS","civicLow":"600","civicHigh":"0","valueLand":"32200","valueBuilding":"104800","valueTotal":"137000","mailAddr":"600 AVENUE DES ETUDIANTS","mailCity":"SAINT-BRUNO, QC.","mun":"Saint-Bruno"},"geometry":{"type":"MultiPolygon","coordinates":[[[[-71.65234,48.472083],[-71.652403,48.471922],[-71.652852,48.472005],[-71.652789,48.472166],[-71.65234,48.472083]]]]}},{"type":"Feature","properties":{"owner1":"2946-4153 QUEBEC INC","owner2":null,"matricule":"2267-50-6203","street":"Adresse non codifiée","civicLow":"0","civicHigh":"0","valueLand":"115900","valueBuilding":"0","valueTotal":"115900","mailAddr":"695 RANG SAINT-PIERRE","mailCity":"HEBERTVILLE-STATION, QC.","mun":"Saint-Bruno"},"geometry":{"type":"MultiPolygon","coordinates":[[[[-71.607927,48.443046],[-71.606957,48.442945],[-71.612733,48.429094],[-71.616093,48.429708],[-71.610353,48.443565],[-71.607927,48.443046]]]]}},{"type":"Feature","properties":{"owner1":"BOILY OLIVIER","owner2":"COTE-OUELLET MARIE-CHANTALE","matricule":"1971-93-0890","street":"LAROUCHE","civicLow":"206","civicHigh":"0","valueLand":"32000","valueBuilding":"250200","valueTotal":"282200","mailAddr":"206 RUE LAROUCHE","mailCity":"SAINT-BRUNO, QC.","mun":"Saint-Bruno"},"geometry":{"type":"MultiPolygon","coordinates":[[[[-71.648046,48.47537],[-71.648253,48.475251],[-71.648531,48.475465],[-71.648325,48.475584],[-71.648046,48.47537]]]]}},{"type":"Feature","properties":{"owner1":"2946-4153 QUEBEC INC","owner2":null,"matricule":"2267-15-7434","street":"ST-ALPHONSE NORD","civicLow":"0","civicHigh":"0","valueLand":"111600","valueBuilding":"0","valueTotal":"111600","mailAddr":"695 RANG SAINT-PIERRE","mailCity":"HEBERTVILLE-STATION, QC.","mun":"Saint-Bruno"},"geometry":{"type":"MultiPolygon","coordinates":[[[[-71.615626,48.439703],[-71.616641,48.437277],[-71.619992,48.437885],[-71.617153,48.444792],[-71.613775,48.44419],[-71.615626,48.439703]]]]}},{"type":"Feature","properties":{"owner1":"OUELLET GUY","owner2":"LEMAY JOSEE","matricule":"1971-94-2806","street":"LAROUCHE","civicLow":"208","civicHigh":"0","valueLand":"37800","valueBuilding":"245700","valueTotal":"283500","mailAddr":"208 RUE LAROUCHE","mailCity":"SAINT-BRUNO, QC.","mun":"Saint-Bruno"},"geometry":{"type":"MultiPolygon","coordinates":[[[[-71.647633,48.475614],[-71.648046,48.47537],[-71.648325,48.475584],[-71.648163,48.475709],[-71.647633,48.475614]]]]}},{"type":"Feature","properties":{"owner1":"LAJOIE LINDA","owner2":null,"matricule":"1970-35-9401","street":"ST-ALPHONSE","civicLow":"361","civicHigh":"0","valueLand":"36000","valueBuilding":"132800","valueTotal":"168800","mailAddr":"361 AVENUE ST-ALPHONSE","mailCity":"SAINT-BRUNO, QC.","mun":"Saint-Bruno"},"geometry":{"type":"MultiPolygon","coordinates":[[[[-71.655349,48.467318],[-71.655286,48.467473],[-71.654774,48.467377],[-71.654837,48.467222],[-71.655349,48.467318]]]]}},{"type":"Feature","properties":{"owner1":"PINEAULT DEREK","owner2":null,"matricule":"1970-15-2912","street":"PRES","civicLow":"348","civicHigh":"0","valueLand":"39500","valueBuilding":"187200","valueTotal":"226700","mailAddr":"348 RUE DES PRES","mailCity":"SAINT-BRUNO, QC.","mun":"Saint-Bruno"},"geometry":{"type":"MultiPolygon","coordinates":[[[[-71.658323,48.467502],[-71.658296,48.467407],[-71.658916,48.467211],[-71.65879,48.46752],[-71.658323,48.467502]]]]}},{"type":"Feature","properties":{"owner1":"MUNICIPALITE DE SAINT-BRUNO","owner2":null,"matricule":"2071-40-9408","street":"INDUSTRIELLE","civicLow":"850","civicHigh":"0","valueLand":"58300","valueBuilding":"86200","valueTotal":"144500","mailAddr":"563 AVENUE ST-ALPHONSE","mailCity":"SAINT-BRUNO, QC.","mun":"Saint-Bruno"},"geometry":{"type":"MultiPolygon","coordinates":[[[[-71.639243,48.471445],[-71.639575,48.471243],[-71.639719,48.470993],[-71.641318,48.471284],[-71.641354,48.472982],[-71.639278,48.473006],[-71.639243,48.471445]]]]}},{"type":"Feature","properties":{"owner1":"TERRASSEMENT MARCEL TREMBLAY INC","owner2":null,"matricule":"2070-47-1962","street":"INDUSTRIELLE","civicLow":"0","civicHigh":"0","valueLand":"35700","valueBuilding":"0","valueTotal":"35700","mailAddr":"100 RUE DES MOISSONS","mailCity":"SAINT-BRUNO, QC.","mun":"Saint-Bruno"},"geometry":{"type":"MultiPolygon","coordinates":[[[[-71.642261,48.469772],[-71.643033,48.470409],[-71.639898,48.469837],[-71.639746,48.469313],[-71.642261,48.469772]]]]}},{"type":"Feature","properties":{"owner1":"MARTEL GENEVIEVE","owner2":"BOUCHARD SABIN","matricule":"2070-07-5837","street":"PIONNIERS","civicLow":"391","civicHigh":"0","valueLand":"33400","valueBuilding":"181000","valueTotal":"214400","mailAddr":"391 RUE DES PIONNIERS","mailCity":"SAINT-BRUNO, QC.","mun":"Saint-Bruno"},"geometry":{"type":"MultiPolygon","coordinates":[[[[-71.646115,48.4697],[-71.645935,48.46967],[-71.646043,48.469408],[-71.646321,48.469456],[-71.646213,48.469724],[-71.646115,48.4697]]]]}},{"type":"Feature","properties":{"owner1":"BOULANGER ERIC","owner2":"TRUCHON SARAH","matricule":"2070-07-3644","street":"PIONNIERS","civicLow":"381","civicHigh":"0","valueLand":"37100","valueBuilding":"192000","valueTotal":"229100","mailAddr":"381 RUE DES PIONNIERS","mailCity":"SAINT-BRUNO, QC.","mun":"Saint-Bruno"},"geometry":{"type":"MultiPolygon","coordinates":[[[[-71.646627,48.469569],[-71.646537,48.469784],[-71.646213,48.469724],[-71.646321,48.469456],[-71.646627,48.469569]]]]}},{"type":"Feature","properties":{"owner1":"FERME GAGNON ST-BRUNO INC","owner2":null,"matricule":"2370-32-3330","street":"HUITIEME RANG NORD","civicLow":"655","civicHigh":"0","valueLand":"144300","valueBuilding":"144100","valueTotal":"288400","mailAddr":"665 HUITIEME RANG NORD","mailCity":"SAINT-BRUNO, QC.","mun":"Saint-Bruno"},"geometry":{"type":"MultiPolygon","coordinates":[[[[-71.599591,48.466812],[-71.599959,48.465084],[-71.589656,48.463244],[-71.589862,48.462755],[-71.590527,48.462838],[-71.590635,48.46257],[-71.589979,48.462451],[-71.590105,48.46213],[-71.611269,48.465888],[-71.610092,48.468717],[-71.599591,48.466812]]]]}},{"type":"Feature","properties":{"owner1":"BOUDREAULT TONY","owner2":"BOUCHARD CYNTHIA","matricule":"1970-64-3448","street":"NORMANDIE","civicLow":"252","civicHigh":"0","valueLand":"53300","valueBuilding":"133600","valueTotal":"186900","mailAddr":"252 RUE NORMANDIE","mailCity":"SAINT-BRUNO, QC.","mun":"Saint-Bruno"},"geometry":{"type":"MultiPolygon","coordinates":[[[[-71.652026,48.467038],[-71.651531,48.467074],[-71.651442,48.466889],[-71.652169,48.466609],[-71.652026,48.467038]]]]}},{"type":"Feature","properties":{"owner1":"OUELLET JEANNOT","owner2":"DUCHESNE MANON","matricule":"2071-00-2196","street":"OEILLETS","civicLow":"730","civicHigh":"0","valueLand":"31100","valueBuilding":"194400","valueTotal":"225500","mailAddr":"730 AVENUE DES OEILLETS","mailCity":"SAINT-BRUNO, QC.","mun":"Saint-Bruno"},"geometry":{"type":"MultiPolygon","coordinates":[[[[-71.646932,48.472732],[-71.646869,48.472904],[-71.646465,48.472833],[-71.646537,48.47266],[-71.646932,48.472732]]]]}},{"type":"Feature","properties":{"owner1":"BELANGER KARL","owner2":"LAVOIE MELISSA","matricule":"2071-00-1676","street":"OEILLETS","civicLow":"720","civicHigh":"0","valueLand":"31100","valueBuilding":"205900","valueTotal":"237000","mailAddr":"720 AVENUE DES OEILLETS","mailCity":"SAINT-BRUNO, QC.","mun":"Saint-Bruno"},"geometry":{"type":"MultiPolygon","coordinates":[[[[-71.646537,48.47266],[-71.646609,48.472488],[-71.647004,48.472559],[-71.646932,48.472732],[-71.646537,48.47266]]]]}},{"type":"Feature","properties":{"owner1":"PLOURDE SYLVIO","owner2":"GAGNE LOUISE","matricule":"2071-00-1057","street":"OEILLETS","civicLow":"710","civicHigh":"0","valueLand":"32700","valueBuilding":"208700","valueTotal":"241400","mailAddr":"710 AVENUE DES OEILLETS","mailCity":"SAINT-BRUNO, QC.","mun":"Saint-Bruno"},"geometry":{"type":"MultiPolygon","coordinates":[[[[-71.646609,48.472488],[-71.646681,48.472303],[-71.647076,48.472374],[-71.647004,48.472559],[-71.646609,48.472488]]]]}},{"type":"Feature","properties":{"owner1":"BRASSARD SERGE","owner2":"LEMIEUX VALERIE","matricule":"2071-00-0336","street":"OEILLETS","civicLow":"700","civicHigh":"0","valueLand":"36200","valueBuilding":"246400","valueTotal":"282600","mailAddr":"700 AVENUE DES OEILLETS","mailCity":"SAINT-BRUNO, QC.","mun":"Saint-Bruno"},"geometry":{"type":"MultiPolygon","coordinates":[[[[-71.646681,48.472303],[-71.646941,48.472071],[-71.647166,48.472166],[-71.647076,48.472374],[-71.646681,48.472303]]]]}},{"type":"Feature","properties":{"owner1":"TREMBLAY YVAN","owner2":"GAUTHIER LISE","matricule":"1971-51-2257","street":"ST-ALPHONSE","civicLow":"670","civicHigh":"0","valueLand":"38700","valueBuilding":"113900","valueTotal":"152600","mailAddr":"670 AVENUE ST-ALPHONSE","mailCity":"SAINT-BRUNO, QC.","mun":"Saint-Bruno"},"geometry":{"type":"MultiPolygon","coordinates":[[[[-71.653086,48.473268],[-71.653139,48.473131],[-71.653849,48.473274],[-71.653795,48.473399],[-71.653086,48.473268]]]]}},{"type":"Feature","properties":{"owner1":"LACHANCE GILLES","owner2":"FORTIN DIANE","matricule":"1970-79-8536","street":"JAUVIN","civicLow":"235","civicHigh":"0","valueLand":"47100","valueBuilding":"117900","valueTotal":"165000","mailAddr":"235 RUE JAUVIN","mailCity":"SAINT-BRUNO, QC.","mun":"Saint-Bruno"},"geometry":{"type":"MultiPolygon","coordinates":[[[[-71.650085,48.471356],[-71.650022,48.471517],[-71.649591,48.471439],[-71.649726,48.471106],[-71.650094,48.471177],[-71.650085,48.471356]]]]}},{"type":"Feature","properties":{"owner1":"BOUCHARD PASCAL","owner2":null,"matricule":"2070-16-6162","street":"PIONNIERS","civicLow":"430","civicHigh":"0","valueLand":"42100","valueBuilding":"221300","valueTotal":"263400","mailAddr":"430 RUE DES PIONNIERS","mailCity":"SAINT-BRUNO, QC.","mun":"Saint-Bruno"},"geometry":{"type":"MultiPolygon","coordinates":[[[[-71.644489,48.468783],[-71.644929,48.4687],[-71.644875,48.469075],[-71.644641,48.469111],[-71.644489,48.468783]]]]}},{"type":"Feature","properties":{"owner1":"LAROUCHE ALBERT","owner2":null,"matricule":"1970-79-9264","street":"LILAS","civicLow":"605","civicHigh":"0","valueLand":"34800","valueBuilding":"115800","valueTotal":"150600","mailAddr":"605 AVENUE DES LILAS","mailCity":"SAINT-BRUNO, QC.","mun":"Saint-Bruno"},"geometry":{"type":"MultiPolygon","coordinates":[[[[-71.650022,48.471517],[-71.64995,48.471695],[-71.649519,48.471618],[-71.649591,48.471439],[-71.650022,48.471517]]]]}},{"type":"Feature","properties":{"owner1":"NUTRINOR","owner2":null,"matricule":"2070-74-5384","street":"MELANCON","civicLow":"800","civicHigh":"0","valueLand":"96700","valueBuilding":"73400","valueTotal":"170100","mailAddr":"425 RUE MELANCON","mailCity":"SAINT-BRUNO, QC.","mun":"Saint-Bruno"},"geometry":{"type":"MultiPolygon","coordinates":[[[[-71.637167,48.467163],[-71.637455,48.467675],[-71.635973,48.467633],[-71.636188,48.46699],[-71.637167,48.467163]]]]}},{"type":"Feature","properties":{"owner1":"BERGERON ROBERT","owner2":"LAROUCHE CLAUDINE","matricule":"1970-97-4156","street":"PARC","civicLow":"345","civicHigh":"0","valueLand":"42800","valueBuilding":"174400","valueTotal":"217200","mailAddr":"345 RUE DU PARC","mailCity":"SAINT-BRUNO, QC.","mun":"Saint-Bruno"},"geometry":{"type":"MultiPolygon","coordinates":[[[[-71.647947,48.469492],[-71.647714,48.469998],[-71.647498,48.469956],[-71.647705,48.46945],[-71.647947,48.469492]]]]}},{"type":"Feature","properties":{"owner1":"MUNICIPALITE DE SAINT-BRUNO","owner2":null,"matricule":"1970-24-9880","street":"PRES","civicLow":"321","civicHigh":"0","valueLand":"45400","valueBuilding":"0","valueTotal":"45400","mailAddr":"563 AVENUE ST-ALPHONSE","mailCity":"SAINT-BRUNO, QC.","mun":"Saint-Bruno"},"geometry":{"type":"MultiPolygon","coordinates":[[[[-71.656077,48.467306],[-71.656068,48.467032],[-71.656706,48.467044],[-71.656733,48.467133],[-71.656302,48.467348],[-71.656077,48.467306]]]]}},{"type":"Feature","properties":{"owner1":"DALLAIRE LUC","owner2":"VINCENT SUZIE","matricule":"1970-94-0954","street":"ARTISANS","civicLow":"359","civicHigh":"0","valueLand":"38100","valueBuilding":"98900","valueTotal":"137000","mailAddr":"359 RUE DES ARTISANS","mailCity":"SAINT-BRUNO, QC.","mun":"Saint-Bruno"},"geometry":{"type":"MultiPolygon","coordinates":[[[[-71.647947,48.466883],[-71.648316,48.466913],[-71.648217,48.467157],[-71.647857,48.467091],[-71.647947,48.466883]]]]}},{"type":"Feature","properties":{"owner1":"MUNICIPALITE DE SAINT-BRUNO","owner2":null,"matricule":"1773-74-1183","street":"Adresse non codifiée","civicLow":"0","civicHigh":"0","valueLand":"4700","valueBuilding":"0","valueTotal":"4700","mailAddr":"563 AVENUE ST-ALPHONSE","mailCity":"SAINT-BRUNO, QC.","mun":"Saint-Bruno"},"geometry":{"type":"MultiPolygon","coordinates":[[[[-71.67805,48.493334],[-71.679514,48.493852],[-71.679155,48.493876],[-71.679074,48.494126],[-71.67858,48.494376],[-71.678715,48.494632],[-71.677663,48.494257],[-71.67805,48.493334]]]]}},{"type":"Feature","properties":{"owner1":"BOUCHARD JEANNE D'ARC","owner2":null,"matricule":"1773-55-0215","street":"CINQUIEME RANG OUEST","civicLow":"875","civicHigh":"0","valueLand":"16900","valueBuilding":"75300","valueTotal":"92200","mailAddr":"875 CINQUIEME RANG OUEST","mailCity":"SAINT-BRUNO, QC.","mun":"Saint-Bruno"},"geometry":{"type":"MultiPolygon","coordinates":[[[[-71.68105,48.494013],[-71.681589,48.494138],[-71.68149,48.494376],[-71.680951,48.494251],[-71.68105,48.494013]]]]}},{"type":"Feature","properties":{"owner1":"MUNGER BERNARD","owner2":null,"matricule":"1773-45-6112","street":"CINQUIEME RANG OUEST","civicLow":"881","civicHigh":"0","valueLand":"31100","valueBuilding":"137300","valueTotal":"168400","mailAddr":"881 CINQUIEME RANG OUEST","mailCity":"SAINT-BRUNO, QC.","mun":"Saint-Bruno"},"geometry":{"type":"MultiPolygon","coordinates":[[[[-71.68149,48.494376],[-71.681706,48.493846],[-71.682173,48.493953],[-71.681957,48.494483],[-71.68149,48.494376]]]]}},{"type":"Feature","properties":{"owner1":"ST-PIERRE GILLES","owner2":null,"matricule":"1773-25-1760","street":"CINQUIEME RANG OUEST","civicLow":"901","civicHigh":"0","valueLand":"37200","valueBuilding":"147700","valueTotal":"184900","mailAddr":"901 CINQUIEME RANG OUEST","mailCity":"SAINT-BRUNO, QC.","mun":"Saint-Bruno"},"geometry":{"type":"MultiPolygon","coordinates":[[[[-71.684634,48.49509],[-71.685119,48.493905],[-71.68565,48.494025],[-71.685155,48.495215],[-71.684634,48.49509]]]]}},{"type":"Feature","properties":{"owner1":"LAROUCHE LISETTE","owner2":null,"matricule":"1970-86-8105","street":"NAPOLEON","civicLow":"330","civicHigh":"0","valueLand":"37300","valueBuilding":"111800","valueTotal":"149100","mailAddr":"330 RUE NAPOLEON","mailCity":"SAINT-BRUNO, QC.","mun":"Saint-Bruno"},"geometry":{"type":"MultiPolygon","coordinates":[[[[-71.648711,48.46817],[-71.64854,48.46858],[-71.64828,48.468533],[-71.648432,48.468164],[-71.648711,48.46817]]]]}},{"type":"Feature","properties":{"owner1":"PERRON PIERRE","owner2":"TRUCHON REGINE","matricule":"1970-74-0845","street":"NORMANDIE","civicLow":"267","civicHigh":"0","valueLand":"36200","valueBuilding":"107900","valueTotal":"144100","mailAddr":"267 RUE NORMANDIE","mailCity":"SAINT-BRUNO, QC.","mun":"Saint-Bruno"},"geometry":{"type":"MultiPolygon","coordinates":[[[[-71.651064,48.466829],[-71.650876,48.467056],[-71.650579,48.466919],[-71.650651,48.466746],[-71.651064,48.466829]]]]}},{"type":"Feature","properties":{"owner1":"BOUCHARD MARC","owner2":null,"matricule":"2170-23-1523","street":"170","civicLow":"2010","civicHigh":"0","valueLand":"38800","valueBuilding":"202100","valueTotal":"240900","mailAddr":"2010 ROUTE 170","mailCity":"SAINT-BRUNO, QC.","mun":"Saint-Bruno"},"geometry":{"type":"MultiPolygon","coordinates":[[[[-71.62955,48.46587],[-71.629855,48.465543],[-71.631903,48.46537],[-71.630376,48.466728],[-71.629586,48.466585],[-71.629783,48.465912],[-71.62955,48.46587]]]]}},{"type":"Feature","properties":{"owner1":"SIMARD SERGE","owner2":"GUAY JOHANNE","matricule":"1971-40-3627","street":"L'EGLISE","civicLow":"101","civicHigh":"0","valueLand":"42800","valueBuilding":"204400","valueTotal":"247200","mailAddr":"101 RUE DE L'EGLISE","mailCity":"SAINT-BRUNO, QC.","mun":"Saint-Bruno"},"geometry":{"type":"MultiPolygon","coordinates":[[[[-71.654855,48.471993],[-71.654721,48.472315],[-71.654343,48.472142],[-71.654442,48.471916],[-71.654855,48.471993]]]]}},{"type":"Feature","properties":{"owner1":"GAGNON JEAN-MARC","owner2":null,"matricule":"1970-94-5042","street":"ARTISANS","civicLow":"373","civicHigh":"375","valueLand":"38200","valueBuilding":"100100","valueTotal":"138300","mailAddr":"373 RUE DES ARTISANS","mailCity":"SAINT-BRUNO, QC.","mun":"Saint-Bruno"},"geometry":{"type":"MultiPolygon","coordinates":[[[[-71.64775,48.466847],[-71.64766,48.467056],[-71.6473,48.46699],[-71.647408,48.466746],[-71.64775,48.466847]]]]}},{"type":"Feature","properties":{"owner1":"OUELLET STEPHANE","owner2":"TREMBLAY CLAUDIA","matricule":"2072-08-9688","street":"ST-ALPHONSE NORD","civicLow":"1390","civicHigh":"0","valueLand":"19400","valueBuilding":"86400","valueTotal":"105800","mailAddr":"1390 ROUTE ST-ALPHONSE NORD","mailCity":"SAINT-BRUNO, QC.","mun":"Saint-Bruno"},"geometry":{"type":"MultiPolygon","coordinates":[[[[-71.645665,48.488958],[-71.645755,48.488738],[-71.646438,48.488863],[-71.646348,48.489077],[-71.645665,48.488958]]]]}},{"type":"Feature","properties":{"owner1":"MUNGER LUCIE","owner2":null,"matricule":"2072-07-6583","street":"ST-ALPHONSE NORD","civicLow":"1310","civicHigh":"0","valueLand":"27300","valueBuilding":"112300","valueTotal":"139600","mailAddr":"1310 ROUTE ST-ALPHONSE NORD","mailCity":"SAINT-BRUNO, QC.","mun":"Saint-Bruno"},"geometry":{"type":"MultiPolygon","coordinates":[[[[-71.64677,48.487803],[-71.646609,48.488232],[-71.646115,48.488125],[-71.646285,48.487702],[-71.64677,48.487803]]]]}},{"type":"Feature","properties":{"owner1":"LAVOIE CAROLINE","owner2":"GAGNON STEEVE","matricule":"1971-91-4386","street":"CEDRES","civicLow":"260","civicHigh":"0","valueLand":"31300","valueBuilding":"158400","valueTotal":"189700","mailAddr":"260 RUE DES CEDRES","mailCity":"SAINT-BRUNO, QC.","mun":"Saint-Bruno"},"geometry":{"type":"MultiPolygon","coordinates":[[[[-71.647956,48.47347],[-71.647848,48.473738],[-71.647588,48.473691],[-71.647696,48.473429],[-71.647956,48.47347]]]]}},{"type":"Feature","properties":{"owner1":"TREMBLAY LUCIEN","owner2":null,"matricule":"2572-94-2795","street":"Adresse non codifiée","civicLow":"0","civicHigh":"0","valueLand":"30400","valueBuilding":"26000","valueTotal":"56400","mailAddr":"520 AVENUE ST-ALPHONSE","mailCity":"SAINT-BRUNO, QC.","mun":"Saint-Bruno"},"geometry":{"type":"MultiPolygon","coordinates":[[[[-71.558682,48.483344],[-71.571896,48.485672],[-71.570998,48.486154],[-71.571303,48.486851],[-71.571007,48.487261],[-71.570998,48.487887],[-71.557801,48.485535],[-71.558682,48.483344]]],[[[-71.57195,48.485773],[-71.572102,48.485707],[-71.575372,48.486291],[-71.574474,48.488512],[-71.571168,48.487916],[-71.571159,48.487279],[-71.571474,48.486851],[-71.571177,48.486184],[-71.57195,48.485773]]]]}},{"type":"Feature","properties":{"owner1":"2738-7554 QUEBEC INC","owner2":null,"matricule":"2572-87-7062","street":"Adresse non codifiée","civicLow":"0","civicHigh":"0","valueLand":"39000","valueBuilding":"0","valueTotal":"39000","mailAddr":"1004 ROUTE ST-ALPHONSE NORD","mailCity":"SAINT-BRUNO, QC.","mun":"Saint-Bruno"},"geometry":{"type":"MultiPolygon","coordinates":[[[[-71.55675,48.487726],[-71.557801,48.485535],[-71.579064,48.489327],[-71.578166,48.491542],[-71.55675,48.487726]]]]}},{"type":"Feature","properties":{"owner1":"LAJOIE REAL","owner2":null,"matricule":"2572-99-2545","street":"Adresse non codifiée","civicLow":"0","civicHigh":"0","valueLand":"17500","valueBuilding":"0","valueTotal":"17500","mailAddr":"4332 CHEMIN ST-BERNARD","mailCity":"LATERRIERE, QC.","mun":"Saint-Bruno"},"geometry":{"type":"MultiPolygon","coordinates":[[[[-71.556211,48.488815],[-71.55675,48.487726],[-71.578166,48.491542],[-71.577717,48.492655],[-71.556211,48.488815]]]]}},{"type":"Feature","properties":{"owner1":"2738-7554 QUEBEC INC","owner2":null,"matricule":"2573-90-6368","street":"Adresse non codifiée","civicLow":"0","civicHigh":"0","valueLand":"48200","valueBuilding":"25600","valueTotal":"73800","mailAddr":"1004 ROUTE ST-ALPHONSE NORD","mailCity":"SAINT-BRUNO, QC.","mun":"Saint-Bruno"},"geometry":{"type":"MultiPolygon","coordinates":[[[[-71.555681,48.489911],[-71.556211,48.488815],[-71.577717,48.492655],[-71.577277,48.493763],[-71.555681,48.489911]]]]}},{"type":"Feature","properties":{"owner1":"THEBERGE FREDERIC","owner2":null,"matricule":"2568-61-5760","street":"Adresse non codifiée","civicLow":"0","civicHigh":"0","valueLand":"16400","valueBuilding":"9600","valueTotal":"26000","mailAddr":"1326 BOULEVARD SAINT-JUDE","mailCity":"ALMA, QC.","mun":"Saint-Bruno"},"geometry":{"type":"MultiPolygon","coordinates":[[[[-71.573603,48.446705],[-71.572722,48.448832],[-71.566793,48.447778],[-71.567054,48.447575],[-71.566784,48.446854],[-71.565832,48.446741],[-71.566057,48.446276],[-71.566434,48.446187],[-71.566344,48.445263],[-71.573657,48.446568],[-71.573603,48.446705]]]]}},{"type":"Feature","properties":{"owner1":"MUNICIPALITE DE SAINT-BRUNO","owner2":null,"matricule":"2667-48-6197","street":"Adresse non codifiée","civicLow":"0","civicHigh":"0","valueLand":"60100","valueBuilding":"0","valueTotal":"60100","mailAddr":"563 AVENUE ST-ALPHONSE","mailCity":"SAINT-BRUNO, QC.","mun":"Saint-Bruno"},"geometry":{"type":"MultiPolygon","coordinates":[[[[-71.557586,48.448588],[-71.552016,48.447593],[-71.55136,48.447319],[-71.550965,48.447009],[-71.552474,48.445156],[-71.5541,48.444727],[-71.554118,48.444453],[-71.555708,48.443976],[-71.555277,48.443696],[-71.554127,48.443279],[-71.553498,48.443338],[-71.552879,48.44301],[-71.551612,48.442826],[-71.551477,48.44248],[-71.552025,48.442158],[-71.552438,48.441187],[-71.553624,48.440651],[-71.555816,48.441056],[-71.556085,48.441205],[-71.556786,48.441252],[-71.557388,48.441455],[-71.557909,48.441854],[-71.559167,48.44167],[-71.56612,48.442945],[-71.566434,48.446187],[-71.566057,48.446276],[-71.565832,48.446741],[-71.566784,48.446854],[-71.567054,48.447575],[-71.566245,48.448195],[-71.564646,48.447783],[-71.563685,48.447968],[-71.562571,48.447408],[-71.561484,48.447789],[-71.557855,48.448052],[-71.557586,48.448588]]]]}},{"type":"Feature","properties":{"owner1":"BERGERON EVENS","owner2":"DUCHESNE CHANTALE","matricule":"2668-47-8571","street":"Adresse non codifiée","civicLow":"0","civicHigh":"0","valueLand":"189700","valueBuilding":"0","valueTotal":"189700","mailAddr":"1098 HUITIEME RANG NORD","mailCity":"SAINT-BRUNO, QC.","mun":"Saint-Bruno"},"geometry":{"type":"MultiPolygon","coordinates":[[[[-71.546968,48.451728],[-71.547758,48.449404],[-71.557038,48.451293],[-71.56002,48.451734],[-71.563901,48.452145],[-71.570773,48.453372],[-71.569776,48.455803],[-71.546968,48.451728]]]]}},{"type":"Feature","properties":{"owner1":"FERME GAGNON ST-BRUNO INC","owner2":null,"matricule":"2669-50-5313","street":"Adresse non codifiée","civicLow":"0","civicHigh":"0","valueLand":"117400","valueBuilding":"0","valueTotal":"117400","mailAddr":"665 HUITIEME RANG NORD","mailCity":"SAINT-BRUNO, QC.","mun":"Saint-Bruno"},"geometry":{"type":"MultiPolygon","coordinates":[[[[-71.567296,48.457167],[-71.562877,48.456232],[-71.561718,48.45619],[-71.559499,48.456399],[-71.546213,48.45395],[-71.546968,48.451728],[-71.569776,48.455803],[-71.569165,48.457275],[-71.568581,48.457435],[-71.567296,48.457167]]]]}},{"type":"Feature","properties":{"owner1":"LAPRISE GERMAIN","owner2":"MARTEL GUYLAINE","matricule":"2669-83-3649","street":"170","civicLow":"5000","civicHigh":"0","valueLand":"41900","valueBuilding":"139300","valueTotal":"181200","mailAddr":"5000 ROUTE 170","mailCity":"SAINT-BRUNO, QC.","mun":"Saint-Bruno"},"geometry":{"type":"MultiPolygon","coordinates":[[[[-71.553301,48.457596],[-71.554145,48.456464],[-71.556472,48.457453],[-71.556094,48.457763],[-71.55446,48.458627],[-71.552016,48.459306],[-71.553301,48.457596]]]]}},{"type":"Feature","properties":{"owner1":"9322-0978 QUEBEC INC","owner2":null,"matricule":"2468-37-3920","street":"HUITIEME RANG SUD","civicLow":"449","civicHigh":"0","valueLand":"30100","valueBuilding":"69800","valueTotal":"99900","mailAddr":"449 HUITIEME RANG SUD","mailCity":"SAINT-BRUNO, QC.","mun":"Saint-Bruno"},"geometry":{"type":"MultiPolygon","coordinates":[[[[-71.591794,48.452151],[-71.591632,48.452592],[-71.588299,48.452532],[-71.585586,48.452669],[-71.585514,48.452133],[-71.584553,48.451299],[-71.584634,48.45087],[-71.590949,48.451913],[-71.591919,48.451799],[-71.591794,48.452151]]]]}},{"type":"Feature","properties":{"owner1":"MUNICIPALITE DE SAINT-BRUNO","owner2":null,"matricule":"2373-87-1432","street":"Adresse non codifiée","civicLow":"0","civicHigh":"0","valueLand":"13200","valueBuilding":"0","valueTotal":"13200","mailAddr":"563 AVENUE ST-ALPHONSE","mailCity":"SAINT-BRUNO, QC.","mun":"Saint-Bruno"},"geometry":{"type":"MultiPolygon","coordinates":[[[[-71.596141,48.497168],[-71.595791,48.497132],[-71.59571,48.496852],[-71.596034,48.496805],[-71.596141,48.497168]]]]}},{"type":"Feature","properties":{"owner1":"TREMBLAY  MAXIME","owner2":null,"matricule":"1970-12-9597","street":"ST-ALPHONSE","civicLow":"274","civicHigh":"0","valueLand":"65500","valueBuilding":"107400","valueTotal":"172900","mailAddr":"274 AVENUE ST-ALPHONSE","mailCity":"SAINT-BRUNO, QC.","mun":"Saint-Bruno"},"geometry":{"type":"MultiPolygon","coordinates":[[[[-71.656562,48.465519],[-71.656535,48.465602],[-71.656257,48.465555],[-71.656355,48.465305],[-71.657155,48.465447],[-71.657299,48.46509],[-71.658098,48.465406],[-71.658907,48.465948],[-71.656562,48.465519]]]]}},{"type":"Feature","properties":{"owner1":"LAVOIE KEVEN","owner2":"SAVARD JESSICA","matricule":"1971-78-9281","street":"ST-ALPHONSE","civicLow":"995","civicHigh":"0","valueLand":"42800","valueBuilding":"219300","valueTotal":"262100","mailAddr":"995 AVENUE ST-ALPHONSE","mailCity":"SAINT-BRUNO, QC.","mun":"Saint-Bruno"},"geometry":{"type":"MultiPolygon","coordinates":[[[[-71.649699,48.47992],[-71.649816,48.479634],[-71.650211,48.479705],[-71.650103,48.479997],[-71.649699,48.47992]]]]}},{"type":"Feature","properties":{"owner1":"LAJOIE NATHALIE","owner2":null,"matricule":"1971-78-8349","street":"ST-ALPHONSE","civicLow":"0","civicHigh":"0","valueLand":"42800","valueBuilding":"0","valueTotal":"42800","mailAddr":"995 AVENUE ST-ALPHONSE","mailCity":"SAINT-BRUNO, QC.","mun":"Saint-Bruno"},"geometry":{"type":"MultiPolygon","coordinates":[[[[-71.649816,48.479634],[-71.649924,48.479348],[-71.650328,48.479419],[-71.650211,48.479705],[-71.649816,48.479634]]]]}},{"type":"Feature","properties":{"owner1":"MALTAIS MARCEL","owner2":null,"matricule":"2170-03-9337","street":"170","civicLow":"1900","civicHigh":"0","valueLand":"41800","valueBuilding":"0","valueTotal":"41800","mailAddr":"145 RUE MELANCON","mailCity":"SAINT-BRUNO, QC.","mun":"Saint-Bruno"},"geometry":{"type":"MultiPolygon","coordinates":[[[[-71.631903,48.46537],[-71.632317,48.465245],[-71.633089,48.466508],[-71.631867,48.466943],[-71.63149,48.466907],[-71.631679,48.466377],[-71.630924,48.466192],[-71.631903,48.46537]]]]}},{"type":"Feature","properties":{"owner1":"LES ELEVAGES ST-PRIME INC","owner2":null,"matricule":"2170-98-6689","street":"SIXIEME RANG NORD","civicLow":"875","civicHigh":"0","valueLand":"195800","valueBuilding":"377600","valueTotal":"573400","mailAddr":"425 RUE MELANCON","mailCity":"SAINT-BRUNO, QC.","mun":"Saint-Bruno"},"geometry":{"type":"MultiPolygon","coordinates":[[[[-71.630448,48.474006],[-71.630367,48.474197],[-71.60958,48.470534],[-71.610487,48.46817],[-71.631796,48.471999],[-71.631598,48.472488],[-71.630951,48.472368],[-71.63061,48.473232],[-71.631265,48.473351],[-71.630969,48.474096],[-71.630448,48.474006]]]]}},{"type":"Feature","properties":{"owner1":"BOUCHARD MARIO","owner2":"TREMBLAY CLAUDINE","matricule":"1974-72-1658","street":"ST-ALPHONSE NORD","civicLow":"1895","civicHigh":"0","valueLand":"20000","valueBuilding":"141900","valueTotal":"161900","mailAddr":"1895 ROUTE ST-ALPHONSE NORD","mailCity":"SAINT-BRUNO, QC.","mun":"Saint-Bruno"},"geometry":{"type":"MultiPolygon","coordinates":[[[[-71.651181,48.501186],[-71.651451,48.500983],[-71.651765,48.501162],[-71.651496,48.50137],[-71.651181,48.501186]]]]}},{"type":"Feature","properties":{"owner1":"LAMOUREUX SEBASTIEN","owner2":null,"matricule":"2070-27-3222","street":"PIONNIERS","civicLow":"461","civicHigh":"0","valueLand":"38500","valueBuilding":"188200","valueTotal":"226700","mailAddr":"461 RUE DES PIONNIERS","mailCity":"SAINT-BRUNO, QC.","mun":"Saint-Bruno"},"geometry":{"type":"MultiPolygon","coordinates":[[[[-71.643743,48.469265],[-71.644031,48.469355],[-71.643806,48.469641],[-71.643528,48.469545],[-71.643743,48.469265]]]]}},{"type":"Feature","properties":{"owner1":"GAGNON JEAN-MARC","owner2":null,"matricule":"2670-82-8253","street":"Adresse non codifiée","civicLow":"0","civicHigh":"0","valueLand":"26500","valueBuilding":"26200","valueTotal":"52700","mailAddr":"373 RUE DES ARTISANS","mailCity":"SAINT-BRUNO, QC.","mun":"Saint-Bruno"},"geometry":{"type":"MultiPolygon","coordinates":[[[[-71.565338,48.466996],[-71.564449,48.4692],[-71.542171,48.465257],[-71.543141,48.462964],[-71.565338,48.466996]]]]}},{"type":"Feature","properties":{"owner1":"SIMARD DANICK","owner2":null,"matricule":"1970-34-3791","street":"ST-ALPHONSE","civicLow":"332","civicHigh":"334","valueLand":"30500","valueBuilding":"115400","valueTotal":"145900","mailAddr":"334 AVENUE ST-ALPHONSE","mailCity":"SAINT-BRUNO, QC.","mun":"Saint-Bruno"},"geometry":{"type":"MultiPolygon","coordinates":[[[[-71.655538,48.46727],[-71.655592,48.467139],[-71.656113,48.467234],[-71.656059,48.467365],[-71.655538,48.46727]]]]}},{"type":"Feature","properties":{"owner1":"TREMBLAY NICOLAS","owner2":null,"matricule":"1970-35-4306","street":"ST-ALPHONSE","civicLow":"362","civicHigh":"0","valueLand":"34900","valueBuilding":"98900","valueTotal":"133800","mailAddr":"111 CHEMIN DE LA TOUR","mailCity":"SAINT-GEDEON","mun":"Saint-Bruno"},"geometry":{"type":"MultiPolygon","coordinates":[[[[-71.656041,48.467359],[-71.655969,48.467514],[-71.655475,48.467425],[-71.655538,48.46727],[-71.656041,48.467359]]]]}},{"type":"Feature","properties":{"owner1":"GRENIER REMI","owner2":"MUNGER VERONIQUE","matricule":"1970-35-4927","street":"ST-ALPHONSE","civicLow":"364","civicHigh":"368","valueLand":"42100","valueBuilding":"96600","valueTotal":"138700","mailAddr":"579 HUITIEME RANG SUD","mailCity":"SAINT-BRUNO, QC.","mun":"Saint-Bruno"},"geometry":{"type":"MultiPolygon","coordinates":[[[[-71.655475,48.467425],[-71.655969,48.467514],[-71.655879,48.467735],[-71.655385,48.467645],[-71.655475,48.467425]]]]}},{"type":"Feature","properties":{"owner1":"PILOTE GYLAINE","owner2":null,"matricule":"1970-36-6449","street":"ST-ALPHONSE","civicLow":"0","civicHigh":"0","valueLand":"56000","valueBuilding":"23200","valueTotal":"79200","mailAddr":"390 AVENUE ST-ALPHONSE","mailCity":"SAINT-BRUNO, QC.","mun":"Saint-Bruno"},"geometry":{"type":"MultiPolygon","coordinates":[[[[-71.655915,48.468682],[-71.655852,48.468825],[-71.655161,48.4687],[-71.655017,48.468533],[-71.655915,48.468682]]]]}},{"type":"Feature","properties":{"owner1":"EMOND MICHEL","owner2":"TREMBLAY NATHALIE","matricule":"1970-35-7294","street":"ST-ALPHONSE","civicLow":"380","civicHigh":"0","valueLand":"33900","valueBuilding":"146300","valueTotal":"180200","mailAddr":"380 AVENUE ST-ALPHONSE","mailCity":"SAINT-BRUNO, QC.","mun":"Saint-Bruno"},"geometry":{"type":"MultiPolygon","coordinates":[[[[-71.65552,48.468241],[-71.655134,48.468241],[-71.655206,48.468068],[-71.655691,48.468146],[-71.655637,48.468259],[-71.65552,48.468241]]]]}},{"type":"Feature","properties":{"owner1":"COTE DANIEL","owner2":"MARCHAND LOUISE","matricule":"1973-58-2745","street":"ST-ALPHONSE NORD","civicLow":"1675","civicHigh":"0","valueLand":"227700","valueBuilding":"177800","valueTotal":"405500","mailAddr":"1675 ROUTE ST-ALPHONSE NORD","mailCity":"SAINT-BRUNO, QC.","mun":"Saint-Bruno"},"geometry":{"type":"MultiPolygon","coordinates":[[[[-71.644516,48.494334],[-71.644758,48.493905],[-71.66418,48.497453],[-71.662698,48.50084],[-71.645055,48.497703],[-71.644273,48.497102],[-71.643887,48.496358],[-71.644516,48.494334]]]]}},{"type":"Feature","properties":{"owner1":"FERME ELOISE INC","owner2":null,"matricule":"1973-20-8127","street":"ST-ALPHONSE NORD","civicLow":"0","civicHigh":"0","valueLand":"177000","valueBuilding":"0","valueTotal":"177000","mailAddr":"280 ROUTE DU LAC OUEST","mailCity":"ALMA. QC","mun":"Saint-Bruno"},"geometry":{"type":"MultiPolygon","coordinates":[[[[-71.646699,48.488911],[-71.646914,48.488583],[-71.647489,48.488708],[-71.647651,48.488125],[-71.647076,48.488006],[-71.647534,48.487107],[-71.667135,48.490643],[-71.666156,48.492911],[-71.646519,48.489363],[-71.646699,48.488911]]]]}},{"type":"Feature","properties":{"owner1":"DUCHESNE REGIS","owner2":null,"matricule":"2070-80-8815","street":"SIXIEME RANG SUD","civicLow":"520","civicHigh":"0","valueLand":"29400","valueBuilding":"127200","valueTotal":"156600","mailAddr":"520 SIXIEME RANG SUD","mailCity":"SAINT-BRUNO, QC.","mun":"Saint-Bruno"},"geometry":{"type":"MultiPolygon","coordinates":[[[[-71.635398,48.463172],[-71.635083,48.463923],[-71.634059,48.46263],[-71.635083,48.462815],[-71.634931,48.463083],[-71.635398,48.463172]]]]}},{"type":"Feature","properties":{"owner1":"TREMBLAY CELINE","owner2":null,"matricule":"2069-89-5394","street":"SIXIEME RANG SUD","civicLow":"510","civicHigh":"0","valueLand":"16100","valueBuilding":"70300","valueTotal":"86400","mailAddr":"510 SIXIEME RANG SUD","mailCity":"SAINT-BRUNO, QC.","mun":"Saint-Bruno"},"geometry":{"type":"MultiPolygon","coordinates":[[[[-71.635506,48.462892],[-71.635398,48.463172],[-71.634931,48.463083],[-71.635083,48.462815],[-71.635506,48.462892]]]]}},{"type":"Feature","properties":{"owner1":"PLOURDE MICHAEL","owner2":"MALTAIS ISABELLE","matricule":"2070-16-5723","street":"PIONNIERS","civicLow":"531","civicHigh":"0","valueLand":"42300","valueBuilding":"225700","valueTotal":"268000","mailAddr":"531 RUE DES PIONNIERS","mailCity":"SAINT-BRUNO, QC.","mun":"Saint-Bruno"},"geometry":{"type":"MultiPolygon","coordinates":[[[[-71.644552,48.46842],[-71.644983,48.468342],[-71.644929,48.4687],[-71.644686,48.468747],[-71.644552,48.46842]]]]}},{"type":"Feature","properties":{"owner1":"ST-GELAIS GABRIEL","owner2":"VILLENEUVE LOUISE","matricule":"2070-19-4100","street":"BEAUMONT","civicLow":"605","civicHigh":"0","valueLand":"40900","valueBuilding":"175100","valueTotal":"216000","mailAddr":"605 PLATEAU BEAUMONT","mailCity":"SAINT-BRUNO, QC.","mun":"Saint-Bruno"},"geometry":{"type":"MultiPolygon","coordinates":[[[[-71.644758,48.471112],[-71.644848,48.470891],[-71.645324,48.470981],[-71.645207,48.471189],[-71.644758,48.471112]]]]}},{"type":"Feature","properties":{"owner1":"VILLENEUVE MARTIN","owner2":null,"matricule":"2070-08-7975","street":"BEAUMONT","civicLow":"600","civicHigh":"0","valueLand":"42800","valueBuilding":"226200","valueTotal":"269000","mailAddr":"600 PLATEAU BEAUMONT","mailCity":"SAINT-BRUNO, QC.","mun":"Saint-Bruno"},"geometry":{"type":"MultiPolygon","coordinates":[[[[-71.64607,48.470903],[-71.645558,48.470927],[-71.645612,48.470719],[-71.64616,48.470665],[-71.64607,48.470903]]]]}},{"type":"Feature","properties":{"owner1":"GUAY CAROLINE","owner2":"PERRON STEEVE","matricule":"2070-08-8248","street":"BEAUMONT","civicLow":"590","civicHigh":"0","valueLand":"48900","valueBuilding":"234400","valueTotal":"283300","mailAddr":"590 PLATEAU BEAUMONT","mailCity":"SAINT-BRUNO, QC.","mun":"Saint-Bruno"},"geometry":{"type":"MultiPolygon","coordinates":[[[[-71.64616,48.470665],[-71.645612,48.470719],[-71.645513,48.470606],[-71.6458,48.470355],[-71.646061,48.470403],[-71.646213,48.470534],[-71.64616,48.470665]]]]}},{"type":"Feature","properties":{"owner1":"ALLARD MARC","owner2":null,"matricule":"1971-51-2672","street":"ST-ALPHONSE","civicLow":"676","civicHigh":"678","valueLand":"38900","valueBuilding":"70400","valueTotal":"109300","mailAddr":"676 AVENUE ST-ALPHONSE","mailCity":"SAINT-BRUNO, QC.","mun":"Saint-Bruno"},"geometry":{"type":"MultiPolygon","coordinates":[[[[-71.653795,48.473399],[-71.653741,48.473536],[-71.653032,48.473399],[-71.653086,48.473268],[-71.653795,48.473399]]]]}},{"type":"Feature","properties":{"owner1":"LAFOREST GERALD","owner2":"PATOINE SYLVIE","matricule":"1874-69-7030","street":"Adresse non codifiée","civicLow":"0","civicHigh":"0","valueLand":"41700","valueBuilding":"3800","valueTotal":"45500","mailAddr":"515 SIXIEME RANG OUEST","mailCity":"SAINT-BRUNO, QC.","mun":"Saint-Bruno"},"geometry":{"type":"MultiPolygon","coordinates":[[[[-71.664934,48.509619],[-71.664539,48.509548],[-71.664674,48.509185],[-71.664216,48.509238],[-71.664288,48.509048],[-71.663928,48.508983],[-71.666111,48.503572],[-71.666264,48.503561],[-71.66647,48.503769],[-71.66647,48.504102],[-71.666641,48.504346],[-71.666488,48.504543],[-71.665788,48.504894],[-71.665761,48.50509],[-71.666336,48.505269],[-71.666605,48.505543],[-71.666803,48.505465],[-71.666875,48.505102],[-71.667054,48.505019],[-71.667701,48.505215],[-71.666488,48.508161],[-71.665671,48.508007],[-71.664871,48.510006],[-71.664934,48.509619]]]]}},{"type":"Feature","properties":{"owner1":"BOUCHARD SYLVIE","owner2":null,"matricule":"1970-76-9594","street":"NAPOLEON","civicLow":"269","civicHigh":"0","valueLand":"38000","valueBuilding":"126400","valueTotal":"164400","mailAddr":"269 RUE NAPOLEON","mailCity":"SAINT-BRUNO, QC.","mun":"Saint-Bruno"},"geometry":{"type":"MultiPolygon","coordinates":[[[[-71.649879,48.469009],[-71.649753,48.469331],[-71.649474,48.469283],[-71.6496,48.468956],[-71.649879,48.469009]]]]}},{"type":"Feature","properties":{"owner1":"BOUCHARD LEON","owner2":null,"matricule":"1970-77-7400","street":"NAPOLEON","civicLow":"259","civicHigh":"0","valueLand":"38000","valueBuilding":"109400","valueTotal":"147400","mailAddr":"259 RUE NAPOLEON","mailCity":"SAINT-BRUNO, QC.","mun":"Saint-Bruno"},"geometry":{"type":"MultiPolygon","coordinates":[[[[-71.650049,48.469325],[-71.649753,48.469331],[-71.649879,48.469009],[-71.650157,48.469057],[-71.650049,48.469325]]]]}},{"type":"Feature","properties":{"owner1":"COTE MARCEL","owner2":null,"matricule":"1970-77-8636","street":"PARC","civicLow":"280","civicHigh":"0","valueLand":"40900","valueBuilding":"11300","valueTotal":"52200","mailAddr":"181 RUE NAPOLEON","mailCity":"SAINT-BRUNO, QC.","mun":"Saint-Bruno"},"geometry":{"type":"MultiPolygon","coordinates":[[[[-71.649582,48.469653],[-71.649708,48.469325],[-71.650031,48.469379],[-71.649897,48.469706],[-71.649582,48.469653]]]]}},{"type":"Feature","properties":{"owner1":"COTE PATRICK","owner2":"MORIN CAROLINE","matricule":"1970-77-5940","street":"PARC","civicLow":"270","civicHigh":"0","valueLand":"49700","valueBuilding":"157800","valueTotal":"207500","mailAddr":"270 RUE DU PARC","mailCity":"SAINT-BRUNO, QC.","mun":"Saint-Bruno"},"geometry":{"type":"MultiPolygon","coordinates":[[[[-71.650382,48.469569],[-71.650292,48.469778],[-71.649897,48.469706],[-71.650049,48.469325],[-71.650454,48.469396],[-71.650382,48.469569]]]]}},{"type":"Feature","properties":{"owner1":"THERIAULT PASCAL","owner2":"DUFOUR ANDREE-ANNE","matricule":"1970-57-4662","street":"NAPOLEON","civicLow":"141","civicHigh":"143","valueLand":"23700","valueBuilding":"102500","valueTotal":"126200","mailAddr":"141 RUE NAPOLEON","mailCity":"SAINT-BRUNO, QC.","mun":"Saint-Bruno"},"geometry":{"type":"MultiPolygon","coordinates":[[[[-71.653005,48.469569],[-71.653202,48.469605],[-71.653095,48.469873],[-71.652897,48.469837],[-71.653005,48.469569]]]]}},{"type":"Feature","properties":{"owner1":"ROUSSEAU RAYMOND","owner2":null,"matricule":"1875-91-5929","street":"Adresse non codifiée","civicLow":"0","civicHigh":"0","valueLand":"800","valueBuilding":"1900","valueTotal":"2700","mailAddr":"234 RUE LAFONTAINE","mailCity":"ALMA, QC.","mun":"Saint-Bruno"},"geometry":{"type":"MultiPolygon","coordinates":[[[[-71.662168,48.508697],[-71.66197,48.509185],[-71.661602,48.509119],[-71.661808,48.508631],[-71.662168,48.508697]]]]}},{"type":"Feature","properties":{"owner1":"TREMBLAY RAPHAEL","owner2":"GOBEIL LAURIE","matricule":"1971-82-1023","street":"CEDRES","civicLow":"200","civicHigh":"0","valueLand":"33300","valueBuilding":"159100","valueTotal":"192400","mailAddr":"200 RUE DES CEDRES","mailCity":"SAINT-BRUNO, QC","mun":"Saint-Bruno"},"geometry":{"type":"MultiPolygon","coordinates":[[[[-71.64978,48.473798],[-71.649672,48.47406],[-71.649393,48.474012],[-71.649501,48.473744],[-71.64978,48.473798]]]]}},{"type":"Feature","properties":{"owner1":"TREMBLAY SYLVAIN","owner2":null,"matricule":"1970-74-2064","street":"LECLERC","civicLow":"268","civicHigh":"0","valueLand":"31000","valueBuilding":"104900","valueTotal":"135900","mailAddr":"268 RUE LECLERC","mailCity":"SAINT-BRUNO, QC.","mun":"Saint-Bruno"},"geometry":{"type":"MultiPolygon","coordinates":[[[[-71.650642,48.467217],[-71.650409,48.467032],[-71.650579,48.466919],[-71.650921,48.467074],[-71.650642,48.467217]]]]}},{"type":"Feature","properties":{"owner1":"TREMBLAY MARCEL","owner2":null,"matricule":"1970-35-1362","street":"MOISSONS","civicLow":"0","civicHigh":"0","valueLand":"100","valueBuilding":"0","valueTotal":"100","mailAddr":"374 AVENUE SAINT-ALPHONSE","mailCity":"SAINT-BRUNO, QC.","mun":"Saint-Bruno"},"geometry":{"type":"MultiPolygon","coordinates":[[[[-71.656095,48.467884],[-71.656095,48.467866],[-71.656239,48.467896],[-71.656095,48.467884]]]]}},{"type":"Feature","properties":{"owner1":"BOUCHARD OMER","owner2":"FORTIN JACYNTHE","matricule":"1771-74-6069","street":"Adresse non codifiée","civicLow":"0","civicHigh":"0","valueLand":"401900","valueBuilding":"14100","valueTotal":"416000","mailAddr":"1150 RANG 6 NORD","mailCity":"SAINT-BRUNO, QC.","mun":"Saint-Bruno"},"geometry":{"type":"MultiPolygon","coordinates":[[[[-71.677439,48.468086],[-71.678229,48.466591],[-71.678571,48.466663],[-71.678679,48.466788],[-71.67849,48.46724],[-71.679406,48.467407],[-71.679595,48.466954],[-71.680727,48.467139],[-71.681481,48.467389],[-71.682568,48.467526],[-71.680143,48.472571],[-71.682083,48.473965],[-71.68158,48.475197],[-71.682371,48.478473],[-71.682865,48.479455],[-71.682469,48.479759],[-71.680287,48.480205],[-71.67928,48.480765],[-71.678777,48.481992],[-71.671905,48.480759],[-71.674888,48.473822],[-71.675894,48.471636],[-71.67619,48.47135],[-71.676163,48.471005],[-71.677439,48.468086]]]]}},{"type":"Feature","properties":{"owner1":"FERME MAGI S.E.N.C.","owner2":null,"matricule":"1771-20-6088","street":"QUATRIEME RANG OUEST","civicLow":"600","civicHigh":"610","valueLand":"210200","valueBuilding":"480000","valueTotal":"690200","mailAddr":"750 RUE LA BARRE","mailCity":"HEBERTVILLE,QC","mun":"Saint-Bruno"},"geometry":{"type":"MultiPolygon","coordinates":[[[[-71.680188,48.472446],[-71.682568,48.467526],[-71.682784,48.467568],[-71.682685,48.467812],[-71.68414,48.46808],[-71.684176,48.468003],[-71.684509,48.468062],[-71.684616,48.467812],[-71.68715,48.468277],[-71.687015,48.468598],[-71.687958,48.468789],[-71.682263,48.482617],[-71.678777,48.481992],[-71.67928,48.480765],[-71.680287,48.480205],[-71.682469,48.479759],[-71.682865,48.479455],[-71.682371,48.478473],[-71.68158,48.475197],[-71.682083,48.473965],[-71.680224,48.472702],[-71.680188,48.472446]]]]}},{"type":"Feature","properties":{"owner1":"LA FERME ANDRE ET GRATIEN GAGNE LTEE","owner2":null,"matricule":"1770-35-8921","street":"Adresse non codifiée","civicLow":"0","civicHigh":"0","valueLand":"1600","valueBuilding":"0","valueTotal":"1600","mailAddr":"335 RUE SAINT-WILBROD","mailCity":"HEBERTVILLE-STATION, QC.","mun":"Saint-Bruno"},"geometry":{"type":"MultiPolygon","coordinates":[[[[-71.68282,48.467485],[-71.681517,48.46724],[-71.681652,48.466913],[-71.683242,48.467502],[-71.68282,48.467485]]]]}},{"type":"Feature","properties":{"owner1":"RENAUD PASCAL","owner2":null,"matricule":"1971-89-0814","street":"ST-ALPHONSE","civicLow":"997","civicHigh":"0","valueLand":"54800","valueBuilding":"176600","valueTotal":"231400","mailAddr":"997 AVENUE SAINT-ALPHONSE","mailCity":"SAINT-BRUNO, QC.","mun":"Saint-Bruno"},"geometry":{"type":"MultiPolygon","coordinates":[[[[-71.649402,48.480229],[-71.649546,48.47989],[-71.650103,48.479997],[-71.649959,48.480331],[-71.649402,48.480229]]]]}},{"type":"Feature","properties":{"owner1":"LAJOIE GASTON","owner2":"LAVOIE JACINTHE","matricule":"1971-89-1951","street":"ST-ALPHONSE","civicLow":"999","civicHigh":"0","valueLand":"54800","valueBuilding":"161400","valueTotal":"216200","mailAddr":"999 AVENUE ST-ALPHONSE","mailCity":"SAINT-BRUNO, QC.","mun":"Saint-Bruno"},"geometry":{"type":"MultiPolygon","coordinates":[[[[-71.649268,48.480563],[-71.649402,48.480229],[-71.649959,48.480331],[-71.649816,48.480664],[-71.649268,48.480563]]]]}},{"type":"Feature","properties":{"owner1":"RACCA JULIEN","owner2":"JEAN MIREILLE","matricule":"1971-89-3089","street":"ST-ALPHONSE NORD","civicLow":"1000","civicHigh":"0","valueLand":"24900","valueBuilding":"143800","valueTotal":"168700","mailAddr":"1000 ROUTE ST-ALPHONSE NORD","mailCity":"SAINT-BRUNO, QC.","mun":"Saint-Bruno"},"geometry":{"type":"MultiPolygon","coordinates":[[[[-71.649816,48.480664],[-71.649681,48.481009],[-71.649124,48.480908],[-71.649268,48.480563],[-71.649816,48.480664]]]]}},{"type":"Feature","properties":{"owner1":"GAGNON ETIENNE","owner2":"BOIVIN SANDRA","matricule":"1971-51-3187","street":"ST-ALPHONSE","civicLow":"684","civicHigh":"0","valueLand":"39600","valueBuilding":"100400","valueTotal":"140000","mailAddr":"684 AVENUE ST-ALPHONSE","mailCity":"SAINT-BRUNO, QC.","mun":"Saint-Bruno"},"geometry":{"type":"MultiPolygon","coordinates":[[[[-71.653472,48.473631],[-71.652969,48.473542],[-71.653032,48.473399],[-71.653723,48.47353],[-71.653669,48.473667],[-71.653472,48.473631]]]]}},{"type":"Feature","properties":{"owner1":"TREMBLAY DENIS","owner2":"BOUCHARD ESTHER","matricule":"1971-62-6398","street":"ETUDIANTS","civicLow":"770","civicHigh":"0","valueLand":"31300","valueBuilding":"202900","valueTotal":"234200","mailAddr":"770 AVENUE DES ETUDIANTS","mailCity":"SAINT-BRUNO, QC.","mun":"Saint-Bruno"},"geometry":{"type":"MultiPolygon","coordinates":[[[[-71.651334,48.47459],[-71.651406,48.474435],[-71.651891,48.474518],[-71.651738,48.474661],[-71.651334,48.47459]]]]}},{"type":"Feature","properties":{"owner1":"TREMBLAY ERIC","owner2":null,"matricule":"1971-63-6915","street":"ETUDIANTS","civicLow":"780","civicHigh":"0","valueLand":"28600","valueBuilding":"202600","valueTotal":"231200","mailAddr":"780 AVENUE DES ETUDIANTS","mailCity":"SAINT-BRUNO, QC.","mun":"Saint-Bruno"},"geometry":{"type":"MultiPolygon","coordinates":[[[[-71.651271,48.474751],[-71.651334,48.47459],[-71.651738,48.474661],[-71.651675,48.474822],[-71.651271,48.474751]]]]}},{"type":"Feature","properties":{"owner1":"DESMARAIS-GOSSELIN CHARLIE","owner2":null,"matricule":"1970-25-3114","street":"PRES","civicLow":"333","civicHigh":"0","valueLand":"32400","valueBuilding":"171300","valueTotal":"203700","mailAddr":"333 RUE DES PRES","mailCity":"SAINT-BRUNO, QC.","mun":"Saint-Bruno"},"geometry":{"type":"MultiPolygon","coordinates":[[[[-71.657451,48.46733],[-71.657335,48.467616],[-71.657092,48.467568],[-71.657209,48.467282],[-71.657451,48.46733]]]]}},{"type":"Feature","properties":{"owner1":"LACROIX PIERRE","owner2":null,"matricule":"2770-58-9365","street":"Adresse non codifiée","civicLow":"0","civicHigh":"0","valueLand":"28900","valueBuilding":"16800","valueTotal":"45700","mailAddr":"610 PLATEAU-BEAUMONT","mailCity":"SAINT-BRUNO, QC.","mun":"Saint-Bruno"},"geometry":{"type":"MultiPolygon","coordinates":[[[[-71.539539,48.472059],[-71.540401,48.469772],[-71.551163,48.471695],[-71.54801,48.472243],[-71.545836,48.473184],[-71.539539,48.472059]]]]}},{"type":"Feature","properties":{"owner1":"BRASSARD GABRIELLE","owner2":null,"matricule":"2771-70-9356","street":"Adresse non codifiée","civicLow":"0","civicHigh":"0","valueLand":"10500","valueBuilding":"0","valueTotal":"10500","mailAddr":"775 RUE DES MELEZES APP #423","mailCity":"ALMA, QC","mun":"Saint-Bruno"},"geometry":{"type":"MultiPolygon","coordinates":[[[[-71.538802,48.47437],[-71.539539,48.472059],[-71.545836,48.473184],[-71.541721,48.474417],[-71.541542,48.474858],[-71.538802,48.47437]]]]}},{"type":"Feature","properties":{"owner1":"LEMELIN MARIO","owner2":"ROY DENIS-W.","matricule":"2771-39-1606","street":"Adresse non codifiée","civicLow":"0","civicHigh":"0","valueLand":"121500","valueBuilding":"0","valueTotal":"121500","mailAddr":"423 CHEMIN CHAMPIGNY","mailCity":"LAROUCHE, QC.","mun":"Saint-Bruno"},"geometry":{"type":"MultiPolygon","coordinates":[[[[-71.554451,48.477436],[-71.554271,48.477204],[-71.554118,48.477276],[-71.553983,48.477085],[-71.555205,48.477299],[-71.554918,48.477466],[-71.554451,48.477436]]],[[[-71.554109,48.487136],[-71.535622,48.483516],[-71.538802,48.47437],[-71.553705,48.477032],[-71.553894,48.477389],[-71.554343,48.477615],[-71.555025,48.477657],[-71.555484,48.477347],[-71.557262,48.477669],[-71.557891,48.477883],[-71.558116,48.477818],[-71.560811,48.4783],[-71.557774,48.485618],[-71.556777,48.48766],[-71.554109,48.487136]]],[[[-71.555654,48.485177],[-71.551244,48.484272],[-71.550839,48.485338],[-71.554522,48.485612],[-71.555654,48.485177]]],[[[-71.555241,48.483445],[-71.555376,48.483296],[-71.555744,48.483403],[-71.556723,48.482968],[-71.55702,48.482778],[-71.557029,48.482456],[-71.557433,48.482516],[-71.557487,48.482385],[-71.55702,48.482081],[-71.556732,48.4817],[-71.556103,48.48142],[-71.554334,48.481533],[-71.554217,48.482677],[-71.553471,48.482962],[-71.553489,48.483314],[-71.554639,48.483987],[-71.555061,48.483915],[-71.55534,48.483629],[-71.555241,48.483445]]]]}},{"type":"Feature","properties":{"owner1":"DUPERRE MAXIME","owner2":null,"matricule":"1971-72-9775","street":"CEDRES","civicLow":"195","civicHigh":"0","valueLand":"41100","valueBuilding":"254100","valueTotal":"295200","mailAddr":"195 RUE DES CEDRES","mailCity":"SAINT-BRUNO, QC.","mun":"Saint-Bruno"},"geometry":{"type":"MultiPolygon","coordinates":[[[[-71.650013,48.474262],[-71.649906,48.47453],[-71.64951,48.474459],[-71.649618,48.474191],[-71.650013,48.474262]]]]}},{"type":"Feature","properties":{"owner1":"BARBEAU AUDREY","owner2":null,"matricule":"1971-82-2267","street":"CEDRES","civicLow":"205","civicHigh":"0","valueLand":"33300","valueBuilding":"217200","valueTotal":"250500","mailAddr":"205 RUE DES CEDRES","mailCity":"SAINT-BRUNO, QC.","mun":"Saint-Bruno"},"geometry":{"type":"MultiPolygon","coordinates":[[[[-71.649618,48.474191],[-71.64951,48.474459],[-71.649232,48.474411],[-71.64934,48.474143],[-71.649618,48.474191]]]]}},{"type":"Feature","properties":{"owner1":"COTE FRANCE","owner2":null,"matricule":"1971-82-4362","street":"CEDRES","civicLow":"215","civicHigh":"0","valueLand":"33300","valueBuilding":"140600","valueTotal":"173900","mailAddr":"215 RUE DES CEDRES","mailCity":"SAINT-BRUNO, QC.","mun":"Saint-Bruno"},"geometry":{"type":"MultiPolygon","coordinates":[[[[-71.64934,48.474143],[-71.649232,48.474411],[-71.648953,48.474358],[-71.649061,48.474096],[-71.64934,48.474143]]]]}},{"type":"Feature","properties":{"owner1":"COTE PIERRE-LUC","owner2":null,"matricule":"1971-82-6356","street":"CEDRES","civicLow":"225","civicHigh":"0","valueLand":"32600","valueBuilding":"226000","valueTotal":"258600","mailAddr":"225 RUE DES CEDRES","mailCity":"SAINT-BRUNO, QC.","mun":"Saint-Bruno"},"geometry":{"type":"MultiPolygon","coordinates":[[[[-71.649061,48.474096],[-71.648953,48.474358],[-71.648675,48.47431],[-71.648783,48.474048],[-71.649061,48.474096]]]]}},{"type":"Feature","properties":{"owner1":"FABRIQUE DE SAINT-BRUNO","owner2":null,"matricule":"1970-19-2796","street":"ST-ALPHONSE","civicLow":"0","civicHigh":"0","valueLand":"10000","valueBuilding":"0","valueTotal":"10000","mailAddr":"542 AVENUE ST-ALPHONSE","mailCity":"SAINT-BRUNO, QC.","mun":"Saint-Bruno"},"geometry":{"type":"MultiPolygon","coordinates":[[[[-71.657083,48.471719],[-71.65729,48.471225],[-71.660461,48.471803],[-71.660254,48.472303],[-71.657083,48.471719]]]]}},{"type":"Feature","properties":{"owner1":"GAGNE JEAN-FRANCOIS","owner2":"MUNGER AUDREY","matricule":"1971-30-9448","street":"L'EGLISE","civicLow":"121","civicHigh":"0","valueLand":"41700","valueBuilding":"189100","valueTotal":"230800","mailAddr":"121 RUE DE L'EGLISE","mailCity":"SAINT-BRUNO, QC.","mun":"Saint-Bruno"},"geometry":{"type":"MultiPolygon","coordinates":[[[[-71.655385,48.472094],[-71.655197,48.472529],[-71.654963,48.472422],[-71.655125,48.472041],[-71.655385,48.472094]]]]}},{"type":"Feature","properties":{"owner1":"9280-7775 QUEBEC INC","owner2":null,"matricule":"2070-75-7786","street":"MELANCON","civicLow":"0","civicHigh":"0","valueLand":"86100","valueBuilding":"0","valueTotal":"86100","mailAddr":"775 RUE MELANCON","mailCity":"SAINT-BRUNO, QC.","mun":"Saint-Bruno"},"geometry":{"type":"MultiPolygon","coordinates":[[[[-71.636646,48.468098],[-71.636655,48.468509],[-71.636098,48.468509],[-71.636089,48.468098],[-71.636646,48.468098]]]]}},{"type":"Feature","properties":{"owner1":"ENTREPRISES JAMCO INC","owner2":null,"matricule":"1970-21-9976","street":"ST-ALPHONSE","civicLow":"193","civicHigh":"0","valueLand":"56300","valueBuilding":"116500","valueTotal":"172800","mailAddr":"193 AVENUE SAINT-ALPHONSE","mailCity":"SAINT-BRUNO, QC.","mun":"Saint-Bruno"},"geometry":{"type":"MultiPolygon","coordinates":[[[[-71.656616,48.464262],[-71.656445,48.464661],[-71.655951,48.464566],[-71.656113,48.464173],[-71.656616,48.464262]]]]}},{"type":"Feature","properties":{"owner1":"FERME MUNSERAY INC.","owner2":null,"matricule":"2369-39-6356","street":"SEPTIEME RANG NORD","civicLow":"620","civicHigh":"0","valueLand":"400300","valueBuilding":"314100","valueTotal":"714400","mailAddr":"630 SEPTIEME RANG NORD","mailCity":"SAINT-BRUNO, QC.","mun":"Saint-Bruno"},"geometry":{"type":"MultiPolygon","coordinates":[[[[-71.593509,48.460521],[-71.595692,48.460658],[-71.596384,48.460926],[-71.598791,48.461272],[-71.607128,48.462904],[-71.607469,48.463112],[-71.60826,48.463273],[-71.611,48.463613],[-71.61082,48.464048],[-71.61161,48.464191],[-71.611494,48.464465],[-71.611808,48.464518],[-71.611287,48.465894],[-71.590105,48.46213],[-71.590599,48.460897],[-71.591767,48.46064],[-71.593509,48.460521]]],[[[-71.63273,48.469694],[-71.61153,48.465936],[-71.612365,48.463958],[-71.612616,48.463863],[-71.627969,48.466633],[-71.631346,48.467282],[-71.633233,48.467776],[-71.633386,48.467943],[-71.633224,48.468444],[-71.632829,48.468378],[-71.632613,48.468908],[-71.633017,48.468974],[-71.63273,48.469694]]]]}},{"type":"Feature","properties":{"owner1":"GAGNON GHISLAIN","owner2":null,"matricule":"1970-22-5918","street":"ST-ALPHONSE","civicLow":"222","civicHigh":"0","valueLand":"56300","valueBuilding":"121300","valueTotal":"177600","mailAddr":"222 AVENUE ST-ALPHONSE","mailCity":"SAINT-BRUNO, QC.","mun":"Saint-Bruno"},"geometry":{"type":"MultiPolygon","coordinates":[[[[-71.65658,48.464745],[-71.65667,48.464548],[-71.657164,48.464637],[-71.657002,48.465036],[-71.656499,48.464947],[-71.65658,48.464745]]]]}},{"type":"Feature","properties":{"owner1":"PONDOIR B.J. INC.","owner2":null,"matricule":"1971-44-0046","street":"LAROUCHE","civicLow":"0","civicHigh":"0","valueLand":"2000","valueBuilding":"0","valueTotal":"2000","mailAddr":"1861 ROUTE ST-ALPHONSE NORD","mailCity":"SAINT-BRUNO, QC.","mun":"Saint-Bruno"},"geometry":{"type":"MultiPolygon","coordinates":[[[[-71.656167,48.476192],[-71.656077,48.476412],[-71.655879,48.476376],[-71.655933,48.476091],[-71.65402,48.475745],[-71.654074,48.475614],[-71.655035,48.475781],[-71.655197,48.475531],[-71.655394,48.475567],[-71.655322,48.475829],[-71.656302,48.476013],[-71.656167,48.476192]]]]}},{"type":"Feature","properties":{"owner1":"LACHANCE SERGE","owner2":"VILLENEUVE DOLORES","matricule":"2568-06-9454","street":"Adresse non codifiée","civicLow":"0","civicHigh":"0","valueLand":"293700","valueBuilding":"17200","valueTotal":"310900","mailAddr":"224 RUE PELLETIER","mailCity":"HEBERTVILLE, QC.","mun":"Saint-Bruno"},"geometry":{"type":"MultiPolygon","coordinates":[[[[-71.547857,48.449136],[-71.5496,48.444703],[-71.552429,48.445209],[-71.550965,48.447009],[-71.55136,48.447319],[-71.552016,48.447593],[-71.557586,48.448588],[-71.557855,48.448052],[-71.561484,48.447789],[-71.562571,48.447408],[-71.563685,48.447968],[-71.564646,48.447783],[-71.566245,48.448195],[-71.566793,48.447778],[-71.57265,48.44882],[-71.571096,48.452598],[-71.558565,48.451257],[-71.555645,48.450751],[-71.547857,48.449136]]],[[[-71.570773,48.453372],[-71.563901,48.452145],[-71.570989,48.452866],[-71.570773,48.453372]]],[[[-71.579765,48.45336],[-71.578058,48.453289],[-71.571501,48.452639],[-71.572561,48.450054],[-71.572102,48.450542],[-71.572776,48.448916],[-71.584634,48.45087],[-71.584553,48.451299],[-71.585514,48.452133],[-71.585586,48.452669],[-71.588299,48.452532],[-71.591632,48.452592],[-71.591794,48.452151],[-71.591928,48.452175],[-71.591964,48.452079],[-71.591829,48.452056],[-71.591919,48.451799],[-71.59306,48.451984],[-71.59297,48.452246],[-71.59359,48.452348],[-71.593554,48.452455],[-71.592557,48.452282],[-71.592458,48.452699],[-71.586934,48.452657],[-71.581328,48.453277],[-71.579765,48.45336]]],[[[-71.581795,48.455255],[-71.57115,48.453485],[-71.571393,48.452902],[-71.577959,48.453557],[-71.579549,48.453634],[-71.581337,48.453551],[-71.586907,48.452931],[-71.592063,48.452961],[-71.591982,48.453158],[-71.592584,48.453241],[-71.592324,48.453908],[-71.592943,48.453926],[-71.592737,48.454665],[-71.592288,48.454617],[-71.592189,48.45488],[-71.59191,48.454844],[-71.591722,48.455285],[-71.591255,48.455636],[-71.591156,48.455851],[-71.592225,48.456029],[-71.592063,48.456935],[-71.581795,48.455255]]]]}},{"type":"Feature","properties":{"owner1":"DISTRIBUTION STYVE LAROUCHE INC","owner2":null,"matricule":"2070-23-6012","street":"ENTREPRENEURS","civicLow":"100","civicHigh":"0","valueLand":"18300","valueBuilding":"71200","valueTotal":"89500","mailAddr":"7 CHEMIN DOMAINE-GRANDMONT","mailCity":"SAINT-GEDEON, QC.","mun":"Saint-Bruno"},"geometry":{"type":"MultiPolygon","coordinates":[[[[-71.643186,48.466103],[-71.642683,48.466013],[-71.642962,48.465346],[-71.643941,48.465525],[-71.643662,48.466192],[-71.643186,48.466103]]]]}},{"type":"Feature","properties":{"owner1":"LAROUCHE GERVAIS","owner2":"DESGAGNE MANON","matricule":"1971-91-4753","street":"FORTIN","civicLow":"275","civicHigh":"0","valueLand":"33200","valueBuilding":"134000","valueTotal":"167200","mailAddr":"275 RUE FORTIN","mailCity":"SAINT-BRUNO, QC.","mun":"Saint-Bruno"},"geometry":{"type":"MultiPolygon","coordinates":[[[[-71.647902,48.473178],[-71.647803,48.473446],[-71.647525,48.473393],[-71.647624,48.473131],[-71.647902,48.473178]]]]}},{"type":"Feature","properties":{"owner1":"LAPOINTE SABIN","owner2":"BOUCHARD CHRISTINE","matricule":"1971-91-2491","street":"CEDRES","civicLow":"250","civicHigh":"0","valueLand":"31300","valueBuilding":"180700","valueTotal":"212000","mailAddr":"250 RUE DES CEDRES","mailCity":"SAINT-BRUNO, QC.","mun":"Saint-Bruno"},"geometry":{"type":"MultiPolygon","coordinates":[[[[-71.648217,48.473518],[-71.648118,48.473786],[-71.647848,48.473738],[-71.647956,48.47347],[-71.648217,48.473518]]]]}},{"type":"Feature","properties":{"owner1":"BOILY ALEX","owner2":"TREMBLAY SARAH","matricule":"1970-22-6063","street":"ST-ALPHONSE","civicLow":"264","civicHigh":"266","valueLand":"60800","valueBuilding":"151300","valueTotal":"212100","mailAddr":"266 AVENUE ST-ALPHONSE","mailCity":"SAINT-BRUNO, QC.","mun":"Saint-Bruno"},"geometry":{"type":"MultiPolygon","coordinates":[[[[-71.656499,48.464959],[-71.657299,48.46509],[-71.657155,48.465447],[-71.656355,48.465305],[-71.656499,48.464959]]]]}},{"type":"Feature","properties":{"owner1":"USINE DE CONGELATION ST-BRUNO","owner2":null,"matricule":"2070-54-8720","street":"MELANCON","civicLow":"698","civicHigh":"0","valueLand":"248900","valueBuilding":"3653900","valueTotal":"3902800","mailAddr":"698 RUE MELANCON","mailCity":"SAINT-BRUNO, QC.","mun":"Saint-Bruno"},"geometry":{"type":"MultiPolygon","coordinates":[[[[-71.63741,48.466871],[-71.636395,48.465584],[-71.640446,48.466317],[-71.640653,48.46668],[-71.640707,48.467211],[-71.637868,48.467645],[-71.63741,48.466871]]]]}},{"type":"Feature","properties":{"owner1":"ALMA SOUDURE FABRICATION INC","owner2":null,"matricule":"2070-61-8481","street":"DALLAIRE","civicLow":"700","civicHigh":"0","valueLand":"79200","valueBuilding":"938500","valueTotal":"1017700","mailAddr":"600 RUE DES PINS OUEST","mailCity":"ALMA, QC.","mun":"Saint-Bruno"},"geometry":{"type":"MultiPolygon","coordinates":[[[[-71.63829,48.465787],[-71.638236,48.465918],[-71.637635,48.465811],[-71.637509,48.465644],[-71.63626,48.465418],[-71.635209,48.464083],[-71.635452,48.4635],[-71.635757,48.463649],[-71.635883,48.463345],[-71.639512,48.464],[-71.639692,48.464214],[-71.639907,48.465334],[-71.638578,48.46509],[-71.63829,48.465787]]]]}},{"type":"Feature","properties":{"owner1":"JEAN VALERIE","owner2":null,"matricule":"1971-76-1718","street":"ST-ALPHONSE","civicLow":"893","civicHigh":"0","valueLand":"39000","valueBuilding":"260100","valueTotal":"299100","mailAddr":"893 AVENUE ST-ALPHONSE","mailCity":"SAINT-BRUNO, QC.","mun":"Saint-Bruno"},"geometry":{"type":"MultiPolygon","coordinates":[[[[-71.650678,48.47752],[-71.650777,48.477282],[-71.651172,48.477353],[-71.651073,48.477591],[-71.650678,48.47752]]]]}},{"type":"Feature","properties":{"owner1":"LAFOREST PAUL","owner2":null,"matricule":"1971-51-6911","street":"ST-ALPHONSE","civicLow":"647","civicHigh":"0","valueLand":"45800","valueBuilding":"120500","valueTotal":"166300","mailAddr":"647 AVENUE ST-ALPHONSE","mailCity":"SAINT-BRUNO, QC.","mun":"Saint-Bruno"},"geometry":{"type":"MultiPolygon","coordinates":[[[[-71.652609,48.472964],[-71.652502,48.472922],[-71.652592,48.47269],[-71.653113,48.472773],[-71.653014,48.473035],[-71.652609,48.472964]]]]}},{"type":"Feature","properties":{"owner1":"9325-6998 QUEBEC INC","owner2":null,"matricule":"2070-25-4226","street":"MELANCON","civicLow":"559","civicHigh":"0","valueLand":"82100","valueBuilding":"204800","valueTotal":"286900","mailAddr":"14 RUE BOIES","mailCity":"HEBERTVILLE-STATION, QC","mun":"Saint-Bruno"},"geometry":{"type":"MultiPolygon","coordinates":[[[[-71.643159,48.467413],[-71.644022,48.467365],[-71.644031,48.467913],[-71.643168,48.468098],[-71.643159,48.467413]]]]}},{"type":"Feature","properties":{"owner1":"9200-1270 QUEBEC INC","owner2":null,"matricule":"2070-35-4478","street":"MELANCON","civicLow":"575","civicHigh":"0","valueLand":"125100","valueBuilding":"258000","valueTotal":"383100","mailAddr":"575 RUE MELANCON","mailCity":"SAINT-BRUNO, QC.","mun":"Saint-Bruno"},"geometry":{"type":"MultiPolygon","coordinates":[[[[-71.643168,48.46833],[-71.642387,48.469021],[-71.641614,48.468884],[-71.641291,48.468229],[-71.640806,48.467842],[-71.643159,48.467413],[-71.643168,48.46833]]]]}},{"type":"Feature","properties":{"owner1":"GUAY PIERRE-LUC","owner2":"LAVOIE VALERIE","matricule":"2070-16-7829","street":"PIONNIERS","civicLow":"521","civicHigh":"0","valueLand":"37200","valueBuilding":"209600","valueTotal":"246800","mailAddr":"521 RUE DES PIONNIERS","mailCity":"SAINT-BRUNO, QC.","mun":"Saint-Bruno"},"geometry":{"type":"MultiPolygon","coordinates":[[[[-71.644291,48.468467],[-71.644552,48.46842],[-71.644686,48.468747],[-71.644426,48.468795],[-71.644291,48.468467]]]]}},{"type":"Feature","properties":{"owner1":"SIMARD JEAN-FRANCOIS","owner2":"COTE CLAVEAU LUBKA","matricule":"2070-27-0593","street":"BEAUMONT","civicLow":"553","civicHigh":"0","valueLand":"21800","valueBuilding":"131600","valueTotal":"153400","mailAddr":"553 PLATEAU BEAUMONT","mailCity":"SAINT-BRUNO, QC.","mun":"Saint-Bruno"},"geometry":{"type":"MultiPolygon","coordinates":[[[[-71.643932,48.470111],[-71.643977,48.469986],[-71.644381,48.470064],[-71.644327,48.470183],[-71.643932,48.470111]]]]}},{"type":"Feature","properties":{"owner1":"GIRARD REJEAN","owner2":null,"matricule":"2070-27-0077","street":"BEAUMONT","civicLow":"543","civicHigh":"0","valueLand":"30700","valueBuilding":"156800","valueTotal":"187500","mailAddr":"543 PLATEAU BEAUMONT","mailCity":"SAINT-BRUNO, QC.","mun":"Saint-Bruno"},"geometry":{"type":"MultiPolygon","coordinates":[[[[-71.643977,48.469986],[-71.644049,48.469813],[-71.644426,48.469915],[-71.644381,48.470064],[-71.643977,48.469986]]]]}},{"type":"Feature","properties":{"owner1":"JEAN EVENS","owner2":"DAIGLE NATALY","matricule":"2070-17-6340","street":"JAUVIN","civicLow":"420","civicHigh":"0","valueLand":"60100","valueBuilding":"228900","valueTotal":"289000","mailAddr":"420 RUE JAUVIN","mailCity":"SAINT-BRUNO, QC.","mun":"Saint-Bruno"},"geometry":{"type":"MultiPolygon","coordinates":[[[[-71.644255,48.469682],[-71.644381,48.469385],[-71.645171,48.469533],[-71.645064,48.469796],[-71.644255,48.469682]]]]}},{"type":"Feature","properties":{"owner1":"COTE DANY","owner2":"LAPOINTE MARIE-CLAUDE","matricule":"1971-68-5030","street":"THIBEAULT","civicLow":"956","civicHigh":"0","valueLand":"23700","valueBuilding":"100800","valueTotal":"124500","mailAddr":"956 AVENUE THIBEAULT","mailCity":"SAINT-BRUNO, QC.","mun":"Saint-Bruno"},"geometry":{"type":"MultiPolygon","coordinates":[[[[-71.651639,48.479372],[-71.651693,48.479241],[-71.652097,48.479312],[-71.652044,48.479443],[-71.651639,48.479372]]]]}},{"type":"Feature","properties":{"owner1":"TURCOTTE KENNY","owner2":"ROY JESSICA","matricule":"2667-20-1973","street":"LAC MARCO","civicLow":"0","civicHigh":"0","valueLand":"46000","valueBuilding":"0","valueTotal":"46000","mailAddr":"3936 RUE SAINT-PIERRE","mailCity":"JONQUIERE, QC","mun":"Saint-Bruno"},"geometry":{"type":"MultiPolygon","coordinates":[[[[-71.562526,48.437337],[-71.56232,48.437885],[-71.561727,48.438034],[-71.561601,48.437945],[-71.561817,48.437361],[-71.561772,48.437045],[-71.56152,48.436836],[-71.562347,48.436956],[-71.562526,48.437337]]]]}},{"type":"Feature","properties":{"owner1":"LACHANCE SERGE","owner2":"VILLENEUVE DOLORES","matricule":"2369-40-7645","street":"Adresse non codifiée","civicLow":"0","civicHigh":"0","valueLand":"162400","valueBuilding":"0","valueTotal":"162400","mailAddr":"1098 HUITIEME RANG NORD","mailCity":"SAINT-BRUNO, QC.","mun":"Saint-Bruno"},"geometry":{"type":"MultiPolygon","coordinates":[[[[-71.59386,48.452741],[-71.5943,48.452002],[-71.593896,48.451936],[-71.593958,48.451787],[-71.594758,48.451924],[-71.594974,48.451394],[-71.594174,48.451257],[-71.594462,48.450524],[-71.606427,48.452753],[-71.601666,48.452955],[-71.59386,48.452741]]],[[[-71.594515,48.455493],[-71.594794,48.454343],[-71.596123,48.454623],[-71.596779,48.454075],[-71.595998,48.453676],[-71.595387,48.453581],[-71.594524,48.453128],[-71.593491,48.453074],[-71.593518,48.453009],[-71.601028,48.453229],[-71.604801,48.453146],[-71.603148,48.45706],[-71.594515,48.455493]]]]}},{"type":"Feature","properties":{"owner1":"THIVIERGE BRUNO","owner2":null,"matricule":"2372-24-5115","street":"SEPTIEME RANG NORD","civicLow":"1125","civicHigh":"0","valueLand":"31600","valueBuilding":"146500","valueTotal":"178100","mailAddr":"1125 SEPTIEME RANG NORD","mailCity":"SAINT-BRUNO, QC.","mun":"Saint-Bruno"},"geometry":{"type":"MultiPolygon","coordinates":[[[[-71.603004,48.48382],[-71.604136,48.484022],[-71.603229,48.486297],[-71.602681,48.486202],[-71.603004,48.48382]]]]}},{"type":"Feature","properties":{"owner1":"THIVIERGE GILLES","owner2":null,"matricule":"2372-02-8952","street":"Adresse non codifiée","civicLow":"0","civicHigh":"0","valueLand":"6400","valueBuilding":"0","valueTotal":"6400","mailAddr":"588 CHEMIN CHAMPIGNY","mailCity":"LAROUCHE, QC","mun":"Saint-Bruno"},"geometry":{"type":"MultiPolygon","coordinates":[[[[-71.607631,48.4836],[-71.607155,48.484695],[-71.604082,48.484141],[-71.604136,48.484022],[-71.603004,48.48382],[-71.603274,48.483445],[-71.604702,48.482159],[-71.605538,48.482296],[-71.605897,48.482885],[-71.60702,48.483415],[-71.607676,48.482826],[-71.607766,48.48248],[-71.607155,48.482385],[-71.606804,48.482099],[-71.606759,48.481897],[-71.606993,48.48173],[-71.607514,48.481676],[-71.606984,48.481099],[-71.605592,48.480861],[-71.605601,48.480771],[-71.60861,48.481307],[-71.607631,48.4836]]]]}},{"type":"Feature","properties":{"owner1":"9168-8473 QUEBEC INC","owner2":null,"matricule":"1970-38-8184","street":"ST-ALPHONSE","civicLow":"540","civicHigh":"0","valueLand":"81000","valueBuilding":"705300","valueTotal":"786300","mailAddr":"540 AVENUE ST-ALPHONSE","mailCity":"SAINT-BRUNO, QC.","mun":"Saint-Bruno"},"geometry":{"type":"MultiPolygon","coordinates":[[[[-71.6549,48.470665],[-71.654208,48.47054],[-71.654262,48.470409],[-71.655825,48.470695],[-71.655673,48.471058],[-71.65481,48.470897],[-71.6549,48.470665]]]]}},{"type":"Feature","properties":{"owner1":"BERGERON BRUNO","owner2":"DUFOUR CLEMENCE","matricule":"1971-50-6591","street":"ST-ALPHONSE","civicLow":"643","civicHigh":"0","valueLand":"23300","valueBuilding":"59000","valueTotal":"82300","mailAddr":"643 AVENUE ST-ALPHONSE","mailCity":"SAINT-BRUNO, QC.","mun":"Saint-Bruno"},"geometry":{"type":"MultiPolygon","coordinates":[[[[-71.653157,48.472672],[-71.653113,48.472773],[-71.652592,48.47269],[-71.652636,48.472589],[-71.653157,48.472672]]]]}},{"type":"Feature","properties":{"owner1":"ROBERGE MICHEL","owner2":null,"matricule":"1970-56-7453","street":"MELANCON","civicLow":"155","civicHigh":"157","valueLand":"32900","valueBuilding":"125100","valueTotal":"158000","mailAddr":"155 RUE MELANCON","mailCity":"SAINT-BRUNO, QC.","mun":"Saint-Bruno"},"geometry":{"type":"MultiPolygon","coordinates":[[[[-71.652466,48.468926],[-71.652636,48.468521],[-71.652834,48.468557],[-71.652672,48.468962],[-71.652466,48.468926]]]]}},{"type":"Feature","properties":{"owner1":"BOUDREAULT REMI","owner2":"GAUTHIER KATHY","matricule":"1971-54-4364","street":"THIBEAULT","civicLow":"806","civicHigh":"0","valueLand":"39500","valueBuilding":"112700","valueTotal":"152200","mailAddr":"806 AVENUE THIBEAULT","mailCity":"SAINT-BRUNO, QC.","mun":"Saint-Bruno"},"geometry":{"type":"MultiPolygon","coordinates":[[[[-71.653068,48.476132],[-71.653086,48.47587],[-71.653481,48.475948],[-71.653382,48.476192],[-71.653068,48.476132]]]]}},{"type":"Feature","properties":{"owner1":"PRONOVOST PIERRE-MARC","owner2":null,"matricule":"1971-55-5401","street":"THIBEAULT","civicLow":"834","civicHigh":"0","valueLand":"28000","valueBuilding":"53600","valueTotal":"81600","mailAddr":"2558 BOULEVARD WALLBERG","mailCity":"DOLBEAU-MISTASSINI, QC.","mun":"Saint-Bruno"},"geometry":{"type":"MultiPolygon","coordinates":[[[[-71.652861,48.476412],[-71.652969,48.476263],[-71.653328,48.476323],[-71.653265,48.476484],[-71.652861,48.476412]]]]}},{"type":"Feature","properties":{"owner1":"BOUCHARD OMER","owner2":"FORTIN JACYNTHE","matricule":"2172-97-4139","street":"SIXIEME RANG NORD","civicLow":"0","civicHigh":"0","valueLand":"410300","valueBuilding":"0","valueTotal":"410300","mailAddr":"1150 SIXIEME RANG NORD","mailCity":"SAINT-BRUNO, QC.","mun":"Saint-Bruno"},"geometry":{"type":"MultiPolygon","coordinates":[[[[-71.616632,48.49109],[-71.615716,48.49072],[-71.61585,48.490554],[-71.61612,48.490572],[-71.616632,48.490244],[-71.616866,48.490274],[-71.617413,48.490661],[-71.618725,48.490881],[-71.61886,48.490774],[-71.618527,48.489613],[-71.618159,48.489369],[-71.618321,48.488922],[-71.617665,48.488732],[-71.616946,48.488726],[-71.616318,48.488589],[-71.616111,48.488321],[-71.616273,48.487541],[-71.616542,48.487363],[-71.617171,48.487345],[-71.617611,48.487113],[-71.617701,48.48694],[-71.617629,48.486571],[-71.616713,48.486255],[-71.616057,48.486208],[-71.616201,48.485356],[-71.61744,48.485642],[-71.617809,48.485535],[-71.618096,48.485136],[-71.617979,48.484784],[-71.617324,48.4846],[-71.616713,48.484683],[-71.61577,48.484493],[-71.61585,48.484314],[-71.615554,48.484153],[-71.615581,48.484004],[-71.616138,48.483546],[-71.616776,48.483671],[-71.617225,48.482831],[-71.626765,48.484522],[-71.626388,48.485398],[-71.625382,48.485243],[-71.625184,48.485707],[-71.62619,48.485856],[-71.62513,48.488369],[-71.624438,48.48819],[-71.624115,48.488988],[-71.623315,48.488845],[-71.622956,48.489714],[-71.624465,48.489982],[-71.623423,48.492524],[-71.617342,48.491453],[-71.616641,48.491238],[-71.616632,48.49109]]],[[[-71.625328,48.489202],[-71.625831,48.487982],[-71.634086,48.489548],[-71.634715,48.49047],[-71.636808,48.492477],[-71.624771,48.490256],[-71.625328,48.489202]]]]}},{"type":"Feature","properties":{"owner1":"9354-1555 QUEBEC INC","owner2":null,"matricule":"2172-79-3029","street":"SIXIEME RANG NORD","civicLow":"1710","civicHigh":"0","valueLand":"35800","valueBuilding":"54200","valueTotal":"90000","mailAddr":"875 SIXIEME RANG NORD","mailCity":"SAINT-BRUNO, QC.","mun":"Saint-Bruno"},"geometry":{"type":"MultiPolygon","coordinates":[[[[-71.622956,48.489714],[-71.623315,48.488845],[-71.624825,48.489113],[-71.624465,48.489982],[-71.622956,48.489714]]]]}},{"type":"Feature","properties":{"owner1":"MALTAIS SERGE","owner2":"GAGNE MAUDE","matricule":"1974-65-6146","street":"ST-ALPHONSE NORD","civicLow":"1960","civicHigh":"0","valueLand":"47900","valueBuilding":"192400","valueTotal":"240300","mailAddr":"1960 ROUTE ST-ALPHONSE NORD","mailCity":"SAINT-BRUNO, QC.","mun":"Saint-Bruno"},"geometry":{"type":"MultiPolygon","coordinates":[[[[-71.652017,48.503894],[-71.65181,48.5039],[-71.651774,48.503584],[-71.6526,48.503549],[-71.652636,48.503936],[-71.652017,48.503959],[-71.652017,48.503894]]]]}},{"type":"Feature","properties":{"owner1":"MUNICIPALITE DE SAINT-BRUNO","owner2":null,"matricule":"1970-37-2370","street":"POTVIN","civicLow":"501","civicHigh":"0","valueLand":"36400","valueBuilding":"0","valueTotal":"36400","mailAddr":"563 RUE SAINT-ALPHONSE","mailCity":"SAINT-BRUNO, QC.","mun":"Saint-Bruno"},"geometry":{"type":"MultiPolygon","coordinates":[[[[-71.655825,48.469629],[-71.656382,48.469742],[-71.65632,48.469891],[-71.655763,48.469778],[-71.655825,48.469629]]]]}},{"type":"Feature","properties":{"owner1":"BRASSARD GISELE","owner2":null,"matricule":"1975-01-4331","street":"SIXIEME RANG OUEST","civicLow":"405","civicHigh":"0","valueLand":"16300","valueBuilding":"76600","valueTotal":"92900","mailAddr":"405 SIXIEME RANG OUEST","mailCity":"SAINT-BRUNO, QC.","mun":"Saint-Bruno"},"geometry":{"type":"MultiPolygon","coordinates":[[[[-71.660865,48.508983],[-71.660775,48.509238],[-71.660533,48.509197],[-71.660712,48.508685],[-71.660973,48.508733],[-71.660865,48.508983]]]]}},{"type":"Feature","properties":{"owner1":"GIRTOUT INC.","owner2":"GIRTOUT 2003 INC.","matricule":"1975-01-6514","street":"169","civicLow":"985","civicHigh":"0","valueLand":"51100","valueBuilding":"106500","valueTotal":"157600","mailAddr":"985 ROUTE 169","mailCity":"SAINT-BRUNO, QC.","mun":"Saint-Bruno"},"geometry":{"type":"MultiPolygon","coordinates":[[[[-71.660775,48.509238],[-71.660973,48.508733],[-71.660712,48.508685],[-71.660533,48.509197],[-71.660012,48.509096],[-71.659868,48.508923],[-71.660003,48.50856],[-71.660622,48.508661],[-71.660757,48.508316],[-71.661332,48.508423],[-71.661027,48.509286],[-71.660775,48.509238]]]]}},{"type":"Feature","properties":{"owner1":"NUTRINOR COOPERATIVE","owner2":null,"matricule":"2070-92-2551","street":"SIXIEME RANG SUD","civicLow":"546","civicHigh":"548","valueLand":"18000","valueBuilding":"115600","valueTotal":"133600","mailAddr":"425 RUE MELANCON","mailCity":"SAINT-BRUNO","mun":"Saint-Bruno"},"geometry":{"type":"MultiPolygon","coordinates":[[[[-71.634176,48.46512],[-71.634571,48.465185],[-71.634481,48.465418],[-71.633996,48.465596],[-71.634176,48.46512]]]]}},{"type":"Feature","properties":{"owner1":"BOUCHARD REAL","owner2":null,"matricule":"2269-35-9654","street":"SEPTIEME RANG SUD","civicLow":"429","civicHigh":"0","valueLand":"11600","valueBuilding":"243400","valueTotal":"255000","mailAddr":"429 SEPTIEME RANG SUD","mailCity":"SAINT-BRUNO, QC.","mun":"Saint-Bruno"},"geometry":{"type":"MultiPolygon","coordinates":[[[[-71.614215,48.459044],[-71.614485,48.459092],[-71.614341,48.459425],[-71.614081,48.459377],[-71.614215,48.459044]]]]}},{"type":"Feature","properties":{"owner1":"BOILY EDITH","owner2":"GAUTHIER STEPHANE","matricule":"1875-52-7868","street":"Adresse non codifiée","civicLow":"0","civicHigh":"0","valueLand":"15500","valueBuilding":"29600","valueTotal":"45100","mailAddr":"541 6E RANG OUEST","mailCity":"SAINT-BRUNO, QC.","mun":"Saint-Bruno"},"geometry":{"type":"MultiPolygon","coordinates":[[[[-71.666857,48.510381],[-71.66709,48.509798],[-71.667297,48.50984],[-71.667054,48.510423],[-71.666857,48.510381]]]]}},{"type":"Feature","properties":{"owner1":"9339-3650 QUEBEC INC","owner2":null,"matricule":"1875-52-4574","street":"SIXIEME RANG OUEST","civicLow":"561","civicHigh":"0","valueLand":"40500","valueBuilding":"34800","valueTotal":"75300","mailAddr":"541 SIXIEME RANG OUEST","mailCity":"SAINT-BRUNO, QC.","mun":"Saint-Bruno"},"geometry":{"type":"MultiPolygon","coordinates":[[[[-71.667297,48.50984],[-71.667324,48.509774],[-71.667989,48.509905],[-71.66771,48.510542],[-71.667054,48.510423],[-71.667297,48.50984]]]]}},{"type":"Feature","properties":{"owner1":"TREMBLAY PIERRE","owner2":null,"matricule":"1875-53-1305","street":"SIXIEME RANG OUEST","civicLow":"601","civicHigh":"0","valueLand":"22500","valueBuilding":"197100","valueTotal":"219600","mailAddr":"601 SIXIEME RANG OUEST","mailCity":"SAINT-BRUNO, QC.","mun":"Saint-Bruno"},"geometry":{"type":"MultiPolygon","coordinates":[[[[-71.66771,48.510542],[-71.667989,48.509905],[-71.668123,48.509929],[-71.66798,48.51031],[-71.668267,48.510369],[-71.668159,48.510631],[-71.66771,48.510542]]]]}},{"type":"Feature","properties":{"owner1":"BOUCHARD FRANCOIS","owner2":"LAJOIE KARINE","matricule":"1970-45-0125","street":"ST-ALPHONSE","civicLow":"377","civicHigh":"0","valueLand":"48100","valueBuilding":"153000","valueTotal":"201100","mailAddr":"354 RUE TURGEON","mailCity":"HEBERTVILLE, QC","mun":"Saint-Bruno"},"geometry":{"type":"MultiPolygon","coordinates":[[[[-71.655286,48.467473],[-71.655179,48.467753],[-71.654658,48.467657],[-71.654774,48.467377],[-71.655286,48.467473]]]]}},{"type":"Feature","properties":{"owner1":"BOUCHARD MARTINE","owner2":null,"matricule":"1971-40-7811","street":"ST-ALPHONSE","civicLow":"574","civicHigh":"576","valueLand":"42100","valueBuilding":"136800","valueTotal":"178900","mailAddr":"574 AVENUE ST-ALPHONSE","mailCity":"SAINT-BRUNO, QC.","mun":"Saint-Bruno"},"geometry":{"type":"MultiPolygon","coordinates":[[[[-71.653669,48.47185],[-71.654424,48.471946],[-71.65437,48.472094],[-71.653625,48.471957],[-71.653669,48.47185]]]]}},{"type":"Feature","properties":{"owner1":"MUNGER HUGO","owner2":"MUNGER JEAN-PIERRE","matricule":"2174-91-8991","street":"SIXIEME RANG NORD","civicLow":"1985","civicHigh":"0","valueLand":"31100","valueBuilding":"144700","valueTotal":"175800","mailAddr":"1985 SIXIEME RANG NORD","mailCity":"SAINT-BRUNO, QC.","mun":"Saint-Bruno"},"geometry":{"type":"MultiPolygon","coordinates":[[[[-71.620369,48.501144],[-71.620611,48.500537],[-71.621025,48.500614],[-71.620782,48.501221],[-71.620369,48.501144]]]]}},{"type":"Feature","properties":{"owner1":"GAGNON SARA","owner2":null,"matricule":"1971-75-8023","street":"LAJOIE","civicLow":"155","civicHigh":"0","valueLand":"23000","valueBuilding":"150000","valueTotal":"173000","mailAddr":"155 RUE LAJOIE","mailCity":"SAINT-BRUNO, QC.","mun":"Saint-Bruno"},"geometry":{"type":"MultiPolygon","coordinates":[[[[-71.650193,48.476472],[-71.650085,48.476752],[-71.649897,48.476722],[-71.650013,48.476442],[-71.650193,48.476472]]]]}},{"type":"Feature","properties":{"owner1":"COTE THERESE","owner2":null,"matricule":"1970-57-9648","street":"NAPOLEON","civicLow":"181","civicHigh":"0","valueLand":"38500","valueBuilding":"98700","valueTotal":"137200","mailAddr":"181 RUE NAPOLEON","mailCity":"SAINT-BRUNO, QC.","mun":"Saint-Bruno"},"geometry":{"type":"MultiPolygon","coordinates":[[[[-71.652609,48.469498],[-71.652502,48.469766],[-71.652151,48.4697],[-71.652259,48.469438],[-71.652609,48.469498]]]]}},{"type":"Feature","properties":{"owner1":"TREMBLAY ERIC","owner2":"DESJARDINS JENNYFER","matricule":"2567-72-7300","street":"LAC MARCO","civicLow":"0","civicHigh":"0","valueLand":"53400","valueBuilding":"0","valueTotal":"53400","mailAddr":"2040 RUE DES ROSIERS","mailCity":"ALMA, QC","mun":"Saint-Bruno"},"geometry":{"type":"MultiPolygon","coordinates":[[[[-71.567871,48.438452],[-71.568213,48.437742],[-71.568833,48.437921],[-71.568213,48.439208],[-71.568096,48.439238],[-71.567557,48.439113],[-71.567871,48.438452]]]]}},{"type":"Feature","properties":{"owner1":"9256-2156 QUEBEC INC","owner2":null,"matricule":"2567-81-1623","street":"LAC MARCO","civicLow":"0","civicHigh":"0","valueLand":"6700","valueBuilding":"0","valueTotal":"6700","mailAddr":"40 CHEMIN DES PATRIOTES","mailCity":"SAINTE-MONIQUE","mun":"Saint-Bruno"},"geometry":{"type":"MultiPolygon","coordinates":[[[[-71.568213,48.437742],[-71.567961,48.438267],[-71.567889,48.438118],[-71.56762,48.438094],[-71.567153,48.43785],[-71.56691,48.43748],[-71.568213,48.437742]]]]}},{"type":"Feature","properties":{"owner1":"LARKIN LUC","owner2":"LAROUCHE MARTINE","matricule":"2070-15-8177","street":"PIONNIERS","civicLow":"530","civicHigh":"0","valueLand":"32000","valueBuilding":"208500","valueTotal":"240500","mailAddr":"530 RUE DES PIONNIERS","mailCity":"SAINT-BRUNO, QC.","mun":"Saint-Bruno"},"geometry":{"type":"MultiPolygon","coordinates":[[[[-71.644255,48.468027],[-71.644498,48.467979],[-71.644623,48.468265],[-71.644372,48.468312],[-71.644255,48.468027]]]]}},{"type":"Feature","properties":{"owner1":"GAGNE NICHOLAS","owner2":"GOBEIL VALERIE","matricule":"2070-15-4167","street":"PIONNIERS","civicLow":"550","civicHigh":"0","valueLand":"38200","valueBuilding":"167100","valueTotal":"205300","mailAddr":"550 RUE DES PIONNIERS","mailCity":"SAINT-BRUNO, QC.","mun":"Saint-Bruno"},"geometry":{"type":"MultiPolygon","coordinates":[[[[-71.644758,48.467931],[-71.645153,48.467907],[-71.645118,48.468205],[-71.644875,48.468217],[-71.644758,48.467931]]]]}},{"type":"Feature","properties":{"owner1":"BERGERON MONIQUE","owner2":null,"matricule":"2271-90-2929","street":"SEPTIEME RANG NORD","civicLow":"850","civicHigh":"0","valueLand":"17900","valueBuilding":"109400","valueTotal":"127300","mailAddr":"856 RUE PERRIER","mailCity":"LEVIS, QC.","mun":"Saint-Bruno"},"geometry":{"type":"MultiPolygon","coordinates":[[[[-71.607864,48.472613],[-71.607766,48.472815],[-71.60684,48.472619],[-71.606984,48.472327],[-71.607667,48.472476],[-71.609041,48.472404],[-71.607802,48.472499],[-71.607864,48.472613]]]]}},{"type":"Feature","properties":{"owner1":"TREMBLAY RICHARD","owner2":null,"matricule":"1971-65-0719","street":"THIBEAULT","civicLow":"843","civicHigh":"0","valueLand":"35600","valueBuilding":"105300","valueTotal":"140900","mailAddr":"843 AVENUE THIBEAULT","mailCity":"SAINT-BRUNO, QC.","mun":"Saint-Bruno"},"geometry":{"type":"MultiPolygon","coordinates":[[[[-71.652627,48.476472],[-71.65252,48.476656],[-71.652142,48.476597],[-71.652232,48.4764],[-71.652627,48.476472]]]]}},{"type":"Feature","properties":{"owner1":"COULOMBE ERIC","owner2":null,"matricule":"1971-83-4940","street":"LAROUCHE","civicLow":"178","civicHigh":"0","valueLand":"13500","valueBuilding":"137100","valueTotal":"150600","mailAddr":"4209 DE LA PINEDE","mailCity":"QUEBEC, QC.","mun":"Saint-Bruno"},"geometry":{"type":"MultiPolygon","coordinates":[[[[-71.648908,48.474876],[-71.64898,48.474828],[-71.649259,48.475042],[-71.649187,48.475084],[-71.648908,48.474876]]]]}},{"type":"Feature","properties":{"owner1":"CLAVEAU JEAN-YVES","owner2":null,"matricule":"1971-81-7773","street":"FORTIN","civicLow":"255","civicHigh":"0","valueLand":"23700","valueBuilding":"84800","valueTotal":"108500","mailAddr":"2050 ROUTE ST-ALPHONSE","mailCity":"SAINT-BRUNO, QC.","mun":"Saint-Bruno"},"geometry":{"type":"MultiPolygon","coordinates":[[[[-71.648828,48.473345],[-71.64872,48.473607],[-71.648513,48.473571],[-71.64863,48.473309],[-71.648828,48.473345]]]]}},{"type":"Feature","properties":{"owner1":"THIBEAULT EVANS","owner2":"GIRARD EDITH","matricule":"1971-82-7306","street":"CEDRES","civicLow":"230","civicHigh":"0","valueLand":"34500","valueBuilding":"226900","valueTotal":"261400","mailAddr":"230 RUE DES CEDRES","mailCity":"SAINT-BRUNO, QC.","mun":"Saint-Bruno"},"geometry":{"type":"MultiPolygon","coordinates":[[[[-71.648926,48.473643],[-71.648819,48.473911],[-71.648531,48.473857],[-71.648639,48.473595],[-71.648926,48.473643]]]]}},{"type":"Feature","properties":{"owner1":"BOUCHARD GILLES","owner2":null,"matricule":"1971-81-9599","street":"CEDRES","civicLow":"240","civicHigh":"0","valueLand":"36800","valueBuilding":"197300","valueTotal":"234100","mailAddr":"240 RUE DES CEDRES","mailCity":"SAINT-BRUNO, QC.","mun":"Saint-Bruno"},"geometry":{"type":"MultiPolygon","coordinates":[[[[-71.648639,48.473595],[-71.648531,48.473857],[-71.648217,48.473804],[-71.648316,48.473536],[-71.648639,48.473595]]]]}},{"type":"Feature","properties":{"owner1":"CLAVEAU ANGELE","owner2":null,"matricule":"1971-81-9169","street":"FORTIN","civicLow":"245","civicHigh":"0","valueLand":"23700","valueBuilding":"97300","valueTotal":"121000","mailAddr":"245 RUE FORTIN","mailCity":"SAINT-BRUNO, QC.","mun":"Saint-Bruno"},"geometry":{"type":"MultiPolygon","coordinates":[[[[-71.64863,48.473309],[-71.648513,48.473571],[-71.648316,48.473536],[-71.648423,48.473274],[-71.64863,48.473309]]]]}},{"type":"Feature","properties":{"owner1":"SOCIETE D'HABITATION DU QUEBEC","owner2":null,"matricule":"1970-68-9284","street":"QUATRE-H","civicLow":"565","civicHigh":"0","valueLand":"140300","valueBuilding":"985300","valueTotal":"1125600","mailAddr":"247 AVENUE DE NORMANDIE","mailCity":"SAINT-BRUNO, QC.","mun":"Saint-Bruno"},"geometry":{"type":"MultiPolygon","coordinates":[[[[-71.651505,48.470588],[-71.651253,48.471165],[-71.650696,48.471094],[-71.650948,48.470486],[-71.651505,48.470588]]]]}},{"type":"Feature","properties":{"owner1":"CARRIERE-FENNEY STEVEN","owner2":"BELLEY JESSICA","matricule":"2070-26-3902","street":"PIONNIERS","civicLow":"500","civicHigh":"0","valueLand":"36200","valueBuilding":"207700","valueTotal":"243900","mailAddr":"500 RUE DES PIONNIERS","mailCity":"SAINT-BRUNO, QC.","mun":"Saint-Bruno"},"geometry":{"type":"MultiPolygon","coordinates":[[[[-71.643393,48.468342],[-71.643653,48.468187],[-71.643896,48.46842],[-71.643716,48.468539],[-71.643393,48.468342]]]]}},{"type":"Feature","properties":{"owner1":"DROUIN DOMINIC","owner2":"MCNICOLL CINDY","matricule":"2070-25-2188","street":"PIONNIERS","civicLow":"510","civicHigh":"0","valueLand":"37800","valueBuilding":"246100","valueTotal":"283900","mailAddr":"510 RUE DES PIONNIERS","mailCity":"SAINT-BRUNO, QC.","mun":"Saint-Bruno"},"geometry":{"type":"MultiPolygon","coordinates":[[[[-71.643653,48.468187],[-71.644004,48.468068],[-71.64412,48.468354],[-71.643896,48.46842],[-71.643653,48.468187]]]]}},{"type":"Feature","properties":{"owner1":"FRADETTE LOUIS","owner2":null,"matricule":"1971-68-5445","street":"THIBEAULT","civicLow":"960","civicHigh":"0","valueLand":"24000","valueBuilding":"44100","valueTotal":"68100","mailAddr":"960 AVENUE THIBEAULT","mailCity":"SAINT-BRUNO, QC.","mun":"Saint-Bruno"},"geometry":{"type":"MultiPolygon","coordinates":[[[[-71.651585,48.479503],[-71.651639,48.479372],[-71.652044,48.479443],[-71.651981,48.479574],[-71.651585,48.479503]]]]}},{"type":"Feature","properties":{"owner1":"LAPOINTE MARC-ALEXANDRE","owner2":"PHILIP ZAZIE M","matricule":"1971-68-5960","street":"THIBEAULT","civicLow":"962","civicHigh":"0","valueLand":"23700","valueBuilding":"79600","valueTotal":"103300","mailAddr":"962 AVENUE THIBEAULT","mailCity":"SAINT-BRUNO, QC.","mun":"Saint-Bruno"},"geometry":{"type":"MultiPolygon","coordinates":[[[[-71.651981,48.479574],[-71.651927,48.479711],[-71.651531,48.479634],[-71.651585,48.479503],[-71.651981,48.479574]]]]}},{"type":"Feature","properties":{"owner1":"COTE CARMELLE","owner2":null,"matricule":"1971-54-9318","street":"ST-ALPHONSE","civicLow":"802","civicHigh":"0","valueLand":"60000","valueBuilding":"86200","valueTotal":"146200","mailAddr":"802 AVENUE ST-ALPHONSE","mailCity":"SAINT-BRUNO, QC.","mun":"Saint-Bruno"},"geometry":{"type":"MultiPolygon","coordinates":[[[[-71.652996,48.475614],[-71.652897,48.47584],[-71.652088,48.475692],[-71.652205,48.475412],[-71.652996,48.475614]]]]}},{"type":"Feature","properties":{"owner1":"POTVIN SOPHIE","owner2":null,"matricule":"1971-54-8647","street":"THIBEAULT","civicLow":"803","civicHigh":"0","valueLand":"28400","valueBuilding":"70800","valueTotal":"99200","mailAddr":"803 AVENUE THIBEAULT","mailCity":"SAINT-BRUNO, QC.","mun":"Saint-Bruno"},"geometry":{"type":"MultiPolygon","coordinates":[[[[-71.652888,48.475835],[-71.652825,48.475995],[-71.652421,48.475924],[-71.652493,48.475763],[-71.652888,48.475835]]]]}},{"type":"Feature","properties":{"owner1":"GAGNON RAYMOND","owner2":null,"matricule":"1971-54-9164","street":"THIBEAULT","civicLow":"817","civicHigh":"0","valueLand":"28400","valueBuilding":"26000","valueTotal":"54400","mailAddr":"817 AVENUE THIBEAULT","mailCity":"SAINT-BRUNO, QC.","mun":"Saint-Bruno"},"geometry":{"type":"MultiPolygon","coordinates":[[[[-71.652825,48.475995],[-71.652753,48.476156],[-71.652358,48.476079],[-71.652421,48.475924],[-71.652825,48.475995]]]]}},{"type":"Feature","properties":{"owner1":"FERME MUNSERAY INC.","owner2":null,"matricule":"2572-13-0175","street":"Adresse non codifiée","civicLow":"0","civicHigh":"0","valueLand":"11700","valueBuilding":"0","valueTotal":"11700","mailAddr":"630 SEPTIEME RANG NORD","mailCity":"SAINT-BRUNO, QC.","mun":"Saint-Bruno"},"geometry":{"type":"MultiPolygon","coordinates":[[[[-71.576711,48.482843],[-71.581346,48.483659],[-71.579954,48.487107],[-71.574806,48.48619],[-71.575229,48.485725],[-71.576513,48.484921],[-71.576899,48.484481],[-71.577088,48.483159],[-71.576711,48.482843]]]]}},{"type":"Feature","properties":{"owner1":"JEAN NANCY","owner2":null,"matricule":"1971-66-0059","street":"THIBEAULT","civicLow":"900","civicHigh":"0","valueLand":"28400","valueBuilding":"74200","valueTotal":"102600","mailAddr":"900 AVENUE THIBEAULT","mailCity":"SAINT-BRUNO, QC.","mun":"Saint-Bruno"},"geometry":{"type":"MultiPolygon","coordinates":[[[[-71.652277,48.477835],[-71.65234,48.477681],[-71.652735,48.477752],[-71.652672,48.477907],[-71.652277,48.477835]]]]}},{"type":"Feature","properties":{"owner1":"LAVOIE ROSA","owner2":"BOUCHARD DOMINIC","matricule":"2070-03-3272","street":"LECLERC","civicLow":"395","civicHigh":"0","valueLand":"27600","valueBuilding":"113000","valueTotal":"140600","mailAddr":"395 RUE LECLERC","mailCity":"SAINT-BRUNO, QC","mun":"Saint-Bruno"},"geometry":{"type":"MultiPolygon","coordinates":[[[[-71.646267,48.466305],[-71.64624,48.46618],[-71.646546,48.466156],[-71.646573,48.466377],[-71.646285,48.466401],[-71.646267,48.466305]]]]}},{"type":"Feature","properties":{"owner1":"NUTRINOR","owner2":null,"matricule":"2070-83-4703","street":"SIXIEME RANG SUD","civicLow":"535","civicHigh":"555","valueLand":"37100","valueBuilding":"1989300","valueTotal":"2026400","mailAddr":"425 RUE MELANCON","mailCity":"SAINT-BRUNO, QC.","mun":"Saint-Bruno"},"geometry":{"type":"MultiPolygon","coordinates":[[[[-71.636215,48.465936],[-71.636071,48.466234],[-71.63458,48.466234],[-71.635083,48.464506],[-71.636215,48.465936]]]]}},{"type":"Feature","properties":{"owner1":"CLAVEAU MAXIME","owner2":"LACHANCE MARJORIE","matricule":"1971-75-1095","street":"ST-ALPHONSE","civicLow":"889","civicHigh":"0","valueLand":"31500","valueBuilding":"190800","valueTotal":"222300","mailAddr":"889 AVENUE ST-ALPHONSE","mailCity":"SAINT-BRUNO, QC.","mun":"Saint-Bruno"},"geometry":{"type":"MultiPolygon","coordinates":[[[[-71.650777,48.477282],[-71.65084,48.477115],[-71.651307,48.477198],[-71.651172,48.477353],[-71.650777,48.477282]]]]}},{"type":"Feature","properties":{"owner1":"GAGNON JOHNNY","owner2":null,"matricule":"1971-67-5600","street":"THIBEAULT","civicLow":"923","civicHigh":"0","valueLand":"22500","valueBuilding":"36800","valueTotal":"59300","mailAddr":"923 AVENUE THIBEAULT","mailCity":"SAINT-BRUNO, QC.","mun":"Saint-Bruno"},"geometry":{"type":"MultiPolygon","coordinates":[[[[-71.651945,48.478115],[-71.651882,48.478276],[-71.651567,48.478217],[-71.65163,48.478062],[-71.651945,48.478115]]]]}},{"type":"Feature","properties":{"owner1":"LAROUCHE REAL","owner2":null,"matricule":"1971-66-5281","street":"THIBEAULT","civicLow":"919","civicHigh":"0","valueLand":"28900","valueBuilding":"48300","valueTotal":"77200","mailAddr":"919 AVENUE THIBEAULT","mailCity":"SAINT-BRUNO, QC.","mun":"Saint-Bruno"},"geometry":{"type":"MultiPolygon","coordinates":[[[[-71.652026,48.477931],[-71.651945,48.478115],[-71.651594,48.478056],[-71.651675,48.477871],[-71.652026,48.477931]]]]}},{"type":"Feature","properties":{"owner1":"GUAY DOMINIQUE","owner2":"DESGAGNE MANON","matricule":"1971-67-6118","street":"THIBEAULT","civicLow":"927","civicHigh":"0","valueLand":"22500","valueBuilding":"114200","valueTotal":"136700","mailAddr":"927 AVENUE THIBEAULT","mailCity":"SAINT-BRUNO, QC.","mun":"Saint-Bruno"},"geometry":{"type":"MultiPolygon","coordinates":[[[[-71.651882,48.478276],[-71.65181,48.478437],[-71.651505,48.478377],[-71.651567,48.478217],[-71.651882,48.478276]]]]}},{"type":"Feature","properties":{"owner1":"TREMBLAY JEAN","owner2":null,"matricule":"1971-66-7549","street":"ST-ALPHONSE","civicLow":"890","civicHigh":"0","valueLand":"37100","valueBuilding":"144000","valueTotal":"181100","mailAddr":"890 AVENUE ST-ALPHONSE","mailCity":"SAINT-BRUNO, QC.","mun":"Saint-Bruno"},"geometry":{"type":"MultiPolygon","coordinates":[[[[-71.651693,48.477704],[-71.651621,48.477865],[-71.65128,48.4778],[-71.651325,48.477556],[-71.65172,48.477633],[-71.651693,48.477704]]]]}},{"type":"Feature","properties":{"owner1":"9269-4447 QUEBEC INC","owner2":null,"matricule":"2070-76-1393","street":"CHATEAU","civicLow":"580","civicHigh":"590","valueLand":"78900","valueBuilding":"413100","valueTotal":"492000","mailAddr":"580 AVENUE DU CHATEAU","mailCity":"SAINT-BRUNO, QC.","mun":"Saint-Bruno"},"geometry":{"type":"MultiPolygon","coordinates":[[[[-71.636898,48.469468],[-71.63688,48.46892],[-71.63767,48.468908],[-71.637545,48.469593],[-71.636907,48.469605],[-71.636898,48.469468]]]]}},{"type":"Feature","properties":{"owner1":"GAGNON FRANCE","owner2":null,"matricule":"2469-82-9899","street":"HUITIEME RANG SUD","civicLow":"578","civicHigh":"0","valueLand":"352700","valueBuilding":"148400","valueTotal":"501100","mailAddr":"578 HUITIEME RANG SUD","mailCity":"SAINT-BRUNO, QC.","mun":"Saint-Bruno"},"geometry":{"type":"MultiPolygon","coordinates":[[[[-71.574061,48.458418],[-71.573082,48.458067],[-71.572498,48.45812],[-71.571177,48.457936],[-71.569399,48.457513],[-71.57115,48.453485],[-71.592063,48.456935],[-71.592054,48.457084],[-71.590841,48.456875],[-71.590778,48.457739],[-71.59156,48.457989],[-71.591138,48.459121],[-71.590904,48.459413],[-71.590617,48.460283],[-71.59032,48.460462],[-71.589458,48.460551],[-71.588407,48.460599],[-71.585937,48.460468],[-71.574061,48.458418]]],[[[-71.589844,48.462338],[-71.568734,48.458633],[-71.56894,48.458222],[-71.569183,48.458126],[-71.571653,48.458567],[-71.572749,48.458907],[-71.576522,48.459419],[-71.584823,48.460885],[-71.587329,48.461111],[-71.586988,48.461051],[-71.588012,48.461022],[-71.588012,48.46123],[-71.590132,48.461605],[-71.589844,48.462338]]]]}},{"type":"Feature","properties":{"owner1":"REGIE DES MATIERES RESIDUELLES","owner2":null,"matricule":"2568-69-2168","street":"NEUVIEME RANG NORD","civicLow":"0","civicHigh":"0","valueLand":"100","valueBuilding":"0","valueTotal":"100","mailAddr":"625 RUE BERGERON OUEST","mailCity":"ALMA, QC.","mun":"Saint-Bruno"},"geometry":{"type":"MultiPolygon","coordinates":[[[[-71.571707,48.451108],[-71.572722,48.448832],[-71.572102,48.450542],[-71.572561,48.450054],[-71.571501,48.452639],[-71.571096,48.452598],[-71.571707,48.451108]]],[[[-71.570773,48.453372],[-71.570989,48.452866],[-71.571393,48.452902],[-71.569399,48.457513],[-71.569336,48.457304],[-71.569165,48.457275],[-71.570773,48.453372]]]]}},{"type":"Feature","properties":{"owner1":"BERGERON JEAN-MARC","owner2":null,"matricule":"2271-80-5144","street":"SEPTIEME RANG NORD","civicLow":"860","civicHigh":"0","valueLand":"33100","valueBuilding":"175600","valueTotal":"208700","mailAddr":"860 SEPTIEME RANG NORD","mailCity":"SAINT-BRUNO, QC.","mun":"Saint-Bruno"},"geometry":{"type":"MultiPolygon","coordinates":[[[[-71.608942,48.472863],[-71.608862,48.473041],[-71.607766,48.472815],[-71.607909,48.472517],[-71.607802,48.472499],[-71.608996,48.47247],[-71.608942,48.472863]]]]}},{"type":"Feature","properties":{"owner1":"BERGERON GILLES","owner2":"BERGERON JEAN-MARC","matricule":"2370-59-8475","street":"Adresse non codifiée","civicLow":"0","civicHigh":"0","valueLand":"100300","valueBuilding":"4900","valueTotal":"105200","mailAddr":"148 RUE LAROUCHE","mailCity":"SAINT-BRUNO, QC.","mun":"Saint-Bruno"},"geometry":{"type":"MultiPolygon","coordinates":[[[[-71.586493,48.470868],[-71.587302,48.468866],[-71.606939,48.472398],[-71.60684,48.472619],[-71.60887,48.473041],[-71.608071,48.473982],[-71.60728,48.474185],[-71.606867,48.474566],[-71.606777,48.474858],[-71.586395,48.471124],[-71.586493,48.470868]]],[[[-71.60781,48.474453],[-71.608071,48.474179],[-71.607721,48.475054],[-71.607289,48.474953],[-71.60781,48.474453]]]]}},{"type":"Feature","properties":{"owner1":"FERME GAGNON ST-BRUNO INC","owner2":null,"matricule":"2170-80-4197","street":"Adresse non codifiée","civicLow":"0","civicHigh":"0","valueLand":"167400","valueBuilding":"0","valueTotal":"167400","mailAddr":"665 HUITIEME RANG NORD","mailCity":"SAINT-BRUNO, QC.","mun":"Saint-Bruno"},"geometry":{"type":"MultiPolygon","coordinates":[[[[-71.627493,48.465501],[-71.627304,48.466174],[-71.613093,48.463613],[-71.613254,48.463232],[-71.612554,48.463107],[-71.613272,48.461343],[-71.632703,48.464852],[-71.632317,48.465245],[-71.631903,48.46537],[-71.629855,48.465543],[-71.62955,48.46587],[-71.627493,48.465501]]]]}},{"type":"Feature","properties":{"owner1":"NUTRINOR","owner2":null,"matricule":"2070-91-7655","street":"SIXIEME RANG SUD","civicLow":"535","civicHigh":"0","valueLand":"12600","valueBuilding":"521000","valueTotal":"533600","mailAddr":"425 RUE MELANCON","mailCity":"SAINT-BRUNO, QC.","mun":"Saint-Bruno"},"geometry":{"type":"MultiPolygon","coordinates":[[[[-71.634329,48.464691],[-71.634176,48.46512],[-71.632703,48.464852],[-71.632541,48.464328],[-71.632128,48.463857],[-71.631957,48.46378],[-71.631661,48.463875],[-71.630619,48.463476],[-71.630762,48.462588],[-71.630349,48.461963],[-71.631742,48.462207],[-71.631373,48.463101],[-71.632694,48.463607],[-71.632622,48.463815],[-71.632918,48.464095],[-71.634275,48.463482],[-71.634913,48.464286],[-71.634733,48.464762],[-71.634329,48.464691]]]]}},{"type":"Feature","properties":{"owner1":"NUTRINOR","owner2":null,"matricule":"2070-92-1410","street":"SIXIEME RANG SUD","civicLow":"540","civicHigh":"0","valueLand":"21900","valueBuilding":"1700","valueTotal":"23600","mailAddr":"425 RUE MELANCON","mailCity":"SAINT-BRUNO, QC.","mun":"Saint-Bruno"},"geometry":{"type":"MultiPolygon","coordinates":[[[[-71.634329,48.464691],[-71.634733,48.464762],[-71.634571,48.465185],[-71.634176,48.46512],[-71.634329,48.464691]]]]}},{"type":"Feature","properties":{"owner1":"REVOLUTION ENVIRONMENTAL SOLUTIONS LP","owner2":null,"matricule":"2170-00-2607","street":"SIXIEME RANG SUD","civicLow":"530","civicHigh":"0","valueLand":"20500","valueBuilding":"210700","valueTotal":"231200","mailAddr":"1100 BURLOAK DRIVE SUITE 500","mailCity":"BURLINGTON, ON","mun":"Saint-Bruno"},"geometry":{"type":"MultiPolygon","coordinates":[[[[-71.634275,48.463482],[-71.632918,48.464095],[-71.632622,48.463815],[-71.632694,48.463607],[-71.631373,48.463101],[-71.631742,48.462207],[-71.633529,48.462529],[-71.634275,48.463482]]]]}},{"type":"Feature","properties":{"owner1":"THIBEAULT PAUL","owner2":null,"matricule":"1971-64-1642","street":"ST-ALPHONSE","civicLow":"806","civicHigh":"0","valueLand":"37900","valueBuilding":"97900","valueTotal":"135800","mailAddr":"806 AVENUE ST-ALPHONSE","mailCity":"SAINT-BRUNO, QC.","mun":"Saint-Bruno"},"geometry":{"type":"MultiPolygon","coordinates":[[[[-71.651999,48.475918],[-71.652088,48.475692],[-71.652493,48.475763],[-71.652394,48.475989],[-71.651999,48.475918]]]]}},{"type":"Feature","properties":{"owner1":"MURRAY FRANCOIS","owner2":"COULOMBE KARINE","matricule":"1970-93-3578","street":"NORMANDIE","civicLow":"373","civicHigh":"0","valueLand":"38300","valueBuilding":"110300","valueTotal":"148600","mailAddr":"373 RUE NORMANDIE","mailCity":"SAINT-BRUNO, QC.","mun":"Saint-Bruno"},"geometry":{"type":"MultiPolygon","coordinates":[[[[-71.647983,48.466264],[-71.647911,48.466448],[-71.647462,48.466395],[-71.647507,48.466174],[-71.647983,48.466264]]]]}},{"type":"Feature","properties":{"owner1":"GAGNE SEBASTIEN","owner2":"COTE JINNY","matricule":"1970-93-6972","street":"NORMANDIE","civicLow":"387","civicHigh":"0","valueLand":"39300","valueBuilding":"140100","valueTotal":"179400","mailAddr":"387 RUE NORMANDIE","mailCity":"SAINT-BRUNO, QC.","mun":"Saint-Bruno"},"geometry":{"type":"MultiPolygon","coordinates":[[[[-71.647507,48.466174],[-71.647462,48.466395],[-71.647013,48.466371],[-71.647022,48.46615],[-71.647507,48.466174]]]]}},{"type":"Feature","properties":{"owner1":"DESCHENES LUC","owner2":"SIMARD ANNIE","matricule":"2070-03-0471","street":"LECLERC","civicLow":"391","civicHigh":"0","valueLand":"39300","valueBuilding":"148200","valueTotal":"187500","mailAddr":"391 RUE LECLERC","mailCity":"SAINT-BRUNO, QC.","mun":"Saint-Bruno"},"geometry":{"type":"MultiPolygon","coordinates":[[[[-71.646546,48.466156],[-71.647022,48.46615],[-71.647013,48.466371],[-71.646573,48.466377],[-71.646546,48.466156]]]]}},{"type":"Feature","properties":{"owner1":"HARVEY SABRINA","owner2":null,"matricule":"1971-83-6554","street":"LAROUCHE","civicLow":"192","civicHigh":"0","valueLand":"22600","valueBuilding":"152300","valueTotal":"174900","mailAddr":"192 RUE LAROUCHE","mailCity":"SAINT-BRUNO, QC","mun":"Saint-Bruno"},"geometry":{"type":"MultiPolygon","coordinates":[[[[-71.648648,48.475025],[-71.648792,48.474941],[-71.64907,48.475156],[-71.648926,48.475233],[-71.648648,48.475025]]]]}},{"type":"Feature","properties":{"owner1":"GAUTHIER JULES","owner2":null,"matricule":"2469-03-8928","street":"HUITIEME RANG SUD","civicLow":"528","civicHigh":"0","valueLand":"35100","valueBuilding":"80000","valueTotal":"115100","mailAddr":"11810 RUE NOTRE-DAME OUEST","mailCity":"TROIS-RIVIERES, QC.","mun":"Saint-Bruno"},"geometry":{"type":"MultiPolygon","coordinates":[[[[-71.591991,48.457078],[-71.591928,48.458013],[-71.591389,48.457989],[-71.590778,48.457739],[-71.590841,48.456875],[-71.591991,48.457078]]]]}},{"type":"Feature","properties":{"owner1":"VEZINA SERGE","owner2":"NERON CHANTALE","matricule":"1970-77-2637","street":"TREMBLAY","civicLow":"507","civicHigh":"0","valueLand":"30800","valueBuilding":"60200","valueTotal":"91000","mailAddr":"507 RUE TREMBLAY","mailCity":"SAINT-BRUNO, QC.","mun":"Saint-Bruno"},"geometry":{"type":"MultiPolygon","coordinates":[[[[-71.650382,48.469569],[-71.650454,48.469396],[-71.650849,48.469468],[-71.650777,48.469641],[-71.650382,48.469569]]]]}},{"type":"Feature","properties":{"owner1":"TURCOTTE MAXIME","owner2":null,"matricule":"1971-79-4406","street":"ST-ALPHONSE","civicLow":"998","civicHigh":"0","valueLand":"53600","valueBuilding":"121600","valueTotal":"175200","mailAddr":"998 AVENUE ST-ALPHONSE","mailCity":"SAINT-BRUNO, QC.","mun":"Saint-Bruno"},"geometry":{"type":"MultiPolygon","coordinates":[[[[-71.650445,48.479807],[-71.650939,48.479896],[-71.650786,48.480265],[-71.650292,48.480176],[-71.650445,48.479807]]]]}},{"type":"Feature","properties":{"owner1":"BOUCHARD FRANCOIS","owner2":"TREMBLAY CAROLYNE","matricule":"1971-77-5031","street":"ST-ALPHONSE NORD","civicLow":"913","civicHigh":"0","valueLand":"41100","valueBuilding":"0","valueTotal":"41100","mailAddr":"909 AVENUE ST-ALPHONSE NORD","mailCity":"SAINT-BRUNO, QC.","mun":"Saint-Bruno"},"geometry":{"type":"MultiPolygon","coordinates":[[[[-71.650247,48.478556],[-71.650355,48.478288],[-71.650759,48.478359],[-71.650642,48.478627],[-71.650247,48.478556]]]]}},{"type":"Feature","properties":{"owner1":"SIMARD REAL","owner2":null,"matricule":"2070-03-7278","street":"LECLERC","civicLow":"401","civicHigh":"0","valueLand":"39300","valueBuilding":"103700","valueTotal":"143000","mailAddr":"401 RUE LECLERC","mailCity":"SAINT-BRUNO, QC.","mun":"Saint-Bruno"},"geometry":{"type":"MultiPolygon","coordinates":[[[[-71.645603,48.466275],[-71.64607,48.466198],[-71.646124,48.466412],[-71.645692,48.466484],[-71.645603,48.466275]]]]}},{"type":"Feature","properties":{"owner1":"LESSARD FRANCINE","owner2":null,"matricule":"2070-03-4974","street":"LECLERC","civicLow":"397","civicHigh":"0","valueLand":"15600","valueBuilding":"124200","valueTotal":"139800","mailAddr":"397 RUE LECLERC","mailCity":"SAINT-BRUNO, QC.","mun":"Saint-Bruno"},"geometry":{"type":"MultiPolygon","coordinates":[[[[-71.64607,48.466198],[-71.64624,48.46618],[-71.646285,48.466401],[-71.646124,48.466412],[-71.64607,48.466198]]]]}},{"type":"Feature","properties":{"owner1":"TREMBLAY CAROLYNE","owner2":"BOUCHARD FRANCOIS","matricule":"1971-76-4098","street":"ST-ALPHONSE NORD","civicLow":"909","civicHigh":"0","valueLand":"45400","valueBuilding":"237000","valueTotal":"282400","mailAddr":"909 ROUTE ST-ALPHONSE NORD","mailCity":"SAINT-BRUNO, QC.","mun":"Saint-Bruno"},"geometry":{"type":"MultiPolygon","coordinates":[[[[-71.650355,48.478288],[-71.650489,48.477966],[-71.650885,48.478038],[-71.650759,48.478359],[-71.650355,48.478288]]]]}},{"type":"Feature","properties":{"owner1":"PAQUET ROBIN","owner2":null,"matricule":"1971-55-8089","street":"THIBEAULT","civicLow":"860","civicHigh":"0","valueLand":"28400","valueBuilding":"114000","valueTotal":"142400","mailAddr":"860 AVENUE THIBEAULT","mailCity":"SAINT-BRUNO, QC.","mun":"Saint-Bruno"},"geometry":{"type":"MultiPolygon","coordinates":[[[[-71.652538,48.477204],[-71.6526,48.477043],[-71.653005,48.477115],[-71.652933,48.477276],[-71.652538,48.477204]]]]}},{"type":"Feature","properties":{"owner1":"TREMBLAY MARTIN","owner2":null,"matricule":"1971-56-8507","street":"THIBEAULT","civicLow":"864","civicHigh":"0","valueLand":"28400","valueBuilding":"79300","valueTotal":"107700","mailAddr":"864 AVENUE THIBEAULT","mailCity":"SAINT-BRUNO, QC.","mun":"Saint-Bruno"},"geometry":{"type":"MultiPolygon","coordinates":[[[[-71.652475,48.477359],[-71.652538,48.477204],[-71.652933,48.477276],[-71.65287,48.477436],[-71.652475,48.477359]]]]}},{"type":"Feature","properties":{"owner1":"JEAN HARRY","owner2":"BRIDEAU JOANE","matricule":"1971-56-9024","street":"THIBEAULT","civicLow":"880","civicHigh":"0","valueLand":"28400","valueBuilding":"24600","valueTotal":"53000","mailAddr":"311 RANG SAINT-PIERRE","mailCity":"HEBERTVILLE-STATION, QC","mun":"Saint-Bruno"},"geometry":{"type":"MultiPolygon","coordinates":[[[[-71.652403,48.47752],[-71.652475,48.477359],[-71.65287,48.477436],[-71.652807,48.477591],[-71.652403,48.47752]]]]}},{"type":"Feature","properties":{"owner1":"FORTIN GILLES","owner2":null,"matricule":"2367-57-1565","street":"HUITIEME RANG SUD","civicLow":"177","civicHigh":"0","valueLand":"44200","valueBuilding":"99300","valueTotal":"143500","mailAddr":"177 HUITIEME RANG SUD","mailCity":"SAINT-BRUNO, QC.","mun":"Saint-Bruno"},"geometry":{"type":"MultiPolygon","coordinates":[[[[-71.600453,48.442087],[-71.600049,48.444161],[-71.597201,48.443624],[-71.597489,48.442993],[-71.597749,48.442778],[-71.599169,48.442587],[-71.600453,48.442087]]]]}},{"type":"Feature","properties":{"owner1":"BOUCHARD CAJETAN","owner2":"MARTEL GUYLAINE","matricule":"2271-84-4803","street":"SEPTIEME RANG NORD","civicLow":"897","civicHigh":"0","valueLand":"42000","valueBuilding":"120100","valueTotal":"162100","mailAddr":"895 RANG 7 NORD","mailCity":"SAINT-BRUNO, QC.","mun":"Saint-Bruno"},"geometry":{"type":"MultiPolygon","coordinates":[[[[-71.607155,48.476192],[-71.607173,48.475584],[-71.607891,48.475692],[-71.607918,48.475626],[-71.608502,48.475656],[-71.608556,48.475269],[-71.609877,48.475501],[-71.609939,48.475924],[-71.609823,48.476156],[-71.609167,48.476174],[-71.608897,48.476329],[-71.607155,48.476192]]]]}},{"type":"Feature","properties":{"owner1":"BOILY AURELIEN","owner2":null,"matricule":"1974-90-4652","street":"ST-ALPHONSE NORD","civicLow":"1851","civicHigh":"0","valueLand":"17000","valueBuilding":"16000","valueTotal":"33000","mailAddr":"695 AVENUE DES TULIPES","mailCity":"SAINT-BRUNO, QC.","mun":"Saint-Bruno"},"geometry":{"type":"MultiPolygon","coordinates":[[[[-71.647839,48.499293],[-71.647992,48.499001],[-71.648765,48.499317],[-71.648603,48.499483],[-71.64863,48.499739],[-71.647839,48.499293]]]]}},{"type":"Feature","properties":{"owner1":"CARON MONIQUE","owner2":null,"matricule":"1974-81-6209","street":"ST-ALPHONSE NORD","civicLow":"1861","civicHigh":"0","valueLand":"38700","valueBuilding":"179100","valueTotal":"217800","mailAddr":"1861 ROUTE ST-ALPHONSE NORD","mailCity":"SAINT-BRUNO, QC.","mun":"Saint-Bruno"},"geometry":{"type":"MultiPolygon","coordinates":[[[[-71.648926,48.499906],[-71.649322,48.499519],[-71.650085,48.499745],[-71.649483,48.500221],[-71.648926,48.499906]]]]}},{"type":"Feature","properties":{"owner1":"9213-8635 QUEBEC INC","owner2":null,"matricule":"1974-19-1922","street":"ST-ALPHONSE NORD","civicLow":"2075","civicHigh":"0","valueLand":"70400","valueBuilding":"88400","valueTotal":"158800","mailAddr":"2075 ROUTE SAINT-ALPHONSE","mailCity":"SAINT-BRUNO, QC.","mun":"Saint-Bruno"},"geometry":{"type":"MultiPolygon","coordinates":[[[[-71.659122,48.507328],[-71.659428,48.506638],[-71.659886,48.50681],[-71.659967,48.506364],[-71.660308,48.506417],[-71.660021,48.507352],[-71.659769,48.507453],[-71.659122,48.507328]]]]}},{"type":"Feature","properties":{"owner1":"9213-8635 QUEBEC INC","owner2":null,"matricule":"1974-07-7770","street":"ST-ALPHONSE NORD","civicLow":"0","civicHigh":"0","valueLand":"33400","valueBuilding":"0","valueTotal":"33400","mailAddr":"2075 ROUTE SAINT-ALPHONSE","mailCity":"SAINT-BRUNO, QC.","mun":"Saint-Bruno"},"geometry":{"type":"MultiPolygon","coordinates":[[[[-71.660874,48.505102],[-71.660308,48.506417],[-71.659571,48.506298],[-71.660137,48.504977],[-71.660874,48.505102]]]]}},{"type":"Feature","properties":{"owner1":"SIMARD URSULE","owner2":null,"matricule":"1971-73-9117","street":"LAROUCHE","civicLow":"164","civicHigh":"0","valueLand":"11100","valueBuilding":"121300","valueTotal":"132400","mailAddr":"164 RUE LAROUCHE","mailCity":"SAINT-BRUNO, QC.","mun":"Saint-Bruno"},"geometry":{"type":"MultiPolygon","coordinates":[[[[-71.649762,48.474614],[-71.649941,48.474864],[-71.649852,48.474876],[-71.649762,48.474614]]]]}},{"type":"Feature","properties":{"owner1":"TREMBLAY MYRIAM","owner2":null,"matricule":"1971-73-9918","street":"LAROUCHE","civicLow":"166","civicHigh":"0","valueLand":"11200","valueBuilding":"121500","valueTotal":"132700","mailAddr":"166 RUE LAROUCHE","mailCity":"SAINT-BRUNO, QC.","mun":"Saint-Bruno"},"geometry":{"type":"MultiPolygon","coordinates":[[[[-71.649663,48.474632],[-71.649762,48.474614],[-71.649852,48.474876],[-71.649753,48.474894],[-71.649663,48.474632]]]]}},{"type":"Feature","properties":{"owner1":"CARON PASCAL","owner2":"BILODEAU ANABELLE","matricule":"2470-23-9507","street":"HUITIEME RANG NORD","civicLow":"691","civicHigh":"0","valueLand":"51100","valueBuilding":"184600","valueTotal":"235700","mailAddr":"691 HUITIEME RANG NORD","mailCity":"SAINT-BRUNO, QC.","mun":"Saint-Bruno"},"geometry":{"type":"MultiPolygon","coordinates":[[[[-71.589629,48.466049],[-71.589359,48.466812],[-71.588263,48.466615],[-71.588353,48.466383],[-71.587347,48.466186],[-71.587931,48.465769],[-71.589629,48.466049]]]]}},{"type":"Feature","properties":{"owner1":"DE CHAMPLAIN NADINE","owner2":null,"matricule":"1971-73-3524","street":"LAROUCHE","civicLow":"152","civicHigh":"0","valueLand":"17600","valueBuilding":"136600","valueTotal":"154200","mailAddr":"152 RUE LAROUCHE","mailCity":"SAINT-BRUNO, QC.","mun":"Saint-Bruno"},"geometry":{"type":"MultiPolygon","coordinates":[[[[-71.650741,48.474679],[-71.650633,48.474941],[-71.650489,48.474917],[-71.650597,48.474649],[-71.650741,48.474679]]]]}},{"type":"Feature","properties":{"owner1":"DORE MARIE-EVE","owner2":null,"matricule":"1971-73-4421","street":"LAROUCHE","civicLow":"154","civicHigh":"0","valueLand":"11400","valueBuilding":"134400","valueTotal":"145800","mailAddr":"154 RUE LAROUCHE","mailCity":"SAINT-BRUNO, QC.","mun":"Saint-Bruno"},"geometry":{"type":"MultiPolygon","coordinates":[[[[-71.650597,48.474649],[-71.650489,48.474917],[-71.650391,48.4749],[-71.650498,48.474637],[-71.650597,48.474649]]]]}},{"type":"Feature","properties":{"owner1":"GAGNON AUDREY","owner2":null,"matricule":"1971-83-9378","street":"LAROUCHE","civicLow":"202","civicHigh":"0","valueLand":"32000","valueBuilding":"213200","valueTotal":"245200","mailAddr":"202 RUE LAROUCHE","mailCity":"SAINT-BRUNO, QC.","mun":"Saint-Bruno"},"geometry":{"type":"MultiPolygon","coordinates":[[[[-71.648253,48.475251],[-71.64845,48.475138],[-71.648738,48.475346],[-71.648531,48.475465],[-71.648253,48.475251]]]]}},{"type":"Feature","properties":{"owner1":"MALTAIS DAVID","owner2":"MARTINEAU MARIE-EVE","matricule":"1971-84-7447","street":"LAJOIE","civicLow":"200","civicHigh":"0","valueLand":"31500","valueBuilding":"217300","valueTotal":"248800","mailAddr":"200 RUE LAJOIE","mailCity":"SAINT-BRUNO, QC.","mun":"Saint-Bruno"},"geometry":{"type":"MultiPolygon","coordinates":[[[[-71.648944,48.475811],[-71.648828,48.476091],[-71.648576,48.476043],[-71.648693,48.475763],[-71.648944,48.475811]]]]}},{"type":"Feature","properties":{"owner1":"AUBUT ISABELLE","owner2":"POITRAS MARTIN","matricule":"1971-84-5653","street":"LAJOIE","civicLow":"190","civicHigh":"0","valueLand":"31500","valueBuilding":"200900","valueTotal":"232400","mailAddr":"190 RUE LAJOIE","mailCity":"SAINT-BRUNO, QC.","mun":"Saint-Bruno"},"geometry":{"type":"MultiPolygon","coordinates":[[[[-71.649187,48.475852],[-71.649079,48.476132],[-71.648828,48.476091],[-71.648944,48.475811],[-71.649187,48.475852]]]]}},{"type":"Feature","properties":{"owner1":"TURCOTTE DOMINIC","owner2":null,"matricule":"1971-84-3858","street":"LAJOIE","civicLow":"180","civicHigh":"0","valueLand":"31500","valueBuilding":"146300","valueTotal":"177800","mailAddr":"180 RUE LAJOIE","mailCity":"SAINT-BRUNO, QC.","mun":"Saint-Bruno"},"geometry":{"type":"MultiPolygon","coordinates":[[[[-71.649438,48.475894],[-71.649322,48.47618],[-71.649079,48.476132],[-71.649187,48.475852],[-71.649438,48.475894]]]]}},{"type":"Feature","properties":{"owner1":"GILL JEAN-SEBASTIEN","owner2":"CHOINIERE PAULE-ANDREE","matricule":"1971-84-1963","street":"LAJOIE","civicLow":"170","civicHigh":"0","valueLand":"31500","valueBuilding":"219400","valueTotal":"250900","mailAddr":"170 RUE LAJOIE","mailCity":"SAINT-BRUNO, QC","mun":"Saint-Bruno"},"geometry":{"type":"MultiPolygon","coordinates":[[[[-71.649681,48.475942],[-71.649573,48.476222],[-71.649322,48.47618],[-71.649438,48.475894],[-71.649681,48.475942]]]]}},{"type":"Feature","properties":{"owner1":"RACINE JACQUES","owner2":"TREMBLAY MARCELLE","matricule":"2571-09-5267","street":"Adresse non codifiée","civicLow":"0","civicHigh":"0","valueLand":"35200","valueBuilding":"54700","valueTotal":"89900","mailAddr":"995 ROUTE 169","mailCity":"SAINT-BRUNO, QC.","mun":"Saint-Bruno"},"geometry":{"type":"MultiPolygon","coordinates":[[[[-71.575202,48.481242],[-71.575606,48.480676],[-71.575768,48.480122],[-71.582298,48.481283],[-71.58184,48.482427],[-71.575202,48.481242]]]]}},{"type":"Feature","properties":{"owner1":"MUNICIPALITE DE SAINT-BRUNO","owner2":null,"matricule":"2669-74-0833","street":"170","civicLow":"0","civicHigh":"0","valueLand":"8400","valueBuilding":"23100","valueTotal":"31500","mailAddr":"563 AVENUE ST-ALPHONSE","mailCity":"SAINT-BRUNO, QC.","mun":"Saint-Bruno"},"geometry":{"type":"MultiPolygon","coordinates":[[[[-71.556023,48.458561],[-71.556256,48.458722],[-71.555825,48.458818],[-71.555699,48.458734],[-71.556023,48.458561]]]]}},{"type":"Feature","properties":{"owner1":"CLAVEAU FRANCOIS","owner2":null,"matricule":"1970-99-5058","street":"TULIPES","civicLow":"625","civicHigh":"0","valueLand":"19400","valueBuilding":"91100","valueTotal":"110500","mailAddr":"645 DES OEILLETS","mailCity":"SAINT-BRUNO, QC.","mun":"Saint-Bruno"},"geometry":{"type":"MultiPolygon","coordinates":[[[[-71.647848,48.471517],[-71.647812,48.471624],[-71.647408,48.471553],[-71.647453,48.471445],[-71.647848,48.471517]]]]}},{"type":"Feature","properties":{"owner1":"CLAVEAU AGATHE","owner2":null,"matricule":"1970-99-5471","street":"TULIPES","civicLow":"635","civicHigh":"0","valueLand":"21900","valueBuilding":"87900","valueTotal":"109800","mailAddr":"4 RUE DORIS","mailCity":"VICTORIAVILLE, QC.","mun":"Saint-Bruno"},"geometry":{"type":"MultiPolygon","coordinates":[[[[-71.647354,48.471701],[-71.647408,48.471553],[-71.647812,48.471624],[-71.647723,48.471731],[-71.647354,48.471701]]]]}},{"type":"Feature","properties":{"owner1":"BELLEY DOMINIC","owner2":"LEMAY VANESSA","matricule":"2070-16-2941","street":"BARRE","civicLow":"111","civicHigh":"0","valueLand":"37200","valueBuilding":"195200","valueTotal":"232400","mailAddr":"111 AVENUE LA BARRE","mailCity":"SAINT-BRUNO, QC.","mun":"Saint-Bruno"},"geometry":{"type":"MultiPolygon","coordinates":[[[[-71.645405,48.468652],[-71.645324,48.468849],[-71.64492,48.468777],[-71.644947,48.468569],[-71.645405,48.468652]]]]}},{"type":"Feature","properties":{"owner1":"PARE MELANIE","owner2":"HARVEY GABRIEL","matricule":"2071-00-8543","street":"JONQUILLES","civicLow":"310","civicHigh":"0","valueLand":"38600","valueBuilding":"181300","valueTotal":"219900","mailAddr":"310 RUE DES JONQUILLES","mailCity":"SAINT-BRUNO, QC.","mun":"Saint-Bruno"},"geometry":{"type":"MultiPolygon","coordinates":[[[[-71.645603,48.472226],[-71.646025,48.472154],[-71.64598,48.472434],[-71.645719,48.472488],[-71.645603,48.472226]]]]}},{"type":"Feature","properties":{"owner1":"MUNICIPALITE DE SAINT-BRUNO","owner2":null,"matricule":"2071-00-8483","street":"JONQUILLES","civicLow":"0","civicHigh":"0","valueLand":"2800","valueBuilding":"0","valueTotal":"2800","mailAddr":"563 AVENUE SAINT-ALPHONSE","mailCity":"SAINT-BRUNO, QC.","mun":"Saint-Bruno"},"geometry":{"type":"MultiPolygon","coordinates":[[[[-71.645926,48.472589],[-71.645854,48.472779],[-71.645809,48.472636],[-71.645926,48.472589]]]]}},{"type":"Feature","properties":{"owner1":"VOISINE ALEX","owner2":null,"matricule":"1970-15-8521","street":"PRES","civicLow":"337","civicHigh":"0","valueLand":"34500","valueBuilding":"0","valueTotal":"34500","mailAddr":"392 RUE RACINE","mailCity":"HEBERTVILLE, QC.","mun":"Saint-Bruno"},"geometry":{"type":"MultiPolygon","coordinates":[[[[-71.658116,48.467502],[-71.658062,48.467633],[-71.657631,48.46755],[-71.657703,48.467371],[-71.658116,48.467502]]]]}},{"type":"Feature","properties":{"owner1":"THIVIERGE PIERRE-LUC","owner2":null,"matricule":"1970-15-9140","street":"PRES","civicLow":"343","civicHigh":"0","valueLand":"31400","valueBuilding":"0","valueTotal":"31400","mailAddr":"1582 AVENUE DE SAINT-MALO","mailCity":"ALMA, QC.","mun":"Saint-Bruno"},"geometry":{"type":"MultiPolygon","coordinates":[[[[-71.658062,48.467633],[-71.657999,48.467794],[-71.657568,48.467717],[-71.657631,48.46755],[-71.658062,48.467633]]]]}},{"type":"Feature","properties":{"owner1":"LAROUCHE RAYMOND","owner2":null,"matricule":"1971-41-7710","street":"ST-ALPHONSE","civicLow":"654","civicHigh":"0","valueLand":"61900","valueBuilding":"85000","valueTotal":"146900","mailAddr":"664 AVE ST-ALPHONSE","mailCity":"SAINT-BRUNO, QC.","mun":"Saint-Bruno"},"geometry":{"type":"MultiPolygon","coordinates":[[[[-71.653256,48.472845],[-71.653364,48.472583],[-71.654855,48.47272],[-71.654667,48.473208],[-71.653256,48.472845]]]]}},{"type":"Feature","properties":{"owner1":"GAGNE JOHANNE","owner2":null,"matricule":"1675-12-5858","street":"Adresse non codifiée","civicLow":"0","civicHigh":"0","valueLand":"110800","valueBuilding":"0","valueTotal":"110800","mailAddr":"1970 ROUTE DU LAC OUEST","mailCity":"ALMA, QC","mun":"Saint-Bruno"},"geometry":{"type":"MultiPolygon","coordinates":[[[[-71.703921,48.501882],[-71.698109,48.516142],[-71.69748,48.516023],[-71.697768,48.515332],[-71.69713,48.515219],[-71.696843,48.515903],[-71.696375,48.51582],[-71.702196,48.501561],[-71.703921,48.501882]]]]}},{"type":"Feature","properties":{"owner1":"BOUCHARD SYLVAIN","owner2":null,"matricule":"2172-40-5325","street":"SIXIEME RANG NORD","civicLow":"1330","civicHigh":"0","valueLand":"27400","valueBuilding":"116000","valueTotal":"143400","mailAddr":"1330 SIXIEME RANG NORD","mailCity":"SAINT-BRUNO, QC.","mun":"Saint-Bruno"},"geometry":{"type":"MultiPolygon","coordinates":[[[[-71.628103,48.481212],[-71.627933,48.481623],[-71.626945,48.481444],[-71.627124,48.481039],[-71.628103,48.481212]]]]}},{"type":"Feature","properties":{"owner1":"THIVIERGE GASTON","owner2":null,"matricule":"1971-50-9455","street":"ETUDIANTS","civicLow":"620","civicHigh":"0","valueLand":"32200","valueBuilding":"104700","valueTotal":"136900","mailAddr":"620 AVENUE DES ETUDIANTS","mailCity":"SAINT-BRUNO, QC.","mun":"Saint-Bruno"},"geometry":{"type":"MultiPolygon","coordinates":[[[[-71.652214,48.472398],[-71.652277,48.472243],[-71.652726,48.472321],[-71.652672,48.472482],[-71.652214,48.472398]]]]}},{"type":"Feature","properties":{"owner1":"MALTAIS JEAN-SEBASTIEN","owner2":null,"matricule":"1970-14-4094","street":"PRES","civicLow":"346","civicHigh":"0","valueLand":"40700","valueBuilding":"203200","valueTotal":"243900","mailAddr":"346 RUE DES PRES","mailCity":"SAINT-BRUNO, QC.","mun":"Saint-Bruno"},"geometry":{"type":"MultiPolygon","coordinates":[[[[-71.658916,48.467211],[-71.658296,48.467407],[-71.658206,48.467336],[-71.658466,48.467091],[-71.658916,48.467211]]]]}},{"type":"Feature","properties":{"owner1":"LAPOINTE MARJOLAINE","owner2":"GAGNE SYLVAIN","matricule":"1971-62-5038","street":"FORTIN","civicLow":"145","civicHigh":"0","valueLand":"37000","valueBuilding":"169200","valueTotal":"206200","mailAddr":"145 RUE FORTIN","mailCity":"SAINT-BRUNO, QC.","mun":"Saint-Bruno"},"geometry":{"type":"MultiPolygon","coordinates":[[[[-71.651972,48.473905],[-71.651855,48.474173],[-71.651531,48.474113],[-71.651648,48.473869],[-71.651972,48.473905]]]]}},{"type":"Feature","properties":{"owner1":"BERGERON ALAIN","owner2":"IMBEAULT FRANCOISE","matricule":"1971-62-2944","street":"FORTIN","civicLow":"125","civicHigh":"135","valueLand":"28400","valueBuilding":"124500","valueTotal":"152900","mailAddr":"135 RUE FORTIN","mailCity":"SAINT-BRUNO, QC.","mun":"Saint-Bruno"},"geometry":{"type":"MultiPolygon","coordinates":[[[[-71.652124,48.474149],[-71.652097,48.474215],[-71.651855,48.474173],[-71.651972,48.473905],[-71.652205,48.473953],[-71.652124,48.474149]]]]}},{"type":"Feature","properties":{"owner1":"LAMOTHE STEPHANE","owner2":null,"matricule":"1971-62-0547","street":"ST-ALPHONSE","civicLow":"739","civicHigh":"743","valueLand":"35200","valueBuilding":"80100","valueTotal":"115300","mailAddr":"739 AVENUE ST-ALPHONSE","mailCity":"SAINT-BRUNO, QC.","mun":"Saint-Bruno"},"geometry":{"type":"MultiPolygon","coordinates":[[[[-71.6526,48.474018],[-71.65252,48.474221],[-71.652124,48.474149],[-71.652205,48.473953],[-71.6526,48.474018]]]]}},{"type":"Feature","properties":{"owner1":"BOUCHARD ANTHONY","owner2":"LAROUCHE REBECCA","matricule":"2173-87-3773","street":"SIXIEME RANG NORD","civicLow":"0","civicHigh":"0","valueLand":"36300","valueBuilding":"0","valueTotal":"36300","mailAddr":"909 RUE SAINT-ALPHONSE","mailCity":"SAINT-BRUNO, QC.","mun":"Saint-Bruno"},"geometry":{"type":"MultiPolygon","coordinates":[[[[-71.623369,48.497078],[-71.623262,48.497352],[-71.621995,48.497114],[-71.622094,48.496852],[-71.623369,48.497078]]]]}},{"type":"Feature","properties":{"owner1":"OUELLET MARC-OLIVIER","owner2":null,"matricule":"1971-66-6614","street":"ST-ALPHONSE","civicLow":"864","civicHigh":"0","valueLand":"50400","valueBuilding":"95500","valueTotal":"145900","mailAddr":"864 AVENUE ST-ALPHONSE","mailCity":"SAINT-BRUNO, QC.","mun":"Saint-Bruno"},"geometry":{"type":"MultiPolygon","coordinates":[[[[-71.651756,48.477544],[-71.65172,48.477633],[-71.651325,48.477556],[-71.651487,48.477163],[-71.651882,48.477234],[-71.651756,48.477544]]]]}},{"type":"Feature","properties":{"owner1":"MUNICIPALITE DE SAINT-BRUNO","owner2":null,"matricule":"1970-74-6225","street":"LECLERC","civicLow":"290","civicHigh":"0","valueLand":"20300","valueBuilding":"0","valueTotal":"20300","mailAddr":"563 AVENUE ST-ALPHONSE","mailCity":"SAINT-BRUNO, QC.","mun":"Saint-Bruno"},"geometry":{"type":"MultiPolygon","coordinates":[[[[-71.649906,48.466716],[-71.649941,48.466621],[-71.650256,48.466675],[-71.650103,48.466829],[-71.649906,48.466716]]]]}},{"type":"Feature","properties":{"owner1":"DOYON DANY","owner2":"MICHEL LYDIA","matricule":"2070-13-6471","street":"NORMANDIE","civicLow":"495","civicHigh":"0","valueLand":"25200","valueBuilding":"127100","valueTotal":"152300","mailAddr":"495 RUE NORMANDIE","mailCity":"SAINT-BRUNO, QC.","mun":"Saint-Bruno"},"geometry":{"type":"MultiPolygon","coordinates":[[[[-71.644525,48.466168],[-71.644821,48.466329],[-71.64448,48.466412],[-71.644525,48.466168]]]]}},{"type":"Feature","properties":{"owner1":"REGIE DES MATIERES RESIDUELLES","owner2":null,"matricule":"2567-47-5309","street":"NEUVIEME RANG NORD","civicLow":"0","civicHigh":"0","valueLand":"100","valueBuilding":"0","valueTotal":"100","mailAddr":"625 RUE BERGERON OUEST","mailCity":"ALMA, QC.","mun":"Saint-Bruno"},"geometry":{"type":"MultiPolygon","coordinates":[[[[-71.573144,48.442009],[-71.575211,48.439578],[-71.575408,48.439614],[-71.575067,48.44015],[-71.573899,48.441324],[-71.572695,48.443088],[-71.572228,48.444333],[-71.572219,48.44487],[-71.572363,48.445108],[-71.573872,48.446061],[-71.573764,48.446306],[-71.572965,48.445936],[-71.572893,48.445686],[-71.572049,48.445144],[-71.571842,48.444661],[-71.572264,48.44332],[-71.573144,48.442009]]]]}},{"type":"Feature","properties":{"owner1":"MUNICIPALITE DE SAINT-BRUNO","owner2":null,"matricule":"1970-29-4617","street":"FABRIQUE","civicLow":"850","civicHigh":"0","valueLand":"22000","valueBuilding":"0","valueTotal":"22000","mailAddr":"563 RUE SAINT-ALPHONSE","mailCity":"SAINT-BRUNO, QC.","mun":"Saint-Bruno"},"geometry":{"type":"MultiPolygon","coordinates":[[[[-71.656912,48.471094],[-71.656966,48.470969],[-71.657362,48.471046],[-71.657317,48.471165],[-71.656912,48.471094]]]]}},{"type":"Feature","properties":{"owner1":"FERME MUNSERAY INC.","owner2":null,"matricule":"2469-15-0897","street":"Adresse non codifiée","civicLow":"0","civicHigh":"0","valueLand":"9000","valueBuilding":"0","valueTotal":"9000","mailAddr":"630 SEPTIEME RANG NORD","mailCity":"SAINT-BRUNO, QC.","mun":"Saint-Bruno"},"geometry":{"type":"MultiPolygon","coordinates":[[[[-71.591021,48.459717],[-71.591506,48.459777],[-71.590886,48.460074],[-71.591021,48.459717]]]]}},{"type":"Feature","properties":{"owner1":"LAROUCHE KARINE","owner2":null,"matricule":"2071-01-0069","street":"CEDRES","civicLow":"290","civicHigh":"0","valueLand":"30000","valueBuilding":"141300","valueTotal":"171300","mailAddr":"290 RUE DES CEDRES","mailCity":"SAINT-BRUNO, QC.","mun":"Saint-Bruno"},"geometry":{"type":"MultiPolygon","coordinates":[[[[-71.647184,48.473333],[-71.647076,48.473601],[-71.646824,48.473554],[-71.646932,48.473292],[-71.647184,48.473333]]]]}},{"type":"Feature","properties":{"owner1":"MARTEL GUYLAINE","owner2":"BOUCHARD CAJETAN","matricule":"2271-83-8246","street":"Adresse non codifiée","civicLow":"0","civicHigh":"0","valueLand":"1800","valueBuilding":"0","valueTotal":"1800","mailAddr":"895 SEPTIEME RANG NORD","mailCity":"SAINT-BRUNO, QC.","mun":"Saint-Bruno"},"geometry":{"type":"MultiPolygon","coordinates":[[[[-71.608556,48.475269],[-71.608502,48.475656],[-71.607496,48.475632],[-71.607703,48.47512],[-71.608556,48.475269]]]]}},{"type":"Feature","properties":{"owner1":"MARTEL GUYLAINE","owner2":"BOUCHARD CAJETAN","matricule":"2271-93-3034","street":"SEPTIEME RANG NORD","civicLow":"895","civicHigh":"0","valueLand":"29900","valueBuilding":"275100","valueTotal":"305000","mailAddr":"895 SEPTIEME RANG NORD","mailCity":"SAINT-BRUNO, QC.","mun":"Saint-Bruno"},"geometry":{"type":"MultiPolygon","coordinates":[[[[-71.607703,48.47512],[-71.607496,48.475632],[-71.607173,48.475584],[-71.607325,48.474965],[-71.607721,48.475054],[-71.607703,48.47512]]]]}},{"type":"Feature","properties":{"owner1":"BOUCHARD OMER","owner2":"FORTIN JACYNTHE","matricule":"2169-72-7241","street":"Adresse non codifiée","civicLow":"0","civicHigh":"0","valueLand":"294500","valueBuilding":"0","valueTotal":"294500","mailAddr":"1150 RANG 6 NORD","mailCity":"SAINT-BRUNO, QC.","mun":"Saint-Bruno"},"geometry":{"type":"MultiPolygon","coordinates":[[[[-71.616228,48.454069],[-71.616515,48.453366],[-71.627816,48.455404],[-71.631194,48.459687],[-71.615114,48.456804],[-71.616228,48.454069]]],[[[-71.631948,48.459824],[-71.628571,48.455541],[-71.637814,48.457209],[-71.637033,48.459151],[-71.636637,48.45908],[-71.636395,48.459634],[-71.63626,48.459955],[-71.636682,48.460027],[-71.636449,48.460623],[-71.631948,48.459824]]]]}},{"type":"Feature","properties":{"owner1":"2862-2629 QUEBEC INC","owner2":null,"matricule":"2069-90-8948","street":"SIXIEME RANG SUD","civicLow":"0","civicHigh":"0","valueLand":"287300","valueBuilding":"22300","valueTotal":"309600","mailAddr":"1320 SIXIEME RANG NORD","mailCity":"SAINT-BRUNO, QC.","mun":"Saint-Bruno"},"geometry":{"type":"MultiPolygon","coordinates":[[[[-71.617611,48.45062],[-71.617908,48.44994],[-71.62274,48.450769],[-71.6193,48.451418],[-71.61744,48.451084],[-71.617611,48.45062]]],[[[-71.623082,48.451078],[-71.624205,48.451263],[-71.624887,48.451734],[-71.627816,48.455404],[-71.616515,48.453366],[-71.617054,48.452062],[-71.623082,48.451078]]],[[[-71.637751,48.457197],[-71.628571,48.455541],[-71.625921,48.452163],[-71.625759,48.45174],[-71.625813,48.451299],[-71.639216,48.453748],[-71.638272,48.456095],[-71.637751,48.455994],[-71.637473,48.456661],[-71.637338,48.456637],[-71.637239,48.456887],[-71.637751,48.457197]]]]}},{"type":"Feature","properties":{"owner1":"MUNICIPALITE DE SAINT-BRUNO","owner2":null,"matricule":"1970-26-3180","street":"PRES","civicLow":"379","civicHigh":"389","valueLand":"42900","valueBuilding":"0","valueTotal":"42900","mailAddr":"563 AVENUE ST-ALPHONSE","mailCity":"SAINT-BRUNO, QC.","mun":"Saint-Bruno"},"geometry":{"type":"MultiPolygon","coordinates":[[[[-71.65702,48.469039],[-71.657137,48.468771],[-71.657568,48.468849],[-71.657433,48.469099],[-71.65702,48.469039]]]]}},{"type":"Feature","properties":{"owner1":"DICKIE BRIAN","owner2":"DION VERONIQUE","matricule":"1970-26-3720","street":"MOISSONS","civicLow":"119","civicHigh":"0","valueLand":"20200","valueBuilding":"154400","valueTotal":"174600","mailAddr":"119 RUE DES MOISSONS","mailCity":"SAINT-BRUNO, QC.","mun":"Saint-Bruno"},"geometry":{"type":"MultiPolygon","coordinates":[[[[-71.657236,48.468509],[-71.657074,48.468545],[-71.657209,48.468223],[-71.657344,48.468247],[-71.657236,48.468509]]]]}},{"type":"Feature","properties":{"owner1":"LEJEUNE DAVID","owner2":null,"matricule":"1970-26-4517","street":"MOISSONS","civicLow":"117","civicHigh":"0","valueLand":"12700","valueBuilding":"155100","valueTotal":"167800","mailAddr":"117 RUE DES MOISSONS","mailCity":"SAINT-BRUNO, QC.","mun":"Saint-Bruno"},"geometry":{"type":"MultiPolygon","coordinates":[[[[-71.657209,48.468223],[-71.656984,48.468533],[-71.657119,48.468211],[-71.657209,48.468223]]]]}},{"type":"Feature","properties":{"owner1":"SIMARD BENOIT","owner2":null,"matricule":"1970-26-5115","street":"MOISSONS","civicLow":"115","civicHigh":"0","valueLand":"12700","valueBuilding":"153600","valueTotal":"166300","mailAddr":"115 RUE DES MOISSONS","mailCity":"SAINT-BRUNO, QC.","mun":"Saint-Bruno"},"geometry":{"type":"MultiPolygon","coordinates":[[[[-71.657119,48.468211],[-71.656903,48.468515],[-71.657029,48.468193],[-71.657119,48.468211]]]]}},{"type":"Feature","properties":{"owner1":"MUNICIPALITE DE SAINT-BRUNO","owner2":null,"matricule":"2070-19-1764","street":"BEAUMONT","civicLow":"0","civicHigh":"0","valueLand":"24500","valueBuilding":"0","valueTotal":"24500","mailAddr":"563 AVENUE SAINT-ALPHONSE","mailCity":"SAINT-BRUNO, QC.","mun":"Saint-Bruno"},"geometry":{"type":"MultiPolygon","coordinates":[[[[-71.64527,48.471457],[-71.645477,48.471457],[-71.645477,48.471737],[-71.645279,48.471767],[-71.64527,48.471457]]]]}},{"type":"Feature","properties":{"owner1":"OUELLET SYLVAIN","owner2":"COTE SYLVIE","matricule":"2070-12-8091","street":"NORMANDIE","civicLow":"470","civicHigh":"0","valueLand":"54600","valueBuilding":"156700","valueTotal":"211300","mailAddr":"470 RUE NORMANDIE","mailCity":"SAINT-BRUNO, QC.","mun":"Saint-Bruno"},"geometry":{"type":"MultiPolygon","coordinates":[[[[-71.644309,48.465185],[-71.644731,48.46568],[-71.644507,48.465817],[-71.644093,48.465614],[-71.644309,48.465185]]]]}},{"type":"Feature","properties":{"owner1":"REGIE DES MATIERES RESIDUELLES","owner2":null,"matricule":"2467-34-8050","street":"Adresse non codifiée","civicLow":"0","civicHigh":"0","valueLand":"32100","valueBuilding":"94500","valueTotal":"126600","mailAddr":"625 RUE BERGERON OUEST","mailCity":"ALMA, QC","mun":"Saint-Bruno"},"geometry":{"type":"MultiPolygon","coordinates":[[[[-71.597094,48.443374],[-71.596501,48.443261],[-71.596465,48.443356],[-71.576405,48.439888],[-71.577331,48.437641],[-71.597857,48.44136],[-71.597462,48.442403],[-71.597812,48.442522],[-71.597354,48.442927],[-71.597022,48.443588],[-71.597094,48.443374]]]]}},{"type":"Feature","properties":{"owner1":"COTE MICHEL","owner2":"GAGNON MADELEINE","matricule":"1773-68-1826","street":"CINQUIEME RANG OUEST","civicLow":"880","civicHigh":"0","valueLand":"294400","valueBuilding":"158100","valueTotal":"452500","mailAddr":"880 CINQUIEME RANG OUEST","mailCity":"SAINT-BRUNO, QC.","mun":"Saint-Bruno"},"geometry":{"type":"MultiPolygon","coordinates":[[[[-71.682092,48.494513],[-71.686557,48.483391],[-71.689135,48.483856],[-71.684634,48.49509],[-71.682092,48.494513]]],[[[-71.678732,48.500305],[-71.678481,48.500287],[-71.677708,48.501001],[-71.676828,48.501013],[-71.676424,48.5009],[-71.676038,48.500448],[-71.675552,48.500364],[-71.675022,48.500418],[-71.67478,48.500721],[-71.675319,48.499418],[-71.671851,48.498787],[-71.672893,48.496251],[-71.674582,48.496561],[-71.675139,48.495519],[-71.675382,48.495519],[-71.675696,48.496049],[-71.676612,48.496328],[-71.677322,48.494602],[-71.677511,48.494638],[-71.677663,48.494257],[-71.678715,48.494632],[-71.67858,48.494376],[-71.679074,48.494126],[-71.679155,48.493876],[-71.679514,48.493852],[-71.681194,48.494453],[-71.684581,48.495227],[-71.683377,48.49815],[-71.686683,48.498745],[-71.686512,48.49915],[-71.686251,48.499233],[-71.684104,48.499269],[-71.682946,48.49918],[-71.682056,48.50134],[-71.680062,48.500382],[-71.678732,48.500305]]]]}},{"type":"Feature","properties":{"owner1":"2862-2629 QUEBEC INC","owner2":null,"matricule":"2070-89-9423","street":"Adresse non codifiée","civicLow":"0","civicHigh":"0","valueLand":"29300","valueBuilding":"0","valueTotal":"29300","mailAddr":"1320 SIXIEME RANG NORD","mailCity":"SAINT-BRUNO, QC.","mun":"Saint-Bruno"},"geometry":{"type":"MultiPolygon","coordinates":[[[[-71.632685,48.472166],[-71.632757,48.471987],[-71.632236,48.471892],[-71.632703,48.471011],[-71.632757,48.470606],[-71.63335,48.470713],[-71.633673,48.469921],[-71.637347,48.470576],[-71.636808,48.472916],[-71.632685,48.472166]]]]}},{"type":"Feature","properties":{"owner1":"NUTRINOR","owner2":null,"matricule":"2070-05-1443","street":"MELANCON","civicLow":"425","civicHigh":"0","valueLand":"205600","valueBuilding":"594100","valueTotal":"799700","mailAddr":"425 RUE MELANCON","mailCity":"SAINT-BRUNO, QC.","mun":"Saint-Bruno"},"geometry":{"type":"MultiPolygon","coordinates":[[[[-71.645935,48.467955],[-71.646142,48.467443],[-71.647399,48.467681],[-71.647193,48.468175],[-71.645935,48.467955]]]]}},{"type":"Feature","properties":{"owner1":"GAGNE MARC-OLIVIER","owner2":null,"matricule":"1971-52-3822","street":"ST-ALPHONSE","civicLow":"706","civicHigh":"710","valueLand":"36700","valueBuilding":"207700","valueTotal":"244400","mailAddr":"708 AVENUE ST-ALPHONSE","mailCity":"SAINT-BRUNO, QC.","mun":"Saint-Bruno"},"geometry":{"type":"MultiPolygon","coordinates":[[[[-71.652843,48.473857],[-71.652906,48.473702],[-71.6534,48.473792],[-71.653472,48.473631],[-71.653678,48.473673],[-71.653544,48.473988],[-71.652843,48.473857]]]]}},{"type":"Feature","properties":{"owner1":"FORTIN DOMINIQUE","owner2":"LEMIEUX ALAIN","matricule":"1971-52-5536","street":"ST-ALPHONSE","civicLow":"718","civicHigh":"720","valueLand":"33800","valueBuilding":"177500","valueTotal":"211300","mailAddr":"360 RUE BORDEAUX","mailCity":"ALMA, QC.","mun":"Saint-Bruno"},"geometry":{"type":"MultiPolygon","coordinates":[[[[-71.653265,48.473988],[-71.65322,48.474107],[-71.652771,48.474024],[-71.652843,48.473857],[-71.653265,48.473988]]]]}},{"type":"Feature","properties":{"owner1":"LABBE MARC-OLIVIER","owner2":"ALLARD JEAN-SIMON","matricule":"1971-52-6054","street":"ST-ALPHONSE","civicLow":"744","civicHigh":"750","valueLand":"31800","valueBuilding":"137400","valueTotal":"169200","mailAddr":"460 RUE DES PIONNIERS","mailCity":"SAINT-BRUNO","mun":"Saint-Bruno"},"geometry":{"type":"MultiPolygon","coordinates":[[[[-71.65322,48.474107],[-71.653148,48.474268],[-71.652708,48.474185],[-71.652771,48.474024],[-71.65322,48.474107]]]]}},{"type":"Feature","properties":{"owner1":"BOUDREAULT GILLES","owner2":null,"matricule":"1971-52-3162","street":"ST-ALPHONSE","civicLow":"756","civicHigh":"758","valueLand":"73700","valueBuilding":"94500","valueTotal":"168200","mailAddr":"756 AVENUE ST-ALPHONSE","mailCity":"SAINT-BRUNO, QC.","mun":"Saint-Bruno"},"geometry":{"type":"MultiPolygon","coordinates":[[[[-71.652636,48.474352],[-71.652708,48.474185],[-71.653148,48.474268],[-71.653265,48.473988],[-71.654011,48.474119],[-71.653867,48.474423],[-71.653373,48.474334],[-71.653301,48.474495],[-71.652636,48.474352]]]]}},{"type":"Feature","properties":{"owner1":"ST-PIERRE YANNICK","owner2":"R.GRENIER ANDREE-ANNE","matricule":"1971-53-6519","street":"ST-ALPHONSE","civicLow":"772","civicHigh":"774","valueLand":"53800","valueBuilding":"140700","valueTotal":"194500","mailAddr":"774 AVENUE ST-ALPHONSE","mailCity":"SAINT-BRUNO, QC.","mun":"Saint-Bruno"},"geometry":{"type":"MultiPolygon","coordinates":[[[[-71.652457,48.474792],[-71.652574,48.474512],[-71.653229,48.474655],[-71.653373,48.474334],[-71.65349,48.474352],[-71.653247,48.474929],[-71.652457,48.474792]]]]}},{"type":"Feature","properties":{"owner1":"DALLAIRE PAUL-ARMAND","owner2":"COTE NOELLA","matricule":"1971-63-5843","street":"LAROUCHE","civicLow":"130","civicHigh":"0","valueLand":"33300","valueBuilding":"119300","valueTotal":"152600","mailAddr":"130 RUE LAROUCHE","mailCity":"SAINT-BRUNO, QC.","mun":"Saint-Bruno"},"geometry":{"type":"MultiPolygon","coordinates":[[[[-71.651487,48.475084],[-71.651594,48.47481],[-71.651864,48.474792],[-71.651729,48.47512],[-71.651487,48.475084]]]]}},{"type":"Feature","properties":{"owner1":"GAGNON RENAUD","owner2":"TREMBLAY MARIE-PIER","matricule":"1971-84-7098","street":"LAJOIE","civicLow":"205","civicHigh":"0","valueLand":"32000","valueBuilding":"224300","valueTotal":"256300","mailAddr":"205 RUE LAJOIE","mailCity":"SAINT-BRUNO, QC.","mun":"Saint-Bruno"},"geometry":{"type":"MultiPolygon","coordinates":[[[[-71.649007,48.476263],[-71.648899,48.476543],[-71.648639,48.476496],[-71.648756,48.476216],[-71.649007,48.476263]]]]}},{"type":"Feature","properties":{"owner1":"SAVARD PATRICK","owner2":"GILBERT CHANTALE","matricule":"1971-85-5103","street":"LAJOIE","civicLow":"195","civicHigh":"0","valueLand":"32000","valueBuilding":"178500","valueTotal":"210500","mailAddr":"195 RUE LAJOIE","mailCity":"SAINT-BRUNO, QC.","mun":"Saint-Bruno"},"geometry":{"type":"MultiPolygon","coordinates":[[[[-71.649268,48.476311],[-71.649151,48.476585],[-71.648899,48.476543],[-71.649007,48.476263],[-71.649268,48.476311]]]]}},{"type":"Feature","properties":{"owner1":"LAROUCHE DAVID","owner2":"HUDON JULIE","matricule":"1971-85-3209","street":"LAJOIE","civicLow":"185","civicHigh":"0","valueLand":"32100","valueBuilding":"205600","valueTotal":"237700","mailAddr":"185 RUE LAJOIE","mailCity":"SAINT-BRUNO, QC.","mun":"Saint-Bruno"},"geometry":{"type":"MultiPolygon","coordinates":[[[[-71.649519,48.476353],[-71.649411,48.476633],[-71.649151,48.476585],[-71.649268,48.476311],[-71.649519,48.476353]]]]}},{"type":"Feature","properties":{"owner1":"GAGNON SEBASTIEN","owner2":"MARTEL GENEVIEVE","matricule":"1971-85-1414","street":"LAJOIE","civicLow":"175","civicHigh":"0","valueLand":"30600","valueBuilding":"183500","valueTotal":"214100","mailAddr":"175 RUE LAJOIE","mailCity":"SAINT-BRUNO, QC.","mun":"Saint-Bruno"},"geometry":{"type":"MultiPolygon","coordinates":[[[[-71.649771,48.476394],[-71.649654,48.476674],[-71.649411,48.476633],[-71.649519,48.476353],[-71.649771,48.476394]]]]}},{"type":"Feature","properties":{"owner1":"PARADIS MARC-ANDRE","owner2":"ST-PIERRE VERONIQUE","matricule":"1971-75-9619","street":"LAJOIE","civicLow":"165","civicHigh":"0","valueLand":"30600","valueBuilding":"228100","valueTotal":"258700","mailAddr":"165 RUE LAJOIE","mailCity":"SAINT-BRUNO, QC.","mun":"Saint-Bruno"},"geometry":{"type":"MultiPolygon","coordinates":[[[[-71.650013,48.476442],[-71.649897,48.476722],[-71.649654,48.476674],[-71.649771,48.476394],[-71.650013,48.476442]]]]}},{"type":"Feature","properties":{"owner1":"BOUCHARD JEAN-REMI","owner2":"LALANCETTE ANDREE","matricule":"1970-57-6856","street":"NAPOLEON","civicLow":"153","civicHigh":"155","valueLand":"41100","valueBuilding":"156400","valueTotal":"197500","mailAddr":"153 RUE NAPOLEON","mailCity":"SAINT-BRUNO, QC.","mun":"Saint-Bruno"},"geometry":{"type":"MultiPolygon","coordinates":[[[[-71.652645,48.46979],[-71.652502,48.469766],[-71.652609,48.469498],[-71.653005,48.469569],[-71.652897,48.469837],[-71.652645,48.46979]]]]}},{"type":"Feature","properties":{"owner1":"GIRARD JEAN-GUY","owner2":null,"matricule":"2270-50-2302","street":"SEPTIEME RANG SUD","civicLow":"2996","civicHigh":"0","valueLand":"17100","valueBuilding":"94700","valueTotal":"111800","mailAddr":"2996 SEPTIEME RANG SUD","mailCity":"SAINT-BRUNO, QC.","mun":"Saint-Bruno"},"geometry":{"type":"MultiPolygon","coordinates":[[[[-71.612823,48.463244],[-71.612697,48.463541],[-71.612599,48.463518],[-71.612455,48.463351],[-71.612554,48.463107],[-71.613254,48.463232],[-71.613218,48.463309],[-71.612823,48.463244]]]]}},{"type":"Feature","properties":{"owner1":"COTE MARC-OLIVIER","owner2":"FORTIN ALEXANDRA","matricule":"1970-26-8506","street":"MOISSONS","civicLow":"107","civicHigh":"0","valueLand":"12700","valueBuilding":"152500","valueTotal":"165200","mailAddr":"107 RUE DES MOISSONS","mailCity":"SAINT-BRUNO, QC.","mun":"Saint-Bruno"},"geometry":{"type":"MultiPolygon","coordinates":[[[[-71.65667,48.468128],[-71.656445,48.468432],[-71.65658,48.46811],[-71.65667,48.468128]]]]}},{"type":"Feature","properties":{"owner1":"9317-9414 QUEBEC INC","owner2":null,"matricule":"1970-28-1610","street":"FABRIQUE","civicLow":"800","civicHigh":"806","valueLand":"37800","valueBuilding":"399600","valueTotal":"437400","mailAddr":"691 AVENUE DE GRENOBLE","mailCity":"ALMA, QC","mun":"Saint-Bruno"},"geometry":{"type":"MultiPolygon","coordinates":[[[[-71.65729,48.470183],[-71.65738,48.469962],[-71.657784,48.470034],[-71.657694,48.470254],[-71.65729,48.470183]]]]}},{"type":"Feature","properties":{"owner1":"POTVIN MARYSE","owner2":"DUFOUR LENA","matricule":"1970-27-0886","street":"FABRIQUE","civicLow":"790","civicHigh":"796","valueLand":"37800","valueBuilding":"399600","valueTotal":"437400","mailAddr":"378 AVENUE ARTHUR-VILLENEUVE","mailCity":"ALMA, QC","mun":"Saint-Bruno"},"geometry":{"type":"MultiPolygon","coordinates":[[[[-71.65738,48.469962],[-71.657469,48.469736],[-71.657874,48.469813],[-71.657784,48.470034],[-71.65738,48.469962]]]]}},{"type":"Feature","properties":{"owner1":"9317-9414 QUEBEC INC","owner2":null,"matricule":"1970-27-0159","street":"FABRIQUE","civicLow":"780","civicHigh":"786","valueLand":"40800","valueBuilding":"445200","valueTotal":"486000","mailAddr":"27 RUE SAINT-PIERRE","mailCity":"METABETCHOUAN-LAC-A-LA-CROIX, QC","mun":"Saint-Bruno"},"geometry":{"type":"MultiPolygon","coordinates":[[[[-71.657981,48.469551],[-71.657874,48.469813],[-71.657469,48.469736],[-71.657595,48.469498],[-71.657981,48.469551]]]]}},{"type":"Feature","properties":{"owner1":"BOILY ROMAIN","owner2":"DESILETS NADINE","matricule":"2567-52-8573","street":"LAC MARCO","civicLow":"510","civicHigh":"0","valueLand":"44800","valueBuilding":"304400","valueTotal":"349200","mailAddr":"510 CHEMIN DU LAC MARCO","mailCity":"SAINT-BRUNO, QC.","mun":"Saint-Bruno"},"geometry":{"type":"MultiPolygon","coordinates":[[[[-71.571384,48.438642],[-71.570764,48.439757],[-71.570126,48.439626],[-71.570683,48.438529],[-71.571384,48.438642]]]]}},{"type":"Feature","properties":{"owner1":"FORTIN VINCENT","owner2":"LESSARD EMMANUELLE","matricule":"1971-91-6280","street":"CEDRES","civicLow":"270","civicHigh":"0","valueLand":"31300","valueBuilding":"211500","valueTotal":"242800","mailAddr":"270 RUE DES CEDRES","mailCity":"SAINT-BRUNO, QC.","mun":"Saint-Bruno"},"geometry":{"type":"MultiPolygon","coordinates":[[[[-71.647696,48.473429],[-71.647588,48.473691],[-71.647327,48.473643],[-71.647435,48.473381],[-71.647696,48.473429]]]]}},{"type":"Feature","properties":{"owner1":"GAGNON MICHAEL","owner2":"GAUTHIER KATHIE","matricule":"1971-91-8175","street":"CEDRES","civicLow":"280","civicHigh":"0","valueLand":"30000","valueBuilding":"141600","valueTotal":"171600","mailAddr":"280 RUE DES CEDRES","mailCity":"SAINT-BRUNO, QC.","mun":"Saint-Bruno"},"geometry":{"type":"MultiPolygon","coordinates":[[[[-71.647435,48.473381],[-71.647327,48.473643],[-71.647076,48.473601],[-71.647184,48.473333],[-71.647435,48.473381]]]]}},{"type":"Feature","properties":{"owner1":"POTVIN PHILIPPE","owner2":null,"matricule":"1971-91-7247","street":"FORTIN","civicLow":"285","civicHigh":"0","valueLand":"39800","valueBuilding":"148000","valueTotal":"187800","mailAddr":"285 RUE FORTIN","mailCity":"SAINT-BRUNO, QC.","mun":"Saint-Bruno"},"geometry":{"type":"MultiPolygon","coordinates":[[[[-71.647624,48.473131],[-71.647525,48.473393],[-71.647022,48.473303],[-71.647399,48.473071],[-71.647624,48.473131]]]]}},{"type":"Feature","properties":{"owner1":"DESBIENS KATIE","owner2":"VILLENEUVE DAVID","matricule":"1971-83-3731","street":"LAROUCHE","civicLow":"174","civicHigh":"0","valueLand":"13700","valueBuilding":"137700","valueTotal":"151400","mailAddr":"174 RUE LAROUCHE","mailCity":"SAINT-BRUNO, QC.","mun":"Saint-Bruno"},"geometry":{"type":"MultiPolygon","coordinates":[[[[-71.649052,48.474786],[-71.649124,48.474745],[-71.64942,48.474965],[-71.649052,48.474786]]]]}},{"type":"Feature","properties":{"owner1":"MCNICOLL CAROL","owner2":null,"matricule":"1971-80-1544","street":"LILAS","civicLow":"645","civicHigh":"0","valueLand":"34800","valueBuilding":"133300","valueTotal":"168100","mailAddr":"645 AVENUE DES LILAS","mailCity":"SAINT-BRUNO, QC.","mun":"Saint-Bruno"},"geometry":{"type":"MultiPolygon","coordinates":[[[[-71.649735,48.472237],[-71.649654,48.472416],[-71.649232,48.472339],[-71.649304,48.47216],[-71.649735,48.472237]]]]}},{"type":"Feature","properties":{"owner1":"ALLAIRE STEPHANE","owner2":null,"matricule":"2070-12-2482","street":"NORMANDIE","civicLow":"450","civicHigh":"0","valueLand":"38600","valueBuilding":"119200","valueTotal":"157800","mailAddr":"450 RUE NORMANDIE","mailCity":"SAINT-BRUNO, QC.","mun":"Saint-Bruno"},"geometry":{"type":"MultiPolygon","coordinates":[[[[-71.645378,48.465382],[-71.64527,48.465632],[-71.645001,48.46562],[-71.644947,48.465305],[-71.645378,48.465382]]]]}},{"type":"Feature","properties":{"owner1":"OUELLET DANNY","owner2":"TURCOTTE FRANCE","matricule":"2070-12-5577","street":"NORMANDIE","civicLow":"460","civicHigh":"0","valueLand":"51100","valueBuilding":"184300","valueTotal":"235400","mailAddr":"460 RUE NORMANDIE","mailCity":"SAINT-BRUNO, QC.","mun":"Saint-Bruno"},"geometry":{"type":"MultiPolygon","coordinates":[[[[-71.645001,48.46562],[-71.644731,48.46568],[-71.644309,48.465185],[-71.644947,48.465305],[-71.645001,48.46562]]]]}},{"type":"Feature","properties":{"owner1":"LAVOIE ROBIN","owner2":"DESMEULES ANNIE","matricule":"1970-76-5940","street":"NAPOLEON","civicLow":"270","civicHigh":"0","valueLand":"39700","valueBuilding":"142500","valueTotal":"182200","mailAddr":"270 RUE NAPOLEON","mailCity":"SAINT-BRUNO, QC.","mun":"Saint-Bruno"},"geometry":{"type":"MultiPolygon","coordinates":[[[[-71.650364,48.468467],[-71.650193,48.468878],[-71.64995,48.468837],[-71.650121,48.468426],[-71.650364,48.468467]]]]}},{"type":"Feature","properties":{"owner1":"BERGERON GAETAN","owner2":null,"matricule":"1970-76-7635","street":"NAPOLEON","civicLow":"280","civicHigh":"0","valueLand":"39700","valueBuilding":"111100","valueTotal":"150800","mailAddr":"280 RUE NAPOLEON","mailCity":"SAINT-BRUNO, QC.","mun":"Saint-Bruno"},"geometry":{"type":"MultiPolygon","coordinates":[[[[-71.650121,48.468426],[-71.64995,48.468837],[-71.649717,48.468795],[-71.649888,48.468384],[-71.650121,48.468426]]]]}},{"type":"Feature","properties":{"owner1":"9349-9465 QUEBEC INC","owner2":null,"matricule":"2268-95-6752","street":"HUITIEME RANG SUD","civicLow":"355","civicHigh":"0","valueLand":"483300","valueBuilding":"10700","valueTotal":"494000","mailAddr":"370 RUE NORMANDIE","mailCity":"SAINT-BRUNO, QC.","mun":"Saint-Bruno"},"geometry":{"type":"MultiPolygon","coordinates":[[[[-71.575444,48.442236],[-71.57548,48.442134],[-71.596222,48.445555],[-71.595297,48.447837],[-71.574573,48.444357],[-71.575444,48.442236]]],[[[-71.595027,48.449023],[-71.595144,48.448695],[-71.595548,48.448767],[-71.595683,48.448367],[-71.595288,48.44829],[-71.595782,48.447015],[-71.596078,48.447068],[-71.596492,48.446771],[-71.595935,48.446616],[-71.595962,48.446526],[-71.596366,48.446604],[-71.596456,48.446336],[-71.596052,48.446258],[-71.596159,48.445984],[-71.617746,48.449934],[-71.617,48.451793],[-71.606427,48.452753],[-71.595009,48.450632],[-71.595405,48.449565],[-71.594866,48.449458],[-71.595027,48.449023]]],[[[-71.616874,48.452091],[-71.615904,48.454474],[-71.607469,48.452943],[-71.616874,48.452091]]]]}},{"type":"Feature","properties":{"owner1":"TRUCHON LOUISE","owner2":null,"matricule":"2368-73-7443","street":"Adresse non codifiée","civicLow":"0","civicHigh":"0","valueLand":"700","valueBuilding":"0","valueTotal":"700","mailAddr":"355 HUITIEME RANG SUD","mailCity":"SAINT-BRUNO, QC.","mun":"Saint-Bruno"},"geometry":{"type":"MultiPolygon","coordinates":[[[[-71.595288,48.44829],[-71.595683,48.448367],[-71.595548,48.448767],[-71.595144,48.448695],[-71.595288,48.44829]]]]}},{"type":"Feature","properties":{"owner1":"TREMBLAY RAYMOND","owner2":"HENDERSON MARIE-CHANTALE","matricule":"2368-84-0482","street":"HUITIEME RANG SUD","civicLow":"351","civicHigh":"0","valueLand":"33000","valueBuilding":"174000","valueTotal":"207000","mailAddr":"351 HUITIEME RANG SUD","mailCity":"SAINT-BRUNO, QC.","mun":"Saint-Bruno"},"geometry":{"type":"MultiPolygon","coordinates":[[[[-71.594677,48.449994],[-71.594866,48.449464],[-71.595405,48.449565],[-71.595207,48.450101],[-71.594677,48.449994]]]]}},{"type":"Feature","properties":{"owner1":"LAVOIE RICHARD","owner2":"TRUCHON LOUISE","matricule":"2368-85-1941","street":"HUITIEME RANG SUD","civicLow":"355","civicHigh":"0","valueLand":"33000","valueBuilding":"110400","valueTotal":"143400","mailAddr":"355 HUITIEME RANG SUD","mailCity":"SAINT-BRUNO, QC.","mun":"Saint-Bruno"},"geometry":{"type":"MultiPolygon","coordinates":[[[[-71.595207,48.450101],[-71.595009,48.450632],[-71.594479,48.450524],[-71.594677,48.449994],[-71.595207,48.450101]]]]}},{"type":"Feature","properties":{"owner1":"LACHANCE GILLES","owner2":null,"matricule":"2368-86-4983","street":"HUITIEME RANG SUD","civicLow":"367","civicHigh":"0","valueLand":"1900","valueBuilding":"30000","valueTotal":"31900","mailAddr":"235 RUE JAUVIN","mailCity":"SAINT-BRUNO, QC.","mun":"Saint-Bruno"},"geometry":{"type":"MultiPolygon","coordinates":[[[[-71.594174,48.451257],[-71.594974,48.451394],[-71.594758,48.451924],[-71.593958,48.451787],[-71.594174,48.451257]]]]}},{"type":"Feature","properties":{"owner1":"LACHANCE DANY","owner2":null,"matricule":"2368-87-8245","street":"HUITIEME RANG SUD","civicLow":"391","civicHigh":"0","valueLand":"18600","valueBuilding":"142800","valueTotal":"161400","mailAddr":"391 HUITIEME RANG SUD","mailCity":"SAINT-BRUNO, QC.","mun":"Saint-Bruno"},"geometry":{"type":"MultiPolygon","coordinates":[[[[-71.59377,48.452312],[-71.593896,48.451936],[-71.5943,48.452002],[-71.59412,48.452365],[-71.59377,48.452312]]]]}},{"type":"Feature","properties":{"owner1":"COTE PIERRE-ETIENNE","owner2":"FORTIN NOEMIE","matricule":"1971-92-7495","street":"ERABLES","civicLow":"770","civicHigh":"0","valueLand":"35400","valueBuilding":"227400","valueTotal":"262800","mailAddr":"770 AVENUE DES ERABLES","mailCity":"SAINT-BRUNO, QC.","mun":"Saint-Bruno"},"geometry":{"type":"MultiPolygon","coordinates":[[[[-71.647121,48.474584],[-71.647238,48.474423],[-71.647624,48.474542],[-71.647561,48.474733],[-71.647121,48.474584]]]]}},{"type":"Feature","properties":{"owner1":"FERME BERNARD JOSEE L.CLAVEAU ENR","owner2":null,"matricule":"2272-77-0122","street":"SIXIEME RANG NORD","civicLow":"1900","civicHigh":"0","valueLand":"152100","valueBuilding":"227500","valueTotal":"379600","mailAddr":"1900 SIXIEME RANG NORD","mailCity":"SAINT-BRUNO, QC.","mun":"Saint-Bruno"},"geometry":{"type":"MultiPolygon","coordinates":[[[[-71.601971,48.48944],[-71.602277,48.488678],[-71.602546,48.488726],[-71.602466,48.489107],[-71.601971,48.48944]]],[[[-71.606831,48.490774],[-71.605825,48.4905],[-71.605574,48.490274],[-71.604379,48.490304],[-71.604073,48.490155],[-71.603588,48.49022],[-71.602043,48.489542],[-71.6026,48.489167],[-71.602708,48.488756],[-71.604172,48.48903],[-71.604226,48.488768],[-71.605107,48.488702],[-71.603678,48.487244],[-71.603184,48.48641],[-71.604082,48.484141],[-71.607155,48.484695],[-71.60861,48.481307],[-71.617225,48.482831],[-71.616776,48.483671],[-71.616138,48.483546],[-71.615581,48.484004],[-71.615554,48.484153],[-71.61585,48.484314],[-71.61577,48.484493],[-71.616713,48.484683],[-71.617324,48.4846],[-71.617979,48.484784],[-71.618096,48.485136],[-71.617809,48.485535],[-71.61744,48.485642],[-71.616201,48.485356],[-71.616057,48.486208],[-71.616713,48.486255],[-71.617629,48.486571],[-71.617701,48.48694],[-71.617611,48.487113],[-71.617171,48.487345],[-71.616542,48.487363],[-71.616273,48.487541],[-71.616111,48.488321],[-71.616318,48.488589],[-71.616946,48.488726],[-71.617665,48.488732],[-71.618321,48.488922],[-71.618159,48.489369],[-71.618527,48.489613],[-71.61886,48.490774],[-71.618725,48.490881],[-71.617413,48.490661],[-71.616866,48.490274],[-71.616632,48.490244],[-71.61612,48.490572],[-71.61585,48.490554],[-71.615716,48.49072],[-71.616632,48.49109],[-71.616641,48.491238],[-71.617342,48.491453],[-71.623423,48.492524],[-71.622471,48.494793],[-71.60808,48.492173],[-71.607918,48.491667],[-71.607182,48.491268],[-71.607074,48.490947],[-71.606831,48.490774]]]]}},{"type":"Feature","properties":{"owner1":"MUNICIPALITE DE SAINT-BRUNO","owner2":null,"matricule":"1970-29-9121","street":"FABRIQUE","civicLow":"831","civicHigh":"0","valueLand":"29700","valueBuilding":"0","valueTotal":"29700","mailAddr":"563 RUE SAINT-ALPHONSE","mailCity":"SAINT-BRUNO, QC.","mun":"Saint-Bruno"},"geometry":{"type":"MultiPolygon","coordinates":[[[[-71.656751,48.471058],[-71.656679,48.471237],[-71.656311,48.471171],[-71.656391,48.470987],[-71.656751,48.471058]]]]}},{"type":"Feature","properties":{"owner1":"FERME LACNOR INC.","owner2":null,"matricule":"1573-74-3021","street":"Adresse non codifiée","civicLow":"0","civicHigh":"0","valueLand":"116700","valueBuilding":"0","valueTotal":"116700","mailAddr":"1050 CINQUIEME RANG OUEST","mailCity":"SAINT-BRUNO, QC.","mun":"Saint-Bruno"},"geometry":{"type":"MultiPolygon","coordinates":[[[[-71.705924,48.494465],[-71.703176,48.501596],[-71.700606,48.501114],[-71.706419,48.486987],[-71.709886,48.487607],[-71.706984,48.494662],[-71.705924,48.494465]]]]}},{"type":"Feature","properties":{"owner1":"9101-6014 QUEBEC INC","owner2":null,"matricule":"1875-61-2226","street":"SIXIEME RANG OUEST","civicLow":"561","civicHigh":"0","valueLand":"35500","valueBuilding":"300","valueTotal":"35800","mailAddr":"541 SIXIEME RANG OUEST","mailCity":"SAINT-BRUNO, QC.","mun":"Saint-Bruno"},"geometry":{"type":"MultiPolygon","coordinates":[[[[-71.66497,48.509744],[-71.665671,48.508007],[-71.666488,48.508161],[-71.667701,48.505215],[-71.668159,48.504977],[-71.668492,48.504995],[-71.668797,48.505185],[-71.668797,48.505501],[-71.66904,48.505608],[-71.667297,48.50984],[-71.66709,48.509798],[-71.667198,48.509536],[-71.666803,48.509459],[-71.666461,48.51031],[-71.665545,48.510137],[-71.665671,48.509875],[-71.66497,48.509744]]]]}},{"type":"Feature","properties":{"owner1":"TREMBLAY LILIANNE","owner2":null,"matricule":"2567-43-4234","street":"LAC MARCO","civicLow":"0","civicHigh":"0","valueLand":"42000","valueBuilding":"0","valueTotal":"42000","mailAddr":"2060 AVENUE LAMOUNTAIN NORD","mailCity":"ALMA, QC.","mun":"Saint-Bruno"},"geometry":{"type":"MultiPolygon","coordinates":[[[[-71.571986,48.439804],[-71.572812,48.439155],[-71.573459,48.439405],[-71.572713,48.44009],[-71.572534,48.439924],[-71.572363,48.440067],[-71.57212,48.440037],[-71.571869,48.439876],[-71.571986,48.439804]]]]}},{"type":"Feature","properties":{"owner1":"BEAUMONT ROSAIRE","owner2":null,"matricule":"2070-38-9060","street":"INDUSTRIELLE","civicLow":"0","civicHigh":"0","valueLand":"48900","valueBuilding":"0","valueTotal":"48900","mailAddr":"135 RUE JAUVIN","mailCity":"SAINT-BRUNO, QC.","mun":"Saint-Bruno"},"geometry":{"type":"MultiPolygon","coordinates":[[[[-71.641515,48.471177],[-71.639746,48.470856],[-71.639898,48.469837],[-71.643033,48.470409],[-71.643563,48.471219],[-71.644183,48.471815],[-71.641524,48.47132],[-71.641515,48.471177]]]]}},{"type":"Feature","properties":{"owner1":"BOUCHARD JEAN-MARC","owner2":null,"matricule":"2171-22-1034","street":"SIXIEME RANG NORD","civicLow":"980","civicHigh":"0","valueLand":"17800","valueBuilding":"117300","valueTotal":"135100","mailAddr":"980 SIXIEME RANG NORD","mailCity":"SAINT-BRUNO, QC.","mun":"Saint-Bruno"},"geometry":{"type":"MultiPolygon","coordinates":[[[[-71.63034,48.474268],[-71.630448,48.474006],[-71.630969,48.474096],[-71.630861,48.474364],[-71.63034,48.474268]]]]}},{"type":"Feature","properties":{"owner1":"VILLENEUVE MARCEL","owner2":null,"matricule":"1970-86-1689","street":"NAPOLEON","civicLow":"279","civicHigh":"0","valueLand":"38000","valueBuilding":"101500","valueTotal":"139500","mailAddr":"279 RUE NAPOLEON","mailCity":"SAINT-BRUNO, QC.","mun":"Saint-Bruno"},"geometry":{"type":"MultiPolygon","coordinates":[[[[-71.6496,48.468956],[-71.649474,48.469283],[-71.649196,48.46923],[-71.649322,48.468908],[-71.6496,48.468956]]]]}},{"type":"Feature","properties":{"owner1":"BOILY GUY","owner2":null,"matricule":"2269-69-6268","street":"170","civicLow":"3030","civicHigh":"0","valueLand":"24300","valueBuilding":"125700","valueTotal":"150000","mailAddr":"3030 ROUTE 170","mailCity":"SAINT-BRUNO, QC.","mun":"Saint-Bruno"},"geometry":{"type":"MultiPolygon","coordinates":[[[[-71.610371,48.463065],[-71.610469,48.462797],[-71.611161,48.462922],[-71.611062,48.463196],[-71.610371,48.463065]]]]}},{"type":"Feature","properties":{"owner1":"GAGNON ROBERT","owner2":null,"matricule":"2469-19-7910","street":"HUITIEME RANG NORD","civicLow":"665","civicHigh":"0","valueLand":"25600","valueBuilding":"133700","valueTotal":"159300","mailAddr":"665 HUITIEME RANG NORD","mailCity":"SAINT-BRUNO, QC.","mun":"Saint-Bruno"},"geometry":{"type":"MultiPolygon","coordinates":[[[[-71.590635,48.46257],[-71.590527,48.462838],[-71.589862,48.462755],[-71.589979,48.462451],[-71.590635,48.46257]]]]}},{"type":"Feature","properties":{"owner1":"GAGNON LAWRENCE","owner2":null,"matricule":"2370-82-6976","street":"HUITIEME RANG NORD","civicLow":"701","civicHigh":"0","valueLand":"121600","valueBuilding":"143300","valueTotal":"264900","mailAddr":"701 HUITIEME RANG NORD","mailCity":"SAINT-BRUNO, QC.","mun":"Saint-Bruno"},"geometry":{"type":"MultiPolygon","coordinates":[[[[-71.588506,48.465864],[-71.588784,48.465179],[-71.589242,48.465269],[-71.589467,48.464739],[-71.589045,48.464661],[-71.589656,48.463244],[-71.599959,48.465084],[-71.599205,48.468586],[-71.589359,48.466812],[-71.589629,48.466049],[-71.588506,48.465864]]]]}},{"type":"Feature","properties":{"owner1":"PARENT PIERRE","owner2":"TREMBLAY RACHEL","matricule":"2269-59-5354","street":"SEPTIEME RANG SUD","civicLow":"560","civicHigh":"0","valueLand":"17100","valueBuilding":"114100","valueTotal":"131200","mailAddr":"560 SEPTIEME RANG SUD","mailCity":"SAINT-BRUNO, QC.","mun":"Saint-Bruno"},"geometry":{"type":"MultiPolygon","coordinates":[[[[-71.611763,48.462898],[-71.612563,48.462666],[-71.612428,48.463017],[-71.611763,48.462898]]]]}},{"type":"Feature","properties":{"owner1":"LEVESQUE JULIEN","owner2":"DESCHENES DENISE","matricule":"1971-65-4748","street":"ST-ALPHONSE","civicLow":"854","civicHigh":"0","valueLand":"28400","valueBuilding":"102200","valueTotal":"130600","mailAddr":"854 AVENUE ST-ALPHONSE","mailCity":"SAINT-BRUNO, QC.","mun":"Saint-Bruno"},"geometry":{"type":"MultiPolygon","coordinates":[[[[-71.651612,48.476841],[-71.651684,48.476686],[-71.652079,48.476758],[-71.652017,48.476918],[-71.651612,48.476841]]]]}},{"type":"Feature","properties":{"owner1":"GIRARD VANDAL","owner2":null,"matricule":"1971-65-2374","street":"THIBEAULT","civicLow":"861","civicHigh":"0","valueLand":"28400","valueBuilding":"96800","valueTotal":"125200","mailAddr":"861 AVENUE THIBEAULT","mailCity":"SAINT-BRUNO, QC.","mun":"Saint-Bruno"},"geometry":{"type":"MultiPolygon","coordinates":[[[[-71.652412,48.476984],[-71.652349,48.477145],[-71.651954,48.477067],[-71.652017,48.476912],[-71.652412,48.476984]]]]}},{"type":"Feature","properties":{"owner1":"LALANCETTE ALAIN","owner2":"LECLERC NANCY","matricule":"1971-73-9360","street":"LAROUCHE","civicLow":"175","civicHigh":"0","valueLand":"43300","valueBuilding":"155300","valueTotal":"198600","mailAddr":"175 RUE LAROUCHE","mailCity":"SAINT-BRUNO, QC","mun":"Saint-Bruno"},"geometry":{"type":"MultiPolygon","coordinates":[[[[-71.650067,48.475179],[-71.650031,48.475275],[-71.649367,48.475156],[-71.650112,48.474995],[-71.650067,48.475179]]]]}},{"type":"Feature","properties":{"owner1":"DUMAIS FRANK","owner2":"TREMBLAY JOHANNIE","matricule":"1971-74-4003","street":"BOISE","civicLow":"150","civicHigh":"0","valueLand":"36800","valueBuilding":"172400","valueTotal":"209200","mailAddr":"150 RUE DU BOISE","mailCity":"SAINT-BRUNO, QC.","mun":"Saint-Bruno"},"geometry":{"type":"MultiPolygon","coordinates":[[[[-71.650777,48.475412],[-71.65066,48.47565],[-71.650346,48.475614],[-71.650454,48.475352],[-71.650777,48.475412]]]]}},{"type":"Feature","properties":{"owner1":"GAUDREAULT YOHANN","owner2":null,"matricule":"1971-73-6198","street":"BOISE","civicLow":"160","civicHigh":"0","valueLand":"28500","valueBuilding":"186600","valueTotal":"215100","mailAddr":"160 RUE DU BOISE","mailCity":"SAINT-BRUNO, QC.","mun":"Saint-Bruno"},"geometry":{"type":"MultiPolygon","coordinates":[[[[-71.650454,48.475352],[-71.650346,48.475614],[-71.650103,48.475572],[-71.650211,48.47531],[-71.650454,48.475352]]]]}},{"type":"Feature","properties":{"owner1":"RATTHE PIERRE","owner2":"BOUCHARD CLAUDINE","matricule":"1971-73-7993","street":"BOISE","civicLow":"170","civicHigh":"0","valueLand":"28500","valueBuilding":"186500","valueTotal":"215000","mailAddr":"170 RUE DU BOISE","mailCity":"SAINT-BRUNO, QC.","mun":"Saint-Bruno"},"geometry":{"type":"MultiPolygon","coordinates":[[[[-71.650211,48.47531],[-71.650103,48.475572],[-71.64987,48.475531],[-71.649977,48.475269],[-71.650211,48.47531]]]]}},{"type":"Feature","properties":{"owner1":"BALTHAZARD THIERRY","owner2":"BELANGER JULIE","matricule":"1970-20-1696","street":"ST-ALPHONSE","civicLow":"160","civicHigh":"0","valueLand":"32900","valueBuilding":"188100","valueTotal":"221000","mailAddr":"160 AVENUE ST-ALPHONSE","mailCity":"SAINT-BRUNO, QC.","mun":"Saint-Bruno"},"geometry":{"type":"MultiPolygon","coordinates":[[[[-71.657128,48.463529],[-71.65773,48.463637],[-71.65764,48.463839],[-71.657047,48.463726],[-71.657128,48.463529]]]]}},{"type":"Feature","properties":{"owner1":"BERGERON GILLES","owner2":null,"matricule":"1971-43-9499","street":"LAROUCHE","civicLow":"148","civicHigh":"0","valueLand":"45000","valueBuilding":"74700","valueTotal":"119700","mailAddr":"148 RUE LAROUCHE","mailCity":"SAINT-BRUNO, QC.","mun":"Saint-Bruno"},"geometry":{"type":"MultiPolygon","coordinates":[[[[-71.654182,48.475346],[-71.654074,48.475614],[-71.653598,48.475525],[-71.653705,48.475263],[-71.654182,48.475346]]]]}},{"type":"Feature","properties":{"owner1":"SIMARD MARTINE","owner2":null,"matricule":"1971-53-2390","street":"LAROUCHE","civicLow":"138","civicHigh":"0","valueLand":"35100","valueBuilding":"81400","valueTotal":"116500","mailAddr":"138 RUE LAROUCHE","mailCity":"SAINT-BRUNO, QC.","mun":"Saint-Bruno"},"geometry":{"type":"MultiPolygon","coordinates":[[[[-71.653705,48.475263],[-71.653598,48.475525],[-71.653337,48.475471],[-71.653409,48.475209],[-71.653705,48.475263]]]]}},{"type":"Feature","properties":{"owner1":"FORTIN MICHAEL","owner2":null,"matricule":"1971-50-9873","street":"ETUDIANTS","civicLow":"630","civicHigh":"0","valueLand":"33100","valueBuilding":"169300","valueTotal":"202400","mailAddr":"630 AVENUE DES ETUDIANTS","mailCity":"SAINT-BRUNO, QC.","mun":"Saint-Bruno"},"geometry":{"type":"MultiPolygon","coordinates":[[[[-71.652151,48.472559],[-71.652214,48.472398],[-71.652672,48.472482],[-71.652609,48.472642],[-71.652151,48.472559]]]]}},{"type":"Feature","properties":{"owner1":"BOUCHARD MICHEL","owner2":null,"matricule":"1971-70-7477","street":"LILAS","civicLow":"660","civicHigh":"0","valueLand":"34800","valueBuilding":"127600","valueTotal":"162400","mailAddr":"660 AVENUE DES LILAS","mailCity":"SAINT-BRUNO, QC.","mun":"Saint-Bruno"},"geometry":{"type":"MultiPolygon","coordinates":[[[[-71.64978,48.47263],[-71.649861,48.472452],[-71.650283,48.472529],[-71.650211,48.472708],[-71.64978,48.47263]]]]}},{"type":"Feature","properties":{"owner1":"FORTIN STEPHANE","owner2":null,"matricule":"1971-71-4903","street":"QUATRE-H","civicLow":"665","civicHigh":"0","valueLand":"38300","valueBuilding":"131900","valueTotal":"170200","mailAddr":"665 AVENUE QUATRE-H","mailCity":"SAINT-BRUNO, QC.","mun":"Saint-Bruno"},"geometry":{"type":"MultiPolygon","coordinates":[[[[-71.650624,48.472738],[-71.650534,48.472964],[-71.650139,48.472893],[-71.650229,48.472666],[-71.650624,48.472738]]]]}},{"type":"Feature","properties":{"owner1":"BOIVIN ALAIN","owner2":"BELLEY CLAUDINE","matricule":"1971-70-8097","street":"LILAS","civicLow":"670","civicHigh":"670","valueLand":"36000","valueBuilding":"128300","valueTotal":"164300","mailAddr":"670 AVENUE DES LILAS","mailCity":"SAINT-BRUNO, QC.","mun":"Saint-Bruno"},"geometry":{"type":"MultiPolygon","coordinates":[[[[-71.650211,48.472708],[-71.650139,48.472893],[-71.649708,48.472821],[-71.64978,48.47263],[-71.650211,48.472708]]]]}},{"type":"Feature","properties":{"owner1":"TREMBLAY MARTIN","owner2":null,"matricule":"1971-71-8721","street":"LILAS","civicLow":"680","civicHigh":"0","valueLand":"40800","valueBuilding":"109700","valueTotal":"150500","mailAddr":"680 AVENUE DES LILAS","mailCity":"SAINT-BRUNO, QC.","mun":"Saint-Bruno"},"geometry":{"type":"MultiPolygon","coordinates":[[[[-71.650139,48.472893],[-71.65004,48.473137],[-71.649609,48.473059],[-71.649708,48.472821],[-71.650139,48.472893]]]]}},{"type":"Feature","properties":{"owner1":"FORTIN CLAIRE","owner2":null,"matricule":"1971-71-5629","street":"QUATRE-H","civicLow":"667","civicHigh":"0","valueLand":"39300","valueBuilding":"154400","valueTotal":"193700","mailAddr":"667 AVENUE QUATRE-H","mailCity":"SAINT-BRUNO, QC.","mun":"Saint-Bruno"},"geometry":{"type":"MultiPolygon","coordinates":[[[[-71.650534,48.472964],[-71.650436,48.473208],[-71.65004,48.473137],[-71.650139,48.472893],[-71.650534,48.472964]]]]}},{"type":"Feature","properties":{"owner1":"GAGNON-HURTUBISE XAVIER","owner2":"LALANCETTE MICHELE","matricule":"1971-71-9549","street":"LILAS","civicLow":"690","civicHigh":"0","valueLand":"42600","valueBuilding":"104000","valueTotal":"146600","mailAddr":"690 AVENUE DES LILAS","mailCity":"SAINT-BRUNO, QC.","mun":"Saint-Bruno"},"geometry":{"type":"MultiPolygon","coordinates":[[[[-71.65004,48.473137],[-71.649932,48.473399],[-71.649537,48.473309],[-71.649609,48.473059],[-71.65004,48.473137]]]]}},{"type":"Feature","properties":{"owner1":"LABRECQUE JEAN-MARIE","owner2":null,"matricule":"1970-89-1427","street":"JAUVIN","civicLow":"253","civicHigh":"0","valueLand":"46300","valueBuilding":"112800","valueTotal":"159100","mailAddr":"253 RUE JAUVIN","mailCity":"SAINT-BRUNO, QC.","mun":"Saint-Bruno"},"geometry":{"type":"MultiPolygon","coordinates":[[[[-71.649726,48.471106],[-71.649591,48.471439],[-71.649196,48.471368],[-71.649331,48.471034],[-71.649726,48.471106]]]]}},{"type":"Feature","properties":{"owner1":"LACHANCE MARC-ANDRE","owner2":"LAROUCHE MARJORIE V","matricule":"1971-80-0304","street":"LILAS","civicLow":"625","civicHigh":"0","valueLand":"34800","valueBuilding":"164100","valueTotal":"198900","mailAddr":"625 AVENUE DES LILAS","mailCity":"SAINT-BRUNO, QC.","mun":"Saint-Bruno"},"geometry":{"type":"MultiPolygon","coordinates":[[[[-71.649879,48.471874],[-71.649807,48.472059],[-71.649376,48.471981],[-71.649447,48.471797],[-71.649879,48.471874]]]]}},{"type":"Feature","properties":{"owner1":"BELANGER CATHERINE","owner2":null,"matricule":"1770-65-2100","street":"QUATRIEME RANG OUEST","civicLow":"400","civicHigh":"0","valueLand":"15000","valueBuilding":"146600","valueTotal":"161600","mailAddr":"400 QUATRIEME RANG OUEST","mailCity":"SAINT-BRUNO, QC.","mun":"Saint-Bruno"},"geometry":{"type":"MultiPolygon","coordinates":[[[[-71.679595,48.466954],[-71.679406,48.467407],[-71.67849,48.46724],[-71.678679,48.466788],[-71.679595,48.466954]]]]}},{"type":"Feature","properties":{"owner1":"MUNICIPALITE DE SAINT-BRUNO","owner2":null,"matricule":"1970-29-6477","street":"FABRIQUE","civicLow":"890","civicHigh":"0","valueLand":"29700","valueBuilding":"0","valueTotal":"29700","mailAddr":"563 RUE SAINT-ALPHONSE","mailCity":"SAINT-BRUNO, QC.","mun":"Saint-Bruno"},"geometry":{"type":"MultiPolygon","coordinates":[[[[-71.656679,48.471666],[-71.656742,48.471499],[-71.657146,48.47157],[-71.657083,48.471737],[-71.656679,48.471666]]]]}},{"type":"Feature","properties":{"owner1":"FORTIN FLEURETTE","owner2":null,"matricule":"1974-62-2890","street":"ST-ALPHONSE NORD","civicLow":"1905","civicHigh":"1907","valueLand":"53900","valueBuilding":"134500","valueTotal":"188400","mailAddr":"145 RUE MELANCON","mailCity":"SAINT-BRUNO, QC.","mun":"Saint-Bruno"},"geometry":{"type":"MultiPolygon","coordinates":[[[[-71.653319,48.501227],[-71.652304,48.501876],[-71.652026,48.501674],[-71.653032,48.501031],[-71.653319,48.501227]]]]}},{"type":"Feature","properties":{"owner1":"LAJOIE CLEMENT","owner2":null,"matricule":"2572-16-8292","street":"HUITIEME RANG NORD","civicLow":"0","civicHigh":"0","valueLand":"8100","valueBuilding":"0","valueTotal":"8100","mailAddr":"523 CHEMIN DU LAC-HIPPOLYTE","mailCity":"LAROUCHE, QC.","mun":"Saint-Bruno"},"geometry":{"type":"MultiPolygon","coordinates":[[[[-71.574474,48.488512],[-71.575372,48.486291],[-71.579954,48.487107],[-71.579064,48.489327],[-71.574474,48.488512]]]]}},{"type":"Feature","properties":{"owner1":"BOUCHARD JEAN-JOSEPH","owner2":null,"matricule":"1971-54-4807","street":"LAROUCHE","civicLow":"0","civicHigh":"0","valueLand":"800","valueBuilding":"0","valueTotal":"800","mailAddr":"ADRESSE INCONNUE","mailCity":"SAINT-BRUNO, QC.","mun":"Saint-Bruno"},"geometry":{"type":"MultiPolygon","coordinates":[[[[-71.653409,48.475209],[-71.653337,48.475465],[-71.654074,48.475614],[-71.65402,48.475745],[-71.653283,48.475614],[-71.653086,48.47587],[-71.652897,48.47584],[-71.65296,48.475555],[-71.652205,48.475412],[-71.652259,48.475281],[-71.653032,48.475412],[-71.653175,48.475168],[-71.653409,48.475209]]]]}},{"type":"Feature","properties":{"owner1":"BOUCHARD JEREMIE","owner2":null,"matricule":"1971-54-1641","street":"LAROUCHE","civicLow":"147","civicHigh":"0","valueLand":"29900","valueBuilding":"116200","valueTotal":"146100","mailAddr":"147 RUE LAROUCHE","mailCity":"SAINT-BRUNO, QC.","mun":"Saint-Bruno"},"geometry":{"type":"MultiPolygon","coordinates":[[[[-71.653786,48.475704],[-71.653669,48.475977],[-71.653427,48.475936],[-71.653544,48.475656],[-71.653786,48.475704]]]]}},{"type":"Feature","properties":{"owner1":"THEBERGE FREDERICK","owner2":"LAMBERT NOEMIE","matricule":"1971-73-9688","street":"BOISE","civicLow":"180","civicHigh":"0","valueLand":"28500","valueBuilding":"229900","valueTotal":"258400","mailAddr":"180 RUE DU BOISE","mailCity":"SAINT-BRUNO, QC.","mun":"Saint-Bruno"},"geometry":{"type":"MultiPolygon","coordinates":[[[[-71.649977,48.475269],[-71.64987,48.475531],[-71.649627,48.475489],[-71.649735,48.475221],[-71.649977,48.475269]]]]}},{"type":"Feature","properties":{"owner1":"BOUCHARD JEAN-FRANCOIS","owner2":null,"matricule":"1971-83-1283","street":"BOISE","civicLow":"190","civicHigh":"0","valueLand":"21800","valueBuilding":"138900","valueTotal":"160700","mailAddr":"190 RUE DU BOISE","mailCity":"SAINT-BRUNO, QC.","mun":"Saint-Bruno"},"geometry":{"type":"MultiPolygon","coordinates":[[[[-71.649735,48.475221],[-71.649627,48.475489],[-71.649447,48.475453],[-71.649555,48.475191],[-71.649735,48.475221]]]]}},{"type":"Feature","properties":{"owner1":"HAMEL DENISE","owner2":null,"matricule":"2571-74-5120","street":"Adresse non codifiée","civicLow":"0","civicHigh":"0","valueLand":"141400","valueBuilding":"55300","valueTotal":"196700","mailAddr":"1394 HUITIEME RANG NORD","mailCity":"SAINT-BRUNO, QC.","mun":"Saint-Bruno"},"geometry":{"type":"MultiPolygon","coordinates":[[[[-71.563209,48.479104],[-71.562455,48.476543],[-71.562616,48.474012],[-71.563559,48.471773],[-71.576064,48.473839],[-71.575884,48.477669],[-71.57504,48.477615],[-71.575022,48.478109],[-71.575166,48.478109],[-71.575166,48.478336],[-71.5753,48.478336],[-71.5753,48.478604],[-71.575705,48.478598],[-71.575723,48.478735],[-71.575247,48.478711],[-71.574788,48.478872],[-71.574483,48.479699],[-71.575732,48.479908],[-71.575453,48.480652],[-71.575049,48.481212],[-71.563209,48.479104]]],[[[-71.575938,48.479711],[-71.575938,48.479562],[-71.576657,48.479628],[-71.576648,48.47908],[-71.576837,48.479098],[-71.576846,48.478371],[-71.575911,48.478288],[-71.576028,48.477752],[-71.583206,48.479032],[-71.582298,48.481283],[-71.575768,48.480122],[-71.575938,48.479711]]]]}},{"type":"Feature","properties":{"owner1":"COTE JEAN-PHILIP","owner2":"RACINE ALLYSON","matricule":"2571-25-9985","street":"HUITIEME RANG NORD","civicLow":"1392","civicHigh":"0","valueLand":"36100","valueBuilding":"108900","valueTotal":"145000","mailAddr":"1392 HUITIEME RANG NORD","mailCity":"SAINT-BRUNO, QC.","mun":"Saint-Bruno"},"geometry":{"type":"MultiPolygon","coordinates":[[[[-71.575759,48.478103],[-71.575022,48.478109],[-71.57504,48.477615],[-71.575848,48.477669],[-71.575759,48.478103]]]]}},{"type":"Feature","properties":{"owner1":"BOILY GILLES","owner2":"PILOTE LINDA","matricule":"1970-64-8385","street":"NORMANDIE","civicLow":"247","civicHigh":"0","valueLand":"28100","valueBuilding":"106200","valueTotal":"134300","mailAddr":"247 RUE NORMANDIE","mailCity":"SAINT-BRUNO, QC.","mun":"Saint-Bruno"},"geometry":{"type":"MultiPolygon","coordinates":[[[[-71.651307,48.467217],[-71.651244,48.467377],[-71.651037,48.467336],[-71.650948,48.467133],[-71.651325,48.467145],[-71.651307,48.467217]]]]}},{"type":"Feature","properties":{"owner1":"BELLEHUMEUR LYNE","owner2":null,"matricule":"1970-74-0486","street":"LECLERC","civicLow":"258","civicHigh":"0","valueLand":"29200","valueBuilding":"82200","valueTotal":"111400","mailAddr":"24 RUE DOLLARD","mailCity":"VILLE-MARIE, QC.","mun":"Saint-Bruno"},"geometry":{"type":"MultiPolygon","coordinates":[[[[-71.650642,48.467217],[-71.650921,48.467074],[-71.651037,48.467336],[-71.650867,48.467413],[-71.650642,48.467217]]]]}},{"type":"Feature","properties":{"owner1":"BOUCHARD RAYNALD","owner2":"GAGNE JOHANNE","matricule":"1970-64-8659","street":"NORMANDIE","civicLow":"257","civicHigh":"0","valueLand":"36800","valueBuilding":"109000","valueTotal":"145800","mailAddr":"257 RUE NORMANDIE","mailCity":"SAINT-BRUNO, QC.","mun":"Saint-Bruno"},"geometry":{"type":"MultiPolygon","coordinates":[[[[-71.650921,48.467074],[-71.651064,48.466829],[-71.651325,48.467145],[-71.650921,48.467074]]]]}},{"type":"Feature","properties":{"owner1":"OUELLET PASCAL","owner2":"SAVARD ISABELLE","matricule":"2071-00-6585","street":"OEILLETS","civicLow":"695","civicHigh":"0","valueLand":"39500","valueBuilding":"224600","valueTotal":"264100","mailAddr":"695 AVENUE DES OEILLETS","mailCity":"SAINT-BRUNO, QC.","mun":"Saint-Bruno"},"geometry":{"type":"MultiPolygon","coordinates":[[[[-71.64633,48.472642],[-71.646249,48.472851],[-71.645854,48.472779],[-71.645926,48.472589],[-71.64633,48.472642]]]]}},{"type":"Feature","properties":{"owner1":"TREMBLAY ALEXANDRE","owner2":"DALLAIRE VERONIQUE","matricule":"2070-18-2975","street":"BEAUMONT","civicLow":"595","civicHigh":"0","valueLand":"38900","valueBuilding":"199800","valueTotal":"238700","mailAddr":"595 PLATEAU BEAUMONT","mailCity":"SAINT-BRUNO, QC.","mun":"Saint-Bruno"},"geometry":{"type":"MultiPolygon","coordinates":[[[[-71.645414,48.470766],[-71.645324,48.470981],[-71.644965,48.470915],[-71.645073,48.470647],[-71.645414,48.470766]]]]}},{"type":"Feature","properties":{"owner1":"DUBOIS JACQUES","owner2":"THIVIERGE LINE","matricule":"2070-18-5268","street":"BEAUMONT","civicLow":"585","civicHigh":"0","valueLand":"34000","valueBuilding":"197100","valueTotal":"231100","mailAddr":"585 PLATEAU BEAUMONT","mailCity":"SAINT-BRUNO, QC.","mun":"Saint-Bruno"},"geometry":{"type":"MultiPolygon","coordinates":[[[[-71.644848,48.470891],[-71.644686,48.470862],[-71.644794,48.4706],[-71.645073,48.470647],[-71.644965,48.470915],[-71.644848,48.470891]]]]}},{"type":"Feature","properties":{"owner1":"GRENIER BERNARD","owner2":"GAGNE CORINNE","matricule":"2070-19-4157","street":"BEAUMONT","civicLow":"625","civicHigh":"0","valueLand":"48100","valueBuilding":"283200","valueTotal":"331300","mailAddr":"625 PLATEAU BEAUMONT","mailCity":"SAINT-BRUNO, QC.","mun":"Saint-Bruno"},"geometry":{"type":"MultiPolygon","coordinates":[[[[-71.64527,48.471457],[-71.645198,48.471779],[-71.644668,48.471475],[-71.645144,48.471356],[-71.64527,48.471457]]]]}},{"type":"Feature","properties":{"owner1":"MUNICIPALITE DE SAINT-BRUNO","owner2":null,"matricule":"1970-39-0880","street":"FABRIQUE","civicLow":"861","civicHigh":"0","valueLand":"26400","valueBuilding":"0","valueTotal":"26400","mailAddr":"563 RUE SAINT-ALPHONSE","mailCity":"SAINT-BRUNO, QC.","mun":"Saint-Bruno"},"geometry":{"type":"MultiPolygon","coordinates":[[[[-71.656535,48.471594],[-71.656463,48.471755],[-71.656104,48.471689],[-71.656167,48.471529],[-71.656535,48.471594]]]]}},{"type":"Feature","properties":{"owner1":"DAIGLE DANIEL","owner2":null,"matricule":"1970-39-0361","street":"FABRIQUE","civicLow":"851","civicHigh":"0","valueLand":"29700","valueBuilding":"210200","valueTotal":"239900","mailAddr":"851 AVENUE DE LA FABRIQUE","mailCity":"SAINT-BRUNO, QC.","mun":"Saint-Bruno"},"geometry":{"type":"MultiPolygon","coordinates":[[[[-71.656607,48.471416],[-71.656535,48.471594],[-71.656167,48.471529],[-71.656239,48.47135],[-71.656607,48.471416]]]]}},{"type":"Feature","properties":{"owner1":"MUNICIPALITE DE SAINT-BRUNO","owner2":null,"matricule":"1970-29-9741","street":"FABRIQUE","civicLow":"841","civicHigh":"0","valueLand":"29700","valueBuilding":"0","valueTotal":"29700","mailAddr":"563 RUE SAINT-ALPHONSE","mailCity":"SAINT-BRUNO, QC.","mun":"Saint-Bruno"},"geometry":{"type":"MultiPolygon","coordinates":[[[[-71.656679,48.471237],[-71.656607,48.471416],[-71.656239,48.47135],[-71.656311,48.471171],[-71.656679,48.471237]]]]}},{"type":"Feature","properties":{"owner1":"MUNICIPALITE DE SAINT-BRUNO","owner2":null,"matricule":"1970-88-2222","street":"JAUVIN","civicLow":"0","civicHigh":"0","valueLand":"849000","valueBuilding":"348900","valueTotal":"1197900","mailAddr":"563 AVENUE ST-ALPHONSE","mailCity":"SAINT-BRUNO, QC.","mun":"Saint-Bruno"},"geometry":{"type":"MultiPolygon","coordinates":[[[[-71.647516,48.470522],[-71.647947,48.469492],[-71.651675,48.470177],[-71.651639,48.470266],[-71.651226,48.470195],[-71.650696,48.471094],[-71.647516,48.470522]]]]}},{"type":"Feature","properties":{"owner1":"MUNICIPALITE DE SAINT-BRUNO","owner2":null,"matricule":"2070-08-8489","street":"BEAUMONT","civicLow":"0","civicHigh":"0","valueLand":"7900","valueBuilding":"0","valueTotal":"7900","mailAddr":"563 AVENUE SAINT-ALPHONSE","mailCity":"SAINT-BRUNO, QC.","mun":"Saint-Bruno"},"geometry":{"type":"MultiPolygon","coordinates":[[[[-71.64607,48.470939],[-71.64554,48.470969],[-71.64607,48.470903],[-71.64607,48.470939]]]]}},{"type":"Feature","properties":{"owner1":"LABBE MARC-OLIVIER","owner2":"BOIVIN GABRIELLE","matricule":"2070-36-0279","street":"PIONNIERS","civicLow":"460","civicHigh":"0","valueLand":"59500","valueBuilding":"253100","valueTotal":"312600","mailAddr":"460 RUE DES PIONNIERS","mailCity":"SAINT-BRUNO, QC.","mun":"Saint-Bruno"},"geometry":{"type":"MultiPolygon","coordinates":[[[[-71.642414,48.469081],[-71.642683,48.468866],[-71.643231,48.468938],[-71.643267,48.469069],[-71.642917,48.469331],[-71.642414,48.469081]]]]}},{"type":"Feature","properties":{"owner1":"SIMARD GUILLAUME","owner2":"BOIVIN MARIE-EVE","matricule":"2070-26-6831","street":"PIONNIERS","civicLow":"480","civicHigh":"0","valueLand":"35200","valueBuilding":"175100","valueTotal":"210300","mailAddr":"480 RUE DES PIONNIERS","mailCity":"SAINT-BRUNO, QC.","mun":"Saint-Bruno"},"geometry":{"type":"MultiPolygon","coordinates":[[[[-71.643015,48.468598],[-71.643186,48.468461],[-71.643536,48.468676],[-71.643348,48.468807],[-71.643015,48.468598]]]]}},{"type":"Feature","properties":{"owner1":"HAMEL DENISE","owner2":null,"matricule":"2571-26-9536","street":"HUITIEME RANG NORD","civicLow":"1394","civicHigh":"0","valueLand":"29500","valueBuilding":"67200","valueTotal":"96700","mailAddr":"1394 HUITIEME RANG NORD","mailCity":"SAINT-BRUNO, QC.","mun":"Saint-Bruno"},"geometry":{"type":"MultiPolygon","coordinates":[[[[-71.575705,48.47855],[-71.5753,48.478604],[-71.575166,48.478109],[-71.575759,48.478103],[-71.575705,48.47855]]]]}},{"type":"Feature","properties":{"owner1":"LAVOIE LAURENT","owner2":null,"matricule":"2571-37-1844","street":"HUITIEME RANG NORD","civicLow":"0","civicHigh":"0","valueLand":"16500","valueBuilding":"4000","valueTotal":"20500","mailAddr":"1398 RANG 8 NORD","mailCity":"SAINT-BRUNO, QC","mun":"Saint-Bruno"},"geometry":{"type":"MultiPolygon","coordinates":[[[[-71.575732,48.479908],[-71.574483,48.479699],[-71.574788,48.478872],[-71.575247,48.478711],[-71.575723,48.478735],[-71.575732,48.479908]]]]}},{"type":"Feature","properties":{"owner1":"MUNGER JEAN-DANIEL","owner2":null,"matricule":"2571-26-2772","street":"HUITIEME RANG NORD","civicLow":"1395","civicHigh":"0","valueLand":"34900","valueBuilding":"127300","valueTotal":"162200","mailAddr":"1395 HUITIEME RANG NORD","mailCity":"SAINT-BRUNO, QC.","mun":"Saint-Bruno"},"geometry":{"type":"MultiPolygon","coordinates":[[[[-71.576648,48.47908],[-71.576181,48.479038],[-71.576127,48.47877],[-71.575884,48.478747],[-71.575947,48.478294],[-71.576846,48.478371],[-71.576837,48.479098],[-71.576648,48.47908]]]]}},{"type":"Feature","properties":{"owner1":"LAVOIE RONALD","owner2":null,"matricule":"2571-27-3740","street":"HUITIEME RANG NORD","civicLow":"1399","civicHigh":"0","valueLand":"30300","valueBuilding":"61600","valueTotal":"91900","mailAddr":"1399 HUITIEME RANG NORD","mailCity":"SAINT-BRUNO, QC.","mun":"Saint-Bruno"},"geometry":{"type":"MultiPolygon","coordinates":[[[[-71.575938,48.479015],[-71.575884,48.478747],[-71.576127,48.47877],[-71.576181,48.479038],[-71.576648,48.47908],[-71.576657,48.479628],[-71.575938,48.479562],[-71.575938,48.479015]]]]}},{"type":"Feature","properties":{"owner1":"LEMIEUX JEAN","owner2":null,"matricule":"1972-96-3207","street":"ST-ALPHONSE NORD","civicLow":"1251","civicHigh":"1261","valueLand":"26300","valueBuilding":"138100","valueTotal":"164400","mailAddr":"1241 ROUTE SAINT-ALPHONSE","mailCity":"SAINT-BRUNO, QC.","mun":"Saint-Bruno"},"geometry":{"type":"MultiPolygon","coordinates":[[[[-71.647759,48.486505],[-71.647821,48.486154],[-71.648522,48.486285],[-71.648648,48.486148],[-71.648899,48.486196],[-71.648567,48.486511],[-71.648289,48.486458],[-71.648253,48.486535],[-71.647983,48.486529],[-71.647884,48.486767],[-71.647687,48.486737],[-71.647759,48.486505]]]]}},{"type":"Feature","properties":{"owner1":"BOUCHARD SEBASTIEN","owner2":"LESSARD ANNIE-PIER","matricule":"1970-26-1522","street":"MOISSONS","civicLow":"121","civicHigh":"127","valueLand":"42300","valueBuilding":"376500","valueTotal":"418800","mailAddr":"216 RUE LAJOIE","mailCity":"SAINT-BRUNO, QC.","mun":"Saint-Bruno"},"geometry":{"type":"MultiPolygon","coordinates":[[[[-71.657757,48.468378],[-71.657676,48.468586],[-71.657236,48.468509],[-71.657344,48.468247],[-71.657757,48.468378]]]]}},{"type":"Feature","properties":{"owner1":"9289-1746 QUEBEC INC","owner2":null,"matricule":"1970-26-2351","street":"PRES","civicLow":"367","civicHigh":"373","valueLand":"42500","valueBuilding":"394900","valueTotal":"437400","mailAddr":"540 RUE SACRE-COEUR OUEST APP 3","mailCity":"ALMA, QC","mun":"Saint-Bruno"},"geometry":{"type":"MultiPolygon","coordinates":[[[[-71.657676,48.468586],[-71.657568,48.468849],[-71.657137,48.468771],[-71.657236,48.468509],[-71.657676,48.468586]]]]}},{"type":"Feature","properties":{"owner1":"LEMIEUX JEAN","owner2":null,"matricule":"1972-95-2875","street":"ST-ALPHONSE NORD","civicLow":"1241","civicHigh":"0","valueLand":"27600","valueBuilding":"196700","valueTotal":"224300","mailAddr":"1241 ROUTE SAINT-ALPHONSE","mailCity":"SAINT-BRUNO, QC.","mun":"Saint-Bruno"},"geometry":{"type":"MultiPolygon","coordinates":[[[[-71.648908,48.486094],[-71.648899,48.486196],[-71.648648,48.486148],[-71.648522,48.486285],[-71.647821,48.486154],[-71.647929,48.485826],[-71.648908,48.486094]]]]}},{"type":"Feature","properties":{"owner1":"MUNICIPALITE DE SAINT-BRUNO","owner2":null,"matricule":"1970-69-3941","street":"QUATRE-H","civicLow":"550","civicHigh":"0","valueLand":"26600","valueBuilding":"412500","valueTotal":"439100","mailAddr":"563 AVENUE ST-ALPHONSE","mailCity":"SAINT-BRUNO, QC.","mun":"Saint-Bruno"},"geometry":{"type":"MultiPolygon","coordinates":[[[[-71.65216,48.471356],[-71.65207,48.471547],[-71.651945,48.471517],[-71.65199,48.47141],[-71.651487,48.47132],[-71.651523,48.471237],[-71.65216,48.471356]]]]}},{"type":"Feature","properties":{"owner1":"PELLETIER STEPHANE","owner2":"VILLENEUVE CAROLINE","matricule":"1971-90-7442","street":"TULIPES","civicLow":"665","civicHigh":"0","valueLand":"32900","valueBuilding":"184000","valueTotal":"216900","mailAddr":"665 AVENUE DES TULIPES","mailCity":"SAINT-BRUNO, QC.","mun":"Saint-Bruno"},"geometry":{"type":"MultiPolygon","coordinates":[[[[-71.647561,48.472237],[-71.647489,48.472422],[-71.647085,48.472351],[-71.647166,48.472166],[-71.647561,48.472237]]]]}},{"type":"Feature","properties":{"owner1":"SIMARD FRANCINE","owner2":null,"matricule":"1769-59-7708","street":"QUATRIEME RANG SUD","civicLow":"76","civicHigh":"0","valueLand":"23800","valueBuilding":"111300","valueTotal":"135100","mailAddr":"76 QUATRIEME RANG SUD","mailCity":"SAINT-BRUNO, QC.","mun":"Saint-Bruno"},"geometry":{"type":"MultiPolygon","coordinates":[[[[-71.679873,48.461558],[-71.679622,48.462082],[-71.679137,48.461981],[-71.679379,48.461456],[-71.679873,48.461558]]]]}},{"type":"Feature","properties":{"owner1":"BOUCHARD PIERRE-PAUL","owner2":null,"matricule":"2073-23-8140","street":"ST-ALPHONSE NORD","civicLow":"1570","civicHigh":"0","valueLand":"66900","valueBuilding":"105700","valueTotal":"172600","mailAddr":"1570 ROUTE ST-ALPHONSE NORD","mailCity":"SAINT-BRUNO, QC.","mun":"Saint-Bruno"},"geometry":{"type":"MultiPolygon","coordinates":[[[[-71.644408,48.493405],[-71.644318,48.493858],[-71.643114,48.493697],[-71.643492,48.49284],[-71.644183,48.492],[-71.644722,48.492542],[-71.644605,48.492852],[-71.643986,48.492739],[-71.643779,48.493292],[-71.644408,48.493405]]]]}},{"type":"Feature","properties":{"owner1":"BOUCHARD PIERRE-PAUL","owner2":null,"matricule":"2073-23-4464","street":"ST-ALPHONSE NORD","civicLow":"1564","civicHigh":"1566","valueLand":"22100","valueBuilding":"151800","valueTotal":"173900","mailAddr":"1570 ROUTE ST-ALPHONSE NORD","mailCity":"SAINT-BRUNO, QC.","mun":"Saint-Bruno"},"geometry":{"type":"MultiPolygon","coordinates":[[[[-71.643779,48.493292],[-71.643878,48.493013],[-71.644498,48.493132],[-71.644408,48.493405],[-71.643779,48.493292]]]]}},{"type":"Feature","properties":{"owner1":"BOUCHARD PIERRE-PAUL","owner2":null,"matricule":"2073-23-3633","street":"ST-ALPHONSE NORD","civicLow":"1560","civicHigh":"1562","valueLand":"22100","valueBuilding":"149600","valueTotal":"171700","mailAddr":"1570 ROUTE ST-ALPHONSE NORD","mailCity":"SAINT-BRUNO, QC.","mun":"Saint-Bruno"},"geometry":{"type":"MultiPolygon","coordinates":[[[[-71.644605,48.492852],[-71.644498,48.493132],[-71.643878,48.493013],[-71.643986,48.492739],[-71.644605,48.492852]]]]}},{"type":"Feature","properties":{"owner1":"JEAN ANDRE","owner2":null,"matricule":"2072-58-7473","street":"ST-ALPHONSE NORD","civicLow":"1450","civicHigh":"1460","valueLand":"263600","valueBuilding":"509100","valueTotal":"772700","mailAddr":"1460 ROUTE ST-ALPHONSE NORD","mailCity":"SAINT-BRUNO, QC.","mun":"Saint-Bruno"},"geometry":{"type":"MultiPolygon","coordinates":[[[[-71.637428,48.49259],[-71.634976,48.490238],[-71.634311,48.489006],[-71.634257,48.488012],[-71.635137,48.483635],[-71.64554,48.485529],[-71.647049,48.486535],[-71.647094,48.486982],[-71.64677,48.487803],[-71.646285,48.487702],[-71.646115,48.488125],[-71.646609,48.488232],[-71.646438,48.488863],[-71.645755,48.488738],[-71.645279,48.489601],[-71.646079,48.489738],[-71.645692,48.490661],[-71.640716,48.489661],[-71.641246,48.488387],[-71.641066,48.488357],[-71.640689,48.48928],[-71.640365,48.489214],[-71.640204,48.489601],[-71.645683,48.490697],[-71.645333,48.491441],[-71.645037,48.491387],[-71.644974,48.491518],[-71.644767,48.491477],[-71.644713,48.491804],[-71.645055,48.491935],[-71.644722,48.492542],[-71.644183,48.492],[-71.643492,48.49284],[-71.643141,48.493638],[-71.637428,48.49259]]]]}},{"type":"Feature","properties":{"owner1":"9118-6239 QUEBEC INC","owner2":null,"matricule":"2172-51-0378","street":"SIXIEME RANG NORD","civicLow":"1360","civicHigh":"0","valueLand":"47300","valueBuilding":"81400","valueTotal":"128700","mailAddr":"1360 SIXIEME RANG NORD","mailCity":"SAINT-BRUNO, QC.","mun":"Saint-Bruno"},"geometry":{"type":"MultiPolygon","coordinates":[[[[-71.627564,48.482564],[-71.627358,48.483087],[-71.626199,48.482831],[-71.626388,48.482361],[-71.627564,48.482564]]]]}},{"type":"Feature","properties":{"owner1":"NERON GASTON","owner2":null,"matricule":"2070-15-1970","street":"PIONNIERS","civicLow":"560","civicHigh":"0","valueLand":"34300","valueBuilding":"199700","valueTotal":"234000","mailAddr":"560 RUE DES PIONNIERS","mailCity":"SAINT-BRUNO, QC.","mun":"Saint-Bruno"},"geometry":{"type":"MultiPolygon","coordinates":[[[[-71.645423,48.467925],[-71.645387,48.468223],[-71.645118,48.468205],[-71.645153,48.467907],[-71.645423,48.467925]]]]}},{"type":"Feature","properties":{"owner1":"DALLAIRE ROBIN","owner2":"THIBEAULT LISE","matricule":"2070-05-9772","street":"PIONNIERS","civicLow":"570","civicHigh":"0","valueLand":"38900","valueBuilding":"281900","valueTotal":"320800","mailAddr":"570 RUE DES PIONNIERS","mailCity":"SAINT-BRUNO, QC.","mun":"Saint-Bruno"},"geometry":{"type":"MultiPolygon","coordinates":[[[[-71.645755,48.467943],[-71.645719,48.468247],[-71.645387,48.468223],[-71.645423,48.467925],[-71.645755,48.467943]]]]}},{"type":"Feature","properties":{"owner1":"TREMBLAY MARIE-CATHERINE","owner2":null,"matricule":"1970-15-4659","street":"PRES","civicLow":"354","civicHigh":"0","valueLand":"23900","valueBuilding":"195200","valueTotal":"219100","mailAddr":"354 RUE DES PRES","mailCity":"SAINT-BRUNO, QC.","mun":"Saint-Bruno"},"geometry":{"type":"MultiPolygon","coordinates":[[[[-71.658179,48.46786],[-71.658233,48.467741],[-71.658664,48.467818],[-71.658619,48.467937],[-71.658179,48.46786]]]]}},{"type":"Feature","properties":{"owner1":"TREMBLAY JEAN-MICHEL","owner2":null,"matricule":"1970-15-4246","street":"PRES","civicLow":"352","civicHigh":"0","valueLand":"23900","valueBuilding":"196300","valueTotal":"220200","mailAddr":"352 RUE DES PRES","mailCity":"SAINT-BRUNO, QC.","mun":"Saint-Bruno"},"geometry":{"type":"MultiPolygon","coordinates":[[[[-71.658233,48.467741],[-71.658278,48.467616],[-71.658718,48.467699],[-71.658664,48.467818],[-71.658233,48.467741]]]]}},{"type":"Feature","properties":{"owner1":"BOUCHARD DANIEL","owner2":"LAMIRANDE ANNIE","matricule":"2071-02-3109","street":"CEDRES","civicLow":"295","civicHigh":"0","valueLand":"33100","valueBuilding":"205500","valueTotal":"238600","mailAddr":"295 RUE DES CEDRES","mailCity":"SAINT-BRUNO, QC.","mun":"Saint-Bruno"},"geometry":{"type":"MultiPolygon","coordinates":[[[[-71.646761,48.473685],[-71.646663,48.473953],[-71.64642,48.473905],[-71.646528,48.473643],[-71.646761,48.473685]]]]}},{"type":"Feature","properties":{"owner1":"SIMARD DANIEL","owner2":"PEREAULT GENEVIEVE","matricule":"2071-02-1313","street":"CEDRES","civicLow":"285","civicHigh":"0","valueLand":"28800","valueBuilding":"186500","valueTotal":"215300","mailAddr":"285 RUE DES CEDRES","mailCity":"SAINT-BRUNO, QC.","mun":"Saint-Bruno"},"geometry":{"type":"MultiPolygon","coordinates":[[[[-71.646833,48.473982],[-71.646663,48.473953],[-71.646761,48.473685],[-71.647004,48.473726],[-71.646833,48.473982]]]]}},{"type":"Feature","properties":{"owner1":"LABONTE DANY","owner2":"BRISSON JENNY","matricule":"1971-92-9219","street":"CEDRES","civicLow":"275","civicHigh":"0","valueLand":"37200","valueBuilding":"213900","valueTotal":"251100","mailAddr":"275 RUE DES CEDRES","mailCity":"SAINT-BRUNO, QC.","mun":"Saint-Bruno"},"geometry":{"type":"MultiPolygon","coordinates":[[[[-71.647318,48.473839],[-71.647229,48.474054],[-71.646896,48.473994],[-71.647004,48.473726],[-71.647318,48.473839]]]]}},{"type":"Feature","properties":{"owner1":"LAROUCHE DANIEL","owner2":"EMOND MARLENE","matricule":"1971-60-0391","street":"ETUDIANTS","civicLow":"640","civicHigh":"0","valueLand":"33100","valueBuilding":"107200","valueTotal":"140300","mailAddr":"640 AVENUE DES ETUDIANTS","mailCity":"SAINT-BRUNO, QC.","mun":"Saint-Bruno"},"geometry":{"type":"MultiPolygon","coordinates":[[[[-71.652151,48.472559],[-71.652609,48.472642],[-71.652547,48.472803],[-71.652088,48.47272],[-71.652151,48.472559]]]]}},{"type":"Feature","properties":{"owner1":"GAGNON KEVIN","owner2":"TREMBLAY JULIE","matricule":"1971-61-0808","street":"ETUDIANTS","civicLow":"650","civicHigh":"0","valueLand":"33100","valueBuilding":"109500","valueTotal":"142600","mailAddr":"650 AVENUE DES ETUDIANTS","mailCity":"SAINT-BRUNO, QC.","mun":"Saint-Bruno"},"geometry":{"type":"MultiPolygon","coordinates":[[[[-71.652502,48.472922],[-71.652026,48.472881],[-71.652088,48.47272],[-71.652547,48.472803],[-71.652502,48.472922]]]]}},{"type":"Feature","properties":{"owner1":"MUNICIPALITE DE SAINT-BRUNO","owner2":null,"matricule":"1971-55-6952","street":"THIBEAULT","civicLow":"850","civicHigh":"0","valueLand":"23700","valueBuilding":"0","valueTotal":"23700","mailAddr":"563 AVENUE ST-ALPHONSE","mailCity":"SAINT-BRUNO, QC.","mun":"Saint-Bruno"},"geometry":{"type":"MultiPolygon","coordinates":[[[[-71.652681,48.476859],[-71.652735,48.476728],[-71.65313,48.476799],[-71.653077,48.47693],[-71.652681,48.476859]]]]}},{"type":"Feature","properties":{"owner1":"AUDET TOMMY","owner2":null,"matricule":"1971-55-7470","street":"THIBEAULT","civicLow":"858","civicHigh":"0","valueLand":"33200","valueBuilding":"132600","valueTotal":"165800","mailAddr":"858 AVENUE THIBEAULT","mailCity":"SAINT-BRUNO, QC.","mun":"Saint-Bruno"},"geometry":{"type":"MultiPolygon","coordinates":[[[[-71.6526,48.477043],[-71.652681,48.476859],[-71.653077,48.47693],[-71.653005,48.477115],[-71.6526,48.477043]]]]}},{"type":"Feature","properties":{"owner1":"FILLION MAXIME","owner2":"TREMBLAY AUDREY","matricule":"1970-98-7001","street":"JAUVIN","civicLow":"310","civicHigh":"0","valueLand":"38600","valueBuilding":"185400","valueTotal":"224000","mailAddr":"310 RUE JAUVIN","mailCity":"SAINT-BRUNO, QC.","mun":"Saint-Bruno"},"geometry":{"type":"MultiPolygon","coordinates":[[[[-71.647534,48.469974],[-71.647381,48.470367],[-71.64713,48.470212],[-71.6473,48.469921],[-71.647534,48.469974]]]]}},{"type":"Feature","properties":{"owner1":"MUNICIPALITE DE SAINT-BRUNO","owner2":null,"matricule":"1970-98-5409","street":"JAUVIN","civicLow":"300","civicHigh":"0","valueLand":"12300","valueBuilding":"0","valueTotal":"12300","mailAddr":"563 AVENUE ST-ALPHONSE","mailCity":"SAINT-BRUNO, QC.","mun":"Saint-Bruno"},"geometry":{"type":"MultiPolygon","coordinates":[[[[-71.647741,48.469998],[-71.647534,48.470475],[-71.647381,48.470367],[-71.647498,48.469956],[-71.647741,48.469998]]]]}},{"type":"Feature","properties":{"owner1":"GAUTHIER SEBASTIEN","owner2":"CARBONNEAU STEPHANIE","matricule":"1970-97-9541","street":"PARC","civicLow":"375","civicHigh":"0","valueLand":"46300","valueBuilding":"182900","valueTotal":"229200","mailAddr":"375 RUE DU PARC","mailCity":"SAINT-BRUNO, QC.","mun":"Saint-Bruno"},"geometry":{"type":"MultiPolygon","coordinates":[[[[-71.64722,48.469361],[-71.647013,48.469867],[-71.646752,48.469819],[-71.646941,48.469349],[-71.64722,48.469361]]]]}},{"type":"Feature","properties":{"owner1":"BOUCHARD MARIO","owner2":null,"matricule":"1970-97-7646","street":"PARC","civicLow":"365","civicHigh":"0","valueLand":"44900","valueBuilding":"146000","valueTotal":"190900","mailAddr":"365 RUE DU PARC","mailCity":"SAINT-BRUNO, QC.","mun":"Saint-Bruno"},"geometry":{"type":"MultiPolygon","coordinates":[[[[-71.647013,48.469867],[-71.64722,48.469361],[-71.647471,48.469408],[-71.647264,48.469915],[-71.647013,48.469867]]]]}},{"type":"Feature","properties":{"owner1":"TREMBLAY CARL","owner2":"BERNIER KARINE","matricule":"1970-97-5852","street":"PARC","civicLow":"355","civicHigh":"0","valueLand":"44000","valueBuilding":"137100","valueTotal":"181100","mailAddr":"355 RUE DU PARC","mailCity":"SAINT-BRUNO, QC.","mun":"Saint-Bruno"},"geometry":{"type":"MultiPolygon","coordinates":[[[[-71.647705,48.46945],[-71.647498,48.469956],[-71.647264,48.469915],[-71.647471,48.469408],[-71.647705,48.46945]]]]}},{"type":"Feature","properties":{"owner1":"BOUCHARD GILLES","owner2":null,"matricule":"1972-83-6421","street":"ST-ALPHONSE NORD","civicLow":"1121","civicHigh":"0","valueLand":"34200","valueBuilding":"122800","valueTotal":"157000","mailAddr":"1121 ROUTE ST-ALPHONSE NORD","mailCity":"SAINT-BRUNO, QC.","mun":"Saint-Bruno"},"geometry":{"type":"MultiPolygon","coordinates":[[[[-71.648693,48.48404],[-71.649061,48.483385],[-71.649456,48.483457],[-71.649187,48.48413],[-71.648693,48.48404]]]]}},{"type":"Feature","properties":{"owner1":"2954-8161 QUEBEC INC","owner2":null,"matricule":"2267-79-0343","street":"Adresse non codifiée","civicLow":"0","civicHigh":"0","valueLand":"268900","valueBuilding":"0","valueTotal":"268900","mailAddr":"851 HUITIEME RANG SUD","mailCity":"SAINT-BRUNO, QC.","mun":"Saint-Bruno"},"geometry":{"type":"MultiPolygon","coordinates":[[[[-71.610353,48.443565],[-71.613209,48.436664],[-71.616641,48.437277],[-71.613775,48.44419],[-71.610353,48.443565]]],[[[-71.611188,48.446252],[-71.600049,48.444161],[-71.600453,48.442087],[-71.601199,48.441956],[-71.601181,48.44223],[-71.601756,48.442248],[-71.601765,48.442069],[-71.607433,48.443148],[-71.608179,48.443171],[-71.608727,48.443374],[-71.617081,48.444893],[-71.618402,48.444929],[-71.619533,48.445382],[-71.618689,48.447652],[-71.611188,48.446252]]]]}},{"type":"Feature","properties":{"owner1":"2331-3968 QUEBEC INC","owner2":null,"matricule":"2070-76-7981","street":"CHATEAU","civicLow":"575","civicHigh":"0","valueLand":"59300","valueBuilding":"297400","valueTotal":"356700","mailAddr":"575 AVENUE DU CHATEAU","mailCity":"SAINT-BRUNO, QC.","mun":"Saint-Bruno"},"geometry":{"type":"MultiPolygon","coordinates":[[[[-71.636107,48.469271],[-71.636036,48.468932],[-71.636673,48.46892],[-71.636691,48.469385],[-71.636125,48.469391],[-71.636107,48.469271]]]]}},{"type":"Feature","properties":{"owner1":"9042-7527 QUEBEC INC","owner2":null,"matricule":"2070-87-0319","street":"CHATEAU","civicLow":"585","civicHigh":"0","valueLand":"57200","valueBuilding":"67100","valueTotal":"124300","mailAddr":"585 AVENUE DU CHATEAU","mailCity":"SAINT-BRUNO, QC.","mun":"Saint-Bruno"},"geometry":{"type":"MultiPolygon","coordinates":[[[[-71.636161,48.469682],[-71.636152,48.469617],[-71.635461,48.469623],[-71.635353,48.469402],[-71.636691,48.469385],[-71.6367,48.46967],[-71.636161,48.469682]]]]}},{"type":"Feature","properties":{"owner1":"EBENISTERIE LAC-ST-JEAN INC.","owner2":null,"matricule":"2070-86-3181","street":"CHATEAU","civicLow":"0","civicHigh":"0","valueLand":"23100","valueBuilding":"0","valueTotal":"23100","mailAddr":"575 AVENUE DU CHATEAU","mailCity":"SAINT-BRUNO, QC.","mun":"Saint-Bruno"},"geometry":{"type":"MultiPolygon","coordinates":[[[[-71.636036,48.468932],[-71.636125,48.469391],[-71.635353,48.469402],[-71.635137,48.468944],[-71.636036,48.468932]]]]}},{"type":"Feature","properties":{"owner1":"TOITUREX INC.","owner2":null,"matricule":"2070-76-1115","street":"MELANCON","civicLow":"715","civicHigh":"0","valueLand":"88400","valueBuilding":"200300","valueTotal":"288700","mailAddr":"695 RUE MELANCON","mailCity":"SAINT-BRUNO, QC.","mun":"Saint-Bruno"},"geometry":{"type":"MultiPolygon","coordinates":[[[[-71.636844,48.468098],[-71.637617,48.468164],[-71.63767,48.468908],[-71.63688,48.46892],[-71.636844,48.468098]]]]}},{"type":"Feature","properties":{"owner1":"MARCHAND CLEMENT","owner2":null,"matricule":"1970-66-7919","street":"MELANCON","civicLow":"225","civicHigh":"0","valueLand":"47500","valueBuilding":"110900","valueTotal":"158400","mailAddr":"225 RUE MELANCON","mailCity":"SAINT-BRUNO, QC.","mun":"Saint-Bruno"},"geometry":{"type":"MultiPolygon","coordinates":[[[[-71.651549,48.46833],[-71.651415,48.468658],[-71.650912,48.468569],[-71.651046,48.468235],[-71.651549,48.46833]]]]}},{"type":"Feature","properties":{"owner1":"BEAUMONT ROSAIRE","owner2":null,"matricule":"1970-98-4714","street":"JAUVIN","civicLow":"0","civicHigh":"0","valueLand":"2300","valueBuilding":"0","valueTotal":"2300","mailAddr":"137 RUE JAUVIN","mailCity":"SAINT-BRUNO, QC.","mun":"Saint-Bruno"},"geometry":{"type":"MultiPolygon","coordinates":[[[[-71.647741,48.469998],[-71.647768,48.470004],[-71.647561,48.470498],[-71.647741,48.469998]]]]}},{"type":"Feature","properties":{"owner1":"MALTAIS JEAN-SEBASTIEN","owner2":null,"matricule":"1970-25-5309","street":"PRES","civicLow":"325","civicHigh":"331","valueLand":"40100","valueBuilding":"0","valueTotal":"40100","mailAddr":"346 RUE DES PRES","mailCity":"SAINT-BRUNO, QC.","mun":"Saint-Bruno"},"geometry":{"type":"MultiPolygon","coordinates":[[[[-71.656697,48.467502],[-71.656894,48.467228],[-71.657209,48.467282],[-71.657092,48.467568],[-71.656697,48.467502]]]]}},{"type":"Feature","properties":{"owner1":"MUNICIPALITE DE SAINT-BRUNO","owner2":null,"matricule":"1970-24-7797","street":"PRES","civicLow":"323","civicHigh":"0","valueLand":"39200","valueBuilding":"0","valueTotal":"39200","mailAddr":"563 AVENUE ST-ALPHONSE","mailCity":"SAINT-BRUNO, QC.","mun":"Saint-Bruno"},"geometry":{"type":"MultiPolygon","coordinates":[[[[-71.656625,48.467485],[-71.656652,48.467413],[-71.656302,48.467348],[-71.656733,48.467133],[-71.656894,48.467228],[-71.656625,48.467485]]]]}},{"type":"Feature","properties":{"owner1":"BHERER JEAN-CLAUDE","owner2":null,"matricule":"2070-13-0387","street":"LECLERC","civicLow":"405","civicHigh":"0","valueLand":"37600","valueBuilding":"114700","valueTotal":"152300","mailAddr":"405 RUE LECLERC","mailCity":"SAINT-BRUNO, QC.","mun":"Saint-Bruno"},"geometry":{"type":"MultiPolygon","coordinates":[[[[-71.64518,48.466371],[-71.645603,48.466275],[-71.645692,48.466484],[-71.645306,48.466573],[-71.64518,48.466371]]]]}},{"type":"Feature","properties":{"owner1":"FORTIN MELANY","owner2":"BOIVIN MICHAEL","matricule":"1971-83-0620","street":"LAROUCHE","civicLow":"168","civicHigh":"0","valueLand":"11200","valueBuilding":"124700","valueTotal":"135900","mailAddr":"168 RUE LAROUCHE","mailCity":"SAINT-BRUNO, QC.","mun":"Saint-Bruno"},"geometry":{"type":"MultiPolygon","coordinates":[[[[-71.649564,48.474643],[-71.649663,48.474632],[-71.649753,48.474894],[-71.649654,48.474905],[-71.649564,48.474643]]]]}},{"type":"Feature","properties":{"owner1":"RODGERS YVAN","owner2":null,"matricule":"1971-63-3553","street":"ST-ALPHONSE","civicLow":"791","civicHigh":"0","valueLand":"26600","valueBuilding":"38100","valueTotal":"64700","mailAddr":"791 AVENUE ST-ALPHONSE","mailCity":"SAINT-BRUNO, QC.","mun":"Saint-Bruno"},"geometry":{"type":"MultiPolygon","coordinates":[[[[-71.652196,48.475007],[-71.652142,48.475156],[-71.651738,48.475084],[-71.651801,48.474935],[-71.652196,48.475007]]]]}},{"type":"Feature","properties":{"owner1":"COTE SAMUEL","owner2":"FORTIN NADIA","matricule":"2071-12-1143","street":"OEILLETS","civicLow":"765","civicHigh":"0","valueLand":"42600","valueBuilding":"243800","valueTotal":"286400","mailAddr":"765 AVENUE DES OEILLETS","mailCity":"SAINT-BRUNO, QC.","mun":"Saint-Bruno"},"geometry":{"type":"MultiPolygon","coordinates":[[[[-71.645737,48.474012],[-71.645594,48.474387],[-71.645207,48.474048],[-71.645576,48.473929],[-71.645737,48.474012]]]]}},{"type":"Feature","properties":{"owner1":"BOILY CLAUDE","owner2":null,"matricule":"1974-62-6261","street":"ST-ALPHONSE NORD","civicLow":"1901","civicHigh":"0","valueLand":"54100","valueBuilding":"121000","valueTotal":"175100","mailAddr":"1901 ROUTE ST-ALPHONSE NORD","mailCity":"SAINT-BRUNO, QC.","mun":"Saint-Bruno"},"geometry":{"type":"MultiPolygon","coordinates":[[[[-71.653032,48.501031],[-71.652026,48.501674],[-71.651496,48.50137],[-71.652079,48.500793],[-71.653032,48.501031]]]]}},{"type":"Feature","properties":{"owner1":"FRADETTE RICHARD","owner2":null,"matricule":"1971-66-4861","street":"THIBEAULT","civicLow":"915","civicHigh":"0","valueLand":"28100","valueBuilding":"42400","valueTotal":"70500","mailAddr":"915 AVENUE THIBEAULT","mailCity":"SAINT-BRUNO, QC.","mun":"Saint-Bruno"},"geometry":{"type":"MultiPolygon","coordinates":[[[[-71.651621,48.477865],[-71.651693,48.477704],[-71.652088,48.477776],[-71.652026,48.477931],[-71.651621,48.477865]]]]}},{"type":"Feature","properties":{"owner1":"COMMISSION SCOLAIRE LAC-ST-JEAN","owner2":null,"matricule":"1970-69-3120","street":"JAUVIN","civicLow":"165","civicHigh":"0","valueLand":"83700","valueBuilding":"660400","valueTotal":"744100","mailAddr":"350 BOULEVARD CHAMPLAIN SUD","mailCity":"ALMA, QC.","mun":"Saint-Bruno"},"geometry":{"type":"MultiPolygon","coordinates":[[[[-71.652232,48.471279],[-71.651523,48.471237],[-71.651639,48.470945],[-71.652367,48.471082],[-71.652232,48.471279]]]]}},{"type":"Feature","properties":{"owner1":"ST-PIERRE MARCEL","owner2":"BOUCHARD CELINE","matricule":"1970-67-3637","street":"QUATRE-H","civicLow":"505","civicHigh":"0","valueLand":"26100","valueBuilding":"103300","valueTotal":"129400","mailAddr":"505 AVENUE QUATRE-H","mailCity":"SAINT-BRUNO, QC.","mun":"Saint-Bruno"},"geometry":{"type":"MultiPolygon","coordinates":[[[[-71.651666,48.469617],[-71.651774,48.469355],[-71.651999,48.469391],[-71.651891,48.469659],[-71.651666,48.469617]]]]}},{"type":"Feature","properties":{"owner1":"PLACEMENTS GERMAIN DALLAIRE","owner2":null,"matricule":"2070-34-7837","street":"MELANCON","civicLow":"560","civicHigh":"0","valueLand":"164500","valueBuilding":"224200","valueTotal":"388700","mailAddr":"560 RUE MELANCON","mailCity":"SAINT-BRUNO, QC.","mun":"Saint-Bruno"},"geometry":{"type":"MultiPolygon","coordinates":[[[[-71.641425,48.466353],[-71.641713,48.465656],[-71.642494,48.465799],[-71.642198,48.466454],[-71.641425,48.466353]]],[[[-71.640707,48.467211],[-71.640653,48.46668],[-71.640446,48.466317],[-71.643348,48.466841],[-71.643312,48.467074],[-71.641848,48.467222],[-71.640707,48.467211]]]]}},{"type":"Feature","properties":{"owner1":"GAGNON ROBERT","owner2":null,"matricule":"2469-27-6054","street":"Adresse non codifiée","civicLow":"0","civicHigh":"0","valueLand":"2500","valueBuilding":"0","valueTotal":"2500","mailAddr":"665 HUITIEME RANG NORD","mailCity":"SAINT-BRUNO, QC.","mun":"Saint-Bruno"},"geometry":{"type":"MultiPolygon","coordinates":[[[[-71.590221,48.461325],[-71.590114,48.461599],[-71.588012,48.46123],[-71.588012,48.461022],[-71.588371,48.460998],[-71.590221,48.461325]]]]}},{"type":"Feature","properties":{"owner1":"FERME GAGNON ST-BRUNO INC","owner2":null,"matricule":"2469-27-1330","street":"Adresse non codifiée","civicLow":"0","civicHigh":"0","valueLand":"2000","valueBuilding":"0","valueTotal":"2000","mailAddr":"665 HUITIEME RANG NORD","mailCity":"SAINT-BRUNO, QC.","mun":"Saint-Bruno"},"geometry":{"type":"MultiPolygon","coordinates":[[[[-71.588371,48.460998],[-71.590015,48.460825],[-71.590329,48.461045],[-71.590221,48.461325],[-71.588371,48.460998]]]]}},{"type":"Feature","properties":{"owner1":"FERME GAGNON ST-BRUNO INC","owner2":null,"matricule":"2569-07-1241","street":"HUITIEME RANG NORD","civicLow":"670","civicHigh":"0","valueLand":"116600","valueBuilding":"183800","valueTotal":"300400","mailAddr":"665 HUITIEME RANG NORD","mailCity":"SAINT-BRUNO, QC.","mun":"Saint-Bruno"},"geometry":{"type":"MultiPolygon","coordinates":[[[[-71.581562,48.462511],[-71.568078,48.460265],[-71.568734,48.458633],[-71.589844,48.462338],[-71.589152,48.463911],[-71.581562,48.462511]]]]}},{"type":"Feature","properties":{"owner1":"2954-8161 QUEBEC INC","owner2":null,"matricule":"2570-10-1183","street":"HUITIEME RANG NORD","civicLow":"851","civicHigh":"0","valueLand":"323400","valueBuilding":"40800","valueTotal":"364200","mailAddr":"851 HUITIEME RANG NORD","mailCity":"SAINT-BRUNO, QC.","mun":"Saint-Bruno"},"geometry":{"type":"MultiPolygon","coordinates":[[[[-71.58829,48.465489],[-71.588784,48.465179],[-71.588506,48.465864],[-71.587931,48.465769],[-71.58829,48.465489]]],[[[-71.584113,48.467955],[-71.566201,48.46481],[-71.568006,48.460253],[-71.581562,48.462511],[-71.589152,48.463911],[-71.588748,48.46481],[-71.588218,48.465328],[-71.588083,48.465442],[-71.587464,48.465328],[-71.58732,48.465584],[-71.587778,48.465668],[-71.58502,48.467502],[-71.584113,48.467955]]],[[[-71.584373,48.467997],[-71.585137,48.467574],[-71.585505,48.467836],[-71.586404,48.46727],[-71.586035,48.467008],[-71.587347,48.466186],[-71.588353,48.466383],[-71.587437,48.468533],[-71.584373,48.467997]]]]}},{"type":"Feature","properties":{"owner1":"BELANGER JOCELYN","owner2":"BOUCHARD ANNICK","matricule":"2470-21-6364","street":"HUITIEME RANG NORD","civicLow":"711","civicHigh":"0","valueLand":"29900","valueBuilding":"104800","valueTotal":"134700","mailAddr":"711 HUITIEME RANG NORD","mailCity":"SAINT-BRUNO, QC.","mun":"Saint-Bruno"},"geometry":{"type":"MultiPolygon","coordinates":[[[[-71.588703,48.465162],[-71.589072,48.464661],[-71.589467,48.464739],[-71.589242,48.465269],[-71.588703,48.465162]]]]}},{"type":"Feature","properties":{"owner1":"FERME BUTCH INC.","owner2":null,"matricule":"1969-83-5707","street":"ST-ALPHONSE SUD","civicLow":"70","civicHigh":"0","valueLand":"194500","valueBuilding":"230900","valueTotal":"425400","mailAddr":"76 ROUTE ST-ALPHONSE SUD","mailCity":"SAINT-BRUNO, QC.","mun":"Saint-Bruno"},"geometry":{"type":"MultiPolygon","coordinates":[[[[-71.651846,48.458496],[-71.638461,48.456041],[-71.639377,48.453754],[-71.659338,48.457453],[-71.659113,48.457995],[-71.658449,48.45787],[-71.658098,48.458716],[-71.658772,48.458841],[-71.658413,48.459729],[-71.651846,48.458496]]]]}},{"type":"Feature","properties":{"owner1":"BOUCHARD OMER","owner2":"FORTIN JACYNTHE","matricule":"2273-89-1983","street":"ST-ALPHONSE NORD","civicLow":"0","civicHigh":"0","valueLand":"49200","valueBuilding":"0","valueTotal":"49200","mailAddr":"1150 6E RANG NORD","mailCity":"SAINT-BRUNO, QC.","mun":"Saint-Bruno"},"geometry":{"type":"MultiPolygon","coordinates":[[[[-71.617764,48.501257],[-71.598567,48.497733],[-71.599034,48.496602],[-71.620288,48.500495],[-71.61983,48.501632],[-71.617764,48.501257]]]]}},{"type":"Feature","properties":{"owner1":"AUDET NICOLE","owner2":"TREMBLAY JACQUES","matricule":"2367-35-8891","street":"Adresse non codifiée","civicLow":"0","civicHigh":"0","valueLand":"3600","valueBuilding":"0","valueTotal":"3600","mailAddr":"227 HUITIEME RANG SUD","mailCity":"SAINT-BRUNO, QC.","mun":"Saint-Bruno"},"geometry":{"type":"MultiPolygon","coordinates":[[[[-71.600867,48.441813],[-71.599833,48.441676],[-71.600561,48.441682],[-71.601064,48.441842],[-71.600867,48.441813]]]]}},{"type":"Feature","properties":{"owner1":"BRISSON DUCHESNE JOEL","owner2":"C. DUCHESNE VANESSA","matricule":"2070-16-3468","street":"PIONNIERS","civicLow":"420","civicHigh":"0","valueLand":"39800","valueBuilding":"198500","valueTotal":"238300","mailAddr":"420 RUE DES PIONNIERS","mailCity":"SAINT-BRUNO, QC.","mun":"Saint-Bruno"},"geometry":{"type":"MultiPolygon","coordinates":[[[[-71.645234,48.469063],[-71.644875,48.469075],[-71.64492,48.468777],[-71.645324,48.468849],[-71.645234,48.469063]]]]}},{"type":"Feature","properties":{"owner1":"GAGNE REMI","owner2":null,"matricule":"2070-23-1189","street":"NORMANDIE","civicLow":"510","civicHigh":"0","valueLand":"36800","valueBuilding":"104000","valueTotal":"140800","mailAddr":"510 RUE NORMANDIE","mailCity":"SAINT-BRUNO, QC.","mun":"Saint-Bruno"},"geometry":{"type":"MultiPolygon","coordinates":[[[[-71.643725,48.466508],[-71.643806,48.466323],[-71.644219,48.466401],[-71.644237,48.466603],[-71.643725,48.466508]]]]}},{"type":"Feature","properties":{"owner1":"DOUCET MICHEL","owner2":"SPENCE AUDREY","matricule":"2070-13-9944","street":"NORMANDIE","civicLow":"490","civicHigh":"0","valueLand":"36800","valueBuilding":"173000","valueTotal":"209800","mailAddr":"490 RUE NORMANDIE","mailCity":"SAINT-BRUNO, QC.","mun":"Saint-Bruno"},"geometry":{"type":"MultiPolygon","coordinates":[[[[-71.64439,48.465978],[-71.6443,48.466186],[-71.643905,48.466115],[-71.643986,48.465906],[-71.64439,48.465978]]]]}},{"type":"Feature","properties":{"owner1":"TREMBLAY REGIS","owner2":"FORTIN LINE","matricule":"2070-23-0667","street":"NORMANDIE","civicLow":"500","civicHigh":"0","valueLand":"36800","valueBuilding":"124400","valueTotal":"161200","mailAddr":"500 RUE NORMANDIE","mailCity":"SAINT-BRUNO, QC.","mun":"Saint-Bruno"},"geometry":{"type":"MultiPolygon","coordinates":[[[[-71.643815,48.466329],[-71.643905,48.466115],[-71.6443,48.466186],[-71.644219,48.466401],[-71.643815,48.466329]]]]}},{"type":"Feature","properties":{"owner1":"GAGNON REJEAN","owner2":null,"matricule":"1675-87-8177","street":"SIXIEME RANG OUEST","civicLow":"1275","civicHigh":"0","valueLand":"26200","valueBuilding":"102500","valueTotal":"128700","mailAddr":"1275 SIXIEME RANG OUEST","mailCity":"SAINT-BRUNO, QC.","mun":"Saint-Bruno"},"geometry":{"type":"MultiPolygon","coordinates":[[[[-71.690231,48.514672],[-71.689665,48.514571],[-71.689827,48.514172],[-71.690626,48.514321],[-71.690455,48.514731],[-71.690231,48.514672]]]]}},{"type":"Feature","properties":{"owner1":"COTE CLAUDE","owner2":null,"matricule":"1674-41-1690","street":"CINQUIEME RANG OUEST","civicLow":"1103","civicHigh":"0","valueLand":"23300","valueBuilding":"65500","valueTotal":"88800","mailAddr":"1103 CINQUIEME RANG OUEST","mailCity":"SAINT-BRUNO, QC.","mun":"Saint-Bruno"},"geometry":{"type":"MultiPolygon","coordinates":[[[[-71.695486,48.500233],[-71.695369,48.500209],[-71.695549,48.499775],[-71.696851,48.500001],[-71.696672,48.500436],[-71.695486,48.500233]]]]}},{"type":"Feature","properties":{"owner1":"LAVOIE EDITH","owner2":null,"matricule":"1770-40-1047","street":"Adresse non codifiée","civicLow":"0","civicHigh":"0","valueLand":"54600","valueBuilding":"0","valueTotal":"54600","mailAddr":"1479 RANG 4","mailCity":"SAINT-GEDEON, QC.","mun":"Saint-Bruno"},"geometry":{"type":"MultiPolygon","coordinates":[[[[-71.681589,48.466246],[-71.680296,48.466085],[-71.680601,48.465346],[-71.679029,48.465007],[-71.678921,48.465275],[-71.678822,48.465263],[-71.680322,48.462165],[-71.682452,48.459604],[-71.684652,48.459991],[-71.681895,48.466329],[-71.681589,48.466246]]]]}},{"type":"Feature","properties":{"owner1":"MALTAIS ANDRE","owner2":"VEZINA EDITH","matricule":"1970-66-8860","street":"NAPOLEON","civicLow":"224","civicHigh":"226","valueLand":"39700","valueBuilding":"145900","valueTotal":"185600","mailAddr":"226 RUE NAPOLEON","mailCity":"SAINT-BRUNO, QC.","mun":"Saint-Bruno"},"geometry":{"type":"MultiPolygon","coordinates":[[[[-71.651316,48.46864],[-71.651145,48.469051],[-71.650912,48.469009],[-71.651073,48.468598],[-71.651316,48.46864]]]]}},{"type":"Feature","properties":{"owner1":"STE-MARIE PIERRE","owner2":null,"matricule":"1970-26-7010","street":"MOISSONS","civicLow":"111","civicHigh":"0","valueLand":"20300","valueBuilding":"176800","valueTotal":"197100","mailAddr":"111 RUE DES MOISSONS","mailCity":"SAINT-BRUNO, QC.","mun":"Saint-Bruno"},"geometry":{"type":"MultiPolygon","coordinates":[[[[-71.656894,48.46817],[-71.65676,48.468491],[-71.656625,48.468461],[-71.656751,48.46814],[-71.656894,48.46817]]]]}},{"type":"Feature","properties":{"owner1":"VILLENEUVE LAURIE","owner2":null,"matricule":"1970-26-7808","street":"MOISSONS","civicLow":"109","civicHigh":"0","valueLand":"12700","valueBuilding":"151000","valueTotal":"163700","mailAddr":"109 RUE DES MOISSONS","mailCity":"SAINT-BRUNO, QC.","mun":"Saint-Bruno"},"geometry":{"type":"MultiPolygon","coordinates":[[[[-71.656751,48.46814],[-71.656535,48.468449],[-71.65667,48.468128],[-71.656751,48.46814]]]]}},{"type":"Feature","properties":{"owner1":"LAVOIE DOMINIQUE","owner2":"LAVOIE VERONIQUE","matricule":"1970-76-9430","street":"NAPOLEON","civicLow":"288","civicHigh":"0","valueLand":"39700","valueBuilding":"132400","valueTotal":"172100","mailAddr":"288 RUE NAPOLEON","mailCity":"SAINT-BRUNO, QC.","mun":"Saint-Bruno"},"geometry":{"type":"MultiPolygon","coordinates":[[[[-71.649888,48.468384],[-71.649717,48.468795],[-71.649474,48.468753],[-71.649645,48.468342],[-71.649888,48.468384]]]]}},{"type":"Feature","properties":{"owner1":"MARCHAND FREDERIC","owner2":"TREMBLAY SUZANNE","matricule":"1970-76-1209","street":"MELANCON","civicLow":"235","civicHigh":"0","valueLand":"42100","valueBuilding":"200700","valueTotal":"242800","mailAddr":"235 RUE MELANCON","mailCity":"SAINT-BRUNO, QC.","mun":"Saint-Bruno"},"geometry":{"type":"MultiPolygon","coordinates":[[[[-71.651046,48.468235],[-71.650912,48.468569],[-71.650507,48.468497],[-71.650642,48.468164],[-71.651046,48.468235]]]]}},{"type":"Feature","properties":{"owner1":"MARTEL SYLVAIN","owner2":null,"matricule":"1971-67-1612","street":"THIBEAULT","civicLow":"924","civicHigh":"0","valueLand":"28400","valueBuilding":"25100","valueTotal":"53500","mailAddr":"924 AVENUE THIBEAULT","mailCity":"SAINT-BRUNO, QC.","mun":"Saint-Bruno"},"geometry":{"type":"MultiPolygon","coordinates":[[[[-71.652079,48.478312],[-71.652142,48.478157],[-71.652538,48.478228],[-71.652475,48.478383],[-71.652079,48.478312]]]]}},{"type":"Feature","properties":{"owner1":"BOUCHARD FREDERIC","owner2":null,"matricule":"1971-67-2129","street":"THIBEAULT","civicLow":"928","civicHigh":"0","valueLand":"28400","valueBuilding":"78300","valueTotal":"106700","mailAddr":"928 AVENUE THIBEAULT","mailCity":"SAINT-BRUNO, QC","mun":"Saint-Bruno"},"geometry":{"type":"MultiPolygon","coordinates":[[[[-71.652017,48.478473],[-71.652079,48.478312],[-71.652475,48.478383],[-71.652412,48.478544],[-71.652017,48.478473]]]]}},{"type":"Feature","properties":{"owner1":"ST-GELAIS EMILE","owner2":null,"matricule":"1971-67-2647","street":"THIBEAULT","civicLow":"932","civicHigh":"0","valueLand":"28400","valueBuilding":"18400","valueTotal":"46800","mailAddr":"932 AVENUE THIBEAULT","mailCity":"SAINT-BRUNO, QC.","mun":"Saint-Bruno"},"geometry":{"type":"MultiPolygon","coordinates":[[[[-71.651945,48.478627],[-71.652017,48.478473],[-71.652412,48.478544],[-71.652349,48.478705],[-71.651945,48.478627]]]]}},{"type":"Feature","properties":{"owner1":"TREMBLAY ANDRE","owner2":"LAPOINTE FRANCE","matricule":"1971-92-6676","street":"ERABLES","civicLow":"760","civicHigh":"0","valueLand":"33500","valueBuilding":"257700","valueTotal":"291200","mailAddr":"760 AVENUE DES ERABLES","mailCity":"SAINT-BRUNO, QC.","mun":"Saint-Bruno"},"geometry":{"type":"MultiPolygon","coordinates":[[[[-71.647238,48.474423],[-71.647345,48.474256],[-71.647732,48.474352],[-71.647624,48.474542],[-71.647238,48.474423]]]]}},{"type":"Feature","properties":{"owner1":"MCNICOLL MICHAEL","owner2":"GIRARD SOPHIE","matricule":"2071-02-5634","street":"OEILLETS","civicLow":"758","civicHigh":"0","valueLand":"46600","valueBuilding":"211400","valueTotal":"258000","mailAddr":"758 AVENUE DES OEILLETS","mailCity":"SAINT-BRUNO, QC.","mun":"Saint-Bruno"},"geometry":{"type":"MultiPolygon","coordinates":[[[[-71.645944,48.473988],[-71.646061,48.473845],[-71.646564,48.473935],[-71.646474,48.474143],[-71.646187,48.474221],[-71.645944,48.473988]]]]}},{"type":"Feature","properties":{"owner1":"MAILLOUX MAXIME","owner2":"TREMBLAY AUDREY-ANNE","matricule":"2071-02-5302","street":"OEILLETS","civicLow":"756","civicHigh":"0","valueLand":"38700","valueBuilding":"155200","valueTotal":"193900","mailAddr":"756 AVENUE DES OEILLETS","mailCity":"SAINT-BRUNO, QC.","mun":"Saint-Bruno"},"geometry":{"type":"MultiPolygon","coordinates":[[[[-71.646528,48.473643],[-71.64642,48.473905],[-71.646061,48.473845],[-71.646178,48.473601],[-71.646528,48.473643]]]]}},{"type":"Feature","properties":{"owner1":"POIRIER LOUIS","owner2":"TREMBLAY VALERIE","matricule":"2070-16-2316","street":"PIONNIERS","civicLow":"541","civicHigh":"0","valueLand":"44600","valueBuilding":"272300","valueTotal":"316900","mailAddr":"541 RUE DES PIONNIERS","mailCity":"SAINT-BRUNO, QC.","mun":"Saint-Bruno"},"geometry":{"type":"MultiPolygon","coordinates":[[[[-71.645495,48.468432],[-71.645405,48.468652],[-71.644947,48.468569],[-71.644983,48.468342],[-71.645495,48.468432]]]]}},{"type":"Feature","properties":{"owner1":"LACHANCE MICHEL","owner2":"DIONNE HELENE","matricule":"2170-19-3970","street":"SIXIEME RANG NORD","civicLow":"850","civicHigh":"0","valueLand":"22600","valueBuilding":"87900","valueTotal":"110500","mailAddr":"850 SIXIEME RANG NORD","mailCity":"SAINT-BRUNO, QC.","mun":"Saint-Bruno"},"geometry":{"type":"MultiPolygon","coordinates":[[[[-71.631822,48.47194],[-71.631203,48.471892],[-71.631319,48.4716],[-71.631921,48.471707],[-71.631822,48.47194]]]]}},{"type":"Feature","properties":{"owner1":"TREMBLAY REGIS","owner2":null,"matricule":"2170-07-9290","street":"SIXIEME RANG NORD","civicLow":"800","civicHigh":"0","valueLand":"35000","valueBuilding":"142300","valueTotal":"177300","mailAddr":"800 SIXIEME RANG NORD","mailCity":"SAINT-BRUNO, QC.","mun":"Saint-Bruno"},"geometry":{"type":"MultiPolygon","coordinates":[[[[-71.632676,48.469843],[-71.632361,48.470635],[-71.631652,48.47051],[-71.631957,48.469718],[-71.632676,48.469843]]]]}},{"type":"Feature","properties":{"owner1":"2862-2629 QUEBEC INC","owner2":null,"matricule":"2170-86-8537","street":"SIXIEME RANG NORD","civicLow":"800","civicHigh":"0","valueLand":"207800","valueBuilding":"35400","valueTotal":"243200","mailAddr":"1320 SIXIEME RANG NORD","mailCity":"SAINT-BRUNO, QC.","mun":"Saint-Bruno"},"geometry":{"type":"MultiPolygon","coordinates":[[[[-71.610487,48.46817],[-71.61108,48.466722],[-71.611413,48.466782],[-71.611736,48.465972],[-71.63273,48.469694],[-71.632676,48.469843],[-71.631957,48.469718],[-71.631652,48.47051],[-71.632361,48.470635],[-71.631921,48.471707],[-71.631319,48.4716],[-71.631203,48.471892],[-71.610487,48.46817]]]]}},{"type":"Feature","properties":{"owner1":"BOUCHARD MARIE-FRANCE","owner2":null,"matricule":"2271-94-7534","street":"SEPTIEME RANG NORD","civicLow":"900","civicHigh":"0","valueLand":"17600","valueBuilding":"76200","valueTotal":"93800","mailAddr":"900 SEPTIEME RANG NORD","mailCity":"SAINT-BRUNO, QC.","mun":"Saint-Bruno"},"geometry":{"type":"MultiPolygon","coordinates":[[[[-71.607002,48.476299],[-71.606984,48.476448],[-71.606616,48.476376],[-71.606643,48.475995],[-71.607011,48.476061],[-71.607002,48.476299]]]]}},{"type":"Feature","properties":{"owner1":"CLAVEAU YVES","owner2":"FORTIN CHRISTINE","matricule":"2271-92-3638","street":"SEPTIEME RANG NORD","civicLow":"870","civicHigh":"0","valueLand":"40900","valueBuilding":"141000","valueTotal":"181900","mailAddr":"870 SEPTIEME RANG NORD","mailCity":"SAINT-BRUNO, QC.","mun":"Saint-Bruno"},"geometry":{"type":"MultiPolygon","coordinates":[[[[-71.607137,48.474923],[-71.606777,48.474858],[-71.606867,48.474566],[-71.60728,48.474185],[-71.608035,48.473994],[-71.607137,48.474923]]]]}},{"type":"Feature","properties":{"owner1":"BOUCHARD DOMINIC","owner2":null,"matricule":"2670-46-9433","street":"Adresse non codifiée","civicLow":"0","civicHigh":"0","valueLand":"30000","valueBuilding":"17000","valueTotal":"47000","mailAddr":"3420 RUE DES LILAS","mailCity":"JONQUIERE, QC.","mun":"Saint-Bruno"},"geometry":{"type":"MultiPolygon","coordinates":[[[[-71.563964,48.470641],[-71.563685,48.471487],[-71.554235,48.469819],[-71.554334,48.469277],[-71.553813,48.468759],[-71.553804,48.468533],[-71.554442,48.467925],[-71.554621,48.467461],[-71.564449,48.4692],[-71.563964,48.470641]]]]}},{"type":"Feature","properties":{"owner1":"BOURQUE-LEMAY GABRIELLE","owner2":"FORTIN SABRINA","matricule":"1971-83-5646","street":"LAROUCHE","civicLow":"180","civicHigh":"0","valueLand":"22600","valueBuilding":"146500","valueTotal":"169100","mailAddr":"180 RUE LAROUCHE","mailCity":"SAINT-BRUNO, QC.","mun":"Saint-Bruno"},"geometry":{"type":"MultiPolygon","coordinates":[[[[-71.648792,48.474941],[-71.648908,48.474876],[-71.649187,48.475084],[-71.64907,48.475156],[-71.648792,48.474941]]]]}},{"type":"Feature","properties":{"owner1":"BOUCHARD CARL","owner2":null,"matricule":"1970-26-9303","street":"MOISSONS","civicLow":"105","civicHigh":"0","valueLand":"20300","valueBuilding":"145500","valueTotal":"165800","mailAddr":"105 RUE DES MOISSONS","mailCity":"SAINT-BRUNO, QC.","mun":"Saint-Bruno"},"geometry":{"type":"MultiPolygon","coordinates":[[[[-71.65658,48.46811],[-71.656445,48.468432],[-71.656311,48.468408],[-71.656436,48.468086],[-71.65658,48.46811]]]]}},{"type":"Feature","properties":{"owner1":"MUNICIPALITE DE SAINT-BRUNO","owner2":null,"matricule":"1970-26-8355","street":"ST-ALPHONSE","civicLow":"400","civicHigh":"0","valueLand":"44400","valueBuilding":"319800","valueTotal":"364200","mailAddr":"563 RUE SAINT-ALPHONSE","mailCity":"SAINT-BRUNO, QC.","mun":"Saint-Bruno"},"geometry":{"type":"MultiPolygon","coordinates":[[[[-71.655969,48.468843],[-71.656293,48.468056],[-71.656436,48.468086],[-71.656293,48.468432],[-71.657209,48.468598],[-71.65702,48.469039],[-71.655969,48.468843]]]]}},{"type":"Feature","properties":{"owner1":"TREMBLAY MARIO","owner2":"COTE MARC-OLIVIER","matricule":"1970-26-7131","street":"MOISSONS","civicLow":"0","civicHigh":"0","valueLand":"2700","valueBuilding":"0","valueTotal":"2700","mailAddr":"113 RUE DES MOISSONS","mailCity":"SAINT-BRUNO, QC.","mun":"Saint-Bruno"},"geometry":{"type":"MultiPolygon","coordinates":[[[[-71.656293,48.468432],[-71.656311,48.468408],[-71.657218,48.468569],[-71.656293,48.468432]]]]}},{"type":"Feature","properties":{"owner1":"MUNICIPALITE DE SAINT-BRUNO","owner2":null,"matricule":"2070-22-3938","street":"ENTREPRENEURS","civicLow":"110","civicHigh":"0","valueLand":"18300","valueBuilding":"0","valueTotal":"18300","mailAddr":"563 AVENUE ST-ALPHONSE","mailCity":"SAINT-BRUNO, QC.","mun":"Saint-Bruno"},"geometry":{"type":"MultiPolygon","coordinates":[[[[-71.643231,48.464679],[-71.64421,48.464858],[-71.643941,48.465525],[-71.642962,48.465346],[-71.643231,48.464679]]]]}},{"type":"Feature","properties":{"owner1":"FORTIN LYNE","owner2":null,"matricule":"2070-32-4590","street":"ENTREPRENEURS","civicLow":"101","civicHigh":"0","valueLand":"11000","valueBuilding":"0","valueTotal":"11000","mailAddr":"2285 RUE DU MOULIN SUD","mailCity":"ALMA, QC","mun":"Saint-Bruno"},"geometry":{"type":"MultiPolygon","coordinates":[[[[-71.642611,48.465501],[-71.642494,48.465799],[-71.641713,48.465656],[-71.64183,48.465358],[-71.642611,48.465501]]]]}},{"type":"Feature","properties":{"owner1":"FORTIN LYNE","owner2":null,"matricule":"2070-32-2934","street":"ENTREPRENEURS","civicLow":"111","civicHigh":"0","valueLand":"22300","valueBuilding":"71800","valueTotal":"94100","mailAddr":"2285 RUE DU MOULIN SUD","mailCity":"ALMA, QC","mun":"Saint-Bruno"},"geometry":{"type":"MultiPolygon","coordinates":[[[[-71.642737,48.465191],[-71.642611,48.465501],[-71.64183,48.465358],[-71.642117,48.464661],[-71.642836,48.46481],[-71.642737,48.465191]]]]}},{"type":"Feature","properties":{"owner1":"MUNICIPALITE DE SAINT-BRUNO","owner2":null,"matricule":"1970-25-7346","street":"MOISSONS","civicLow":"0","civicHigh":"0","valueLand":"49900","valueBuilding":"0","valueTotal":"49900","mailAddr":"563 AVENUE ST-ALPHONSE","mailCity":"SAINT-BRUNO, QC.","mun":"Saint-Bruno"},"geometry":{"type":"MultiPolygon","coordinates":[[[[-71.656445,48.467943],[-71.656625,48.467485],[-71.656966,48.46755],[-71.656778,48.468003],[-71.656445,48.467943]]]]}},{"type":"Feature","properties":{"owner1":"TREMBLAY EMILIEN","owner2":"BOUCHARD CLEMENCE","matricule":"1971-75-5232","street":"LAJOIE","civicLow":"135","civicHigh":"0","valueLand":"24900","valueBuilding":"126600","valueTotal":"151500","mailAddr":"135 RUE LAJOIE","mailCity":"SAINT-BRUNO, QC.","mun":"Saint-Bruno"},"geometry":{"type":"MultiPolygon","coordinates":[[[[-71.650283,48.476787],[-71.650373,48.476502],[-71.650534,48.476513],[-71.650516,48.476829],[-71.650283,48.476787]]]]}},{"type":"Feature","properties":{"owner1":"PREMATERNELLE EXPLORATOUT INC.","owner2":null,"matricule":"1970-25-3857","street":"MOISSONS","civicLow":"102","civicHigh":"0","valueLand":"67800","valueBuilding":"469800","valueTotal":"537600","mailAddr":"2540 RUE TAILLON","mailCity":"JONQUIERE, QC.","mun":"Saint-Bruno"},"geometry":{"type":"MultiPolygon","coordinates":[[[[-71.657568,48.467717],[-71.657397,48.468122],[-71.656778,48.468003],[-71.656966,48.46755],[-71.657568,48.467717]]]]}},{"type":"Feature","properties":{"owner1":"ST-PIERRE CHANTALE","owner2":null,"matricule":"1971-91-9534","street":"TULIPES","civicLow":"705","civicHigh":"0","valueLand":"46400","valueBuilding":"155600","valueTotal":"202000","mailAddr":"705 AVENUE DES TULIPES","mailCity":"SAINT-BRUNO, QC.","mun":"Saint-Bruno"},"geometry":{"type":"MultiPolygon","coordinates":[[[[-71.647399,48.473071],[-71.647022,48.473303],[-71.646726,48.47325],[-71.646806,48.473053],[-71.647291,48.472928],[-71.647399,48.473071]]]]}},{"type":"Feature","properties":{"owner1":"FORTIN FLEURETTE","owner2":null,"matricule":"1974-63-0814","street":"ST-ALPHONSE NORD","civicLow":"1909","civicHigh":"1911","valueLand":"55900","valueBuilding":"123800","valueTotal":"179700","mailAddr":"145 RUE MELANCON","mailCity":"SAINT-BRUNO, QC.","mun":"Saint-Bruno"},"geometry":{"type":"MultiPolygon","coordinates":[[[[-71.653409,48.501579],[-71.652502,48.50212],[-71.652304,48.501876],[-71.653319,48.501227],[-71.653553,48.501483],[-71.653409,48.501579]]]]}},{"type":"Feature","properties":{"owner1":"LAROUCHE ARMAND","owner2":null,"matricule":"1971-67-3165","street":"THIBEAULT","civicLow":"936","civicHigh":"0","valueLand":"28400","valueBuilding":"21200","valueTotal":"49600","mailAddr":"936 AVENUE THIBEAULT","mailCity":"SAINT-BRUNO, QC.","mun":"Saint-Bruno"},"geometry":{"type":"MultiPolygon","coordinates":[[[[-71.651882,48.478788],[-71.651945,48.478627],[-71.652349,48.478705],[-71.652277,48.47886],[-71.651882,48.478788]]]]}},{"type":"Feature","properties":{"owner1":"TREMBLAY MARIE-CLAUDE","owner2":null,"matricule":"1971-67-3682","street":"THIBEAULT","civicLow":"942","civicHigh":"0","valueLand":"28400","valueBuilding":"58900","valueTotal":"87300","mailAddr":"942 AVENUE THIBEAULT","mailCity":"SAINT-BRUNO, QC.","mun":"Saint-Bruno"},"geometry":{"type":"MultiPolygon","coordinates":[[[[-71.651819,48.478949],[-71.651882,48.478788],[-71.652277,48.47886],[-71.652214,48.47902],[-71.651819,48.478949]]]]}},{"type":"Feature","properties":{"owner1":"LAROUCHE CAROLE","owner2":null,"matricule":"1970-89-9634","street":"TULIPES","civicLow":"610","civicHigh":"0","valueLand":"32200","valueBuilding":"147700","valueTotal":"179900","mailAddr":"610 AVENUE DES TULIPES","mailCity":"SAINT-BRUNO, QC.","mun":"Saint-Bruno"},"geometry":{"type":"MultiPolygon","coordinates":[[[[-71.648594,48.471261],[-71.648522,48.471445],[-71.648127,48.471374],[-71.648199,48.471189],[-71.648594,48.471261]]]]}},{"type":"Feature","properties":{"owner1":"PICHE YANICK","owner2":null,"matricule":"1970-99-0254","street":"TULIPES","civicLow":"620","civicHigh":"0","valueLand":"32200","valueBuilding":"165400","valueTotal":"197600","mailAddr":"620 AVENUE DES TULIPES","mailCity":"SAINT-BRUNO, QC.","mun":"Saint-Bruno"},"geometry":{"type":"MultiPolygon","coordinates":[[[[-71.648522,48.471445],[-71.64845,48.471624],[-71.648055,48.471553],[-71.648127,48.471374],[-71.648522,48.471445]]]]}},{"type":"Feature","properties":{"owner1":"ALLARD JEAN-PIERRE","owner2":"LAROUCHE ODETTE","matricule":"1970-99-0774","street":"TULIPES","civicLow":"630","civicHigh":"0","valueLand":"32200","valueBuilding":"141000","valueTotal":"173200","mailAddr":"630 AVENUE DES TULIPES","mailCity":"SAINT-BRUNO, QC.","mun":"Saint-Bruno"},"geometry":{"type":"MultiPolygon","coordinates":[[[[-71.64845,48.471624],[-71.648378,48.471803],[-71.647983,48.471731],[-71.648055,48.471553],[-71.64845,48.471624]]]]}},{"type":"Feature","properties":{"owner1":"CASABON LUC","owner2":"TURCOTTE MARIE EVE","matricule":"2071-01-7208","street":"OEILLETS","civicLow":"705","civicHigh":"0","valueLand":"31100","valueBuilding":"166100","valueTotal":"197200","mailAddr":"705 AVENUE DES OEILLETS","mailCity":"SAINT-BRUNO, QC.","mun":"Saint-Bruno"},"geometry":{"type":"MultiPolygon","coordinates":[[[[-71.646249,48.472851],[-71.646178,48.473024],[-71.645782,48.472952],[-71.645854,48.472779],[-71.646249,48.472851]]]]}},{"type":"Feature","properties":{"owner1":"TREMBLAY SERGE","owner2":"THIVIERGE NATHALIE","matricule":"2372-00-8978","street":"SEPTIEME RANG NORD","civicLow":"1105","civicHigh":"0","valueLand":"37900","valueBuilding":"136100","valueTotal":"174000","mailAddr":"1105 SEPTIEME RANG NORD","mailCity":"SAINT-BRUNO, QC.","mun":"Saint-Bruno"},"geometry":{"type":"MultiPolygon","coordinates":[[[[-71.605789,48.482105],[-71.605538,48.482296],[-71.604738,48.482165],[-71.605277,48.481754],[-71.606086,48.481885],[-71.605789,48.482105]]]]}},{"type":"Feature","properties":{"owner1":"THIVIERGE GINETTE","owner2":"DUFOUR JOCELYN","matricule":"2372-00-6629","street":"SEPTIEME RANG NORD","civicLow":"1065","civicHigh":"0","valueLand":"31000","valueBuilding":"149300","valueTotal":"180300","mailAddr":"1065 SEPTIEME RANG NORD","mailCity":"SAINT-BRUNO, QC.","mun":"Saint-Bruno"},"geometry":{"type":"MultiPolygon","coordinates":[[[[-71.606032,48.48139],[-71.60596,48.481867],[-71.605277,48.481754],[-71.605538,48.481301],[-71.606032,48.48139]]]]}},{"type":"Feature","properties":{"owner1":"BOILY TOMMY","owner2":null,"matricule":"1970-28-3474","street":"FABRIQUE","civicLow":"820","civicHigh":"0","valueLand":"27800","valueBuilding":"169000","valueTotal":"196800","mailAddr":"820 AVENUE DE LA FABRIQUE","mailCity":"SAINT-BRUNO, QC.","mun":"Saint-Bruno"},"geometry":{"type":"MultiPolygon","coordinates":[[[[-71.657065,48.470725],[-71.657164,48.470588],[-71.657532,48.470647],[-71.657469,48.470802],[-71.657065,48.470725]]]]}},{"type":"Feature","properties":{"owner1":"HARVEY DAVID","owner2":"SAUCIER AMELIE","matricule":"1971-80-0924","street":"LILAS","civicLow":"635","civicHigh":"0","valueLand":"34800","valueBuilding":"126900","valueTotal":"161700","mailAddr":"635 AVENUE DES LILAS","mailCity":"SAINT-BRUNO, QC.","mun":"Saint-Bruno"},"geometry":{"type":"MultiPolygon","coordinates":[[[[-71.649807,48.472059],[-71.649735,48.472237],[-71.649304,48.47216],[-71.649376,48.471981],[-71.649807,48.472059]]]]}},{"type":"Feature","properties":{"owner1":"NOEL RACHEL","owner2":null,"matricule":"1971-80-4015","street":"ROSIERS","civicLow":"640","civicHigh":"0","valueLand":"32200","valueBuilding":"151300","valueTotal":"183500","mailAddr":"640 AVENUE DES ROSIERS","mailCity":"SAINT-BRUNO, QC.","mun":"Saint-Bruno"},"geometry":{"type":"MultiPolygon","coordinates":[[[[-71.649376,48.471981],[-71.649304,48.47216],[-71.648899,48.472089],[-71.64898,48.47191],[-71.649376,48.471981]]]]}},{"type":"Feature","properties":{"owner1":"TALBOT ROLANDE","owner2":null,"matricule":"1971-80-4535","street":"ROSIERS","civicLow":"650","civicHigh":"0","valueLand":"32200","valueBuilding":"138200","valueTotal":"170400","mailAddr":"650 AVENUE DES ROSIERS","mailCity":"SAINT-BRUNO, QC.","mun":"Saint-Bruno"},"geometry":{"type":"MultiPolygon","coordinates":[[[[-71.649304,48.47216],[-71.649232,48.472339],[-71.648828,48.472267],[-71.648899,48.472089],[-71.649304,48.47216]]]]}},{"type":"Feature","properties":{"owner1":"GROUPE AVINOR INC.","owner2":null,"matricule":"1469-76-7436","street":"Adresse non codifiée","civicLow":"0","civicHigh":"0","valueLand":"7600","valueBuilding":"1034000","valueTotal":"1041600","mailAddr":"425 RUE MELANCON","mailCity":"SAINT-BRUNO, QC.","mun":"Saint-Bruno"},"geometry":{"type":"MultiPolygon","coordinates":[[[[-71.716354,48.459383],[-71.716839,48.458234],[-71.718339,48.458478],[-71.717854,48.459628],[-71.716354,48.459383]]]]}},{"type":"Feature","properties":{"owner1":"FERME TURCOTTE ET FILS SENC","owner2":null,"matricule":"1470-80-8951","street":"Adresse non codifiée","civicLow":"0","civicHigh":"0","valueLand":"53500","valueBuilding":"0","valueTotal":"53500","mailAddr":"830 3ieme RANG","mailCity":"SAINT-BRUNO, QC.","mun":"Saint-Bruno"},"geometry":{"type":"MultiPolygon","coordinates":[[[[-71.715465,48.465763],[-71.715402,48.465918],[-71.713632,48.465799],[-71.716354,48.459383],[-71.717854,48.459628],[-71.718339,48.458478],[-71.718555,48.458514],[-71.715465,48.465763]]]]}},{"type":"Feature","properties":{"owner1":"BOILY JOEL","owner2":null,"matricule":"1974-39-4943","street":"ST-ALPHONSE NORD","civicLow":"2030","civicHigh":"0","valueLand":"22500","valueBuilding":"217000","valueTotal":"239500","mailAddr":"2030 ROUTE ST-ALPHONSE NORD","mailCity":"SAINT-BRUNO, QC.","mun":"Saint-Bruno"},"geometry":{"type":"MultiPolygon","coordinates":[[[[-71.656841,48.507149],[-71.656679,48.507542],[-71.656293,48.507471],[-71.656472,48.50703],[-71.656841,48.507149]]]]}},{"type":"Feature","properties":{"owner1":"TREMBLAY BERNARD","owner2":"DUFOUR LINDA","matricule":"1974-29-8067","street":"ST-ALPHONSE NORD","civicLow":"2040","civicHigh":"0","valueLand":"64800","valueBuilding":"321400","valueTotal":"386200","mailAddr":"2040 ROUTE ST-ALPHONSE NORD","mailCity":"SAINT-BRUNO, QC.","mun":"Saint-Bruno"},"geometry":{"type":"MultiPolygon","coordinates":[[[[-71.65711,48.507149],[-71.658233,48.507352],[-71.658053,48.507786],[-71.656876,48.507578],[-71.65711,48.507149]]]]}},{"type":"Feature","properties":{"owner1":"CLAVEAU JEAN-YVES","owner2":null,"matricule":"1974-29-1980","street":"ST-ALPHONSE NORD","civicLow":"2050","civicHigh":"0","valueLand":"32700","valueBuilding":"169500","valueTotal":"202200","mailAddr":"2050 ROUTE ST-ALPHONSE NORD","mailCity":"SAINT-BRUNO, QC.","mun":"Saint-Bruno"},"geometry":{"type":"MultiPolygon","coordinates":[[[[-71.658628,48.507423],[-71.658449,48.507858],[-71.658053,48.507786],[-71.658233,48.507352],[-71.658628,48.507423]]]]}},{"type":"Feature","properties":{"owner1":"COTE FREDERIC","owner2":"VAILLANCOURT TANYA","matricule":"1974-19-8890","street":"ST-ALPHONSE NORD","civicLow":"2052","civicHigh":"0","valueLand":"38700","valueBuilding":"112200","valueTotal":"150900","mailAddr":"2052 ROUTE ST-ALPHONSE NORD","mailCity":"SAINT-BRUNO, QC.","mun":"Saint-Bruno"},"geometry":{"type":"MultiPolygon","coordinates":[[[[-71.658449,48.507858],[-71.658628,48.507423],[-71.659095,48.507513],[-71.658916,48.507947],[-71.658449,48.507858]]]]}},{"type":"Feature","properties":{"owner1":"MUNICIPALITE DE SAINT-BRUNO","owner2":null,"matricule":"1975-10-3500","street":"ST-ALPHONSE NORD","civicLow":"0","civicHigh":"0","valueLand":"800","valueBuilding":"0","valueTotal":"800","mailAddr":"563 AVENUE ST-ALPHONSE","mailCity":"SAINT-BRUNO, QC.","mun":"Saint-Bruno"},"geometry":{"type":"MultiPolygon","coordinates":[[[[-71.659814,48.507929],[-71.659751,48.50809],[-71.659509,48.508048],[-71.65905,48.507614],[-71.659095,48.507513],[-71.659518,48.50759],[-71.659814,48.507929]]]]}},{"type":"Feature","properties":{"owner1":"LES ENTREPRISES SERGE MALTAIS LTE","owner2":null,"matricule":"1974-08-2092","street":"169","civicLow":"1001","civicHigh":"1015","valueLand":"68900","valueBuilding":"102700","valueTotal":"171600","mailAddr":"1001 ROUTE 169","mailCity":"SAINT-BRUNO, QC.","mun":"Saint-Bruno"},"geometry":{"type":"MultiPolygon","coordinates":[[[[-71.660353,48.507638],[-71.661179,48.50565],[-71.661781,48.505763],[-71.660973,48.507739],[-71.660353,48.507638]]]]}},{"type":"Feature","properties":{"owner1":"9222-2892 QUEBEC INC","owner2":null,"matricule":"2070-52-6188","street":"DALLAIRE","civicLow":"650","civicHigh":"0","valueLand":"31600","valueBuilding":"53900","valueTotal":"85500","mailAddr":"582 RUE DES ARDENNES","mailCity":"ALMA, QC.","mun":"Saint-Bruno"},"geometry":{"type":"MultiPolygon","coordinates":[[[[-71.640141,48.465376],[-71.639862,48.466067],[-71.63829,48.465787],[-71.638578,48.46509],[-71.640141,48.465376]]]]}},{"type":"Feature","properties":{"owner1":"BOILY AURELIEN","owner2":null,"matricule":"1971-91-9304","street":"TULIPES","civicLow":"695","civicHigh":"0","valueLand":"40900","valueBuilding":"190000","valueTotal":"230900","mailAddr":"695 AVENUE DES TULIPES","mailCity":"SAINT-BRUNO, QC.","mun":"Saint-Bruno"},"geometry":{"type":"MultiPolygon","coordinates":[[[[-71.646869,48.472904],[-71.64695,48.472696],[-71.647345,48.472767],[-71.647291,48.472928],[-71.646806,48.473053],[-71.646869,48.472904]]]]}},{"type":"Feature","properties":{"owner1":"BOUCHARD MARYSE","owner2":null,"matricule":"1971-90-8581","street":"TULIPES","civicLow":"685","civicHigh":"0","valueLand":"30900","valueBuilding":"115500","valueTotal":"146400","mailAddr":"685 AVENUE DES TULIPES","mailCity":"SAINT-BRUNO, QC.","mun":"Saint-Bruno"},"geometry":{"type":"MultiPolygon","coordinates":[[[[-71.647417,48.472595],[-71.647345,48.472767],[-71.64695,48.472696],[-71.647022,48.472523],[-71.647417,48.472595]]]]}},{"type":"Feature","properties":{"owner1":"BELLEY DANIEL","owner2":null,"matricule":"2070-07-4174","street":"JAUVIN","civicLow":"340","civicHigh":"0","valueLand":"27400","valueBuilding":"97100","valueTotal":"124500","mailAddr":"340 RUE JAUVIN","mailCity":"SAINT-BRUNO, QC.","mun":"Saint-Bruno"},"geometry":{"type":"MultiPolygon","coordinates":[[[[-71.646456,48.469992],[-71.646195,48.470004],[-71.646312,48.469736],[-71.646537,48.469784],[-71.646456,48.469992]]]]}},{"type":"Feature","properties":{"owner1":"CLAVEAU FRANCOIS","owner2":"IMBEAU JOHANNE","matricule":"1970-99-8763","street":"OEILLETS","civicLow":"645","civicHigh":"0","valueLand":"50000","valueBuilding":"268500","valueTotal":"318500","mailAddr":"645 AVENUE DES OEILLETS","mailCity":"SAINT-BRUNO, QC.","mun":"Saint-Bruno"},"geometry":{"type":"MultiPolygon","coordinates":[[[[-71.646734,48.471505],[-71.647175,48.471398],[-71.647453,48.471445],[-71.647354,48.471701],[-71.647103,48.471803],[-71.646734,48.471505]]]]}},{"type":"Feature","properties":{"owner1":"DESJARDINS LOUIS-MARIE","owner2":"THIBEAULT HELENE","matricule":"2070-07-0683","street":"JAUVIN","civicLow":"330","civicHigh":"0","valueLand":"35500","valueBuilding":"125000","valueTotal":"160500","mailAddr":"330 RUE JAUVIN","mailCity":"SAINT-BRUNO, QC.","mun":"Saint-Bruno"},"geometry":{"type":"MultiPolygon","coordinates":[[[[-71.646833,48.470117],[-71.646654,48.470058],[-71.646743,48.469813],[-71.647058,48.469873],[-71.646833,48.470117]]]]}},{"type":"Feature","properties":{"owner1":"DUCHESNE RAYNALD","owner2":"DUFOUR JUDITH","matricule":"1970-97-8790","street":"JAUVIN","civicLow":"320","civicHigh":"0","valueLand":"30200","valueBuilding":"135800","valueTotal":"166000","mailAddr":"320 RUE JAUVIN","mailCity":"SAINT-BRUNO, QC.","mun":"Saint-Bruno"},"geometry":{"type":"MultiPolygon","coordinates":[[[[-71.646914,48.470135],[-71.647058,48.469873],[-71.6473,48.469921],[-71.64713,48.470212],[-71.646914,48.470135]]]]}},{"type":"Feature","properties":{"owner1":"NUTRINOR","owner2":null,"matricule":"2070-84-5730","street":"MELANCON","civicLow":"1000","civicHigh":"0","valueLand":"159400","valueBuilding":"2541800","valueTotal":"2701200","mailAddr":"425 RUE MELANCON","mailCity":"SAINT-BRUNO, QC.","mun":"Saint-Bruno"},"geometry":{"type":"MultiPolygon","coordinates":[[[[-71.636107,48.466978],[-71.635892,48.467622],[-71.634419,48.467336],[-71.63458,48.466234],[-71.636071,48.466234],[-71.636107,48.466978]]]]}},{"type":"Feature","properties":{"owner1":"TREMBLAY BERTHOLD","owner2":"TREMBLAY JESSICA","matricule":"1969-95-0268","street":"ST-ALPHONSE","civicLow":"103","civicHigh":"0","valueLand":"209200","valueBuilding":"237000","valueTotal":"446200","mailAddr":"103 AVENUE ST-ALPHONSE","mailCity":"SAINT-BRUNO, QC","mun":"Saint-Bruno"},"geometry":{"type":"MultiPolygon","coordinates":[[[[-71.656167,48.46176],[-71.637581,48.458395],[-71.638524,48.456053],[-71.658413,48.459729],[-71.657389,48.462398],[-71.656221,48.462183],[-71.656167,48.46176]]]]}},{"type":"Feature","properties":{"owner1":"TREMBLAY HUGUETTE","owner2":null,"matricule":"1971-67-7255","street":"THIBEAULT","civicLow":"935","civicHigh":"0","valueLand":"27000","valueBuilding":"77600","valueTotal":"104600","mailAddr":"935 AVENUE THIBEAULT","mailCity":"SAINT-BRUNO, QC.","mun":"Saint-Bruno"},"geometry":{"type":"MultiPolygon","coordinates":[[[[-71.651747,48.478592],[-71.651675,48.478782],[-71.651352,48.478729],[-71.651433,48.478538],[-71.651747,48.478592]]]]}},{"type":"Feature","properties":{"owner1":"GIRARD DANY","owner2":null,"matricule":"2070-25-0082","street":"PIONNIERS","civicLow":"520","civicHigh":"0","valueLand":"32000","valueBuilding":"189200","valueTotal":"221200","mailAddr":"520 RUE DES PIONNIERS","mailCity":"SAINT-BRUNO, QC.","mun":"Saint-Bruno"},"geometry":{"type":"MultiPolygon","coordinates":[[[[-71.644004,48.468068],[-71.644255,48.468027],[-71.644372,48.468312],[-71.64412,48.468354],[-71.644004,48.468068]]]]}},{"type":"Feature","properties":{"owner1":"MAURICE ST-LAURENT LTEE","owner2":null,"matricule":"2070-96-3396","street":"SIXIEME RANG NORD","civicLow":"745","civicHigh":"0","valueLand":"147300","valueBuilding":"1515200","valueTotal":"1662500","mailAddr":"745 SIXIEME RANG NORD","mailCity":"SAINT-BRUNO, QC.","mun":"Saint-Bruno"},"geometry":{"type":"MultiPolygon","coordinates":[[[[-71.63423,48.468146],[-71.635056,48.468896],[-71.635497,48.470242],[-71.63308,48.469813],[-71.633502,48.468777],[-71.633987,48.468092],[-71.634248,48.468003],[-71.63423,48.468146]]]]}},{"type":"Feature","properties":{"owner1":"GAGNON CLAUDETTE","owner2":null,"matricule":"2071-00-6440","street":"JONQUILLES","civicLow":"302","civicHigh":"0","valueLand":"27500","valueBuilding":"119200","valueTotal":"146700","mailAddr":"302 RUE DES JONQUILLES","mailCity":"SAINT-BRUNO, QC.","mun":"Saint-Bruno"},"geometry":{"type":"MultiPolygon","coordinates":[[[[-71.646025,48.472154],[-71.646276,48.472154],[-71.646169,48.472422],[-71.64598,48.472434],[-71.646025,48.472154]]]]}},{"type":"Feature","properties":{"owner1":"GRONDIN SEBASTIEN","owner2":"LAMOTHE VALERIE","matricule":"2070-27-5112","street":"PIONNIERS","civicLow":"471","civicHigh":"0","valueLand":"35800","valueBuilding":"202400","valueTotal":"238200","mailAddr":"471 RUE DES PIONNIERS","mailCity":"SAINT-BRUNO, QC.","mun":"Saint-Bruno"},"geometry":{"type":"MultiPolygon","coordinates":[[[[-71.643743,48.469265],[-71.643528,48.469545],[-71.643285,48.469462],[-71.643501,48.469182],[-71.643743,48.469265]]]]}},{"type":"Feature","properties":{"owner1":"GUAY ALFRED","owner2":null,"matricule":"1971-66-0577","street":"THIBEAULT","civicLow":"910","civicHigh":"0","valueLand":"28400","valueBuilding":"32000","valueTotal":"60400","mailAddr":"910 AVENUE THIBEAULT","mailCity":"SAINT-BRUNO, QC.","mun":"Saint-Bruno"},"geometry":{"type":"MultiPolygon","coordinates":[[[[-71.652214,48.477996],[-71.652277,48.477835],[-71.652672,48.477907],[-71.652609,48.478068],[-71.652214,48.477996]]]]}},{"type":"Feature","properties":{"owner1":"SIMARD HELENE","owner2":null,"matricule":"1971-65-2891","street":"THIBEAULT","civicLow":"875","civicHigh":"0","valueLand":"28400","valueBuilding":"41100","valueTotal":"69500","mailAddr":"875 AVENUE THIBEAULT","mailCity":"SAINT-BRUNO, QC.","mun":"Saint-Bruno"},"geometry":{"type":"MultiPolygon","coordinates":[[[[-71.652349,48.477145],[-71.652286,48.477299],[-71.651882,48.477228],[-71.651954,48.477067],[-71.652349,48.477145]]]]}},{"type":"Feature","properties":{"owner1":"BLACKBURN HENRI","owner2":null,"matricule":"1971-66-3309","street":"THIBEAULT","civicLow":"885","civicHigh":"0","valueLand":"28400","valueBuilding":"94700","valueTotal":"123100","mailAddr":"885 AVENUE THIBEAULT","mailCity":"SAINT-BRUNO, QC.","mun":"Saint-Bruno"},"geometry":{"type":"MultiPolygon","coordinates":[[[[-71.652286,48.477299],[-71.652214,48.47746],[-71.651819,48.477389],[-71.651882,48.477228],[-71.652286,48.477299]]]]}},{"type":"Feature","properties":{"owner1":"BOUCHARD GISELE","owner2":null,"matricule":"1971-66-3826","street":"THIBEAULT","civicLow":"895","civicHigh":"0","valueLand":"28400","valueBuilding":"43700","valueTotal":"72100","mailAddr":"895 AVENUE THIBEAULT","mailCity":"SAINT-BRUNO, QC.","mun":"Saint-Bruno"},"geometry":{"type":"MultiPolygon","coordinates":[[[[-71.652214,48.47746],[-71.652151,48.477621],[-71.651756,48.477544],[-71.651819,48.477389],[-71.652214,48.47746]]]]}},{"type":"Feature","properties":{"owner1":"BOILY REJEAN","owner2":null,"matricule":"1971-66-4344","street":"THIBEAULT","civicLow":"905","civicHigh":"0","valueLand":"28400","valueBuilding":"102600","valueTotal":"131000","mailAddr":"905 AVENUE THIBEAULT","mailCity":"SAINT-BRUNO, QC.","mun":"Saint-Bruno"},"geometry":{"type":"MultiPolygon","coordinates":[[[[-71.652151,48.477621],[-71.652088,48.477776],[-71.651693,48.477704],[-71.651756,48.477544],[-71.652151,48.477621]]]]}},{"type":"Feature","properties":{"owner1":"FORTIN NICOLAS","owner2":"LES CONSTRUCTIONS ALMAS OUELLET","matricule":"1970-25-1467","street":"MOISSONS","civicLow":"0","civicHigh":"0","valueLand":"1800","valueBuilding":"0","valueTotal":"1800","mailAddr":"353 RUE DES PRES","mailCity":"SAINT-BRUNO, QC.","mun":"Saint-Bruno"},"geometry":{"type":"MultiPolygon","coordinates":[[[[-71.657487,48.468009],[-71.657397,48.468122],[-71.657568,48.467717],[-71.657487,48.468009]]]]}},{"type":"Feature","properties":{"owner1":"THERIAULT SIMON","owner2":"LACHANCE NATASHA","matricule":"1971-72-1550","street":"CEDRES","civicLow":"0","civicHigh":"0","valueLand":"29900","valueBuilding":"0","valueTotal":"29900","mailAddr":"155 RUE FORTIN","mailCity":"SAINT-BRUNO, QC.","mun":"Saint-Bruno"},"geometry":{"type":"MultiPolygon","coordinates":[[[[-71.650687,48.474244],[-71.650795,48.473976],[-71.651046,48.474024],[-71.650939,48.474286],[-71.650687,48.474244]]]]}},{"type":"Feature","properties":{"owner1":"9222-7669 QUEBEC INC","owner2":null,"matricule":"2071-60-3618","street":"INDUSTRIELLE","civicLow":"0","civicHigh":"0","valueLand":"49600","valueBuilding":"0","valueTotal":"49600","mailAddr":"2074 CHEMIN DU RIVAGE","mailCity":"MASHTEUIATSH, QC.","mun":"Saint-Bruno"},"geometry":{"type":"MultiPolygon","coordinates":[[[[-71.637814,48.473101],[-71.637347,48.473012],[-71.637751,48.470641],[-71.639512,48.470957],[-71.639243,48.471445],[-71.639287,48.473369],[-71.637814,48.473101]]]]}},{"type":"Feature","properties":{"owner1":"MUNICIPALITE DE SAINT-BRUNO","owner2":null,"matricule":"2071-31-0048","street":"CEDRES","civicLow":"0","civicHigh":"0","valueLand":"119300","valueBuilding":"1076400","valueTotal":"1195700","mailAddr":"563 AVENUE ST-ALPHONSE","mailCity":"SAINT-BRUNO, QC.","mun":"Saint-Bruno"},"geometry":{"type":"MultiPolygon","coordinates":[[[[-71.645701,48.475465],[-71.645782,48.475281],[-71.640437,48.474322],[-71.639476,48.47372],[-71.637994,48.473345],[-71.637814,48.473101],[-71.639287,48.473369],[-71.639278,48.473006],[-71.641354,48.472982],[-71.641318,48.471284],[-71.644183,48.471815],[-71.643563,48.471219],[-71.643087,48.470445],[-71.641946,48.469522],[-71.641704,48.468902],[-71.642387,48.469021],[-71.643168,48.46833],[-71.643168,48.468098],[-71.644031,48.467913],[-71.644022,48.467365],[-71.644354,48.467354],[-71.644228,48.467431],[-71.644264,48.467842],[-71.644956,48.467896],[-71.643779,48.46811],[-71.643168,48.468473],[-71.642414,48.469081],[-71.64245,48.46917],[-71.642917,48.469331],[-71.643267,48.469069],[-71.643501,48.469182],[-71.643285,48.469462],[-71.643806,48.469641],[-71.644031,48.469355],[-71.644857,48.469212],[-71.645198,48.469254],[-71.645091,48.469516],[-71.644381,48.469385],[-71.644255,48.469682],[-71.644093,48.469653],[-71.64386,48.469778],[-71.644049,48.469813],[-71.643797,48.470421],[-71.644093,48.470754],[-71.644848,48.470891],[-71.644668,48.471475],[-71.644911,48.471672],[-71.645198,48.471779],[-71.645773,48.471701],[-71.64607,48.471439],[-71.64607,48.470903],[-71.64633,48.470451],[-71.646887,48.470659],[-71.646788,48.470748],[-71.646887,48.470766],[-71.646815,48.470945],[-71.647004,48.470975],[-71.646932,48.471159],[-71.647247,48.471213],[-71.647175,48.471398],[-71.646519,48.471624],[-71.646025,48.472154],[-71.64501,48.472339],[-71.644857,48.472756],[-71.645306,48.473172],[-71.645639,48.473309],[-71.64518,48.473631],[-71.644902,48.474054],[-71.645207,48.474048],[-71.645594,48.474387],[-71.646474,48.474143],[-71.646564,48.473935],[-71.646833,48.473982],[-71.646618,48.474322],[-71.646204,48.474602],[-71.646079,48.474989],[-71.646573,48.475352],[-71.647229,48.475245],[-71.647839,48.474161],[-71.649906,48.47453],[-71.649205,48.474697],[-71.647633,48.475614],[-71.647489,48.47596],[-71.64783,48.476347],[-71.645935,48.476007],[-71.645701,48.475465]]]]}},{"type":"Feature","properties":{"owner1":"9280-7775 QUEBEC INC","owner2":null,"matricule":"2070-86-4307","street":"MELANCON","civicLow":"775","civicHigh":"0","valueLand":"134800","valueBuilding":"233000","valueTotal":"367800","mailAddr":"15100 CHEMIN DE LA COOPERATIVE","mailCity":"SAINT-HYACINTHE, QC","mun":"Saint-Bruno"},"geometry":{"type":"MultiPolygon","coordinates":[[[[-71.635137,48.468944],[-71.634248,48.468003],[-71.636089,48.468098],[-71.636098,48.468509],[-71.636655,48.468509],[-71.636673,48.46892],[-71.635137,48.468944]]]]}},{"type":"Feature","properties":{"owner1":"MUNICIPALITE D'HEBERTVILLE-STATION","owner2":null,"matricule":"2567-61-6119","street":"Adresse non codifiée","civicLow":"0","civicHigh":"0","valueLand":"800","valueBuilding":"0","valueTotal":"800","mailAddr":"5 RUE NOTRE-DAME","mailCity":"HEBERTVILLE-STATION, QC.","mun":"Saint-Bruno"},"geometry":{"type":"MultiPolygon","coordinates":[[[[-71.568743,48.437718],[-71.569273,48.4372],[-71.570611,48.437802],[-71.570081,48.438326],[-71.568743,48.437718]]]]}},{"type":"Feature","properties":{"owner1":"GIRARD CLAUDE","owner2":"MUNGER MARIE","matricule":"2567-42-8298","street":"LAC MARCO","civicLow":"0","civicHigh":"0","valueLand":"32600","valueBuilding":"0","valueTotal":"32600","mailAddr":"144 RUE GIRARD","mailCity":"LATERRIERE, QC","mun":"Saint-Bruno"},"geometry":{"type":"MultiPolygon","coordinates":[[[[-71.572812,48.439155],[-71.571986,48.439804],[-71.571608,48.43962],[-71.571456,48.439673],[-71.57212,48.438875],[-71.572812,48.439155]]]]}},{"type":"Feature","properties":{"owner1":"THERIAULT SIMON","owner2":"LACHANCE NATASHA","matricule":"1971-62-9331","street":"FORTIN","civicLow":"155","civicHigh":"0","valueLand":"57600","valueBuilding":"153100","valueTotal":"210700","mailAddr":"155 RUE FORTIN","mailCity":"SAINT-BRUNO, QC.","mun":"Saint-Bruno"},"geometry":{"type":"MultiPolygon","coordinates":[[[[-71.651424,48.473804],[-71.651217,48.474298],[-71.650939,48.474286],[-71.651046,48.474024],[-71.650795,48.473976],[-71.650903,48.473714],[-71.651424,48.473804]]]]}},{"type":"Feature","properties":{"owner1":"FERME LACNOR INC.","owner2":null,"matricule":"1871-41-9643","street":"169","civicLow":"0","civicHigh":"0","valueLand":"85100","valueBuilding":"0","valueTotal":"85100","mailAddr":"1050 CINQUIEME RANG OUEST","mailCity":"SAINT-BRUNO, QC.","mun":"Saint-Bruno"},"geometry":{"type":"MultiPolygon","coordinates":[[[[-71.674412,48.473679],[-71.673944,48.474828],[-71.660254,48.472303],[-71.660461,48.471803],[-71.65729,48.471225],[-71.657559,48.470564],[-71.674412,48.473679]]]]}},{"type":"Feature","properties":{"owner1":"JEAN MARIE-JOSEE","owner2":null,"matricule":"1970-85-1215","street":"PARE","civicLow":"298","civicHigh":"0","valueLand":"38400","valueBuilding":"167800","valueTotal":"206200","mailAddr":"298 RUE PARE","mailCity":"SAINT-BRUNO, QC.","mun":"Saint-Bruno"},"geometry":{"type":"MultiPolygon","coordinates":[[[[-71.649178,48.467622],[-71.649304,48.467312],[-71.649627,48.467538],[-71.649564,48.467693],[-71.649178,48.467622]]]]}},{"type":"Feature","properties":{"owner1":"SIMARD MERCEDES","owner2":null,"matricule":"1970-85-3702","street":"PARE","civicLow":"312","civicHigh":"0","valueLand":"45200","valueBuilding":"91300","valueTotal":"136500","mailAddr":"312 RUE PARE","mailCity":"SAINT-BRUNO, QC.","mun":"Saint-Bruno"},"geometry":{"type":"MultiPolygon","coordinates":[[[[-71.649304,48.467312],[-71.649178,48.467622],[-71.648828,48.467556],[-71.648989,48.467151],[-71.649304,48.467312]]]]}},{"type":"Feature","properties":{"owner1":"OUIMET HERCULE","owner2":"GAGNE JEANNE-MANCE","matricule":"1970-85-6501","street":"PARE","civicLow":"320","civicHigh":"0","valueLand":"33800","valueBuilding":"84700","valueTotal":"118500","mailAddr":"320 RUE PARE","mailCity":"SAINT-BRUNO, QC.","mun":"Saint-Bruno"},"geometry":{"type":"MultiPolygon","coordinates":[[[[-71.648899,48.467359],[-71.648828,48.467556],[-71.648468,48.467485],[-71.648558,48.467258],[-71.648899,48.467359]]]]}},{"type":"Feature","properties":{"owner1":"2969-8743 QUEBEC INC","owner2":null,"matricule":"1675-42-3658","street":"Adresse non codifiée","civicLow":"0","civicHigh":"0","valueLand":"94900","valueBuilding":"0","valueTotal":"94900","mailAddr":"1567 SIXIEME RANG OUEST","mailCity":"SAINT-BRUNO, QC.","mun":"Saint-Bruno"},"geometry":{"type":"MultiPolygon","coordinates":[[[[-71.693366,48.515338],[-71.692872,48.515249],[-71.697498,48.503834],[-71.699241,48.504138],[-71.694785,48.515183],[-71.694588,48.515148],[-71.694444,48.515475],[-71.693366,48.515338]]]]}},{"type":"Feature","properties":{"owner1":"DUCHESNE GHISLAIN","owner2":null,"matricule":"1875-04-3750","street":"SIXIEME RANG OUEST","civicLow":"811","civicHigh":"0","valueLand":"25200","valueBuilding":"105900","valueTotal":"131100","mailAddr":"811 SIXIEME RANG OUEST","mailCity":"SAINT-BRUNO, QC.","mun":"Saint-Bruno"},"geometry":{"type":"MultiPolygon","coordinates":[[[[-71.674744,48.511863],[-71.674025,48.511726],[-71.674133,48.511464],[-71.67487,48.511601],[-71.674744,48.511863]]]]}},{"type":"Feature","properties":{"owner1":"BERGERON MICHEL","owner2":"PLOURDE LINDA","matricule":"1970-45-2289","street":"ST-ALPHONSE","civicLow":"391","civicHigh":"0","valueLand":"56300","valueBuilding":"231800","valueTotal":"288100","mailAddr":"391 AVENUE ST-ALPHONSE","mailCity":"SAINT-BRUNO, QC.","mun":"Saint-Bruno"},"geometry":{"type":"MultiPolygon","coordinates":[[[[-71.654325,48.468259],[-71.65446,48.467925],[-71.655062,48.468033],[-71.654927,48.468366],[-71.654325,48.468259]]]]}},{"type":"Feature","properties":{"owner1":"MALTAIS GINETTE","owner2":null,"matricule":"1970-46-3615","street":"ST-ALPHONSE","civicLow":"413","civicHigh":"419","valueLand":"46400","valueBuilding":"111800","valueTotal":"158200","mailAddr":"413 AVENUE SAINT-ALPHONSE","mailCity":"SAINT-BRUNO, QC.","mun":"Saint-Bruno"},"geometry":{"type":"MultiPolygon","coordinates":[[[[-71.654164,48.468229],[-71.654927,48.468366],[-71.654855,48.468545],[-71.654092,48.468408],[-71.654164,48.468229]]]]}},{"type":"Feature","properties":{"owner1":"LAVOIE RICHARD","owner2":"TRUCHON LOUISE","matricule":"2368-85-7245","street":"HUITIEME RANG SUD","civicLow":"350","civicHigh":"0","valueLand":"22700","valueBuilding":"73400","valueTotal":"96100","mailAddr":"355 HUITIEME RANG SUD","mailCity":"SAINT-BRUNO, QC.","mun":"Saint-Bruno"},"geometry":{"type":"MultiPolygon","coordinates":[[[[-71.594417,48.450167],[-71.594246,48.450602],[-71.593851,48.450536],[-71.594012,48.450101],[-71.594417,48.450167]]]]}},{"type":"Feature","properties":{"owner1":"THIVIERGE RAYMOND","owner2":"PILOTE MARIELLE","matricule":"2470-65-9551","street":"HUITIEME RANG NORD","civicLow":"871","civicHigh":"0","valueLand":"16300","valueBuilding":"167400","valueTotal":"183700","mailAddr":"871 HUITIEME RANG NORD","mailCity":"SAINT-BRUNO, QC.","mun":"Saint-Bruno"},"geometry":{"type":"MultiPolygon","coordinates":[[[[-71.582999,48.468432],[-71.583852,48.46817],[-71.583457,48.468843],[-71.582909,48.468479],[-71.582999,48.468432]]]]}},{"type":"Feature","properties":{"owner1":"THIVIERGE YANN","owner2":null,"matricule":"2470-65-5946","street":"HUITIEME RANG NORD","civicLow":"0","civicHigh":"0","valueLand":"16700","valueBuilding":"0","valueTotal":"16700","mailAddr":"871 HUITIEME RANG NORD","mailCity":"SAINT-BRUNO, QC.","mun":"Saint-Bruno"},"geometry":{"type":"MultiPolygon","coordinates":[[[[-71.583457,48.468843],[-71.583852,48.46817],[-71.584418,48.468003],[-71.583799,48.468896],[-71.583457,48.468843]]]]}},{"type":"Feature","properties":{"owner1":"BEDARD HELENE","owner2":null,"matricule":"2470-96-0341","street":"HUITIEME RANG NORD","civicLow":"1000","civicHigh":"0","valueLand":"22500","valueBuilding":"115900","valueTotal":"138400","mailAddr":"1000 HUITIEME RANG NORD","mailCity":"SAINT-BRUNO, QC.","mun":"Saint-Bruno"},"geometry":{"type":"MultiPolygon","coordinates":[[[[-71.580825,48.46945],[-71.580062,48.469379],[-71.580439,48.46917],[-71.581122,48.469289],[-71.580825,48.46945]]]]}},{"type":"Feature","properties":{"owner1":"BERGERON ERIC","owner2":null,"matricule":"1971-67-7972","street":"THIBEAULT","civicLow":"941","civicHigh":"0","valueLand":"20900","valueBuilding":"35900","valueTotal":"56800","mailAddr":"941 AVENUE THIBEAULT","mailCity":"SAINT-BRUNO, QC.","mun":"Saint-Bruno"},"geometry":{"type":"MultiPolygon","coordinates":[[[[-71.651675,48.478782],[-71.651612,48.478919],[-71.651262,48.478854],[-71.651316,48.478723],[-71.651675,48.478782]]]]}},{"type":"Feature","properties":{"owner1":"MUNICIPALITE DE SAINT-BRUNO","owner2":null,"matricule":"1970-39-1855","street":"POTVIN","civicLow":"0","civicHigh":"0","valueLand":"100","valueBuilding":"0","valueTotal":"100","mailAddr":"563 RUE SAINT-ALPHONSE","mailCity":"SAINT-BRUNO, QC.","mun":"Saint-Bruno"},"geometry":{"type":"MultiPolygon","coordinates":[[[[-71.6564,48.470796],[-71.656463,48.470808],[-71.655951,48.472059],[-71.6564,48.470796]]]]}},{"type":"Feature","properties":{"owner1":"COTE MARIE-CLAUDE","owner2":null,"matricule":"1971-30-1918","street":"FABRIQUE","civicLow":"881","civicHigh":"0","valueLand":"34000","valueBuilding":"202800","valueTotal":"236800","mailAddr":"881 AVENUE DE LA FABRIQUE","mailCity":"SAINT-BRUNO, QC.","mun":"Saint-Bruno"},"geometry":{"type":"MultiPolygon","coordinates":[[[[-71.656337,48.472077],[-71.655951,48.472059],[-71.656032,48.47185],[-71.6564,48.471916],[-71.656337,48.472077]]]]}},{"type":"Feature","properties":{"owner1":"BRASSARD MARTIN","owner2":"GRAVEL JULIE","matricule":"1971-62-4864","street":"ETUDIANTS","civicLow":"750","civicHigh":"0","valueLand":"38100","valueBuilding":"228700","valueTotal":"266800","mailAddr":"750 AVENUE DES ETUDIANTS","mailCity":"SAINT-BRUNO, QC.","mun":"Saint-Bruno"},"geometry":{"type":"MultiPolygon","coordinates":[[[[-71.651469,48.474274],[-71.651531,48.474113],[-71.652097,48.474215],[-71.652035,48.474375],[-71.651469,48.474274]]]]}},{"type":"Feature","properties":{"owner1":"THIVIERGE EUGENE","owner2":null,"matricule":"2470-76-8115","street":"HUITIEME RANG NORD","civicLow":"891","civicHigh":"0","valueLand":"23500","valueBuilding":"74100","valueTotal":"97600","mailAddr":"891 HUITIEME RANG NORD","mailCity":"SAINT-BRUNO, QC.","mun":"Saint-Bruno"},"geometry":{"type":"MultiPolygon","coordinates":[[[[-71.582065,48.468926],[-71.582586,48.468634],[-71.582712,48.468938],[-71.582541,48.469021],[-71.582352,48.469444],[-71.581732,48.469248],[-71.581723,48.469117],[-71.582065,48.468926]]]]}},{"type":"Feature","properties":{"owner1":"THIVIERGE RAYMOND","owner2":"PILOTE MARIELLE","matricule":"2470-66-0760","street":"HUITIEME RANG NORD","civicLow":"0","civicHigh":"0","valueLand":"14200","valueBuilding":"0","valueTotal":"14200","mailAddr":"871 HUITIEME RANG NORD","mailCity":"SAINT-BRUNO, QC.","mun":"Saint-Bruno"},"geometry":{"type":"MultiPolygon","coordinates":[[[[-71.587302,48.468866],[-71.586493,48.470868],[-71.580403,48.469837],[-71.581723,48.469117],[-71.581948,48.469379],[-71.582352,48.469444],[-71.582541,48.469021],[-71.582712,48.468938],[-71.582586,48.468634],[-71.582909,48.468479],[-71.58334,48.468825],[-71.583799,48.468896],[-71.584418,48.468003],[-71.587437,48.468533],[-71.587302,48.468866]]]]}},{"type":"Feature","properties":{"owner1":"BOIVIN SEBASTIEN","owner2":"DESGAGNE NADIA","matricule":"1971-62-5481","street":"ETUDIANTS","civicLow":"760","civicHigh":"0","valueLand":"37100","valueBuilding":"166000","valueTotal":"203100","mailAddr":"760 AVENUE DES ETUDIANTS","mailCity":"SAINT-BRUNO, QC.","mun":"Saint-Bruno"},"geometry":{"type":"MultiPolygon","coordinates":[[[[-71.651406,48.474435],[-71.651469,48.474274],[-71.652035,48.474375],[-71.651891,48.474518],[-71.651406,48.474435]]]]}},{"type":"Feature","properties":{"owner1":"GAGNON MELISSA","owner2":null,"matricule":"1971-65-5783","street":"ST-ALPHONSE","civicLow":"862","civicHigh":"0","valueLand":"28400","valueBuilding":"122400","valueTotal":"150800","mailAddr":"862 AVENUE ST-ALPHONSE","mailCity":"SAINT-BRUNO, QC.","mun":"Saint-Bruno"},"geometry":{"type":"MultiPolygon","coordinates":[[[[-71.651487,48.477163],[-71.651549,48.477002],[-71.651945,48.477073],[-71.651882,48.477234],[-71.651487,48.477163]]]]}},{"type":"Feature","properties":{"owner1":"DUCHESNE DANIEL","owner2":null,"matricule":"2069-89-8723","street":"SIXIEME RANG SUD","civicLow":"500","civicHigh":"0","valueLand":"19900","valueBuilding":"123200","valueTotal":"143100","mailAddr":"500 SIXIEME RANG SUD","mailCity":"SAINT-BRUNO, QC.","mun":"Saint-Bruno"},"geometry":{"type":"MultiPolygon","coordinates":[[[[-71.634059,48.46263],[-71.633386,48.461766],[-71.63582,48.46213],[-71.635506,48.462892],[-71.634059,48.46263]]]]}},{"type":"Feature","properties":{"owner1":"9070-4727 QUEBEC INC","owner2":null,"matricule":"2269-36-6693","street":"SEPTIEME RANG SUD","civicLow":"470","civicHigh":"0","valueLand":"378900","valueBuilding":"31300","valueTotal":"410200","mailAddr":"224 RUE PELLETIER","mailCity":"HEBERTVILLE, QC.","mun":"Saint-Bruno"},"geometry":{"type":"MultiPolygon","coordinates":[[[[-71.61312,48.461319],[-71.592189,48.457447],[-71.592207,48.457036],[-71.592683,48.457072],[-71.593159,48.456035],[-71.592737,48.45513],[-71.611826,48.458609],[-71.611323,48.459705],[-71.611664,48.459872],[-71.612581,48.459586],[-71.613129,48.459717],[-71.612922,48.460206],[-71.613515,48.460313],[-71.61312,48.461319]]],[[[-71.632703,48.464852],[-71.613272,48.461343],[-71.614081,48.459377],[-71.614341,48.459425],[-71.614485,48.459092],[-71.630349,48.461963],[-71.630762,48.462588],[-71.630619,48.463476],[-71.631661,48.463875],[-71.631957,48.46378],[-71.632128,48.463857],[-71.632541,48.464328],[-71.632703,48.464852]]]]}},{"type":"Feature","properties":{"owner1":"BOUCHARD CEDRIC","owner2":"GIRARD KATIA","matricule":"2069-88-2974","street":"SIXIEME RANG SUD","civicLow":"496","civicHigh":"0","valueLand":"30100","valueBuilding":"123900","valueTotal":"154000","mailAddr":"496 SIXIEME RANG SUD","mailCity":"SAINT-BRUNO, QC.","mun":"Saint-Bruno"},"geometry":{"type":"MultiPolygon","coordinates":[[[[-71.635955,48.461796],[-71.63582,48.46213],[-71.635101,48.46201],[-71.635236,48.461683],[-71.635955,48.461796]]]]}},{"type":"Feature","properties":{"owner1":"GAGNON LANGIS","owner2":null,"matricule":"2069-88-2041","street":"SIXIEME RANG SUD","civicLow":"494","civicHigh":"0","valueLand":"27200","valueBuilding":"200900","valueTotal":"228100","mailAddr":"494 SIXIEME RANG SUD","mailCity":"SAINT-BRUNO, QC.","mun":"Saint-Bruno"},"geometry":{"type":"MultiPolygon","coordinates":[[[[-71.635272,48.461599],[-71.635353,48.461391],[-71.63608,48.461504],[-71.635955,48.461796],[-71.635236,48.461683],[-71.635272,48.461599]]]]}},{"type":"Feature","properties":{"owner1":"BOUCHARD REJEAN","owner2":"PEDNEAULT JACYNTHE","matricule":"1971-77-0870","street":"ST-ALPHONSE","civicLow":"934","civicHigh":"0","valueLand":"37900","valueBuilding":"112200","valueTotal":"150100","mailAddr":"934 AVENUE ST-ALPHONSE","mailCity":"SAINT-BRUNO, QC.","mun":"Saint-Bruno"},"geometry":{"type":"MultiPolygon","coordinates":[[[[-71.651262,48.478854],[-71.651226,48.478949],[-71.650831,48.478878],[-71.650921,48.478651],[-71.651316,48.478723],[-71.651262,48.478854]]]]}},{"type":"Feature","properties":{"owner1":"GAGNE ALMA ROSE","owner2":null,"matricule":"1971-77-1594","street":"ST-ALPHONSE","civicLow":"940","civicHigh":"0","valueLand":"37900","valueBuilding":"115100","valueTotal":"153000","mailAddr":"940 AVENUE ST-ALPHONSE","mailCity":"SAINT-BRUNO, QC.","mun":"Saint-Bruno"},"geometry":{"type":"MultiPolygon","coordinates":[[[[-71.65119,48.479038],[-71.651136,48.479169],[-71.650732,48.479104],[-71.650831,48.478878],[-71.651226,48.478949],[-71.65119,48.479038]]]]}},{"type":"Feature","properties":{"owner1":"BOULIANNE MAXIME","owner2":"TREMBLAY MARILYN","matricule":"1974-49-9302","street":"ST-ALPHONSE NORD","civicLow":"2002","civicHigh":"0","valueLand":"32300","valueBuilding":"219700","valueTotal":"252000","mailAddr":"2002 ROUTE ST-ALPHONSE NORD","mailCity":"SAINT-BRUNO, QC.","mun":"Saint-Bruno"},"geometry":{"type":"MultiPolygon","coordinates":[[[[-71.6549,48.506757],[-71.654721,48.507191],[-71.654325,48.50712],[-71.654505,48.506685],[-71.6549,48.506757]]]]}},{"type":"Feature","properties":{"owner1":"TREMBLAY MAXIME","owner2":null,"matricule":"1971-81-0194","street":"FORTIN","civicLow":"205","civicHigh":"0","valueLand":"31500","valueBuilding":"164000","valueTotal":"195500","mailAddr":"205 RUE FORTIN","mailCity":"SAINT-BRUNO, QC.","mun":"Saint-Bruno"},"geometry":{"type":"MultiPolygon","coordinates":[[[[-71.649888,48.47353],[-71.64978,48.473798],[-71.64951,48.47375],[-71.649618,48.473482],[-71.649888,48.47353]]]]}},{"type":"Feature","properties":{"owner1":"GIRARD PATRICE","owner2":"THIVIERGE ANDREE","matricule":"1971-81-2089","street":"FORTIN","civicLow":"215","civicHigh":"0","valueLand":"31500","valueBuilding":"177400","valueTotal":"208900","mailAddr":"215 RUE FORTIN","mailCity":"SAINT-BRUNO, QC.","mun":"Saint-Bruno"},"geometry":{"type":"MultiPolygon","coordinates":[[[[-71.649618,48.473482],[-71.64951,48.47375],[-71.64925,48.473702],[-71.649358,48.473434],[-71.649618,48.473482]]]]}},{"type":"Feature","properties":{"owner1":"MENARD CLAUDE","owner2":"GAUDREAULT PAULE","matricule":"1974-49-5014","street":"ST-ALPHONSE NORD","civicLow":"2010","civicHigh":"0","valueLand":"52900","valueBuilding":"230000","valueTotal":"282900","mailAddr":"2010 ROUTE ST-ALPHONSE NORD","mailCity":"SAINT-BRUNO, QC.","mun":"Saint-Bruno"},"geometry":{"type":"MultiPolygon","coordinates":[[[[-71.655682,48.506894],[-71.655502,48.507328],[-71.654721,48.507191],[-71.6549,48.506757],[-71.655682,48.506894]]]]}},{"type":"Feature","properties":{"owner1":"LAVOIE SERGE","owner2":"LE BRETON MICHELINE","matricule":"1971-73-5267","street":"LAROUCHE","civicLow":"155","civicHigh":"0","valueLand":"30200","valueBuilding":"162300","valueTotal":"192500","mailAddr":"155 RUE LAROUCHE","mailCity":"SAINT-BRUNO, QC.","mun":"Saint-Bruno"},"geometry":{"type":"MultiPolygon","coordinates":[[[[-71.650561,48.475072],[-71.650454,48.475352],[-71.650211,48.47531],[-71.650328,48.475025],[-71.650561,48.475072]]]]}},{"type":"Feature","properties":{"owner1":"VAILLANCOURT PATRICK","owner2":null,"matricule":"1971-73-6864","street":"LAROUCHE","civicLow":"165","civicHigh":"0","valueLand":"24100","valueBuilding":"155500","valueTotal":"179600","mailAddr":"165 RUE LAROUCHE","mailCity":"SAINT-BRUNO, QC.","mun":"Saint-Bruno"},"geometry":{"type":"MultiPolygon","coordinates":[[[[-71.650328,48.475025],[-71.650211,48.47531],[-71.650031,48.475275],[-71.650112,48.474995],[-71.650328,48.475025]]]]}},{"type":"Feature","properties":{"owner1":"BOUCHARD PATRICK","owner2":null,"matricule":"1971-74-0650","street":"ETUDIANTS","civicLow":"808","civicHigh":"814","valueLand":"43300","valueBuilding":"305400","valueTotal":"348700","mailAddr":"565 PLATEAU-BEAUMONT","mailCity":"SAINT-BRUNO, QC.","mun":"Saint-Bruno"},"geometry":{"type":"MultiPolygon","coordinates":[[[[-71.651307,48.475835],[-71.651199,48.476097],[-71.650759,48.476019],[-71.650867,48.475751],[-71.651307,48.475835]]]]}},{"type":"Feature","properties":{"owner1":"FORTIN MARC-ANTOINE","owner2":null,"matricule":"1971-63-7939","street":"ETUDIANTS","civicLow":"790","civicHigh":"0","valueLand":"38200","valueBuilding":"170600","valueTotal":"208800","mailAddr":"790 AVENUE DES ETUDIANTS","mailCity":"SAINT-BRUNO, QC.","mun":"Saint-Bruno"},"geometry":{"type":"MultiPolygon","coordinates":[[[[-71.651594,48.47481],[-71.651487,48.475084],[-71.65119,48.475037],[-71.651271,48.474751],[-71.651594,48.47481]]]]}},{"type":"Feature","properties":{"owner1":"LAJOIE MARIE","owner2":null,"matricule":"1971-76-2545","street":"ST-ALPHONSE","civicLow":"895","civicHigh":"0","valueLand":"41100","valueBuilding":"237200","valueTotal":"278300","mailAddr":"895 AVENUE ST-ALPHONSE","mailCity":"SAINT-BRUNO, QC.","mun":"Saint-Bruno"},"geometry":{"type":"MultiPolygon","coordinates":[[[[-71.65057,48.477782],[-71.650678,48.47752],[-71.651073,48.477591],[-71.650966,48.477853],[-71.65057,48.477782]]]]}},{"type":"Feature","properties":{"owner1":"COTE REJEAN","owner2":"LAROUCHE DOMINIQUE","matricule":"1971-76-3270","street":"ST-ALPHONSE","civicLow":"905","civicHigh":"0","valueLand":"33200","valueBuilding":"205500","valueTotal":"238700","mailAddr":"905 AVENUE ST-ALPHONSE","mailCity":"SAINT-BRUNO, QC.","mun":"Saint-Bruno"},"geometry":{"type":"MultiPolygon","coordinates":[[[[-71.650489,48.477966],[-71.65057,48.477782],[-71.650966,48.477853],[-71.650885,48.478038],[-71.650489,48.477966]]]]}},{"type":"Feature","properties":{"owner1":"BOUCHARD JEAN-GUY","owner2":null,"matricule":"1970-44-6660","street":"ARMAND","civicLow":"355","civicHigh":"0","valueLand":"41100","valueBuilding":"112600","valueTotal":"153700","mailAddr":"355 RUE ARMAND","mailCity":"SAINT-BRUNO, QC.","mun":"Saint-Bruno"},"geometry":{"type":"MultiPolygon","coordinates":[[[[-71.653822,48.467091],[-71.65393,48.466823],[-71.654325,48.466895],[-71.654217,48.467163],[-71.653822,48.467091]]]]}},{"type":"Feature","properties":{"owner1":"MUNICIPALITE DE SAINT-BRUNO","owner2":null,"matricule":"1971-91-0680","street":"CEDRES","civicLow":"0","civicHigh":"0","valueLand":"23300","valueBuilding":"0","valueTotal":"23300","mailAddr":"563 AVENUE ST-ALPHONSE","mailCity":"SAINT-BRUNO, QC.","mun":"Saint-Bruno"},"geometry":{"type":"MultiPolygon","coordinates":[[[[-71.648316,48.473536],[-71.648217,48.473804],[-71.648118,48.473786],[-71.648325,48.473256],[-71.648423,48.473274],[-71.648316,48.473536]]]]}},{"type":"Feature","properties":{"owner1":"9078-0057 QUEBEC INC","owner2":null,"matricule":"1974-34-6144","street":"ST-ALPHONSE NORD","civicLow":"0","civicHigh":"0","valueLand":"34400","valueBuilding":"0","valueTotal":"34400","mailAddr":"2685 ROUTE DU LAC OUEST","mailCity":"ALMA, QC.","mun":"Saint-Bruno"},"geometry":{"type":"MultiPolygon","coordinates":[[[[-71.655538,48.503537],[-71.655547,48.502989],[-71.652798,48.502971],[-71.652717,48.502543],[-71.653463,48.502215],[-71.653858,48.501656],[-71.658377,48.502442],[-71.65764,48.504168],[-71.655529,48.504156],[-71.655538,48.503537]]]]}},{"type":"Feature","properties":{"owner1":"TREMBLAY JOHANNE","owner2":"9213-9997 QUEBEC INC","matricule":"1974-54-1290","street":"ST-ALPHONSE NORD","civicLow":"1951","civicHigh":"0","valueLand":"101200","valueBuilding":"138200","valueTotal":"239400","mailAddr":"710 RUE SCOTT OUEST","mailCity":"ALMA,QC","mun":"Saint-Bruno"},"geometry":{"type":"MultiPolygon","coordinates":[[[[-71.655547,48.502989],[-71.655538,48.503537],[-71.652852,48.503418],[-71.652798,48.502971],[-71.655547,48.502989]]]]}},{"type":"Feature","properties":{"owner1":"REPARATIONS J.G.B. INC.","owner2":null,"matricule":"1974-55-0047","street":"ST-ALPHONSE NORD","civicLow":"0","civicHigh":"0","valueLand":"47100","valueBuilding":"22900","valueTotal":"70000","mailAddr":"391 RUE LAROUCHE","mailCity":"ALMA, QC.","mun":"Saint-Bruno"},"geometry":{"type":"MultiPolygon","coordinates":[[[[-71.654855,48.504084],[-71.652861,48.503567],[-71.652852,48.503418],[-71.655538,48.503537],[-71.655529,48.504156],[-71.654855,48.504084]]]]}},{"type":"Feature","properties":{"owner1":"BONNEAU MICHAEL","owner2":null,"matricule":"2071-00-4717","street":"OEILLETS","civicLow":"685","civicHigh":"0","valueLand":"32400","valueBuilding":"134700","valueTotal":"167100","mailAddr":"685 AVENUE DES OEILLETS","mailCity":"SAINT-BRUNO, QC.","mun":"Saint-Bruno"},"geometry":{"type":"MultiPolygon","coordinates":[[[[-71.646043,48.472112],[-71.646276,48.471922],[-71.6466,48.472094],[-71.64651,48.472196],[-71.646043,48.472112]]]]}},{"type":"Feature","properties":{"owner1":"MALTAIS NICOLE","owner2":null,"matricule":"2071-00-4742","street":"JONQUILLES","civicLow":"300","civicHigh":"0","valueLand":"27600","valueBuilding":"130700","valueTotal":"158300","mailAddr":"300 RUE DES JONQUILLES","mailCity":"SAINT-BRUNO, QC.","mun":"Saint-Bruno"},"geometry":{"type":"MultiPolygon","coordinates":[[[[-71.646169,48.472422],[-71.646276,48.472154],[-71.64651,48.472196],[-71.646402,48.472434],[-71.646169,48.472422]]]]}},{"type":"Feature","properties":{"owner1":"ST-PIERRE HUGO","owner2":null,"matricule":"1971-53-7441","street":"ST-ALPHONSE","civicLow":"784","civicHigh":"0","valueLand":"42000","valueBuilding":"136900","valueTotal":"178900","mailAddr":"784 AVENUE ST-ALPHONSE","mailCity":"SAINT-BRUNO, QC.","mun":"Saint-Bruno"},"geometry":{"type":"MultiPolygon","coordinates":[[[[-71.652789,48.474983],[-71.652394,48.474953],[-71.652457,48.474792],[-71.653247,48.474929],[-71.653202,48.475048],[-71.652789,48.474983]]]]}},{"type":"Feature","properties":{"owner1":"MARCOTTE CHRISTIAN","owner2":null,"matricule":"1970-89-6743","street":"ROSIERS","civicLow":"605","civicHigh":"0","valueLand":"32200","valueBuilding":"136300","valueTotal":"168500","mailAddr":"605 AVENUE DES ROSIERS","mailCity":"SAINT-BRUNO, QC.","mun":"Saint-Bruno"},"geometry":{"type":"MultiPolygon","coordinates":[[[[-71.648989,48.471332],[-71.648917,48.471511],[-71.648522,48.471445],[-71.648594,48.471261],[-71.648989,48.471332]]]]}},{"type":"Feature","properties":{"owner1":"BOUCHARD MARIE-EVE","owner2":null,"matricule":"2071-00-3301","street":"OEILLETS","civicLow":"675","civicHigh":"0","valueLand":"32400","valueBuilding":"131900","valueTotal":"164300","mailAddr":"675 AVENUE DES OEILLETS","mailCity":"SAINT-BRUNO, QC.","mun":"Saint-Bruno"},"geometry":{"type":"MultiPolygon","coordinates":[[[[-71.646276,48.471922],[-71.646483,48.471761],[-71.64677,48.471993],[-71.6466,48.472094],[-71.646276,48.471922]]]]}},{"type":"Feature","properties":{"owner1":"TREMBLAY SYLVAIN","owner2":null,"matricule":"2174-11-9911","street":"SIXIEME RANG NORD","civicLow":"0","civicHigh":"0","valueLand":"41600","valueBuilding":"0","valueTotal":"41600","mailAddr":"569 CHEMIN DU LAC HIPPOLYTE","mailCity":"LAROUCHE, QC.","mun":"Saint-Bruno"},"geometry":{"type":"MultiPolygon","coordinates":[[[[-71.62107,48.499394],[-71.621995,48.497114],[-71.641668,48.500704],[-71.64077,48.502989],[-71.62107,48.499394]]]]}},{"type":"Feature","properties":{"owner1":"GRAVEL MARIO","owner2":"LAROUCHE CLAUDINE","matricule":"1970-32-3597","street":"ST-ALPHONSE","civicLow":"277","civicHigh":"0","valueLand":"49100","valueBuilding":"137600","valueTotal":"186700","mailAddr":"277 AVENUE ST-ALPHONSE","mailCity":"SAINT-BRUNO, QC.","mun":"Saint-Bruno"},"geometry":{"type":"MultiPolygon","coordinates":[[[[-71.655484,48.465584],[-71.655646,48.465299],[-71.65614,48.465394],[-71.656023,48.46568],[-71.655484,48.465584]]]]}},{"type":"Feature","properties":{"owner1":"COMMISSION SCOLAIRE LAC-ST-JEAN","owner2":null,"matricule":"1675-58-4582","street":"Adresse non codifiée","civicLow":"0","civicHigh":"0","valueLand":"600","valueBuilding":"0","valueTotal":"600","mailAddr":"350 BOULEVARD CHAMPLAIN SUD","mailCity":"ALMA, QC.","mun":"Saint-Bruno"},"geometry":{"type":"MultiPolygon","coordinates":[[[[-71.694687,48.515505],[-71.694444,48.515475],[-71.694588,48.515148],[-71.694983,48.515219],[-71.694848,48.515535],[-71.694687,48.515505]]]]}},{"type":"Feature","properties":{"owner1":"BOUCHARD DOMINIC","owner2":"LACROIX PIERRE","matricule":"2770-26-5572","street":"Adresse non codifiée","civicLow":"0","civicHigh":"0","valueLand":"28800","valueBuilding":"0","valueTotal":"28800","mailAddr":"1133 CHEMIN DU LAC DES CEDRES","mailCity":"LAROUCHE,QC","mun":"Saint-Bruno"},"geometry":{"type":"MultiPolygon","coordinates":[[[[-71.540401,48.469772],[-71.541245,48.46752],[-71.559319,48.470719],[-71.551163,48.471695],[-71.540401,48.469772]]]]}},{"type":"Feature","properties":{"owner1":"BOUCHARD DOMINIC","owner2":"LACROIX PIERRE","matricule":"2670-29-9348","street":"Adresse non codifiée","civicLow":"0","civicHigh":"0","valueLand":"5400","valueBuilding":"3000","valueTotal":"8400","mailAddr":"1133 CHEMIN DU LAC DES CEDRES","mailCity":"LAROUCHE,QC","mun":"Saint-Bruno"},"geometry":{"type":"MultiPolygon","coordinates":[[[[-71.563559,48.471773],[-71.562724,48.473762],[-71.561134,48.473476],[-71.559319,48.470719],[-71.563685,48.471487],[-71.563559,48.471773]]]]}},{"type":"Feature","properties":{"owner1":"MARTEL ISABELLE","owner2":null,"matricule":"1970-33-4737","street":"ST-ALPHONSE","civicLow":"285","civicHigh":"295","valueLand":"42200","valueBuilding":"110800","valueTotal":"153000","mailAddr":"291 AVENUE SAINT-ALPHONSE","mailCity":"SAINT-BRUNO, QC.","mun":"Saint-Bruno"},"geometry":{"type":"MultiPolygon","coordinates":[[[[-71.655349,48.465924],[-71.65543,48.465716],[-71.655969,48.465817],[-71.655888,48.466019],[-71.655349,48.465924]]]]}},{"type":"Feature","properties":{"owner1":"BOUCHARD JERRY","owner2":"BOUCHARD LANYE","matricule":"1970-33-5460","street":"ST-ALPHONSE","civicLow":"297","civicHigh":"0","valueLand":"42200","valueBuilding":"143000","valueTotal":"185200","mailAddr":"297 AVENUE ST-ALPHONSE","mailCity":"SAINT-BRUNO, QC.","mun":"Saint-Bruno"},"geometry":{"type":"MultiPolygon","coordinates":[[[[-71.655259,48.466132],[-71.655349,48.465924],[-71.655888,48.466019],[-71.655798,48.466228],[-71.655259,48.466132]]]]}},{"type":"Feature","properties":{"owner1":"TREMBLAY GEORGES","owner2":null,"matricule":"1970-33-6186","street":"ST-ALPHONSE","civicLow":"299","civicHigh":"0","valueLand":"47800","valueBuilding":"98200","valueTotal":"146000","mailAddr":"299 AVENUE ST-ALPHONSE","mailCity":"SAINT-BRUNO, QC.","mun":"Saint-Bruno"},"geometry":{"type":"MultiPolygon","coordinates":[[[[-71.655152,48.466395],[-71.655259,48.466132],[-71.655798,48.466228],[-71.655691,48.46649],[-71.655152,48.466395]]]]}},{"type":"Feature","properties":{"owner1":"TREMBLAY ALAIN","owner2":"LAVOIE RUTH","matricule":"2070-26-8448","street":"PIONNIERS","civicLow":"470","civicHigh":"0","valueLand":"41900","valueBuilding":"252600","valueTotal":"294500","mailAddr":"470 RUE DES PIONNIERS","mailCity":"SAINT-BRUNO, QC.","mun":"Saint-Bruno"},"geometry":{"type":"MultiPolygon","coordinates":[[[[-71.642683,48.468866],[-71.643015,48.468598],[-71.643348,48.468807],[-71.643231,48.468938],[-71.642683,48.468866]]]]}},{"type":"Feature","properties":{"owner1":"FORTIN STEPHANE","owner2":null,"matricule":"2070-26-5416","street":"PIONNIERS","civicLow":"490","civicHigh":"0","valueLand":"34400","valueBuilding":"233000","valueTotal":"267400","mailAddr":"490 RUE DES PIONNIERS","mailCity":"SAINT-BRUNO, QC.","mun":"Saint-Bruno"},"geometry":{"type":"MultiPolygon","coordinates":[[[[-71.643186,48.468461],[-71.643393,48.468342],[-71.643716,48.468539],[-71.643536,48.468676],[-71.643186,48.468461]]]]}},{"type":"Feature","properties":{"owner1":"BOUCHARD OMER","owner2":"FORTIN JACYNTHE","matricule":"1971-74-2279","street":"LAJOIE","civicLow":"136","civicHigh":"0","valueLand":"26600","valueBuilding":"133100","valueTotal":"159700","mailAddr":"1150 RANG 6 NORD","mailCity":"SAINT-BRUNO, QC.","mun":"Saint-Bruno"},"geometry":{"type":"MultiPolygon","coordinates":[[[[-71.650993,48.476061],[-71.650795,48.476347],[-71.650759,48.476019],[-71.650993,48.476061]]]]}},{"type":"Feature","properties":{"owner1":"BOUCHARD SEBASTIEN","owner2":null,"matricule":"1971-65-8835","street":"ST-ALPHONSE","civicLow":"855","civicHigh":"861","valueLand":"41100","valueBuilding":"274800","valueTotal":"315900","mailAddr":"216 RUE LAJOIE","mailCity":"SAINT-BRUNO, QC.","mun":"Saint-Bruno"},"geometry":{"type":"MultiPolygon","coordinates":[[[[-71.651549,48.476597],[-71.651442,48.476859],[-71.651046,48.476787],[-71.651154,48.476525],[-71.651549,48.476597]]]]}},{"type":"Feature","properties":{"owner1":"MUNICIPALITE DE SAINT-BRUNO","owner2":null,"matricule":"1970-29-6996","street":"FABRIQUE","civicLow":"900","civicHigh":"0","valueLand":"29700","valueBuilding":"0","valueTotal":"29700","mailAddr":"563 RUE SAINT-ALPHONSE","mailCity":"SAINT-BRUNO, QC.","mun":"Saint-Bruno"},"geometry":{"type":"MultiPolygon","coordinates":[[[[-71.657083,48.471737],[-71.657011,48.471898],[-71.656607,48.471826],[-71.656679,48.471666],[-71.657083,48.471737]]]]}},{"type":"Feature","properties":{"owner1":"9317-9414 QUEBEC INC","owner2":null,"matricule":"1970-28-2337","street":"FABRIQUE","civicLow":"810","civicHigh":"816","valueLand":"40800","valueBuilding":"435300","valueTotal":"476100","mailAddr":"691 AVENUE DE GRENOBLE","mailCity":"ALMA, QC","mun":"Saint-Bruno"},"geometry":{"type":"MultiPolygon","coordinates":[[[[-71.657694,48.470254],[-71.657586,48.470516],[-71.657209,48.470433],[-71.65729,48.470183],[-71.657694,48.470254]]]]}},{"type":"Feature","properties":{"owner1":"BEDARD YANNICK","owner2":null,"matricule":"1971-67-9944","street":"ST-ALPHONSE","civicLow":"922","civicHigh":"928","valueLand":"41400","valueBuilding":"113100","valueTotal":"154500","mailAddr":"922 AVENUE ST-ALPHONSE","mailCity":"SAINT-BRUNO, QC.","mun":"Saint-Bruno"},"geometry":{"type":"MultiPolygon","coordinates":[[[[-71.651433,48.478538],[-71.651352,48.478729],[-71.650921,48.478651],[-71.651028,48.478407],[-71.651433,48.478538]]]]}},{"type":"Feature","properties":{"owner1":"FRIGON JOSIANE","owner2":null,"matricule":"1971-73-5817","street":"LAROUCHE","civicLow":"158","civicHigh":"0","valueLand":"11400","valueBuilding":"135200","valueTotal":"146600","mailAddr":"158 RUE LAROUCHE","mailCity":"SAINT-BRUNO, QC.","mun":"Saint-Bruno"},"geometry":{"type":"MultiPolygon","coordinates":[[[[-71.6504,48.47462],[-71.650301,48.474882],[-71.650202,48.474864],[-71.65031,48.474602],[-71.6504,48.47462]]]]}},{"type":"Feature","properties":{"owner1":"CARON MELISSA","owner2":null,"matricule":"1971-73-6815","street":"LAROUCHE","civicLow":"160","civicHigh":"0","valueLand":"21100","valueBuilding":"138000","valueTotal":"159100","mailAddr":"160 RUE LAROUCHE","mailCity":"SAINT-BRUNO, QC.","mun":"Saint-Bruno"},"geometry":{"type":"MultiPolygon","coordinates":[[[[-71.65031,48.474602],[-71.650202,48.474864],[-71.650076,48.474858],[-71.650076,48.474584],[-71.65031,48.474602]]]]}},{"type":"Feature","properties":{"owner1":"BOUCHARD-PERRON NATACHA","owner2":"DUFOUR ALEXANDRA","matricule":"1970-28-3990","street":"FABRIQUE","civicLow":"830","civicHigh":"0","valueLand":"22000","valueBuilding":"157500","valueTotal":"179500","mailAddr":"830 AVENUE DE LA FABRIQUE","mailCity":"SAINT-BRUNO, QC.","mun":"Saint-Bruno"},"geometry":{"type":"MultiPolygon","coordinates":[[[[-71.657011,48.47085],[-71.657065,48.470725],[-71.657469,48.470802],[-71.657415,48.470921],[-71.657011,48.47085]]]]}},{"type":"Feature","properties":{"owner1":"MUNICIPALITE DE SAINT-BRUNO","owner2":null,"matricule":"1970-29-4303","street":"FABRIQUE","civicLow":"840","civicHigh":"0","valueLand":"22000","valueBuilding":"0","valueTotal":"22000","mailAddr":"563 RUE SAINT-ALPHONSE","mailCity":"SAINT-BRUNO, QC.","mun":"Saint-Bruno"},"geometry":{"type":"MultiPolygon","coordinates":[[[[-71.656966,48.470969],[-71.657011,48.47085],[-71.657415,48.470921],[-71.657362,48.471046],[-71.656966,48.470969]]]]}},{"type":"Feature","properties":{"owner1":"SIMARD NELSON","owner2":"TREMBLAY SANDRA","matricule":"1971-65-3506","street":"ST-ALPHONSE","civicLow":"844","civicHigh":"0","valueLand":"41300","valueBuilding":"122000","valueTotal":"163300","mailAddr":"844 AVENUE ST-ALPHONSE","mailCity":"SAINT-BRUNO, QC.","mun":"Saint-Bruno"},"geometry":{"type":"MultiPolygon","coordinates":[[[[-71.652232,48.4764],[-71.652142,48.476597],[-71.651747,48.476525],[-71.651855,48.476257],[-71.652259,48.476335],[-71.652232,48.4764]]]]}},{"type":"Feature","properties":{"owner1":"BOUCHARD PIERRE-PAUL","owner2":null,"matricule":"1971-74-1080","street":"LAJOIE","civicLow":"134","civicHigh":"0","valueLand":"11400","valueBuilding":"139300","valueTotal":"150700","mailAddr":"1570 ROUTE SAINT-ALPHONSE","mailCity":"SAINT-BRUNO, QC.","mun":"Saint-Bruno"},"geometry":{"type":"MultiPolygon","coordinates":[[[[-71.651073,48.476079],[-71.650867,48.476359],[-71.650993,48.476061],[-71.651073,48.476079]]]]}},{"type":"Feature","properties":{"owner1":"LES CONSTRUCTIONS ALMAS OUELLET","owner2":null,"matricule":"1970-15-9355","street":"PRES","civicLow":"345","civicHigh":"0","valueLand":"17300","valueBuilding":"141600","valueTotal":"158900","mailAddr":"1015 AVENUE DU CURE-LABELLE","mailCity":"ALMA, QC.","mun":"Saint-Bruno"},"geometry":{"type":"MultiPolygon","coordinates":[[[[-71.657999,48.467794],[-71.657954,48.46789],[-71.657568,48.467818],[-71.657604,48.467723],[-71.657999,48.467794]]]]}},{"type":"Feature","properties":{"owner1":"COTE-VINCENT ALEXANDRE","owner2":null,"matricule":"1970-15-9664","street":"PRES","civicLow":"347","civicHigh":"0","valueLand":"11200","valueBuilding":"139300","valueTotal":"150500","mailAddr":"347 RUE DES PRES","mailCity":"SAINT-BRUNO, QC.","mun":"Saint-Bruno"},"geometry":{"type":"MultiPolygon","coordinates":[[[[-71.657541,48.467884],[-71.657568,48.467818],[-71.657954,48.46789],[-71.657927,48.467955],[-71.657541,48.467884]]]]}},{"type":"Feature","properties":{"owner1":"LES CONSTRUCTIONS ALMAS OUELLET","owner2":null,"matricule":"1970-15-9871","street":"PRES","civicLow":"349","civicHigh":"0","valueLand":"11200","valueBuilding":"140500","valueTotal":"151700","mailAddr":"1015 AVENUE DU CURE-LABELLE","mailCity":"ALMA, QC","mun":"Saint-Bruno"},"geometry":{"type":"MultiPolygon","coordinates":[[[[-71.657514,48.467949],[-71.657541,48.467884],[-71.657927,48.467955],[-71.65791,48.468021],[-71.657514,48.467949]]]]}},{"type":"Feature","properties":{"owner1":"LES CONSTRUCTIONS ALMAS OUELLET","owner2":null,"matricule":"1970-25-0078","street":"PRES","civicLow":"351","civicHigh":"0","valueLand":"11200","valueBuilding":"137500","valueTotal":"148700","mailAddr":"1015 AVENUE DU CURE-LABELLE","mailCity":"ALMA, QC","mun":"Saint-Bruno"},"geometry":{"type":"MultiPolygon","coordinates":[[[[-71.657487,48.468009],[-71.657514,48.467949],[-71.65791,48.468021],[-71.657883,48.46808],[-71.657487,48.468009]]]]}},{"type":"Feature","properties":{"owner1":"LALANCETTE DAVID","owner2":"BLAIS VERONIQUE","matricule":"2070-17-5788","street":"JAUVIN","civicLow":"385","civicHigh":"0","valueLand":"38900","valueBuilding":"116400","valueTotal":"155300","mailAddr":"385 RUE JAUVIN","mailCity":"SAINT-BRUNO, QC.","mun":"Saint-Bruno"},"geometry":{"type":"MultiPolygon","coordinates":[[[[-71.644893,48.470189],[-71.644561,48.470129],[-71.644758,48.469903],[-71.645046,48.469933],[-71.644893,48.470189]]]]}},{"type":"Feature","properties":{"owner1":"GAGNON KEVEN","owner2":null,"matricule":"2070-04-1159","street":"PARE","civicLow":"394","civicHigh":"0","valueLand":"33400","valueBuilding":"112000","valueTotal":"145400","mailAddr":"394 RUE PARE","mailCity":"SAINT-BRUNO, QC.","mun":"Saint-Bruno"},"geometry":{"type":"MultiPolygon","coordinates":[[[[-71.646555,48.466937],[-71.646932,48.466966],[-71.646842,48.467193],[-71.646483,48.467127],[-71.646555,48.466937]]]]}},{"type":"Feature","properties":{"owner1":"EMOND JOHNNY","owner2":"FORTIN KARINE","matricule":"1970-65-7963","street":"MELANCON","civicLow":"236","civicHigh":"240","valueLand":"34600","valueBuilding":"137300","valueTotal":"171900","mailAddr":"11 AVENUE MOREL","mailCity":"METABETCHOUAN-LAC-A-LA-CROIX, QC.","mun":"Saint-Bruno"},"geometry":{"type":"MultiPolygon","coordinates":[[[[-71.651343,48.467961],[-71.651289,48.468092],[-71.651019,48.468044],[-71.651154,48.467842],[-71.651657,48.467931],[-71.65163,48.468009],[-71.651343,48.467961]]]]}},{"type":"Feature","properties":{"owner1":"GIRARD DANIELLE","owner2":null,"matricule":"1970-65-5947","street":"NORMANDIE","civicLow":"238","civicHigh":"240","valueLand":"36500","valueBuilding":"83100","valueTotal":"119600","mailAddr":"366 RUE DES PRES","mailCity":"SAINT-BRUNO, QC.","mun":"Saint-Bruno"},"geometry":{"type":"MultiPolygon","coordinates":[[[[-71.65172,48.467782],[-71.651657,48.467931],[-71.651154,48.467842],[-71.651325,48.467675],[-71.65172,48.467782]]]]}},{"type":"Feature","properties":{"owner1":"LAVOIE MARCO","owner2":null,"matricule":"1970-65-5226","street":"NORMANDIE","civicLow":"242","civicHigh":"244","valueLand":"36800","valueBuilding":"111800","valueTotal":"148600","mailAddr":"213 RUE NAPOLEON","mailCity":"SAINT-BRUNO, QC.","mun":"Saint-Bruno"},"geometry":{"type":"MultiPolygon","coordinates":[[[[-71.651325,48.467675],[-71.651424,48.467467],[-71.651819,48.467538],[-71.651738,48.467747],[-71.651325,48.467675]]]]}},{"type":"Feature","properties":{"owner1":"GRAVEL DOMINIQUE","owner2":"GAGNON MARJOLAINE","matricule":"1970-65-4503","street":"NORMANDIE","civicLow":"246","civicHigh":"0","valueLand":"37000","valueBuilding":"113500","valueTotal":"150500","mailAddr":"246 RUE NORMANDIE","mailCity":"SAINT-BRUNO, QC.","mun":"Saint-Bruno"},"geometry":{"type":"MultiPolygon","coordinates":[[[[-71.651424,48.467467],[-71.651505,48.467264],[-71.651918,48.467294],[-71.651819,48.467538],[-71.651424,48.467467]]]]}},{"type":"Feature","properties":{"owner1":"PEDNEAULT SERGE","owner2":null,"matricule":"1970-64-3877","street":"NORMANDIE","civicLow":"248","civicHigh":"250","valueLand":"39200","valueBuilding":"92300","valueTotal":"131500","mailAddr":"248 RUE NORMANDIE","mailCity":"SAINT-BRUNO, QC.","mun":"Saint-Bruno"},"geometry":{"type":"MultiPolygon","coordinates":[[[[-71.651783,48.46727],[-71.651505,48.467264],[-71.651531,48.467074],[-71.652026,48.467038],[-71.651918,48.467294],[-71.651783,48.46727]]]]}},{"type":"Feature","properties":{"owner1":"GAGNON OCTAVE","owner2":null,"matricule":"2070-24-1315","street":"NORMANDIE","civicLow":"520","civicHigh":"0","valueLand":"47500","valueBuilding":"132400","valueTotal":"179900","mailAddr":"520 RUE NORMANDIE","mailCity":"SAINT-BRUNO, QC.","mun":"Saint-Bruno"},"geometry":{"type":"MultiPolygon","coordinates":[[[[-71.64412,48.466853],[-71.643626,48.466764],[-71.643725,48.466508],[-71.644237,48.466603],[-71.64412,48.466853]]]]}},{"type":"Feature","properties":{"owner1":"TREMBLAY BERTHOLD","owner2":null,"matricule":"1969-18-4987","street":"ST-ALPHONSE","civicLow":"0","civicHigh":"0","valueLand":"2200","valueBuilding":"0","valueTotal":"2200","mailAddr":"103 AVENUE ST-ALPHONSE","mailCity":"SAINT-BRUNO, QC.","mun":"Saint-Bruno"},"geometry":{"type":"MultiPolygon","coordinates":[[[[-71.658745,48.461558],[-71.658493,48.462171],[-71.65773,48.462028],[-71.657999,48.461421],[-71.658745,48.461558]]]]}},{"type":"Feature","properties":{"owner1":"HUDON JEAN-ROGER","owner2":null,"matricule":"1969-19-8052","street":"ST-ALPHONSE","civicLow":"116","civicHigh":"0","valueLand":"70300","valueBuilding":"1000","valueTotal":"71300","mailAddr":"116 AVENUE ST-ALPHONSE","mailCity":"SAINT-BRUNO, QC.","mun":"Saint-Bruno"},"geometry":{"type":"MultiPolygon","coordinates":[[[[-71.657469,48.462642],[-71.65773,48.462028],[-71.658224,48.462124],[-71.657963,48.462737],[-71.657469,48.462642]]]]}},{"type":"Feature","properties":{"owner1":"GAGNE DANIEL","owner2":"GAGNE MARC-OLIVIER","matricule":"2069-77-9038","street":"SIXIEME RANG SUD","civicLow":"470","civicHigh":"472","valueLand":"22400","valueBuilding":"170400","valueTotal":"192800","mailAddr":"470 SIXIEME RANG SUD","mailCity":"SAINT-BRUNO, QC","mun":"Saint-Bruno"},"geometry":{"type":"MultiPolygon","coordinates":[[[[-71.636431,48.460623],[-71.636341,48.460861],[-71.635622,48.460736],[-71.635721,48.460497],[-71.636431,48.460623]]]]}},{"type":"Feature","properties":{"owner1":"TECHNOLOGIE FORESTIERE R.C.T.F. INC","owner2":null,"matricule":"2368-89-7859","street":"HUITIEME RANG SUD","civicLow":"449","civicHigh":"0","valueLand":"20500","valueBuilding":"39400","valueTotal":"59900","mailAddr":"449 HUITIEME RANG SUD","mailCity":"SAINT-BRUNO, QC.","mun":"Saint-Bruno"},"geometry":{"type":"MultiPolygon","coordinates":[[[[-71.594794,48.454343],[-71.594515,48.455493],[-71.592737,48.45513],[-71.593357,48.453456],[-71.593896,48.453521],[-71.594048,48.453092],[-71.594524,48.453128],[-71.595387,48.453581],[-71.595998,48.453676],[-71.596779,48.454075],[-71.596123,48.454623],[-71.594794,48.454343]]]]}},{"type":"Feature","properties":{"owner1":"BOUCHARD REAL","owner2":null,"matricule":"2269-71-4262","street":"Adresse non codifiée","civicLow":"0","civicHigh":"0","valueLand":"360400","valueBuilding":"75600","valueTotal":"436000","mailAddr":"429 SEPTIEME RANG SUD","mailCity":"SAINT-BRUNO, QC.","mun":"Saint-Bruno"},"geometry":{"type":"MultiPolygon","coordinates":[[[[-71.606346,48.453039],[-71.607469,48.452943],[-71.615904,48.454474],[-71.614063,48.459008],[-71.603148,48.45706],[-71.604801,48.453146],[-71.606346,48.453039]]],[[[-71.614449,48.458478],[-71.615114,48.456804],[-71.631301,48.459705],[-71.633529,48.462529],[-71.614215,48.459044],[-71.614449,48.458478]]]]}},{"type":"Feature","properties":{"owner1":"ROUSSEAU JACQUES","owner2":"COTE MARJORIE","matricule":"2070-18-0634","street":"BEAUMONT","civicLow":"580","civicHigh":"0","valueLand":"37700","valueBuilding":"165600","valueTotal":"203300","mailAddr":"580 PLATEAU BEAUMONT","mailCity":"SAINT-BRUNO, QC.","mun":"Saint-Bruno"},"geometry":{"type":"MultiPolygon","coordinates":[[[[-71.6458,48.470355],[-71.645513,48.470606],[-71.645279,48.470546],[-71.645387,48.470278],[-71.6458,48.470355]]]]}},{"type":"Feature","properties":{"owner1":"GAUDREAULT PIERRE-ALEXANDRE","owner2":null,"matricule":"2070-18-2828","street":"BEAUMONT","civicLow":"570","civicHigh":"0","valueLand":"29600","valueBuilding":"205800","valueTotal":"235400","mailAddr":"570 PLATEAU BEAUMONT","mailCity":"SAINT-BRUNO, QC.","mun":"Saint-Bruno"},"geometry":{"type":"MultiPolygon","coordinates":[[[[-71.645387,48.470278],[-71.645279,48.470546],[-71.645028,48.470498],[-71.645135,48.470236],[-71.645387,48.470278]]]]}},{"type":"Feature","properties":{"owner1":"FABRIQUE DE SAINT-BRUNO","owner2":null,"matricule":"1970-49-0552","street":"ST-ALPHONSE","civicLow":"542","civicHigh":"0","valueLand":"199500","valueBuilding":"1589200","valueTotal":"1788700","mailAddr":"542 AVENUE ST-ALPHONSE","mailCity":"SAINT-BRUNO, QC.","mun":"Saint-Bruno"},"geometry":{"type":"MultiPolygon","coordinates":[[[[-71.654496,48.471785],[-71.65375,48.471648],[-71.654083,48.470838],[-71.655673,48.471058],[-71.655825,48.470695],[-71.6564,48.470796],[-71.655879,48.472047],[-71.654496,48.471785]]]]}},{"type":"Feature","properties":{"owner1":"BOILY SEBASTIEN","owner2":"COTE CLAUDIA","matricule":"2070-18-4623","street":"BEAUMONT","civicLow":"560","civicHigh":"0","valueLand":"29600","valueBuilding":"176100","valueTotal":"205700","mailAddr":"560 PLATEAU BEAUMONT","mailCity":"SAINT-BRUNO, QC.","mun":"Saint-Bruno"},"geometry":{"type":"MultiPolygon","coordinates":[[[[-71.645135,48.470236],[-71.645028,48.470498],[-71.644776,48.470457],[-71.644893,48.470189],[-71.645135,48.470236]]]]}},{"type":"Feature","properties":{"owner1":"MUNGER BERTHIN","owner2":"LAVOIE CHRISTINE","matricule":"2070-18-6717","street":"BEAUMONT","civicLow":"550","civicHigh":"0","valueLand":"37100","valueBuilding":"251400","valueTotal":"288500","mailAddr":"550 PLATEAU BEAUMONT","mailCity":"SAINT-BRUNO, QC.","mun":"Saint-Bruno"},"geometry":{"type":"MultiPolygon","coordinates":[[[[-71.644893,48.470189],[-71.644776,48.470457],[-71.644489,48.470391],[-71.644561,48.470129],[-71.644893,48.470189]]]]}},{"type":"Feature","properties":{"owner1":"9300-1931 QUEBEC INC","owner2":null,"matricule":"2170-33-2135","street":"170","civicLow":"2030","civicHigh":"0","valueLand":"66300","valueBuilding":"379700","valueTotal":"446000","mailAddr":"2030 ROUTE 170","mailCity":"SAINT-BRUNO, QC.","mun":"Saint-Bruno"},"geometry":{"type":"MultiPolygon","coordinates":[[[[-71.627493,48.465501],[-71.629783,48.465912],[-71.629586,48.466585],[-71.62813,48.466323],[-71.628373,48.465704],[-71.627933,48.465626],[-71.627645,48.466013],[-71.627322,48.466115],[-71.627493,48.465501]]]]}},{"type":"Feature","properties":{"owner1":"DUCHESNE REJEAN","owner2":null,"matricule":"1975-00-7285","street":"169","civicLow":"987","civicHigh":"0","valueLand":"13900","valueBuilding":"98600","valueTotal":"112500","mailAddr":"987 ROUTE 169","mailCity":"SAINT-BRUNO, QC.","mun":"Saint-Bruno"},"geometry":{"type":"MultiPolygon","coordinates":[[[[-71.660065,48.508387],[-71.660694,48.508489],[-71.660622,48.508661],[-71.660003,48.50856],[-71.660065,48.508387]]]]}},{"type":"Feature","properties":{"owner1":"CLAVEAU LOUIS-MARIE","owner2":null,"matricule":"2172-68-5913","street":"SIXIEME RANG NORD","civicLow":"1722","civicHigh":"0","valueLand":"11200","valueBuilding":"131400","valueTotal":"142600","mailAddr":"1722 SIXIEME RANG NORD","mailCity":"SAINT-BRUNO, QC.","mun":"Saint-Bruno"},"geometry":{"type":"MultiPolygon","coordinates":[[[[-71.624735,48.488297],[-71.62513,48.488369],[-71.625049,48.488583],[-71.624645,48.488512],[-71.624735,48.488297]]]]}},{"type":"Feature","properties":{"owner1":"FORTIN GAETAN","owner2":null,"matricule":"1971-62-2462","street":"ST-ALPHONSE","civicLow":"0","civicHigh":"0","valueLand":"600","valueBuilding":"0","valueTotal":"600","mailAddr":"1292 AVENUE DES MYRTILLES","mailCity":"ALMA, QC.","mun":"Saint-Bruno"},"geometry":{"type":"MultiPolygon","coordinates":[[[[-71.652151,48.474155],[-71.652097,48.474298],[-71.65207,48.474292],[-71.652151,48.474155]]]]}},{"type":"Feature","properties":{"owner1":"DUCHESNE RACHEL","owner2":null,"matricule":"1971-62-0966","street":"ST-ALPHONSE","civicLow":"755","civicHigh":"0","valueLand":"23500","valueBuilding":"74000","valueTotal":"97500","mailAddr":"755 AVENUE ST-ALPHONSE","mailCity":"SAINT-BRUNO, QC.","mun":"Saint-Bruno"},"geometry":{"type":"MultiPolygon","coordinates":[[[[-71.65252,48.474221],[-71.652457,48.474364],[-71.652097,48.474298],[-71.652151,48.474155],[-71.65252,48.474221]]]]}},{"type":"Feature","properties":{"owner1":"FIDUCIE FAMILIALE MARCEL MALTAIS","owner2":null,"matricule":"1974-57-4593","street":"ST-ALPHONSE NORD","civicLow":"0","civicHigh":"0","valueLand":"55000","valueBuilding":"0","valueTotal":"55000","mailAddr":"145 RUE MELANCON","mailCity":"SAINT-BRUNO, QC.","mun":"Saint-Bruno"},"geometry":{"type":"MultiPolygon","coordinates":[[[[-71.653346,48.505947],[-71.654092,48.50559],[-71.654406,48.505775],[-71.653948,48.506334],[-71.653346,48.505947]]]]}},{"type":"Feature","properties":{"owner1":"BOUCHARD SEBASTIEN","owner2":null,"matricule":"1971-63-7291","street":"LAROUCHE","civicLow":"121","civicHigh":"127","valueLand":"37400","valueBuilding":"286600","valueTotal":"324000","mailAddr":"216 RUE LAJOIE","mailCity":"SAINT-BRUNO, QC.","mun":"Saint-Bruno"},"geometry":{"type":"MultiPolygon","coordinates":[[[[-71.651603,48.475436],[-71.65154,48.475584],[-71.651271,48.475543],[-71.651406,48.475215],[-71.651675,48.475251],[-71.651603,48.475436]]]]}},{"type":"Feature","properties":{"owner1":"BOUCHARD ROSAIRE","owner2":null,"matricule":"2368-71-2354","street":"HUITIEME RANG SUD","civicLow":"279","civicHigh":"0","valueLand":"22100","valueBuilding":"46200","valueTotal":"68300","mailAddr":"279 HUITIEME RANG SUD","mailCity":"SAINT-BRUNO, QC.","mun":"Saint-Bruno"},"geometry":{"type":"MultiPolygon","coordinates":[[[[-71.595935,48.446616],[-71.596492,48.446771],[-71.596078,48.447068],[-71.595782,48.447015],[-71.595935,48.446616]]]]}},{"type":"Feature","properties":{"owner1":"LAJOIE ERIC","owner2":"HARVEY LISETTE","matricule":"1873-11-5499","street":"CINQUIEME RANG OUEST","civicLow":"520","civicHigh":"0","valueLand":"29400","valueBuilding":"168800","valueTotal":"198200","mailAddr":"520 CINQUIEME RANG OUEST","mailCity":"SAINT-BRUNO, QC.","mun":"Saint-Bruno"},"geometry":{"type":"MultiPolygon","coordinates":[[[[-71.672148,48.491197],[-71.673145,48.491566],[-71.673028,48.491828],[-71.671618,48.49131],[-71.671771,48.491042],[-71.672148,48.491197]]]]}},{"type":"Feature","properties":{"owner1":"GAGNON DOMINIQUE","owner2":null,"matricule":"1773-83-5806","street":"CINQUIEME RANG OUEST","civicLow":"625","civicHigh":"627","valueLand":"28000","valueBuilding":"84500","valueTotal":"112500","mailAddr":"625 CINQUIEME RANG OUEST","mailCity":"SAINT-BRUNO, QC.","mun":"Saint-Bruno"},"geometry":{"type":"MultiPolygon","coordinates":[[[[-71.675597,48.492304],[-71.675876,48.491953],[-71.677223,48.492429],[-71.676945,48.49278],[-71.675597,48.492304]]]]}},{"type":"Feature","properties":{"owner1":"BILODEAU CAROLINE","owner2":"BEAUMONT ERIC","matricule":"2070-07-9925","street":"PIONNIERS","civicLow":"411","civicHigh":"0","valueLand":"33400","valueBuilding":"179600","valueTotal":"213000","mailAddr":"411 RUE DES PIONNIERS","mailCity":"SAINT-BRUNO, QC.","mun":"Saint-Bruno"},"geometry":{"type":"MultiPolygon","coordinates":[[[[-71.645486,48.469587],[-71.645369,48.469569],[-71.645486,48.469301],[-71.645764,48.469355],[-71.645657,48.469617],[-71.645486,48.469587]]]]}},{"type":"Feature","properties":{"owner1":"THEBERGE FREDERIC","owner2":null,"matricule":"2667-97-5498","street":"Adresse non codifiée","civicLow":"0","civicHigh":"0","valueLand":"7200","valueBuilding":"0","valueTotal":"7200","mailAddr":"1326 BOULEVARD SAINT-JUDE","mailCity":"ALMA, QC.","mun":"Saint-Bruno"},"geometry":{"type":"MultiPolygon","coordinates":[[[[-71.5496,48.444703],[-71.550489,48.442432],[-71.551531,48.442617],[-71.551612,48.442826],[-71.552879,48.44301],[-71.553498,48.443338],[-71.554127,48.443279],[-71.555277,48.443696],[-71.555708,48.443976],[-71.554118,48.444453],[-71.5541,48.444727],[-71.552429,48.445209],[-71.5496,48.444703]]]]}},{"type":"Feature","properties":{"owner1":"LAJOIE MARIE","owner2":null,"matricule":"2672-88-0953","street":"Adresse non codifiée","civicLow":"0","civicHigh":"0","valueLand":"15200","valueBuilding":"0","valueTotal":"15200","mailAddr":"895 RUE ST-ALPHONE","mailCity":"SAINT-BRUNO, QC.","mun":"Saint-Bruno"},"geometry":{"type":"MultiPolygon","coordinates":[[[[-71.554217,48.489691],[-71.555133,48.488893],[-71.55596,48.489339],[-71.555645,48.489976],[-71.554217,48.489691]]]]}},{"type":"Feature","properties":{"owner1":"LAJOIE REAL","owner2":null,"matricule":"2672-88-7320","street":"Adresse non codifiée","civicLow":"0","civicHigh":"0","valueLand":"13900","valueBuilding":"0","valueTotal":"13900","mailAddr":"4332 CHEMIN ST-BERNARD","mailCity":"LATERRIERE, QC.","mun":"Saint-Bruno"},"geometry":{"type":"MultiPolygon","coordinates":[[[[-71.553795,48.489256],[-71.554783,48.488476],[-71.554945,48.488553],[-71.555133,48.488893],[-71.554217,48.489691],[-71.553435,48.489536],[-71.553795,48.489256]]]]}},{"type":"Feature","properties":{"owner1":"TREMBLAY OSIAS","owner2":null,"matricule":"2268-16-2888","street":"SEPTIEME RANG SUD","civicLow":"0","civicHigh":"0","valueLand":"2900","valueBuilding":"0","valueTotal":"2900","mailAddr":"ADRESSE INCONNUE","mailCity":"SAINT-BRUNO, QC.","mun":"Saint-Bruno"},"geometry":{"type":"MultiPolygon","coordinates":[[[[-71.61744,48.451084],[-71.6193,48.451418],[-71.617171,48.45177],[-71.61744,48.451084]]]]}},{"type":"Feature","properties":{"owner1":"BOUCHARD AIME","owner2":null,"matricule":"2368-71-1211","street":"Adresse non codifiée","civicLow":"0","civicHigh":"0","valueLand":"500","valueBuilding":"0","valueTotal":"500","mailAddr":"ADRESSE INCONNUE","mailCity":"SAINT-BRUNO, QC.","mun":"Saint-Bruno"},"geometry":{"type":"MultiPolygon","coordinates":[[[[-71.596007,48.446425],[-71.596052,48.446258],[-71.596456,48.446336],[-71.596366,48.446604],[-71.595962,48.446526],[-71.596007,48.446425]]]]}},{"type":"Feature","properties":{"owner1":"DUCHESNE HENRI","owner2":null,"matricule":"2069-63-3754","street":"SIXIEME RANG SUD","civicLow":"0","civicHigh":"0","valueLand":"400","valueBuilding":"0","valueTotal":"400","mailAddr":"ADRESSE INCONNUE","mailCity":"SAINT-BRUNO, QC.","mun":"Saint-Bruno"},"geometry":{"type":"MultiPolygon","coordinates":[[[[-71.637859,48.457668],[-71.637509,48.458377],[-71.638461,48.456041],[-71.637859,48.457668]]]]}},{"type":"Feature","properties":{"owner1":"DUBOIS PAULINE","owner2":null,"matricule":"1971-66-7972","street":"ST-ALPHONSE","civicLow":"900","civicHigh":"0","valueLand":"30800","valueBuilding":"112900","valueTotal":"143700","mailAddr":"900 AVENUE ST-ALPHONSE","mailCity":"SAINT-BRUNO, QC.","mun":"Saint-Bruno"},"geometry":{"type":"MultiPolygon","coordinates":[[[[-71.651675,48.477877],[-71.651603,48.478044],[-71.651208,48.477972],[-71.65128,48.4778],[-71.651675,48.477877]]]]}},{"type":"Feature","properties":{"owner1":"TREMBLAY CLAIRE","owner2":null,"matricule":"2073-28-9800","street":"ST-ALPHONSE NORD","civicLow":"1720","civicHigh":"0","valueLand":"25300","valueBuilding":"187900","valueTotal":"213200","mailAddr":"1720 ROUTE ST-ALPHONSE NORD","mailCity":"SAINT-BRUNO, QC.","mun":"Saint-Bruno"},"geometry":{"type":"MultiPolygon","coordinates":[[[[-71.642989,48.497334],[-71.643303,48.496531],[-71.643572,48.496346],[-71.643833,48.496977],[-71.644345,48.497531],[-71.642989,48.497334]]]]}},{"type":"Feature","properties":{"owner1":"FERME LACNOR INC.","owner2":null,"matricule":"1972-14-3249","street":"ST-ALPHONSE NORD","civicLow":"0","civicHigh":"0","valueLand":"300400","valueBuilding":"59400","valueTotal":"359800","mailAddr":"1050 CINQUIEME RANG OUEST","mailCity":"SAINT-BRUNO, QC.","mun":"Saint-Bruno"},"geometry":{"type":"MultiPolygon","coordinates":[[[[-71.669165,48.486118],[-71.668788,48.486987],[-71.667917,48.486827],[-71.667351,48.488131],[-71.648378,48.484701],[-71.648693,48.48404],[-71.649187,48.48413],[-71.649456,48.483457],[-71.649061,48.483385],[-71.649304,48.482927],[-71.649331,48.482528],[-71.649735,48.482599],[-71.650004,48.481938],[-71.6496,48.481873],[-71.649789,48.481414],[-71.66957,48.484975],[-71.669165,48.486118]]]]}},{"type":"Feature","properties":{"owner1":"DESBIENS GASTON","owner2":null,"matricule":"1971-78-3167","street":"ST-ALPHONSE","civicLow":"980","civicHigh":"0","valueLand":"53900","valueBuilding":"91400","valueTotal":"145300","mailAddr":"980 AVENUE ST-ALPHONSE","mailCity":"SAINT-BRUNO, QC.","mun":"Saint-Bruno"},"geometry":{"type":"MultiPolygon","coordinates":[[[[-71.650939,48.479896],[-71.650445,48.479807],[-71.650588,48.479461],[-71.651109,48.479562],[-71.650939,48.479896]]]]}},{"type":"Feature","properties":{"owner1":"MUNICIPALITE DE SAINT-BRUNO","owner2":null,"matricule":"1670-77-7417","street":"QUATRIEME RANG OUEST","civicLow":"0","civicHigh":"0","valueLand":"900","valueBuilding":"0","valueTotal":"900","mailAddr":"563 AVENUE ST-ALPHONSE","mailCity":"SAINT-BRUNO, QC.","mun":"Saint-Bruno"},"geometry":{"type":"MultiPolygon","coordinates":[[[[-71.690599,48.468908],[-71.690572,48.468974],[-71.690473,48.468956],[-71.690599,48.468908]]]]}},{"type":"Feature","properties":{"owner1":"JODRY KEVEN","owner2":"BOISVERT MELISSA","matricule":"1970-24-1670","street":"PRES","civicLow":"336","civicHigh":"0","valueLand":"22100","valueBuilding":"149400","valueTotal":"171500","mailAddr":"336 RUE DES PRES","mailCity":"SAINT-BRUNO, QC.","mun":"Saint-Bruno"},"geometry":{"type":"MultiPolygon","coordinates":[[[[-71.657613,48.466937],[-71.657505,48.467199],[-71.657317,48.467163],[-71.657424,48.466901],[-71.657613,48.466937]]]]}},{"type":"Feature","properties":{"owner1":"DUFOUR CARINE","owner2":null,"matricule":"1970-24-3066","street":"PRES","civicLow":"334","civicHigh":"0","valueLand":"22200","valueBuilding":"155600","valueTotal":"177800","mailAddr":"334 RUE DES PRES","mailCity":"SAINT-BRUNO, QC.","mun":"Saint-Bruno"},"geometry":{"type":"MultiPolygon","coordinates":[[[[-71.657424,48.466901],[-71.657317,48.467163],[-71.657128,48.467133],[-71.657236,48.466865],[-71.657424,48.466901]]]]}},{"type":"Feature","properties":{"owner1":"COTE ALEXANDRE","owner2":null,"matricule":"1970-24-4562","street":"PRES","civicLow":"332","civicHigh":"0","valueLand":"27700","valueBuilding":"156000","valueTotal":"183700","mailAddr":"332 RUE DES PRES","mailCity":"SAINT-BRUNO, QC.","mun":"Saint-Bruno"},"geometry":{"type":"MultiPolygon","coordinates":[[[[-71.657236,48.466865],[-71.657128,48.467133],[-71.656939,48.467091],[-71.657002,48.466823],[-71.657236,48.466865]]]]}},{"type":"Feature","properties":{"owner1":"TREMBLAY GERMAIN","owner2":"SIMARD EDITH","matricule":"2070-04-0535","street":"ARTISANS","civicLow":"387","civicHigh":"0","valueLand":"36100","valueBuilding":"120500","valueTotal":"156600","mailAddr":"387 RUE DES ARTISANS","mailCity":"SAINT-BRUNO, QC.","mun":"Saint-Bruno"},"geometry":{"type":"MultiPolygon","coordinates":[[[[-71.647031,48.466722],[-71.646932,48.466966],[-71.646555,48.466937],[-71.646645,48.466728],[-71.647031,48.466722]]]]}},{"type":"Feature","properties":{"owner1":"BOUCHARD MARTINE","owner2":null,"matricule":"1971-40-8845","street":"ST-ALPHONSE","civicLow":"594","civicHigh":"596","valueLand":"48800","valueBuilding":"120900","valueTotal":"169700","mailAddr":"596 AVENUE ST-ALPHONSE","mailCity":"SAINT-BRUNO, QC.","mun":"Saint-Bruno"},"geometry":{"type":"MultiPolygon","coordinates":[[[[-71.654298,48.472261],[-71.654235,48.472416],[-71.65349,48.472291],[-71.653571,48.472083],[-71.654298,48.472261]]]]}},{"type":"Feature","properties":{"owner1":"DUCHESNE CHARLES","owner2":"THIBEAULT REJEAN","matricule":"1971-40-9364","street":"ST-ALPHONSE","civicLow":"622","civicHigh":"628","valueLand":"43200","valueBuilding":"126600","valueTotal":"169800","mailAddr":"540 RUE SACRE-COEUR OUEST SUITE 3, 2E E","mailCity":"ALMA, QC","mun":"Saint-Bruno"},"geometry":{"type":"MultiPolygon","coordinates":[[[[-71.653427,48.472446],[-71.65349,48.472291],[-71.654235,48.472416],[-71.654173,48.472571],[-71.653427,48.472446]]]]}},{"type":"Feature","properties":{"owner1":"LAROUCHE VINCENT","owner2":null,"matricule":"1971-40-9878","street":"ST-ALPHONSE","civicLow":"636","civicHigh":"640","valueLand":"37000","valueBuilding":"162000","valueTotal":"199000","mailAddr":"248 RUE CHABOT","mailCity":"QUEBEC, QC.","mun":"Saint-Bruno"},"geometry":{"type":"MultiPolygon","coordinates":[[[[-71.654128,48.472666],[-71.653364,48.472583],[-71.653427,48.472446],[-71.654173,48.472571],[-71.654128,48.472666]]]]}},{"type":"Feature","properties":{"owner1":"DORAIS ISABELLE","owner2":null,"matricule":"1971-51-1741","street":"ST-ALPHONSE","civicLow":"666","civicHigh":"0","valueLand":"42400","valueBuilding":"52000","valueTotal":"94400","mailAddr":"666 AVENUE ST-ALPHONSE","mailCity":"SAINT-BRUNO, QC.","mun":"Saint-Bruno"},"geometry":{"type":"MultiPolygon","coordinates":[[[[-71.653139,48.473131],[-71.653202,48.472976],[-71.653921,48.473119],[-71.653849,48.473274],[-71.653139,48.473131]]]]}},{"type":"Feature","properties":{"owner1":"9333-4936 QUEBEC INC","owner2":null,"matricule":"1974-47-4019","street":"ST-ALPHONSE NORD","civicLow":"2025","civicHigh":"0","valueLand":"122300","valueBuilding":"229600","valueTotal":"351900","mailAddr":"2025 ROUTE ST-ALPHONSE NORD","mailCity":"SAINT-BRUNO, QC.","mun":"Saint-Bruno"},"geometry":{"type":"MultiPolygon","coordinates":[[[[-71.654873,48.504388],[-71.655134,48.504162],[-71.655143,48.504311],[-71.656409,48.504531],[-71.656095,48.506775],[-71.655718,48.506709],[-71.6557,48.506328],[-71.655224,48.506245],[-71.655215,48.505965],[-71.654487,48.505804],[-71.654092,48.50559],[-71.654244,48.505513],[-71.654271,48.504822],[-71.654873,48.504388]]]]}},{"type":"Feature","properties":{"owner1":"PONDOIR B.J. INC.","owner2":null,"matricule":"1974-42-0020","street":"ST-ALPHONSE NORD","civicLow":"1861","civicHigh":"0","valueLand":"102500","valueBuilding":"101400","valueTotal":"203900","mailAddr":"1861 ROUTE ST-ALPHONSE NORD","mailCity":"SAINT-BRUNO, QC.","mun":"Saint-Bruno"},"geometry":{"type":"MultiPolygon","coordinates":[[[[-71.658377,48.502442],[-71.653409,48.501579],[-71.653553,48.501483],[-71.653472,48.501358],[-71.652951,48.500971],[-71.652079,48.500793],[-71.651675,48.501108],[-71.651451,48.500983],[-71.651181,48.501186],[-71.649483,48.500221],[-71.650085,48.499745],[-71.649322,48.499519],[-71.648926,48.499906],[-71.64863,48.499739],[-71.648603,48.499483],[-71.648765,48.499317],[-71.647992,48.499001],[-71.647839,48.499293],[-71.645055,48.497703],[-71.662698,48.50084],[-71.662123,48.501263],[-71.661754,48.502132],[-71.661961,48.502448],[-71.661736,48.503025],[-71.658377,48.502442]]]]}},{"type":"Feature","properties":{"owner1":"FORTIN MICHEL","owner2":"LACHANCE CLAIRE","matricule":"2074-10-3049","street":"ST-ALPHONSE NORD","civicLow":"1740","civicHigh":"1760","valueLand":"64900","valueBuilding":"139100","valueTotal":"204000","mailAddr":"1740 ROUTE ST-ALPHONSE NORD","mailCity":"SAINT-BRUNO, QC.","mun":"Saint-Bruno"},"geometry":{"type":"MultiPolygon","coordinates":[[[[-71.649187,48.500846],[-71.646052,48.500299],[-71.645836,48.500531],[-71.642845,48.497703],[-71.642989,48.497334],[-71.644345,48.497531],[-71.648935,48.500174],[-71.649187,48.500846]]]]}},{"type":"Feature","properties":{"owner1":"DUFOUR GUY","owner2":"FRIOLET MONA","matricule":"2072-08-0527","street":"ST-ALPHONSE NORD","civicLow":"1311","civicHigh":"0","valueLand":"27200","valueBuilding":"219800","valueTotal":"247000","mailAddr":"511 RUE TREMBLAY","mailCity":"SAINT-BRUNO, QC.","mun":"Saint-Bruno"},"geometry":{"type":"MultiPolygon","coordinates":[[[[-71.646923,48.488369],[-71.647076,48.488006],[-71.647651,48.488125],[-71.647489,48.488708],[-71.646914,48.488583],[-71.646923,48.488369]]]]}},{"type":"Feature","properties":{"owner1":"TRANSPORT JEAN-GUY FORTIN LTEE","owner2":null,"matricule":"1872-47-6662","street":"CINQUIEME RANG OUEST","civicLow":"385","civicHigh":"0","valueLand":"66300","valueBuilding":"350800","valueTotal":"417100","mailAddr":"389 RANG 5 OUEST","mailCity":"SAINT-BRUNO, QC.","mun":"Saint-Bruno"},"geometry":{"type":"MultiPolygon","coordinates":[[[[-71.66815,48.488279],[-71.667351,48.488131],[-71.667917,48.486827],[-71.668788,48.486987],[-71.66815,48.488279]]]]}},{"type":"Feature","properties":{"owner1":"CENTRE AGRICOLE J.L.D. INC.","owner2":null,"matricule":"1975-30-9309","street":"169","civicLow":"1000","civicHigh":"0","valueLand":"182200","valueBuilding":"1508600","valueTotal":"1690800","mailAddr":"3900 DESSERTE SUD AUTOROUTE LAVAL E","mailCity":"LAVAL, QC.","mun":"Saint-Bruno"},"geometry":{"type":"MultiPolygon","coordinates":[[[[-71.658134,48.508566],[-71.653436,48.507715],[-71.651783,48.50615],[-71.65366,48.506483],[-71.653454,48.506959],[-71.656679,48.507542],[-71.656787,48.507084],[-71.657137,48.507149],[-71.656876,48.507578],[-71.658916,48.507947],[-71.65905,48.507614],[-71.659509,48.508048],[-71.659751,48.50809],[-71.659482,48.50881],[-71.658134,48.508566]]]]}},{"type":"Feature","properties":{"owner1":"BERGERON MARIO","owner2":"VILLENEUVE SUZANNE","matricule":"1974-58-4087","street":"ST-ALPHONSE NORD","civicLow":"1998","civicHigh":"0","valueLand":"57200","valueBuilding":"452800","valueTotal":"510000","mailAddr":"1998 ROUTE ST-ALPHONSE NORD","mailCity":"SAINT-BRUNO, QC.","mun":"Saint-Bruno"},"geometry":{"type":"MultiPolygon","coordinates":[[[[-71.654505,48.506685],[-71.654325,48.50712],[-71.653454,48.506959],[-71.65366,48.506483],[-71.654505,48.506685]]]]}},{"type":"Feature","properties":{"owner1":"PARADIS MICHELINE","owner2":"MALTAIS ALAIN","matricule":"1971-61-0284","street":"ST-ALPHONSE","civicLow":"687","civicHigh":"0","valueLand":"42400","valueBuilding":"98200","valueTotal":"140600","mailAddr":"687 AVENUE ST-ALPHONSE","mailCity":"SAINT-BRUNO, QC.","mun":"Saint-Bruno"},"geometry":{"type":"MultiPolygon","coordinates":[[[[-71.652816,48.473524],[-71.652753,48.473667],[-71.652214,48.473571],[-71.652385,48.473202],[-71.652511,48.47322],[-71.652421,48.473452],[-71.652816,48.473524]]]]}},{"type":"Feature","properties":{"owner1":"MARCHAND YVES","owner2":"COTE COLOMBE","matricule":"1970-89-7883","street":"ROSIERS","civicLow":"625","civicHigh":"0","valueLand":"32200","valueBuilding":"147000","valueTotal":"179200","mailAddr":"625 AVENUE DES ROSIERS","mailCity":"SAINT-BRUNO, QC.","mun":"Saint-Bruno"},"geometry":{"type":"MultiPolygon","coordinates":[[[[-71.648846,48.471695],[-71.648774,48.471874],[-71.648378,48.471803],[-71.64845,48.471624],[-71.648846,48.471695]]]]}},{"type":"Feature","properties":{"owner1":"DALLAIRE BERNARD","owner2":null,"matricule":"1970-94-5870","street":"PARE","civicLow":"376","civicHigh":"0","valueLand":"37900","valueBuilding":"105500","valueTotal":"143400","mailAddr":"376 RUE PARE","mailCity":"SAINT-BRUNO, QC.","mun":"Saint-Bruno"},"geometry":{"type":"MultiPolygon","coordinates":[[[[-71.647354,48.467282],[-71.647193,48.467258],[-71.6473,48.46699],[-71.64766,48.467056],[-71.647561,48.46724],[-71.647354,48.467282]]]]}},{"type":"Feature","properties":{"owner1":"MUNGER FRANCOIS","owner2":"RENAUD VICKY","matricule":"1970-94-7737","street":"ARTISANS","civicLow":"383","civicHigh":"0","valueLand":"37500","valueBuilding":"135700","valueTotal":"173200","mailAddr":"383 RUE DES ARTISANS","mailCity":"SAINT-BRUNO, QC.","mun":"Saint-Bruno"},"geometry":{"type":"MultiPolygon","coordinates":[[[[-71.647408,48.466746],[-71.6473,48.46699],[-71.646932,48.466966],[-71.647031,48.466722],[-71.647408,48.466746]]]]}},{"type":"Feature","properties":{"owner1":"COTE JEAN-MAURICE","owner2":null,"matricule":"1970-94-8464","street":"PARE","civicLow":"384","civicHigh":"0","valueLand":"37600","valueBuilding":"89900","valueTotal":"127500","mailAddr":"384 RUE PARE","mailCity":"SAINT-BRUNO, QC.","mun":"Saint-Bruno"},"geometry":{"type":"MultiPolygon","coordinates":[[[[-71.646932,48.466966],[-71.6473,48.46699],[-71.647193,48.467258],[-71.646842,48.467193],[-71.646932,48.466966]]]]}},{"type":"Feature","properties":{"owner1":"BOUCHARD PATRICK","owner2":null,"matricule":"2070-28-0055","street":"BEAUMONT","civicLow":"565","civicHigh":"0","valueLand":"40700","valueBuilding":"218100","valueTotal":"258800","mailAddr":"565 PLATEAU BEAUMONT","mailCity":"SAINT-BRUNO, QC.","mun":"Saint-Bruno"},"geometry":{"type":"MultiPolygon","coordinates":[[[[-71.644507,48.470546],[-71.644363,48.470802],[-71.644093,48.470754],[-71.643959,48.4706],[-71.644309,48.470457],[-71.644507,48.470546]]]]}},{"type":"Feature","properties":{"owner1":"LAPLANTE MATHIEU","owner2":"HARVEY AUDREY","matricule":"2070-28-1428","street":"BEAUMONT","civicLow":"559","civicHigh":"0","valueLand":"42200","valueBuilding":"226900","valueTotal":"269100","mailAddr":"559 PLATEAU BEAUMONT","mailCity":"SAINT-BRUNO, QC.","mun":"Saint-Bruno"},"geometry":{"type":"MultiPolygon","coordinates":[[[[-71.644309,48.470457],[-71.643959,48.4706],[-71.643797,48.470421],[-71.643878,48.47023],[-71.644273,48.470302],[-71.644309,48.470457]]]]}},{"type":"Feature","properties":{"owner1":"BUREAU MARIE-ANDREE","owner2":null,"matricule":"2070-28-0906","street":"BEAUMONT","civicLow":"555","civicHigh":"0","valueLand":"21800","valueBuilding":"131700","valueTotal":"153500","mailAddr":"555 PLATEAU BEAUMONT","mailCity":"SAINT-BRUNO, QC.","mun":"Saint-Bruno"},"geometry":{"type":"MultiPolygon","coordinates":[[[[-71.643878,48.47023],[-71.643932,48.470111],[-71.644327,48.470183],[-71.644273,48.470302],[-71.643878,48.47023]]]]}},{"type":"Feature","properties":{"owner1":"MUNICIPALITE DE SAINT-BRUNO","owner2":null,"matricule":"1970-98-9286","street":"JAUVIN","civicLow":"0","civicHigh":"0","valueLand":"6300","valueBuilding":"0","valueTotal":"6300","mailAddr":"563 RUE SAINT-ALPHONSE","mailCity":"SAINT-BRUNO, QC.","mun":"Saint-Bruno"},"geometry":{"type":"MultiPolygon","coordinates":[[[[-71.647004,48.470975],[-71.646815,48.470945],[-71.646887,48.470766],[-71.647291,48.470838],[-71.647256,48.471022],[-71.647004,48.470975]]]]}},{"type":"Feature","properties":{"owner1":"DUFOUR PIERRE","owner2":null,"matricule":"1970-99-6216","street":"TULIPES","civicLow":"605","civicHigh":"0","valueLand":"53600","valueBuilding":"179000","valueTotal":"232600","mailAddr":"605 AVENUE DES TULIPES","mailCity":"SAINT-BRUNO, QC.","mun":"Saint-Bruno"},"geometry":{"type":"MultiPolygon","coordinates":[[[[-71.647247,48.471213],[-71.646932,48.471159],[-71.647004,48.470975],[-71.648001,48.471153],[-71.647929,48.471332],[-71.647247,48.471213]]]]}},{"type":"Feature","properties":{"owner1":"BERGERON PIERRE","owner2":null,"matricule":"1970-99-5639","street":"TULIPES","civicLow":"615","civicHigh":"0","valueLand":"44300","valueBuilding":"147200","valueTotal":"191500","mailAddr":"615 AVENUE DES TULIPES","mailCity":"SAINT-BRUNO, QC.","mun":"Saint-Bruno"},"geometry":{"type":"MultiPolygon","coordinates":[[[[-71.647175,48.471398],[-71.647247,48.471213],[-71.647929,48.471332],[-71.647848,48.471517],[-71.647175,48.471398]]]]}},{"type":"Feature","properties":{"owner1":"FERME MORIVAN INC.","owner2":null,"matricule":"1570-22-3487","street":"TROISIEME RANG OUEST","civicLow":"1151","civicHigh":"0","valueLand":"277600","valueBuilding":"1161200","valueTotal":"1438800","mailAddr":"1151 TROISIEME RANG OUEST","mailCity":"SAINT-BRUNO, QC.","mun":"Saint-Bruno"},"geometry":{"type":"MultiPolygon","coordinates":[[[[-71.711126,48.458615],[-71.711683,48.457292],[-71.716839,48.458234],[-71.710847,48.472327],[-71.705664,48.47138],[-71.711126,48.458615]]]]}},{"type":"Feature","properties":{"owner1":"TURCOTTE CHRISTIAN","owner2":null,"matricule":"1570-66-7809","street":"Adresse non codifiée","civicLow":"0","civicHigh":"0","valueLand":"103000","valueBuilding":"0","valueTotal":"103000","mailAddr":"900 3E RANG OUEST","mailCity":"SAINT-BRUNO, QC.","mun":"Saint-Bruno"},"geometry":{"type":"MultiPolygon","coordinates":[[[[-71.708458,48.464852],[-71.705664,48.47138],[-71.702205,48.470748],[-71.7057,48.4626],[-71.70808,48.463035],[-71.70738,48.464655],[-71.708458,48.464852]]]]}},{"type":"Feature","properties":{"owner1":"TREMBLAY MARC","owner2":null,"matricule":"2173-86-0561","street":"SIXIEME RANG NORD","civicLow":"1955","civicHigh":"1965","valueLand":"42900","valueBuilding":"318800","valueTotal":"361700","mailAddr":"1965 SIXIEME RANG NORD","mailCity":"SAINT-BRUNO, QC.","mun":"Saint-Bruno"},"geometry":{"type":"MultiPolygon","coordinates":[[[[-71.622318,48.496293],[-71.622579,48.495656],[-71.623845,48.495894],[-71.623612,48.496608],[-71.622318,48.496293]]]]}},{"type":"Feature","properties":{"owner1":"2862-2629 QUEBEC INC","owner2":null,"matricule":"2069-97-3772","street":"SIXIEME RANG SUD","civicLow":"0","civicHigh":"0","valueLand":"20800","valueBuilding":"0","valueTotal":"20800","mailAddr":"800 6E RANG NORD","mailCity":"SAINT-BRUNO, QC.","mun":"Saint-Bruno"},"geometry":{"type":"MultiPolygon","coordinates":[[[[-71.633386,48.461766],[-71.631948,48.459824],[-71.635721,48.460497],[-71.635092,48.46204],[-71.633386,48.461766]]]]}},{"type":"Feature","properties":{"owner1":"9333-4936 QUEBEC INC","owner2":null,"matricule":"1974-55-1379","street":"ST-ALPHONSE NORD","civicLow":"0","civicHigh":"0","valueLand":"2000","valueBuilding":"0","valueTotal":"2000","mailAddr":"2025 ROUTE ST-ALPHONSE NORD","mailCity":"SAINT-BRUNO, QC.","mun":"Saint-Bruno"},"geometry":{"type":"MultiPolygon","coordinates":[[[[-71.654855,48.504084],[-71.654963,48.504114],[-71.65393,48.504156],[-71.653903,48.503852],[-71.654855,48.504084]]]]}},{"type":"Feature","properties":{"owner1":"TURCOTTE GUILLAUME","owner2":"GAGNON ANNY-PIER","matricule":"1569-92-4060","street":"TROISIEME RANG OUEST","civicLow":"820","civicHigh":"0","valueLand":"24500","valueBuilding":"202900","valueTotal":"227400","mailAddr":"820 RANG 3","mailCity":"SAINT-BRUNO, QC.","mun":"Saint-Bruno"},"geometry":{"type":"MultiPolygon","coordinates":[[[[-71.701298,48.455809],[-71.701154,48.455374],[-71.701774,48.455487],[-71.701711,48.455976],[-71.701388,48.456095],[-71.701298,48.455809]]]]}},{"type":"Feature","properties":{"owner1":"FERME REGAL INC","owner2":null,"matricule":"1669-58-6096","street":"TROISIEME RANG OUEST","civicLow":"700","civicHigh":"0","valueLand":"232600","valueBuilding":"180500","valueTotal":"413100","mailAddr":"700 TROISIEME RANG OUEST","mailCity":"SAINT-BRUNO, QC.","mun":"Saint-Bruno"},"geometry":{"type":"MultiPolygon","coordinates":[[[[-71.694489,48.454463],[-71.694615,48.454183],[-71.698019,48.454802],[-71.691911,48.468866],[-71.688506,48.468223],[-71.694489,48.454463]]]]}},{"type":"Feature","properties":{"owner1":"FERME REGAL INC","owner2":null,"matricule":"1669-40-6992","street":"TROISIEME RANG OUEST","civicLow":"600","civicHigh":"0","valueLand":"17800","valueBuilding":"153700","valueTotal":"171500","mailAddr":"700 TROISIEME RANG OUEST","mailCity":"SAINT-BRUNO, QC.","mun":"Saint-Bruno"},"geometry":{"type":"MultiPolygon","coordinates":[[[[-71.694615,48.454183],[-71.694489,48.454463],[-71.694013,48.454379],[-71.694139,48.454093],[-71.694615,48.454183]]]]}},{"type":"Feature","properties":{"owner1":"THERIAULT STEPHANE","owner2":null,"matricule":"1669-80-1403","street":"TROISIEME RANG OUEST","civicLow":"510","civicHigh":"0","valueLand":"21300","valueBuilding":"207700","valueTotal":"229000","mailAddr":"510 TROISIEME RANG OUEST","mailCity":"SAINT-BRUNO, QC","mun":"Saint-Bruno"},"geometry":{"type":"MultiPolygon","coordinates":[[[[-71.689234,48.453688],[-71.689045,48.453444],[-71.689144,48.453188],[-71.690249,48.453384],[-71.690033,48.453849],[-71.689234,48.453688]]]]}},{"type":"Feature","properties":{"owner1":"FERME AVICOLE SAINT-BRUNO INC.","owner2":null,"matricule":"1769-01-1610","street":"TROISIEME RANG OUEST","civicLow":"430","civicHigh":"0","valueLand":"41900","valueBuilding":"571500","valueTotal":"613400","mailAddr":"430 TROISIEME RANG OUEST","mailCity":"SAINT-BRUNO, QC.","mun":"Saint-Bruno"},"geometry":{"type":"MultiPolygon","coordinates":[[[[-71.687725,48.452925],[-71.68812,48.452997],[-71.687114,48.455487],[-71.686458,48.455869],[-71.686063,48.455791],[-71.686197,48.455475],[-71.685838,48.455404],[-71.686404,48.454087],[-71.686763,48.454159],[-71.687311,48.452896],[-71.687725,48.452925]]]]}},{"type":"Feature","properties":{"owner1":null,"owner2":null,"matricule":null,"street":null,"civicLow":null,"civicHigh":null,"valueLand":null,"valueBuilding":null,"valueTotal":null,"mailAddr":null,"mailCity":null,"mun":"Saint-Bruno"},"geometry":{"type":"MultiPolygon","coordinates":[[[[-71.683862,48.452574],[-71.684006,48.452216],[-71.684518,48.452348],[-71.684652,48.452479],[-71.684643,48.453134],[-71.684266,48.453652],[-71.684527,48.454075],[-71.684365,48.454719],[-71.683718,48.456309],[-71.682092,48.458555],[-71.681517,48.458001],[-71.683862,48.452574]]],[[[-71.685021,48.454117],[-71.685425,48.45367],[-71.685137,48.453146],[-71.685155,48.452574],[-71.685344,48.452485],[-71.687311,48.452896],[-71.686763,48.454159],[-71.686404,48.454087],[-71.685838,48.455404],[-71.686197,48.455475],[-71.686063,48.455791],[-71.686458,48.455869],[-71.684652,48.459991],[-71.682452,48.459604],[-71.683503,48.458019],[-71.684598,48.455523],[-71.685021,48.454117]]]]}},{"type":"Feature","properties":{"owner1":"FERME GRATIEN & ANDRE GAGNE LTEE","owner2":null,"matricule":"1669-60-8264","street":"TROISIEME RANG OUEST","civicLow":"520","civicHigh":"0","valueLand":"12300","valueBuilding":"794400","valueTotal":"806700","mailAddr":"335 RUE SAINT-WILBROD","mailCity":"HEBERTVILLE-STATION, QC.","mun":"Saint-Bruno"},"geometry":{"type":"MultiPolygon","coordinates":[[[[-71.690249,48.453384],[-71.69298,48.453885],[-71.69262,48.454725],[-71.689863,48.454224],[-71.690249,48.453384]]]]}},{"type":"Feature","properties":{"owner1":"FERME REGAL INC.","owner2":null,"matricule":"1669-98-3630","street":"Adresse non codifiée","civicLow":"0","civicHigh":"0","valueLand":"421500","valueBuilding":"215200","valueTotal":"636700","mailAddr":"700 RANG 3 OUEST","mailCity":"SAINT-BRUNO, QC.","mun":"Saint-Bruno"},"geometry":{"type":"MultiPolygon","coordinates":[[[[-71.687114,48.455487],[-71.68812,48.452997],[-71.689144,48.453188],[-71.689045,48.453444],[-71.689234,48.453688],[-71.690033,48.453849],[-71.689863,48.454224],[-71.69262,48.454725],[-71.69298,48.453885],[-71.694139,48.454093],[-71.694013,48.454379],[-71.694489,48.454463],[-71.688506,48.468223],[-71.684832,48.467348],[-71.684185,48.466972],[-71.681895,48.466329],[-71.686458,48.455869],[-71.687114,48.455487]]]]}}]}