{"type":"FeatureCollection","features":[{"type":"Feature","properties":{"owner1":"GAGNON CHRISTIAN","owner2":null,"matricule":"1382-60-3555","street":"10","civicLow":"0","civicHigh":"0","valueLand":"53600","valueBuilding":"11900","valueTotal":"65500","mailAddr":"3985 RANG SCOTT OUEST","mailCity":null,"mun":null},"geometry":{"type":"MultiPolygon","coordinates":[[[[-71.724654,48.56427],[-71.723837,48.563557],[-71.723657,48.563117],[-71.745181,48.573282],[-71.744633,48.573995],[-71.744866,48.574792],[-71.74563,48.57579],[-71.74563,48.576551],[-71.744866,48.577329],[-71.744651,48.577829],[-71.743223,48.578144],[-71.741767,48.578043],[-71.740465,48.577769],[-71.739863,48.577466],[-71.738794,48.5762],[-71.738309,48.576028],[-71.738048,48.57557],[-71.735623,48.573864],[-71.735443,48.573169],[-71.735254,48.572967],[-71.735506,48.572474],[-71.735461,48.572224],[-71.734159,48.571558],[-71.733727,48.571635],[-71.733449,48.571558],[-71.732703,48.571124],[-71.731679,48.570203],[-71.730745,48.569644],[-71.728858,48.569073],[-71.727978,48.568669],[-71.72734,48.567546],[-71.72646,48.566886],[-71.725544,48.565959],[-71.725256,48.565334],[-71.72531,48.564645],[-71.724654,48.56427]]]]}},{"type":"Feature","properties":{"owner1":"FERME HOLSTEIN DES CASCADES INC.","owner2":null,"matricule":"1381-56-8181","street":"10","civicLow":"0","civicHigh":"0","valueLand":"89200","valueBuilding":"0","valueTotal":"89200","mailAddr":"3747 RANG SCOTT OUEST","mailCity":null,"mun":null},"geometry":{"type":"MultiPolygon","coordinates":[[[[-71.723657,48.563117],[-71.723684,48.56295],[-71.745576,48.566957],[-71.745702,48.568063],[-71.745432,48.568931],[-71.745091,48.569501],[-71.745244,48.569935],[-71.744875,48.570209],[-71.744588,48.570215],[-71.744336,48.570595],[-71.744354,48.570809],[-71.744857,48.571314],[-71.744893,48.571974],[-71.744624,48.572497],[-71.745181,48.573282],[-71.723657,48.563117]]]]}},{"type":"Feature","properties":{"owner1":"GAGNON CHRISTIAN","owner2":null,"matricule":"1381-63-5517","street":"10","civicLow":"0","civicHigh":"0","valueLand":"103700","valueBuilding":"0","valueTotal":"103700","mailAddr":"3985 RANG SCOTT OUEST","mailCity":null,"mun":null},"geometry":{"type":"MultiPolygon","coordinates":[[[[-71.723684,48.56295],[-71.724591,48.560715],[-71.744983,48.564359],[-71.745019,48.56452],[-71.746061,48.564936],[-71.746142,48.565168],[-71.745926,48.565626],[-71.746178,48.565887],[-71.746214,48.56622],[-71.746142,48.566416],[-71.745603,48.566666],[-71.745576,48.566957],[-71.723684,48.56295]]]]}},{"type":"Feature","properties":{"owner1":"HARVEY NICOL","owner2":null,"matricule":"1380-69-1013","street":"10","civicLow":"100","civicHigh":"0","valueLand":"74600","valueBuilding":"113000","valueTotal":"187600","mailAddr":"100 RANG 10","mailCity":null,"mun":null},"geometry":{"type":"MultiPolygon","coordinates":[[[[-71.724951,48.559835],[-71.726505,48.55603],[-71.726685,48.55606],[-71.725589,48.559389],[-71.725346,48.559663],[-71.724951,48.559835]]],[[[-71.745361,48.562873],[-71.745468,48.562784],[-71.745774,48.562802],[-71.746699,48.5632],[-71.747211,48.563218],[-71.747391,48.563319],[-71.747013,48.563717],[-71.746438,48.563777],[-71.74545,48.563266],[-71.745271,48.563057],[-71.745361,48.562873]]],[[[-71.72584,48.560798],[-71.72611,48.560132],[-71.725077,48.559948],[-71.725517,48.559746],[-71.725777,48.559437],[-71.726873,48.556149],[-71.746259,48.559615],[-71.746232,48.559764],[-71.744786,48.56043],[-71.744247,48.561113],[-71.744211,48.561446],[-71.744633,48.561958],[-71.744193,48.562338],[-71.74475,48.562879],[-71.744857,48.563319],[-71.745289,48.563771],[-71.745262,48.564092],[-71.744983,48.564359],[-71.72619,48.561],[-71.726235,48.56087],[-71.72584,48.560798]]]]}},{"type":"Feature","properties":{"owner1":"PILOTE JOCELYN","owner2":"GIRARD SYLVIE","matricule":"1480-39-6330","street":"10","civicLow":"80","civicHigh":"0","valueLand":"52500","valueBuilding":"200800","valueTotal":"253300","mailAddr":"80 RANG 10","mailCity":null,"mun":null},"geometry":{"type":"MultiPolygon","coordinates":[[[[-71.724591,48.560715],[-71.724888,48.55999],[-71.72611,48.560132],[-71.72584,48.560798],[-71.726235,48.56087],[-71.72619,48.561],[-71.724591,48.560715]]]]}},{"type":"Feature","properties":{"owner1":"FERME JEANNOISE DU LAC SENC","owner2":null,"matricule":"1380-34-5835","street":"10","civicLow":"179","civicHigh":"0","valueLand":"176700","valueBuilding":"9500","valueTotal":"186200","mailAddr":"3330 ROUTE DU LAC OUEST","mailCity":null,"mun":null},"geometry":{"type":"MultiPolygon","coordinates":[[[[-71.727888,48.552635],[-71.727996,48.552373],[-71.728248,48.553426],[-71.727493,48.554151],[-71.726685,48.55606],[-71.726505,48.55603],[-71.727888,48.552635]]],[[[-71.746241,48.559574],[-71.728598,48.556405],[-71.728832,48.555822],[-71.727134,48.555483],[-71.727933,48.55562],[-71.728176,48.555096],[-71.728975,48.555245],[-71.729559,48.554222],[-71.72796,48.553937],[-71.728463,48.553384],[-71.728167,48.552403],[-71.72831,48.551761],[-71.728876,48.551862],[-71.728957,48.551672],[-71.749574,48.555275],[-71.748487,48.558955],[-71.747732,48.558931],[-71.747543,48.558664],[-71.747112,48.558682],[-71.74713,48.558575],[-71.747409,48.558604],[-71.747534,48.558462],[-71.747274,48.557427],[-71.747139,48.557558],[-71.747391,48.558497],[-71.74713,48.558331],[-71.747004,48.558379],[-71.746843,48.558735],[-71.747184,48.558896],[-71.746214,48.559407],[-71.746241,48.559574]]]]}},{"type":"Feature","properties":{"owner1":"ROSS ALAIN","owner2":null,"matricule":"1479-19-0566","street":"10","civicLow":"160","civicHigh":"0","valueLand":"22900","valueBuilding":"97700","valueTotal":"120600","mailAddr":"160 10E RANG","mailCity":null,"mun":null},"geometry":{"type":"MultiPolygon","coordinates":[[[[-71.728391,48.551576],[-71.728957,48.551672],[-71.728876,48.551862],[-71.72831,48.551761],[-71.728391,48.551576]]]]}},{"type":"Feature","properties":{"owner1":"GAUDREAULT REMI","owner2":null,"matricule":"1480-14-7140","street":"10","civicLow":"120","civicHigh":"0","valueLand":"56000","valueBuilding":"136100","valueTotal":"192100","mailAddr":"120 RANG 10","mailCity":null,"mun":null},"geometry":{"type":"MultiPolygon","coordinates":[[[[-71.726873,48.556149],[-71.727134,48.555483],[-71.728832,48.555822],[-71.728571,48.556488],[-71.726873,48.556149]]]]}},{"type":"Feature","properties":{"owner1":"ROBITAILLE MANON","owner2":null,"matricule":"1480-13-8361","street":"10","civicLow":"0","civicHigh":"0","valueLand":"900","valueBuilding":"0","valueTotal":"900","mailAddr":"150 10E RANG","mailCity":null,"mun":null},"geometry":{"type":"MultiPolygon","coordinates":[[[[-71.727385,48.554948],[-71.728176,48.555096],[-71.727933,48.55562],[-71.727143,48.555471],[-71.727385,48.554948]]]]}},{"type":"Feature","properties":{"owner1":"ROBITAILLE MANON","owner2":null,"matricule":"1480-12-2584","street":"10","civicLow":"150","civicHigh":"0","valueLand":"69100","valueBuilding":"212500","valueTotal":"281600","mailAddr":"150 RANG 10","mailCity":null,"mun":null},"geometry":{"type":"MultiPolygon","coordinates":[[[[-71.727385,48.554948],[-71.727682,48.554205],[-71.72796,48.553937],[-71.729559,48.554222],[-71.728975,48.555245],[-71.727385,48.554948]]]]}},{"type":"Feature","properties":{"owner1":"LAVOIE LUC","owner2":"TREMBLAY SYLVIE","matricule":"1380-20-7752","street":"10","civicLow":"230","civicHigh":"0","valueLand":"80300","valueBuilding":"91600","valueTotal":"171900","mailAddr":"230 RANG 10","mailCity":null,"mun":null},"geometry":{"type":"MultiPolygon","coordinates":[[[[-71.729182,48.549674],[-71.729344,48.549275],[-71.750346,48.553045],[-71.749574,48.555275],[-71.730161,48.551886],[-71.729514,48.550673],[-71.729622,48.550411],[-71.72946,48.550381],[-71.729676,48.549769],[-71.729182,48.549674]]]]}},{"type":"Feature","properties":{"owner1":"LAVOIE DANIEL","owner2":"FLEURY CLAUDETTE","matricule":"1479-07-4764","street":"10","civicLow":"228","civicHigh":"0","valueLand":"29600","valueBuilding":"95600","valueTotal":"125200","mailAddr":"228 RANG 10","mailCity":null,"mun":null},"geometry":{"type":"MultiPolygon","coordinates":[[[[-71.729038,48.550018],[-71.729182,48.549674],[-71.729676,48.549769],[-71.729577,48.550119],[-71.729038,48.550018]]]]}},{"type":"Feature","properties":{"owner1":"VILLENEUVE DANIELLE","owner2":null,"matricule":"1479-07-5698","street":"10","civicLow":"224","civicHigh":"0","valueLand":"26500","valueBuilding":"107800","valueTotal":"134300","mailAddr":"224 RANG 10","mailCity":null,"mun":null},"geometry":{"type":"MultiPolygon","coordinates":[[[[-71.72893,48.55028],[-71.729038,48.550018],[-71.729577,48.550119],[-71.72946,48.550381],[-71.72893,48.55028]]]]}},{"type":"Feature","properties":{"owner1":"GAUTHIER CHRISTIANE","owner2":null,"matricule":"1479-08-5929","street":"10","civicLow":"220","civicHigh":"0","valueLand":"30100","valueBuilding":"44200","valueTotal":"74300","mailAddr":"140 DES TUILERIES","mailCity":null,"mun":null},"geometry":{"type":"MultiPolygon","coordinates":[[[[-71.728814,48.550548],[-71.72893,48.55028],[-71.729622,48.550411],[-71.729514,48.550673],[-71.728814,48.550548]]]]}},{"type":"Feature","properties":{"owner1":"OUELLET NICOL","owner2":null,"matricule":"1379-02-7783","street":"10","civicLow":"0","civicHigh":"0","valueLand":"25700","valueBuilding":"0","valueTotal":"25700","mailAddr":"340 RANG 10","mailCity":null,"mun":null},"geometry":{"type":"MultiPolygon","coordinates":[[[[-71.732443,48.544916],[-71.732506,48.544642],[-71.731715,48.544506],[-71.732272,48.543227],[-71.733557,48.543405],[-71.733045,48.542525],[-71.753203,48.546064],[-71.752349,48.548431],[-71.732443,48.544916]]]]}},{"type":"Feature","properties":{"owner1":"COTE MICHEL","owner2":"LAVOIE LINE","matricule":"1379-80-4244","street":"10","civicLow":"350","civicHigh":"0","valueLand":"27200","valueBuilding":"132300","valueTotal":"159500","mailAddr":"350 RANG 10","mailCity":null,"mun":null},"geometry":{"type":"MultiPolygon","coordinates":[[[[-71.731715,48.543542],[-71.731868,48.543173],[-71.732272,48.543227],[-71.732119,48.543614],[-71.731715,48.543542]]]]}},{"type":"Feature","properties":{"owner1":"PLOURDE RICHARD","owner2":"MALTAIS MONIQUE","matricule":"1379-00-1517","street":"10","civicLow":"400","civicHigh":"0","valueLand":"67200","valueBuilding":"161400","valueTotal":"228600","mailAddr":"400 RANG 10","mailCity":null,"mun":null},"geometry":{"type":"MultiPolygon","coordinates":[[[[-71.733045,48.542525],[-71.732173,48.542371],[-71.733116,48.539997],[-71.7542,48.543673],[-71.753203,48.546064],[-71.733045,48.542525]]]]}},{"type":"Feature","properties":{"owner1":"GEXTRAIS INC.","owner2":null,"matricule":"1378-17-7759","street":"10","civicLow":"0","civicHigh":"0","valueLand":"76500","valueBuilding":"1200","valueTotal":"77700","mailAddr":"450 RANG 10","mailCity":null,"mun":null},"geometry":{"type":"MultiPolygon","coordinates":[[[[-71.733116,48.539997],[-71.735021,48.538838],[-71.73529,48.537844],[-71.734769,48.53672],[-71.735263,48.536833],[-71.735317,48.536625],[-71.742387,48.537844],[-71.741947,48.53898],[-71.737473,48.538207],[-71.736997,48.539409],[-71.754685,48.54249],[-71.7542,48.543673],[-71.733116,48.539997]]]]}},{"type":"Feature","properties":{"owner1":"BOILY JEAN","owner2":null,"matricule":"1378-63-4885","street":"10","civicLow":"435","civicHigh":"0","valueLand":"41900","valueBuilding":"94800","valueTotal":"136700","mailAddr":"435 RANG 10","mailCity":null,"mun":null},"geometry":{"type":"MultiPolygon","coordinates":[[[[-71.734913,48.53741],[-71.735102,48.537832],[-71.733961,48.537636],[-71.734374,48.536649],[-71.734581,48.53669],[-71.734913,48.53741]]]]}},{"type":"Feature","properties":{"owner1":"GUAY LEONARD","owner2":"DALLAIRE GINETTE","matricule":"1378-64-5987","street":"10","civicLow":"429","civicHigh":"0","valueLand":"41900","valueBuilding":"177200","valueTotal":"219100","mailAddr":"429 RANG 10","mailCity":null,"mun":null},"geometry":{"type":"MultiPolygon","coordinates":[[[[-71.733485,48.538796],[-71.733961,48.537636],[-71.735102,48.537832],[-71.734868,48.538743],[-71.73459,48.538992],[-71.733485,48.538796]]]]}},{"type":"Feature","properties":{"owner1":"MOREL LOUIS","owner2":"COTE MADELEINE","matricule":"1378-75-1485","street":"10","civicLow":"425","civicHigh":"0","valueLand":"52500","valueBuilding":"0","valueTotal":"52500","mailAddr":"425 RANG 10","mailCity":null,"mun":null},"geometry":{"type":"MultiPolygon","coordinates":[[[[-71.733673,48.539456],[-71.733018,48.539908],[-71.733485,48.538796],[-71.73459,48.538992],[-71.733673,48.539456]]]]}},{"type":"Feature","properties":{"owner1":"GEXTRAIS INC","owner2":null,"matricule":"1278-77-9623","street":"10","civicLow":"0","civicHigh":"0","valueLand":"19700","valueBuilding":"3300","valueTotal":"23000","mailAddr":"450 10E RANG","mailCity":null,"mun":null},"geometry":{"type":"MultiPolygon","coordinates":[[[[-71.736997,48.539409],[-71.737473,48.538207],[-71.755188,48.541276],[-71.754685,48.54249],[-71.736997,48.539409]]]]}},{"type":"Feature","properties":{"owner1":"BEAUMONT ERIC","owner2":null,"matricule":"1278-56-9439","street":"10","civicLow":"0","civicHigh":"0","valueLand":"13900","valueBuilding":"0","valueTotal":"13900","mailAddr":"2655 ROUTE DU LAC OUEST","mailCity":null,"mun":null},"geometry":{"type":"MultiPolygon","coordinates":[[[[-71.741947,48.53898],[-71.742387,48.537844],[-71.755655,48.540134],[-71.755188,48.541276],[-71.741947,48.53898]]]]}},{"type":"Feature","properties":{"owner1":"PLOURDE SERGE","owner2":null,"matricule":"1278-64-9774","street":"10","civicLow":"0","civicHigh":"0","valueLand":"17900","valueBuilding":"0","valueTotal":"17900","mailAddr":"387 CHEMIN 34 EST","mailCity":null,"mun":null},"geometry":{"type":"MultiPolygon","coordinates":[[[[-71.742387,48.537844],[-71.738632,48.537196],[-71.739072,48.53606],[-71.756131,48.538992],[-71.755655,48.540134],[-71.742387,48.537844]]]]}},{"type":"Feature","properties":{"owner1":"PLOURDE REAL","owner2":null,"matricule":"1278-63-4150","street":"10","civicLow":"0","civicHigh":"0","valueLand":"18300","valueBuilding":"0","valueTotal":"18300","mailAddr":"215 AVENUE DES NOISETTES","mailCity":null,"mun":null},"geometry":{"type":"MultiPolygon","coordinates":[[[[-71.739575,48.536149],[-71.740025,48.534977],[-71.756643,48.537779],[-71.756131,48.538992],[-71.739575,48.536149]]]]}},{"type":"Feature","properties":{"owner1":"GRANICOR INC.","owner2":null,"matricule":"1378-42-3002","street":"10","civicLow":"450","civicHigh":"0","valueLand":"155400","valueBuilding":"1149600","valueTotal":"1305000","mailAddr":"300 RUE ROTTERDAM","mailCity":null,"mun":null},"geometry":{"type":"MultiPolygon","coordinates":[[[[-71.739072,48.53606],[-71.738632,48.537196],[-71.735317,48.536625],[-71.73538,48.536393],[-71.734832,48.536274],[-71.734985,48.53556],[-71.735695,48.534995],[-71.736126,48.534317],[-71.740025,48.534977],[-71.739575,48.536149],[-71.739072,48.53606]]]]}},{"type":"Feature","properties":{"owner1":"BOULANGER ANDRE","owner2":"GAGNE ROXANE","matricule":"1479-09-6217","street":"10","civicLow":"190","civicHigh":"194","valueLand":"41400","valueBuilding":"88600","valueTotal":"130000","mailAddr":"210 RUE D'AVIGNON","mailCity":null,"mun":null},"geometry":{"type":"MultiPolygon","coordinates":[[[[-71.728508,48.551285],[-71.728616,48.551023],[-71.729802,48.551237],[-71.729963,48.551547],[-71.728508,48.551285]]]]}},{"type":"Feature","properties":{"owner1":"OUELLET NICOL","owner2":null,"matricule":"1379-80-5487","street":"10","civicLow":"340","civicHigh":"344","valueLand":"27900","valueBuilding":"146500","valueTotal":"174400","mailAddr":"340 RANG 10","mailCity":null,"mun":null},"geometry":{"type":"MultiPolygon","coordinates":[[[[-71.731553,48.543941],[-71.731715,48.543542],[-71.732119,48.543614],[-71.731958,48.544012],[-71.731553,48.543941]]]]}},{"type":"Feature","properties":{"owner1":"LAROUCHE ELYSEE","owner2":null,"matricule":"1379-81-7036","street":"10","civicLow":"0","civicHigh":"0","valueLand":"800","valueBuilding":"0","valueTotal":"800","mailAddr":"500 RUE HARVEY","mailCity":null,"mun":null},"geometry":{"type":"MultiPolygon","coordinates":[[[[-71.731356,48.54444],[-71.731553,48.543941],[-71.731913,48.544],[-71.731715,48.544506],[-71.731356,48.54444]]]]}},{"type":"Feature","properties":{"owner1":"RAYMOND REGINALD","owner2":null,"matricule":"1479-08-6260","street":"10","civicLow":"200","civicHigh":"0","valueLand":"32200","valueBuilding":"99400","valueTotal":"131600","mailAddr":"200 RANG 10","mailCity":null,"mun":null},"geometry":{"type":"MultiPolygon","coordinates":[[[[-71.729532,48.550673],[-71.729649,48.550982],[-71.728715,48.550786],[-71.728814,48.550548],[-71.729532,48.550673]]]]}},{"type":"Feature","properties":{"owner1":"BOILY RENE","owner2":"TREMBLAY ANNIE-JASMINE","matricule":"1479-09-6050","street":"10","civicLow":"186","civicHigh":"0","valueLand":"47400","valueBuilding":"78800","valueTotal":"126200","mailAddr":"186 RANG 10","mailCity":null,"mun":null},"geometry":{"type":"MultiPolygon","coordinates":[[[[-71.729963,48.551547],[-71.730161,48.551886],[-71.728391,48.551576],[-71.728508,48.551285],[-71.729963,48.551547]]]]}},{"type":"Feature","properties":{"owner1":"SIMARD FREDERIC","owner2":"MORIN JOSIANNE","matricule":"1379-95-8659","street":"10","civicLow":"250","civicHigh":"0","valueLand":"38100","valueBuilding":"146400","valueTotal":"184500","mailAddr":"250 10E RANG","mailCity":null,"mun":null},"geometry":{"type":"MultiPolygon","coordinates":[[[[-71.729972,48.547765],[-71.730493,48.547866],[-71.73044,48.548139],[-71.730709,48.548181],[-71.730583,48.548371],[-71.729793,48.548193],[-71.729972,48.547765]]]]}},{"type":"Feature","properties":{"owner1":"176790 CANADA INC.","owner2":null,"matricule":"1379-27-3891","street":"10","civicLow":"260","civicHigh":"0","valueLand":"73200","valueBuilding":"234300","valueTotal":"307500","mailAddr":"260 RANG 10","mailCity":null,"mun":null},"geometry":{"type":"MultiPolygon","coordinates":[[[[-71.729344,48.549275],[-71.729793,48.548193],[-71.730583,48.548371],[-71.730709,48.548181],[-71.73044,48.548139],[-71.730493,48.547866],[-71.729972,48.547765],[-71.730296,48.546997],[-71.751334,48.550738],[-71.750346,48.553045],[-71.729344,48.549275]]]]}},{"type":"Feature","properties":{"owner1":"GAUTHIER GERTRUDE","owner2":null,"matricule":"1379-94-3443","street":"10","civicLow":"280","civicHigh":"0","valueLand":"31200","valueBuilding":"91900","valueTotal":"123100","mailAddr":"280 RANG 10","mailCity":null,"mun":null},"geometry":{"type":"MultiPolygon","coordinates":[[[[-71.731374,48.546974],[-71.731293,48.547176],[-71.730296,48.546997],[-71.730377,48.546795],[-71.731374,48.546974]]]]}},{"type":"Feature","properties":{"owner1":"GAUTHIER CECILE","owner2":null,"matricule":"1379-94-2721","street":"10","civicLow":"284","civicHigh":"0","valueLand":"31200","valueBuilding":"124900","valueTotal":"156100","mailAddr":"284 RANG 10","mailCity":null,"mun":null},"geometry":{"type":"MultiPolygon","coordinates":[[[[-71.730377,48.546795],[-71.730457,48.546599],[-71.731455,48.546777],[-71.731374,48.546974],[-71.730377,48.546795]]]]}},{"type":"Feature","properties":{"owner1":"GAUTHIER DANY","owner2":"EMOND JESSICA","matricule":"1379-93-1422","street":"10","civicLow":"314","civicHigh":"0","valueLand":"29300","valueBuilding":"81900","valueTotal":"111200","mailAddr":"314 RANG 10","mailCity":null,"mun":null},"geometry":{"type":"MultiPolygon","coordinates":[[[[-71.730835,48.545701],[-71.731428,48.545814],[-71.731311,48.546099],[-71.730709,48.545992],[-71.730835,48.545701]]]]}},{"type":"Feature","properties":{"owner1":"AUDET GINETTE","owner2":null,"matricule":"1379-82-6017","street":"10","civicLow":"320","civicHigh":"0","valueLand":"39500","valueBuilding":"80500","valueTotal":"120000","mailAddr":"320 RANG 10","mailCity":null,"mun":null},"geometry":{"type":"MultiPolygon","coordinates":[[[[-71.731131,48.54497],[-71.731248,48.544708],[-71.732443,48.544916],[-71.732335,48.545184],[-71.731131,48.54497]]]]}},{"type":"Feature","properties":{"owner1":"POTVIN PIERROT","owner2":"BRASSARD STEPHANIE","matricule":"1379-82-8549","street":"10","civicLow":"318","civicHigh":"0","valueLand":"39500","valueBuilding":"159600","valueTotal":"199100","mailAddr":"318 RANG 10","mailCity":null,"mun":null},"geometry":{"type":"MultiPolygon","coordinates":[[[[-71.731131,48.54497],[-71.731931,48.545112],[-71.731769,48.545505],[-71.73097,48.545368],[-71.731131,48.54497]]]]}},{"type":"Feature","properties":{"owner1":"OUELLET STEVEN","owner2":"DUFOUR CAROLE","matricule":"1378-79-9456","street":"10","civicLow":"370","civicHigh":"0","valueLand":"34800","valueBuilding":"134700","valueTotal":"169500","mailAddr":"370 RANG 10","mailCity":null,"mun":null},"geometry":{"type":"MultiPolygon","coordinates":[[[[-71.732074,48.542644],[-71.732173,48.542371],[-71.733045,48.542525],[-71.733206,48.542799],[-71.732074,48.542644]]]]}},{"type":"Feature","properties":{"owner1":"BLOUIN STEPHANE","owner2":"DECOSTE CLAUDIA","matricule":"1379-70-9302","street":"10","civicLow":"360","civicHigh":"0","valueLand":"45500","valueBuilding":"67700","valueTotal":"113200","mailAddr":"360 RANG 10","mailCity":null,"mun":null},"geometry":{"type":"MultiPolygon","coordinates":[[[[-71.731868,48.543173],[-71.732074,48.542644],[-71.733206,48.542799],[-71.733557,48.543405],[-71.731868,48.543173]]]]}},{"type":"Feature","properties":{"owner1":"COTE GUY","owner2":"TURCOTTE NANCY","matricule":"1378-62-0388","street":"10","civicLow":"440","civicHigh":"0","valueLand":"33600","valueBuilding":"93700","valueTotal":"127300","mailAddr":"440 RANG 10","mailCity":null,"mun":null},"geometry":{"type":"MultiPolygon","coordinates":[[[[-71.73476,48.536625],[-71.734832,48.536274],[-71.73538,48.536393],[-71.735263,48.536833],[-71.734769,48.53672],[-71.73476,48.536625]]]]}},{"type":"Feature","properties":{"owner1":"LAROUCHE ANGELINE ET AL'S","owner2":null,"matricule":"1377-47-9483","street":"10","civicLow":"0","civicHigh":"0","valueLand":"2100","valueBuilding":"0","valueTotal":"2100","mailAddr":"1185 RUE GILBERT","mailCity":null,"mun":null},"geometry":{"type":"MultiPolygon","coordinates":[[[[-71.735883,48.533032],[-71.736934,48.530712],[-71.736216,48.533092],[-71.735883,48.533032]]]]}},{"type":"Feature","properties":{"owner1":"BOUCHARD JACQUES","owner2":null,"matricule":"1377-45-2629","street":"10","civicLow":"0","civicHigh":"0","valueLand":"600","valueBuilding":"0","valueTotal":"600","mailAddr":"5000 ROUTE DU LAC OUEST","mailCity":null,"mun":null},"geometry":{"type":"MultiPolygon","coordinates":[[[[-71.736853,48.5307],[-71.737806,48.52841],[-71.737931,48.528434],[-71.736853,48.5307]]]]}},{"type":"Feature","properties":{"owner1":"LE POTAGER GRANDMONT INC.","owner2":null,"matricule":"1173-55-6988","street":"DE QUEN","civicLow":"0","civicHigh":"0","valueLand":"508500","valueBuilding":"91000","valueTotal":"599500","mailAddr":"286 RUE DEQUEN","mailCity":null,"mun":null},"geometry":{"type":"MultiPolygon","coordinates":[[[[-71.76374,48.498424],[-71.750813,48.496114],[-71.754092,48.488089],[-71.770495,48.491107],[-71.769462,48.493346],[-71.767405,48.49606],[-71.773639,48.497144],[-71.772795,48.498198],[-71.772633,48.498168],[-71.772247,48.49865],[-71.772903,48.498769],[-71.772858,48.498828],[-71.772032,48.498686],[-71.771699,48.499257],[-71.771394,48.49918],[-71.771007,48.499763],[-71.76374,48.498424]]]]}},{"type":"Feature","properties":{"owner1":"GOBEIL CAROLINE","owner2":null,"matricule":"1379-81-5387","street":"10","civicLow":"330","civicHigh":"0","valueLand":"38800","valueBuilding":"259600","valueTotal":"298400","mailAddr":"330 RANG 10","mailCity":null,"mun":null},"geometry":{"type":"MultiPolygon","coordinates":[[[[-71.731248,48.544708],[-71.731356,48.54444],[-71.732506,48.544642],[-71.732398,48.54491],[-71.731248,48.544708]]]]}},{"type":"Feature","properties":{"owner1":"OUELLET ANNE","owner2":null,"matricule":"1074-82-2005","street":"DE QUEN","civicLow":"100","civicHigh":"0","valueLand":"31300","valueBuilding":"147700","valueTotal":"179000","mailAddr":"100 RUE DE QUEN","mailCity":null,"mun":null},"geometry":{"type":"MultiPolygon","coordinates":[[[[-71.77125,48.499388],[-71.771394,48.49918],[-71.772373,48.499436],[-71.772157,48.499692],[-71.77125,48.499388]]]]}},{"type":"Feature","properties":{"owner1":"BOILY DANY","owner2":null,"matricule":"1278-62-6504","street":"10","civicLow":"460","civicHigh":"0","valueLand":"77400","valueBuilding":"356300","valueTotal":"433700","mailAddr":"460 RANG 10","mailCity":null,"mun":null},"geometry":{"type":"MultiPolygon","coordinates":[[[[-71.738354,48.534026],[-71.73733,48.533841],[-71.737132,48.534484],[-71.736126,48.534317],[-71.736386,48.533484],[-71.737366,48.53371],[-71.737482,48.533318],[-71.757119,48.536631],[-71.756643,48.537779],[-71.738417,48.534704],[-71.738569,48.534204],[-71.738354,48.534026]]]]}},{"type":"Feature","properties":{"owner1":"BOILY MATHIEU","owner2":null,"matricule":"1377-49-6042","street":"10","civicLow":"462","civicHigh":"0","valueLand":"14500","valueBuilding":"222800","valueTotal":"237300","mailAddr":"462 RANG 10","mailCity":null,"mun":null},"geometry":{"type":"MultiPolygon","coordinates":[[[[-71.73644,48.533544],[-71.736485,48.533139],[-71.737482,48.533318],[-71.737366,48.53371],[-71.73644,48.533544]]]]}},{"type":"Feature","properties":{"owner1":"BOILY DANY","owner2":null,"matricule":"1378-30-9238","street":"ELZEAR-BOILY","civicLow":"0","civicHigh":"0","valueLand":"20700","valueBuilding":"87100","valueTotal":"107800","mailAddr":"460 RANG 10","mailCity":null,"mun":null},"geometry":{"type":"MultiPolygon","coordinates":[[[[-71.738569,48.534204],[-71.738417,48.534704],[-71.737132,48.534484],[-71.73733,48.533841],[-71.738372,48.534032],[-71.738569,48.534204]]]]}},{"type":"Feature","properties":{"owner1":"COTE COLOMBE","owner2":null,"matricule":"1277-69-8390","street":"10","civicLow":"0","civicHigh":"0","valueLand":"36900","valueBuilding":"0","valueTotal":"36900","mailAddr":"125 RUE LAVOIE","mailCity":null,"mun":null},"geometry":{"type":"MultiPolygon","coordinates":[[[[-71.741085,48.533925],[-71.741435,48.532753],[-71.736836,48.531961],[-71.737195,48.530754],[-71.758099,48.534281],[-71.757119,48.536631],[-71.741085,48.533925]]]]}},{"type":"Feature","properties":{"owner1":"BOULIANNE MARIO","owner2":"PERRON SARA","matricule":"1377-38-0991","street":"10","civicLow":"470","civicHigh":"0","valueLand":"51700","valueBuilding":"231600","valueTotal":"283300","mailAddr":"470 RANG 10","mailCity":null,"mun":null},"geometry":{"type":"MultiPolygon","coordinates":[[[[-71.741435,48.532753],[-71.741085,48.533925],[-71.736485,48.533139],[-71.736836,48.531961],[-71.741435,48.532753]]]]}},{"type":"Feature","properties":{"owner1":"BOUDREAULT RICHARD","owner2":"BOUDREAULT PIERRE","matricule":"1277-68-1434","street":"10","civicLow":"0","civicHigh":"0","valueLand":"10400","valueBuilding":"0","valueTotal":"10400","mailAddr":"95 RUE LAROUCHE","mailCity":null,"mun":null},"geometry":{"type":"MultiPolygon","coordinates":[[[[-71.738399,48.530956],[-71.738596,48.530379],[-71.758332,48.53371],[-71.758099,48.534281],[-71.738399,48.530956]]]]}},{"type":"Feature","properties":{"owner1":"BOUDREAULT JEAN-GUY","owner2":null,"matricule":"1277-57-9671","street":"10","civicLow":"0","civicHigh":"0","valueLand":"10400","valueBuilding":"0","valueTotal":"10400","mailAddr":"1586 CHEMIN DU RUISSEAU","mailCity":null,"mun":null},"geometry":{"type":"MultiPolygon","coordinates":[[[[-71.738596,48.530379],[-71.73883,48.529808],[-71.758575,48.533139],[-71.758332,48.53371],[-71.738596,48.530379]]]]}},{"type":"Feature","properties":{"owner1":"LALANCETTE CARL","owner2":"DESGAGNE CAROLINE","matricule":"1377-36-8114","street":"10","civicLow":"480","civicHigh":"0","valueLand":"67400","valueBuilding":"93600","valueTotal":"161000","mailAddr":"480 RANG 10","mailCity":null,"mun":null},"geometry":{"type":"MultiPolygon","coordinates":[[[[-71.738596,48.530379],[-71.738399,48.530956],[-71.737195,48.530754],[-71.737464,48.529981],[-71.738668,48.530183],[-71.738596,48.530379]]]]}},{"type":"Feature","properties":{"owner1":"BOUDREAULT JEAN-GUY","owner2":"BOUDREAULT RICHARD","matricule":"1377-35-6351","street":"10","civicLow":"0","civicHigh":"0","valueLand":"23600","valueBuilding":"0","valueTotal":"23600","mailAddr":"1586 CHEMIN DU RUISSEAU","mailCity":null,"mun":null},"geometry":{"type":"MultiPolygon","coordinates":[[[[-71.737464,48.529981],[-71.737635,48.529606],[-71.73883,48.529808],[-71.738668,48.530183],[-71.737464,48.529981]]]]}},{"type":"Feature","properties":{"owner1":"BELLEY DANIEL","owner2":"LACHANCE JANY","matricule":"1377-23-9068","street":"10","civicLow":"500","civicHigh":"0","valueLand":"52900","valueBuilding":"129100","valueTotal":"182000","mailAddr":"500 RANG 10","mailCity":null,"mun":null},"geometry":{"type":"MultiPolygon","coordinates":[[[[-71.738488,48.527922],[-71.739908,48.528148],[-71.739701,48.528547],[-71.738282,48.528321],[-71.738488,48.527922]]]]}},{"type":"Feature","properties":{"owner1":"FERME ROLOI INC","owner2":null,"matricule":"1177-84-4295","street":"ILES","civicLow":"0","civicHigh":"0","valueLand":"285100","valueBuilding":"44900","valueTotal":"330000","mailAddr":"1565 5E RANG","mailCity":null,"mun":null},"geometry":{"type":"MultiPolygon","coordinates":[[[[-71.738273,48.527298],[-71.739665,48.523954],[-71.739926,48.523996],[-71.738623,48.527179],[-71.738533,48.527339],[-71.738273,48.527298]]],[[[-71.776927,48.534864],[-71.759186,48.53167],[-71.759051,48.531991],[-71.750697,48.530587],[-71.751137,48.529439],[-71.738794,48.527387],[-71.740186,48.524037],[-71.760964,48.527381],[-71.76109,48.527083],[-71.767612,48.528267],[-71.767468,48.528702],[-71.7678,48.528297],[-71.77319,48.529273],[-71.772813,48.529534],[-71.772786,48.529844],[-71.772921,48.529636],[-71.773451,48.52932],[-71.774529,48.529517],[-71.774475,48.53004],[-71.775724,48.530266],[-71.776451,48.531289],[-71.77779,48.532711],[-71.778769,48.534954],[-71.778086,48.534829],[-71.777987,48.535061],[-71.776927,48.534864]]]]}},{"type":"Feature","properties":{"owner1":"HABIB LIDIA","owner2":null,"matricule":"1377-23-2709","street":"10","civicLow":"0","civicHigh":"0","valueLand":"2500","valueBuilding":"0","valueTotal":"2500","mailAddr":"15742 RUE GAUCHER","mailCity":null,"mun":null},"geometry":{"type":"MultiPolygon","coordinates":[[[[-71.738668,48.527613],[-71.738794,48.527387],[-71.741201,48.527785],[-71.741067,48.528017],[-71.738668,48.527613]]]]}},{"type":"Feature","properties":{"owner1":"FERME DOMAINE CEREALES S.E.N.C.","owner2":null,"matricule":"1277-10-1848","street":"ILES","civicLow":"625","civicHigh":"0","valueLand":"225000","valueBuilding":"308100","valueTotal":"533100","mailAddr":"625 RANG DES ILES","mailCity":null,"mun":null},"geometry":{"type":"MultiPolygon","coordinates":[[[[-71.740078,48.522937],[-71.74059,48.521651],[-71.740743,48.521675],[-71.739926,48.523996],[-71.739665,48.523954],[-71.740078,48.522937]]],[[[-71.769346,48.526929],[-71.770001,48.526453],[-71.769983,48.52628],[-71.769714,48.526197],[-71.770289,48.526304],[-71.77019,48.526822],[-71.769346,48.526929]]],[[[-71.773118,48.527821],[-71.772633,48.527857],[-71.772696,48.52772],[-71.772885,48.527678],[-71.773909,48.527613],[-71.774017,48.527768],[-71.77381,48.528035],[-71.773118,48.527821]]],[[[-71.773981,48.527946],[-71.774098,48.527869],[-71.774214,48.528017],[-71.773999,48.528059],[-71.773981,48.527946]]],[[[-71.773217,48.528202],[-71.773334,48.528077],[-71.77372,48.52813],[-71.773217,48.528202]]],[[[-71.767612,48.528267],[-71.76109,48.527083],[-71.760964,48.527381],[-71.740186,48.524037],[-71.740815,48.522252],[-71.741624,48.522383],[-71.741812,48.521848],[-71.76189,48.525114],[-71.762015,48.524793],[-71.769507,48.526161],[-71.769929,48.526358],[-71.769894,48.526542],[-71.769417,48.526726],[-71.769085,48.527131],[-71.768645,48.527375],[-71.767738,48.527428],[-71.767486,48.527553],[-71.767252,48.52791],[-71.767612,48.528267]]],[[[-71.767729,48.527678],[-71.767944,48.527565],[-71.768726,48.527619],[-71.76922,48.527428],[-71.769534,48.52706],[-71.770325,48.526929],[-71.770504,48.52634],[-71.772508,48.526714],[-71.772445,48.526917],[-71.772624,48.527101],[-71.773604,48.527315],[-71.773837,48.5275],[-71.772588,48.527559],[-71.772256,48.527744],[-71.772148,48.528154],[-71.772445,48.528232],[-71.773154,48.529041],[-71.77319,48.529273],[-71.7678,48.528297],[-71.767881,48.528119],[-71.767729,48.527678]]],[[[-71.773217,48.528202],[-71.773675,48.528779],[-71.774655,48.5286],[-71.775149,48.529267],[-71.774367,48.529225],[-71.774214,48.529463],[-71.773451,48.52932],[-71.773622,48.528809],[-71.773307,48.528606],[-71.773217,48.528202]]]]}},{"type":"Feature","properties":{"owner1":"MUNGER NIL-MARIE","owner2":null,"matricule":"1277-84-4267","street":"10","civicLow":"0","civicHigh":"0","valueLand":"32000","valueBuilding":"12600","valueTotal":"44600","mailAddr":"4581 AVENUE DU PONT NORD","mailCity":null,"mun":null},"geometry":{"type":"MultiPolygon","coordinates":[[[[-71.748433,48.530207],[-71.738201,48.528475],[-71.738282,48.528321],[-71.739701,48.528547],[-71.739908,48.528148],[-71.738488,48.527922],[-71.738668,48.527613],[-71.741067,48.528017],[-71.741201,48.527785],[-71.751137,48.529439],[-71.750697,48.530587],[-71.748433,48.530207]]]]}},{"type":"Feature","properties":{"owner1":"VAN OTTERDIJK PAUL","owner2":null,"matricule":"1376-16-1583","street":"10","civicLow":"0","civicHigh":"0","valueLand":"1900","valueBuilding":"0","valueTotal":"1900","mailAddr":"3123 DES GROSEILLERS","mailCity":null,"mun":null},"geometry":{"type":"MultiPolygon","coordinates":[[[[-71.741004,48.521717],[-71.741812,48.521848],[-71.741624,48.522383],[-71.740815,48.522252],[-71.741004,48.521717]]]]}},{"type":"Feature","properties":{"owner1":"S.I.A.L.","owner2":null,"matricule":"1177-03-9818","street":"ILES","civicLow":"0","civicHigh":"0","valueLand":"1000","valueBuilding":"0","valueTotal":"1000","mailAddr":"1655 RUE POWELL","mailCity":null,"mun":null},"geometry":{"type":"MultiPolygon","coordinates":[[[[-71.76727,48.527821],[-71.767738,48.527428],[-71.768645,48.527375],[-71.769085,48.527131],[-71.769417,48.526726],[-71.769894,48.526542],[-71.769929,48.526358],[-71.769507,48.526161],[-71.769983,48.52628],[-71.770001,48.526453],[-71.769346,48.526929],[-71.77019,48.526822],[-71.770289,48.526304],[-71.770504,48.52634],[-71.770415,48.526828],[-71.770145,48.527012],[-71.769534,48.52706],[-71.76922,48.527428],[-71.768726,48.527619],[-71.767809,48.527613],[-71.767881,48.528119],[-71.767468,48.528702],[-71.767639,48.528226],[-71.767342,48.528035],[-71.76727,48.527821]]]]}},{"type":"Feature","properties":{"owner1":"GAUTHIER NICOLE","owner2":null,"matricule":"1077-74-2129","street":"ILES","civicLow":"615","civicHigh":"0","valueLand":"52900","valueBuilding":"124900","valueTotal":"177800","mailAddr":"467 RUE BOURGEOYS OUEST","mailCity":null,"mun":null},"geometry":{"type":"MultiPolygon","coordinates":[[[[-71.774205,48.528023],[-71.774655,48.5286],[-71.773675,48.528779],[-71.773217,48.528202],[-71.77372,48.52813],[-71.773999,48.528273],[-71.773999,48.528059],[-71.774205,48.528023]]]]}},{"type":"Feature","properties":{"owner1":"S.I.A.L.","owner2":null,"matricule":"1077-75-8747","street":"ILES","civicLow":"0","civicHigh":"0","valueLand":"500","valueBuilding":"0","valueTotal":"500","mailAddr":"1655 RUE POWELL","mailCity":null,"mun":null},"geometry":{"type":"MultiPolygon","coordinates":[[[[-71.77319,48.529273],[-71.773451,48.52932],[-71.772921,48.529636],[-71.772786,48.529844],[-71.772813,48.529534],[-71.77319,48.529273]]]]}},{"type":"Feature","properties":{"owner1":"DUFOUR JIMMY","owner2":"BOILY HELENE","matricule":"1077-65-5841","street":"ILES","civicLow":"595","civicHigh":"0","valueLand":"36000","valueBuilding":"169900","valueTotal":"205900","mailAddr":"595 RANG DES ILES","mailCity":null,"mun":null},"geometry":{"type":"MultiPolygon","coordinates":[[[[-71.774529,48.529517],[-71.774214,48.529463],[-71.774367,48.529225],[-71.775149,48.529267],[-71.775346,48.5296],[-71.774529,48.529517]]]]}},{"type":"Feature","properties":{"owner1":"GAUTHIER ROBIN","owner2":"GAUTHIER ROGER","matricule":"1077-81-9160","street":"ILES","civicLow":"0","civicHigh":"0","valueLand":"5900","valueBuilding":"0","valueTotal":"5900","mailAddr":"805 RUE BOULANGER OUEST","mailCity":null,"mun":null},"geometry":{"type":"MultiPolygon","coordinates":[[[[-71.769965,48.525751],[-71.769723,48.525548],[-71.770441,48.525608],[-71.771133,48.525471],[-71.770774,48.52515],[-71.770855,48.524686],[-71.771304,48.524793],[-71.771573,48.525007],[-71.772337,48.52509],[-71.772786,48.52537],[-71.773181,48.525465],[-71.772687,48.525412],[-71.771861,48.525144],[-71.771493,48.525227],[-71.771268,48.525013],[-71.771142,48.525108],[-71.771304,48.525435],[-71.771214,48.52559],[-71.770576,48.525685],[-71.770136,48.525638],[-71.769714,48.526197],[-71.769507,48.526161],[-71.769498,48.526007],[-71.769965,48.525751]]],[[[-71.770361,48.526066],[-71.770765,48.525876],[-71.771699,48.525917],[-71.77187,48.525757],[-71.772121,48.525715],[-71.773253,48.525697],[-71.773298,48.525858],[-71.772067,48.525798],[-71.77204,48.526018],[-71.771564,48.526126],[-71.770729,48.525995],[-71.770531,48.526131],[-71.770504,48.52634],[-71.770289,48.526304],[-71.770361,48.526066]]],[[[-71.773181,48.526215],[-71.773388,48.526215],[-71.773613,48.526917],[-71.772508,48.526714],[-71.772921,48.52631],[-71.773181,48.526215]]],[[[-71.77381,48.526952],[-71.773693,48.526607],[-71.77443,48.526619],[-71.773981,48.526839],[-71.774044,48.527],[-71.77381,48.526952]]]]}},{"type":"Feature","properties":{"owner1":"CLAVEAU CLAUDETTE","owner2":null,"matricule":"1077-72-0913","street":"ILES","civicLow":"642","civicHigh":"0","valueLand":"146800","valueBuilding":"202600","valueTotal":"349400","mailAddr":"642 RANG DES ILES","mailCity":null,"mun":null},"geometry":{"type":"MultiPolygon","coordinates":[[[[-71.773693,48.526607],[-71.773604,48.526328],[-71.774376,48.526322],[-71.77434,48.526619],[-71.773693,48.526607]]]]}},{"type":"Feature","properties":{"owner1":"GAUTHIER MANON","owner2":null,"matricule":"1077-71-1183","street":"ILES","civicLow":"646","civicHigh":"0","valueLand":"150300","valueBuilding":"155800","valueTotal":"306100","mailAddr":"646 RANG DES ILES","mailCity":null,"mun":null},"geometry":{"type":"MultiPolygon","coordinates":[[[[-71.773604,48.526328],[-71.773514,48.52606],[-71.774367,48.526054],[-71.774376,48.526322],[-71.773604,48.526328]]]]}},{"type":"Feature","properties":{"owner1":"GAUTHIER MARTIN","owner2":"LABERGE JACINTHE","matricule":"1077-71-1652","street":"ILES","civicLow":"648","civicHigh":"650","valueLand":"157600","valueBuilding":"188500","valueTotal":"346100","mailAddr":"650 RANG DES ILES","mailCity":null,"mun":null},"geometry":{"type":"MultiPolygon","coordinates":[[[[-71.773514,48.52606],[-71.773424,48.52578],[-71.774152,48.525786],[-71.774331,48.525888],[-71.774367,48.526054],[-71.773514,48.52606]]]]}},{"type":"Feature","properties":{"owner1":"S.I.A.L.","owner2":null,"matricule":"1281-31-6027","street":"GOLF","civicLow":"0","civicHigh":"0","valueLand":"1100","valueBuilding":"0","valueTotal":"1100","mailAddr":"1655 RUE POWELL","mailCity":null,"mun":null},"geometry":{"type":"MultiPolygon","coordinates":[[[[-71.759105,48.56449],[-71.75879,48.564799],[-71.758431,48.56471],[-71.757578,48.564211],[-71.757299,48.564246],[-71.75703,48.564134],[-71.756886,48.56386],[-71.756643,48.563884],[-71.756329,48.563688],[-71.756266,48.563807],[-71.756068,48.563735],[-71.756068,48.563575],[-71.755538,48.563272],[-71.755125,48.563319],[-71.755107,48.563159],[-71.754919,48.563242],[-71.754676,48.563081],[-71.754505,48.563135],[-71.75402,48.562968],[-71.75376,48.562671],[-71.753481,48.56254],[-71.753275,48.5626],[-71.752565,48.562172],[-71.752358,48.562231],[-71.752304,48.562041],[-71.75217,48.562077],[-71.751676,48.56169],[-71.75137,48.561625],[-71.751298,48.561482],[-71.750571,48.56125],[-71.750211,48.560882],[-71.750202,48.560561],[-71.74987,48.560412],[-71.749897,48.559568],[-71.749358,48.559157],[-71.748487,48.558955],[-71.748612,48.558551],[-71.74969,48.558807],[-71.750499,48.559413],[-71.750598,48.560239],[-71.751613,48.561119],[-71.753005,48.561868],[-71.757173,48.563497],[-71.759105,48.56449]]]]}},{"type":"Feature","properties":{"owner1":"S.I.A.L.","owner2":null,"matricule":"1077-61-7763","street":"ADELARD-GAUTHIER","civicLow":"0","civicHigh":"0","valueLand":"75100","valueBuilding":"0","valueTotal":"75100","mailAddr":"1655 RUE POWELL","mailCity":null,"mun":null},"geometry":{"type":"MultiPolygon","coordinates":[[[[-71.774152,48.525786],[-71.773424,48.52578],[-71.773397,48.52565],[-71.774152,48.525691],[-71.774412,48.525822],[-71.77452,48.526054],[-71.77443,48.526619],[-71.774331,48.525888],[-71.774152,48.525786]]]]}},{"type":"Feature","properties":{"owner1":"2950-2911 QUEBEC INC","owner2":null,"matricule":"1575-24-4932","street":"6","civicLow":"0","civicHigh":"0","valueLand":"260300","valueBuilding":"218500","valueTotal":"478800","mailAddr":"1685 SIXIEME RANG OUEST","mailCity":null,"mun":null},"geometry":{"type":"MultiPolygon","coordinates":[[[[-71.710003,48.505739],[-71.711117,48.503239],[-71.718537,48.504584],[-71.718474,48.50484],[-71.718824,48.5049],[-71.71895,48.504656],[-71.719202,48.504703],[-71.71639,48.511613],[-71.714432,48.515915],[-71.713318,48.519016],[-71.706176,48.517683],[-71.706275,48.517463],[-71.705224,48.517266],[-71.710003,48.505739]]]]}},{"type":"Feature","properties":{"owner1":"BOULIANNE DAVE","owner2":"DESBIENS-THIVIERGE GENEVIEVE","matricule":"1576-71-3732","street":"6","civicLow":"1700","civicHigh":"0","valueLand":"34800","valueBuilding":"181000","valueTotal":"215800","mailAddr":"1700 RANG 6","mailCity":null,"mun":null},"geometry":{"type":"MultiPolygon","coordinates":[[[[-71.705017,48.517468],[-71.705224,48.517266],[-71.706275,48.517463],[-71.706176,48.517683],[-71.705017,48.517468]]]]}},{"type":"Feature","properties":{"owner1":"GAGNON MICHEL","owner2":null,"matricule":"1474-77-5432","street":"5","civicLow":"1410","civicHigh":"0","valueLand":"21500","valueBuilding":"107600","valueTotal":"129100","mailAddr":"1410 RANG 5","mailCity":null,"mun":null},"geometry":{"type":"MultiPolygon","coordinates":[[[[-71.71895,48.504656],[-71.718824,48.5049],[-71.718474,48.50484],[-71.718537,48.504584],[-71.71895,48.504656]]]]}},{"type":"Feature","properties":{"owner1":"LAROUCHE ROBERT","owner2":null,"matricule":"1475-85-0397","street":"5","civicLow":"0","civicHigh":"0","valueLand":"240800","valueBuilding":"21200","valueTotal":"262000","mailAddr":"1910 ROUTE DU LAC OUEST","mailCity":null,"mun":null},"geometry":{"type":"MultiPolygon","coordinates":[[[[-71.714432,48.515915],[-71.716336,48.511875],[-71.719202,48.504703],[-71.719803,48.504816],[-71.719624,48.505251],[-71.720926,48.505483],[-71.721115,48.505049],[-71.721771,48.505168],[-71.7216,48.505602],[-71.722903,48.505834],[-71.722957,48.505697],[-71.723208,48.505745],[-71.717486,48.519795],[-71.713318,48.519016],[-71.714432,48.515915]]]]}},{"type":"Feature","properties":{"owner1":"VAL-EO COOP DE SOLIDARITE","owner2":null,"matricule":"1371-84-0506","street":"4","civicLow":"0","civicHigh":"0","valueLand":"37500","valueBuilding":"14600","valueTotal":"52100","mailAddr":"270 RUE DU PARC","mailCity":null,"mun":null},"geometry":{"type":"MultiPolygon","coordinates":[[[[-71.730224,48.475275],[-71.729999,48.475799],[-71.729604,48.475727],[-71.73035,48.473935],[-71.731823,48.474209],[-71.731293,48.475471],[-71.730224,48.475275]]]]}},{"type":"Feature","properties":{"owner1":"GAUTHIER MICHEL","owner2":"DERY FRANCINE","matricule":"1176-93-7736","street":"ILES","civicLow":"721","civicHigh":"0","valueLand":"184100","valueBuilding":"78300","valueTotal":"262400","mailAddr":"24 CHEMIN DU BOCAGE","mailCity":null,"mun":null},"geometry":{"type":"MultiPolygon","coordinates":[[[[-71.771412,48.5213],[-71.771205,48.521538],[-71.763857,48.520253],[-71.763623,48.520818],[-71.742531,48.517242],[-71.743187,48.515624],[-71.770424,48.520247],[-71.770576,48.520717],[-71.770828,48.520783],[-71.7716,48.52067],[-71.771825,48.521283],[-71.771412,48.5213]]]]}},{"type":"Feature","properties":{"owner1":"LANGELIER MARIE-EVE","owner2":null,"matricule":"1079-27-9138","street":"ILES","civicLow":"270","civicHigh":"0","valueLand":"9000","valueBuilding":"141000","valueTotal":"150000","mailAddr":"270 RANG DES ILES","mailCity":null,"mun":null},"geometry":{"type":"MultiPolygon","coordinates":[[[[-71.780152,48.549049],[-71.780449,48.549138],[-71.780062,48.549138],[-71.780152,48.549049]]]]}},{"type":"Feature","properties":{"owner1":"LANDRY DANIEL","owner2":"GODERRE MARIE-CHRISTINE","matricule":"1073-85-0304","street":"TREMBLAY","civicLow":"117","civicHigh":"0","valueLand":"21500","valueBuilding":"206600","valueTotal":"228100","mailAddr":"117 RUE TREMBLAY","mailCity":null,"mun":null},"geometry":{"type":"MultiPolygon","coordinates":[[[[-71.772148,48.493072],[-71.771987,48.493304],[-71.771618,48.493185],[-71.77178,48.492959],[-71.772148,48.493072]]]]}},{"type":"Feature","properties":{"owner1":"NOEL PHILIPPE","owner2":"BERGERON GENEVIEVE","matricule":"1074-58-2193","street":"BERNACHES","civicLow":"0","civicHigh":"0","valueLand":"1800","valueBuilding":"2700","valueTotal":"4500","mailAddr":"268 RUE PRICE EST","mailCity":null,"mun":null},"geometry":{"type":"MultiPolygon","coordinates":[[[[-71.775921,48.505543],[-71.776209,48.505596],[-71.775957,48.50559],[-71.775921,48.505543]]]]}},{"type":"Feature","properties":{"owner1":"2969-8743 QUEBEC INC","owner2":null,"matricule":"1472-59-6476","street":"4","civicLow":"0","civicHigh":"0","valueLand":"339100","valueBuilding":"0","valueTotal":"339100","mailAddr":"1567 6E RANG OUEST","mailCity":null,"mun":null},"geometry":{"type":"MultiPolygon","coordinates":[[[[-71.720163,48.49593],[-71.717944,48.495525],[-71.716974,48.497912],[-71.713542,48.497275],[-71.716956,48.488851],[-71.719417,48.489292],[-71.724538,48.47693],[-71.727152,48.477407],[-71.722031,48.489762],[-71.722678,48.489875],[-71.722058,48.491399],[-71.723208,48.491608],[-71.719669,48.500382],[-71.718447,48.500162],[-71.720163,48.49593]]]]}},{"type":"Feature","properties":{"owner1":"FERME LACNOR INC.","owner2":null,"matricule":"1472-92-4097","street":"4","civicLow":"0","civicHigh":"0","valueLand":"519600","valueBuilding":"0","valueTotal":"519600","mailAddr":"1050 CINQUIEME RANG OUEST","mailCity":null,"mun":null},"geometry":{"type":"MultiPolygon","coordinates":[[[[-71.719345,48.473863],[-71.722669,48.466156],[-71.72301,48.466162],[-71.723442,48.466299],[-71.72381,48.466567],[-71.720621,48.47409],[-71.719345,48.473863]]],[[[-71.708637,48.490655],[-71.715483,48.474233],[-71.716731,48.474453],[-71.71692,48.473994],[-71.717073,48.474018],[-71.717171,48.47378],[-71.717827,48.473893],[-71.717665,48.474334],[-71.718968,48.47456],[-71.71913,48.474125],[-71.722687,48.474745],[-71.717576,48.487035],[-71.714261,48.495507],[-71.708934,48.494507],[-71.710389,48.490959],[-71.708637,48.490655]]]]}},{"type":"Feature","properties":{"owner1":"HARVEY MARC","owner2":null,"matricule":"1471-73-4732","street":"4","civicLow":"1196","civicHigh":"1198","valueLand":"37400","valueBuilding":"49700","valueTotal":"87100","mailAddr":"1196 RANG 4 SIGNAI","mailCity":null,"mun":null},"geometry":{"type":"MultiPolygon","coordinates":[[[[-71.718483,48.474012],[-71.718321,48.474447],[-71.717665,48.474334],[-71.717827,48.473893],[-71.718483,48.474012]]]]}},{"type":"Feature","properties":{"owner1":"S.I.A.L.","owner2":null,"matricule":"1074-37-3698","street":"BERNACHES","civicLow":"311","civicHigh":"0","valueLand":"116800","valueBuilding":"124200","valueTotal":"241000","mailAddr":"5013-C RUE DU SOURCIN","mailCity":null,"mun":null},"geometry":{"type":"MultiPolygon","coordinates":[[[[-71.778823,48.50468],[-71.778697,48.504882],[-71.778221,48.504769],[-71.778401,48.504489],[-71.778823,48.50468]]]]}},{"type":"Feature","properties":{"owner1":"S.I.A.L.","owner2":null,"matricule":"1074-93-2151","street":"DE QUEN","civicLow":"0","civicHigh":"0","valueLand":"500","valueBuilding":"0","valueTotal":"500","mailAddr":"1655 RUE POWELL","mailCity":null,"mun":null},"geometry":{"type":"MultiPolygon","coordinates":[[[[-71.771016,48.501209],[-71.770549,48.500882],[-71.77028,48.500858],[-71.770253,48.500721],[-71.769606,48.500269],[-71.771223,48.500888],[-71.771016,48.501209]]]]}},{"type":"Feature","properties":{"owner1":"S.I.A.L.","owner2":null,"matricule":"1074-74-3241","street":"DE QUEN","civicLow":"0","civicHigh":"0","valueLand":"500","valueBuilding":"0","valueTotal":"500","mailAddr":"1655 RUE POWELL","mailCity":null,"mun":null},"geometry":{"type":"MultiPolygon","coordinates":[[[[-71.773352,48.501055],[-71.774062,48.500334],[-71.775005,48.500507],[-71.774232,48.500471],[-71.773352,48.501055]]],[[[-71.772876,48.501543],[-71.773038,48.501382],[-71.773271,48.501477],[-71.7731,48.50284],[-71.772804,48.502049],[-71.772876,48.501543]]]]}},{"type":"Feature","properties":{"owner1":"S.I.A.L.","owner2":null,"matricule":"1074-78-6831","street":"DE QUEN","civicLow":"0","civicHigh":"0","valueLand":"500","valueBuilding":"0","valueTotal":"500","mailAddr":"1655 RUE POWELL","mailCity":null,"mun":null},"geometry":{"type":"MultiPolygon","coordinates":[[[[-71.772606,48.504965],[-71.772759,48.504989],[-71.772714,48.505251],[-71.772606,48.504965]]]]}},{"type":"Feature","properties":{"owner1":"FORTIN HENRI","owner2":null,"matricule":"1075-82-7261","street":"TOURELLE","civicLow":"0","civicHigh":"0","valueLand":"100","valueBuilding":"0","valueTotal":"100","mailAddr":"ADRESSE INCONNUE","mailCity":null,"mun":null},"geometry":{"type":"MultiPolygon","coordinates":[[[[-71.770046,48.50909],[-71.77045,48.509072],[-71.770873,48.508887],[-71.771537,48.508905],[-71.771951,48.508548],[-71.770468,48.508245],[-71.772238,48.50856],[-71.772032,48.508566],[-71.771555,48.508953],[-71.770909,48.508941],[-71.770441,48.509167],[-71.770046,48.50909]]]]}},{"type":"Feature","properties":{"owner1":"FERME DOMAINE CEREALES S.E.N.C.","owner2":null,"matricule":"1077-65-2464","street":"ILES","civicLow":"0","civicHigh":"0","valueLand":"1200","valueBuilding":"0","valueTotal":"1200","mailAddr":"625 RANG DES ILES","mailCity":null,"mun":null},"geometry":{"type":"MultiPolygon","coordinates":[[[[-71.775364,48.5296],[-71.775391,48.529665],[-71.775086,48.529612],[-71.775364,48.5296]]]]}},{"type":"Feature","properties":{"owner1":"GESTION CARL MURRAY INC","owner2":null,"matricule":"1073-25-9563","street":"DE QUEN","civicLow":"255","civicHigh":"0","valueLand":"64700","valueBuilding":"169200","valueTotal":"233900","mailAddr":"117 CHEMIN DU DOMAINE-GRANDMONT","mailCity":null,"mun":null},"geometry":{"type":"MultiPolygon","coordinates":[[[[-71.776685,48.493292],[-71.776757,48.493149],[-71.777367,48.493215],[-71.777439,48.493078],[-71.780494,48.493638],[-71.780062,48.494084],[-71.777179,48.493542],[-71.777242,48.493382],[-71.776685,48.493292]]]]}},{"type":"Feature","properties":{"owner1":"LESSARD PATRICE","owner2":null,"matricule":"1076-78-0977","street":"ILES","civicLow":"690","civicHigh":"0","valueLand":"193300","valueBuilding":"115000","valueTotal":"308300","mailAddr":"690 RANG DES ILES","mailCity":null,"mun":null},"geometry":{"type":"MultiPolygon","coordinates":[[[[-71.764971,48.522859],[-71.76295,48.522496],[-71.762797,48.522859],[-71.741767,48.519432],[-71.742531,48.517242],[-71.763623,48.520818],[-71.763857,48.520253],[-71.771187,48.521532],[-71.771376,48.52158],[-71.771241,48.521842],[-71.771699,48.522032],[-71.772112,48.522038],[-71.772912,48.524347],[-71.764971,48.522859]]],[[[-71.773109,48.524317],[-71.772373,48.522193],[-71.772714,48.522157],[-71.772831,48.521937],[-71.772975,48.522127],[-71.773747,48.522413],[-71.77399,48.522359],[-71.774403,48.522478],[-71.775382,48.522336],[-71.774475,48.52249],[-71.774547,48.522865],[-71.77523,48.523282],[-71.775355,48.523585],[-71.775957,48.523633],[-71.775706,48.524513],[-71.775086,48.524513],[-71.774807,48.524329],[-71.774322,48.524287],[-71.77399,48.524549],[-71.773109,48.524317]]]]}},{"type":"Feature","properties":{"owner1":"S.I.A.L.","owner2":null,"matricule":"0977-69-0024","street":"MELEZES","civicLow":"105","civicHigh":"0","valueLand":"157900","valueBuilding":"95500","valueTotal":"253400","mailAddr":"1195 AVENUE DU MUGUET SUD","mailCity":null,"mun":null},"geometry":{"type":"MultiPolygon","coordinates":[[[[-71.789603,48.532598],[-71.789674,48.532878],[-71.788596,48.532759],[-71.788884,48.532574],[-71.789603,48.532598]]]]}},{"type":"Feature","properties":{"owner1":"LEMAY JOCELYNE","owner2":null,"matricule":"1076-57-3161","street":"CHENES","civicLow":"204","civicHigh":"0","valueLand":"26600","valueBuilding":"113200","valueTotal":"139800","mailAddr":"300 RUE POULIOT","mailCity":null,"mun":null},"geometry":{"type":"MultiPolygon","coordinates":[[[[-71.776038,48.522413],[-71.776101,48.522246],[-71.77655,48.522306],[-71.776478,48.522496],[-71.776038,48.522413]]],[[[-71.77602,48.522461],[-71.77646,48.522532],[-71.776451,48.522544],[-71.77602,48.522461]]]]}},{"type":"Feature","properties":{"owner1":"OUELLET LUC","owner2":null,"matricule":"1074-04-1894","street":"POINTE-DU-LAC","civicLow":"49","civicHigh":"0","valueLand":"122300","valueBuilding":"5900","valueTotal":"128200","mailAddr":"280 BOULEVARD ST-LUC","mailCity":null,"mun":null},"geometry":{"type":"MultiPolygon","coordinates":[[[[-71.782263,48.501793],[-71.782389,48.50168],[-71.783198,48.502019],[-71.783117,48.50215],[-71.782263,48.501793]]]]}},{"type":"Feature","properties":{"owner1":"BENOIT CAROLINE","owner2":null,"matricule":"1074-04-1283","street":"POINTE-DU-LAC","civicLow":"47","civicHigh":"0","valueLand":"51000","valueBuilding":"10300","valueTotal":"61300","mailAddr":"172 RUE ALARIE","mailCity":null,"mun":null},"geometry":{"type":"MultiPolygon","coordinates":[[[[-71.782389,48.50168],[-71.782452,48.50162],[-71.783242,48.501948],[-71.783198,48.502019],[-71.782389,48.50168]]]]}},{"type":"Feature","properties":{"owner1":"MIMEAULT LYNNE","owner2":null,"matricule":"1074-04-0568","street":"POINTE-DU-LAC","civicLow":"45","civicHigh":"0","valueLand":"141500","valueBuilding":"297200","valueTotal":"438700","mailAddr":"4081 RUE MARC-AURELE","mailCity":null,"mun":null},"geometry":{"type":"MultiPolygon","coordinates":[[[[-71.782452,48.50162],[-71.782632,48.501436],[-71.783404,48.501757],[-71.783126,48.5019],[-71.782452,48.50162]]]]}},{"type":"Feature","properties":{"owner1":"CAOUETTE YVON","owner2":"VEZINA MADELAINE","matricule":"1078-17-5588","street":"CEDRIERE","civicLow":"0","civicHigh":"0","valueLand":"2500","valueBuilding":"0","valueTotal":"2500","mailAddr":"647 RUE SAINT-WILBROD","mailCity":null,"mun":null},"geometry":{"type":"MultiPolygon","coordinates":[[[[-71.781805,48.54045],[-71.781931,48.540634],[-71.781868,48.540646],[-71.781805,48.54045]]]]}},{"type":"Feature","properties":{"owner1":"S.I.A.L.","owner2":null,"matricule":"1078-17-6090","street":"CEDRIERE","civicLow":"0","civicHigh":"0","valueLand":"2300","valueBuilding":"0","valueTotal":"2300","mailAddr":"1655 RUE POWELL","mailCity":null,"mun":null},"geometry":{"type":"MultiPolygon","coordinates":[[[[-71.781724,48.540497],[-71.781778,48.540467],[-71.781868,48.540646],[-71.781724,48.540497]]]]}},{"type":"Feature","properties":{"owner1":"SIMARD HAROLD","owner2":"FISET RICHARD","matricule":"0974-94-8758","street":"POINTE-DU-LAC","civicLow":"43","civicHigh":"0","valueLand":"114000","valueBuilding":"291500","valueTotal":"405500","mailAddr":"55 RUE DES LILAS OUEST","mailCity":null,"mun":null},"geometry":{"type":"MultiPolygon","coordinates":[[[[-71.782632,48.501436],[-71.782712,48.50134],[-71.783683,48.501745],[-71.783575,48.501828],[-71.782632,48.501436]]]]}},{"type":"Feature","properties":{"owner1":"LAURENCE JEANNOT","owner2":"BELANGER HELENE","matricule":"1471-93-0606","street":"4","civicLow":"0","civicHigh":"0","valueLand":"50600","valueBuilding":"1800","valueTotal":"52400","mailAddr":"2692 RUE KIROUACK","mailCity":null,"mun":null},"geometry":{"type":"MultiPolygon","coordinates":[[[[-71.715483,48.474233],[-71.715662,48.473786],[-71.715815,48.473816],[-71.715923,48.47356],[-71.716327,48.473631],[-71.71604,48.474328],[-71.715483,48.474233]]]]}},{"type":"Feature","properties":{"owner1":"TREMBLAY LOUISE","owner2":null,"matricule":"1075-83-8504","street":"DE QUEN","civicLow":"35","civicHigh":"0","valueLand":"40200","valueBuilding":"40100","valueTotal":"80300","mailAddr":"4066 RUE MGR. PLESSIS","mailCity":null,"mun":null},"geometry":{"type":"MultiPolygon","coordinates":[[[[-71.770406,48.509232],[-71.77081,48.509304],[-71.77098,48.509078],[-71.771618,48.509191],[-71.771466,48.509578],[-71.769938,48.509298],[-71.770352,48.50934],[-71.770406,48.509232]]]]}},{"type":"Feature","properties":{"owner1":"COTE JEANNE-MANCE","owner2":null,"matricule":"1075-68-6972","street":"DOMAINE-GRANDMONT","civicLow":"217","civicHigh":"0","valueLand":"19200","valueBuilding":"78400","valueTotal":"97600","mailAddr":"356 RUE DUCHARME APP 4","mailCity":null,"mun":null},"geometry":{"type":"MultiPolygon","coordinates":[[[[-71.774466,48.514428],[-71.774439,48.514523],[-71.774089,48.514469],[-71.774008,48.514333],[-71.77434,48.514297],[-71.774466,48.514428]]]]}},{"type":"Feature","properties":{"owner1":"S.I.A.L.","owner2":null,"matricule":"1075-41-1067","street":"BERNACHES","civicLow":"218","civicHigh":"0","valueLand":"135800","valueBuilding":"223000","valueTotal":"358800","mailAddr":"172 RUE SOLANGE","mailCity":null,"mun":null},"geometry":{"type":"MultiPolygon","coordinates":[[[[-71.777152,48.508251],[-71.777062,48.508233],[-71.777314,48.507643],[-71.778194,48.507882],[-71.777718,48.508358],[-71.777152,48.508251]]]]}},{"type":"Feature","properties":{"owner1":"LE POTAGER GRANDMONT INC.","owner2":null,"matricule":"1174-73-1157","street":"DE QUEN","civicLow":"80","civicHigh":"0","valueLand":"257200","valueBuilding":"44600","valueTotal":"301800","mailAddr":"286 RUE DEQUEN","mailCity":null,"mun":null},"geometry":{"type":"MultiPolygon","coordinates":[[[[-71.749035,48.500674],[-71.750265,48.497495],[-71.771007,48.501275],[-71.770819,48.501537],[-71.770441,48.501632],[-71.77028,48.502025],[-71.769579,48.502465],[-71.770549,48.502156],[-71.770558,48.501823],[-71.770855,48.501656],[-71.770693,48.502459],[-71.770738,48.503447],[-71.770199,48.50337],[-71.770109,48.503781],[-71.770774,48.503888],[-71.770828,48.504644],[-71.749035,48.500674]]]]}},{"type":"Feature","properties":{"owner1":"S.I.A.L. COULOMBE JEAN-PHILIPPE SUCC(5)","owner2":null,"matricule":"0972-44-2548","street":"DE QUEN","civicLow":"0","civicHigh":"0","valueLand":"12000","valueBuilding":"0","valueTotal":"12000","mailAddr":"528 RUE DE QUEN","mailCity":null,"mun":null},"geometry":{"type":"MultiPolygon","coordinates":[[[[-71.789513,48.483385],[-71.790546,48.482653],[-71.793447,48.483201],[-71.793564,48.483439],[-71.793807,48.483534],[-71.793923,48.483862],[-71.793618,48.484374],[-71.791318,48.483951],[-71.791211,48.483826],[-71.791714,48.483606],[-71.791938,48.483338],[-71.790474,48.483695],[-71.789234,48.485005],[-71.788327,48.48485],[-71.788803,48.484427],[-71.789621,48.484112],[-71.790106,48.483725],[-71.789207,48.483564],[-71.789513,48.483385]]]]}},{"type":"Feature","properties":{"owner1":"FLEURY GISELE","owner2":null,"matricule":"1073-54-3993","street":"LAVOIE","civicLow":"136","civicHigh":"0","valueLand":"24500","valueBuilding":"125500","valueTotal":"150000","mailAddr":"136 RUE LAVOIE","mailCity":null,"mun":null},"geometry":{"type":"MultiPolygon","coordinates":[[[[-71.775795,48.492941],[-71.775715,48.493149],[-71.775122,48.493042],[-71.775194,48.492834],[-71.775795,48.492941]]]]}},{"type":"Feature","properties":{"owner1":"DUFRESNE DANY","owner2":"TREMBLAY LISE","matricule":"1074-26-0034","street":"POINTE-DU-LAC","civicLow":"73","civicHigh":"0","valueLand":"155100","valueBuilding":"420000","valueTotal":"575100","mailAddr":"73 CHEMIN DE LA POINTE-DU-LAC","mailCity":null,"mun":null},"geometry":{"type":"MultiPolygon","coordinates":[[[[-71.779919,48.502894],[-71.780224,48.502846],[-71.780709,48.503471],[-71.78035,48.503513],[-71.779919,48.502894]]]]}},{"type":"Feature","properties":{"owner1":"S.I.A.L.","owner2":null,"matricule":"1180-44-2516","street":"GOLF","civicLow":"0","civicHigh":"0","valueLand":"100","valueBuilding":"0","valueTotal":"100","mailAddr":"1655 RUE POWELL","mailCity":null,"mun":null},"geometry":{"type":"MultiPolygon","coordinates":[[[[-71.765465,48.555519],[-71.765231,48.555394],[-71.764989,48.555441],[-71.763902,48.554835],[-71.764045,48.554591],[-71.764171,48.554597],[-71.764028,48.554823],[-71.76551,48.555465],[-71.765797,48.555834],[-71.765465,48.555519]]]]}},{"type":"Feature","properties":{"owner1":"POTVIN CANDIDE","owner2":null,"matricule":"1471-23-7478","street":"4","civicLow":"1239","civicHigh":"0","valueLand":"33500","valueBuilding":"114800","valueTotal":"148300","mailAddr":"1239 RANG 4 SIGNAY","mailCity":null,"mun":null},"geometry":{"type":"MultiPolygon","coordinates":[[[[-71.724816,48.474334],[-71.724618,48.474804],[-71.724142,48.474715],[-71.724322,48.474244],[-71.724816,48.474334]]]]}},{"type":"Feature","properties":{"owner1":"COTE HELENE","owner2":null,"matricule":"1471-23-4686","street":"4","civicLow":"1243","civicHigh":"0","valueLand":"25800","valueBuilding":"127300","valueTotal":"153100","mailAddr":"1243 RANG 4","mailCity":null,"mun":null},"geometry":{"type":"MultiPolygon","coordinates":[[[[-71.724618,48.474804],[-71.724816,48.474328],[-71.725095,48.474381],[-71.724897,48.474858],[-71.724618,48.474804]]]]}},{"type":"Feature","properties":{"owner1":"LEMAY CAROLE","owner2":null,"matricule":"1075-76-5757","street":"DOMAINE-GRANDMONT","civicLow":"17","civicHigh":"0","valueLand":"65600","valueBuilding":"118500","valueTotal":"184100","mailAddr":"17 CHEMIN DU DOMAINE-GRANDMONT","mailCity":null,"mun":null},"geometry":{"type":"MultiPolygon","coordinates":[[[[-71.772238,48.512214],[-71.772346,48.511958],[-71.7731,48.512279],[-71.773559,48.512601],[-71.77346,48.512851],[-71.772517,48.512553],[-71.772669,48.512232],[-71.772238,48.512214]]]]}},{"type":"Feature","properties":{"owner1":"LAPRISE SIMON","owner2":"HOURDEQUIN DELPHINE","matricule":"1075-66-5586","street":"DOMAINE-GRANDMONT","civicLow":"171","civicHigh":"0","valueLand":"44000","valueBuilding":"255500","valueTotal":"299500","mailAddr":"171 CHEMIN DU DOMAINE-GRANDMONT","mailCity":null,"mun":null},"geometry":{"type":"MultiPolygon","coordinates":[[[[-71.775086,48.512696],[-71.774125,48.512994],[-71.773972,48.512946],[-71.774161,48.512506],[-71.775086,48.512696]]]]}},{"type":"Feature","properties":{"owner1":"COURTOIS-COUTURE GAIL","owner2":null,"matricule":"1079-39-2530","street":"ILES","civicLow":"0","civicHigh":"0","valueLand":"17000","valueBuilding":"0","valueTotal":"17000","mailAddr":"392 AVENUE DE LA GENDRE","mailCity":null,"mun":null},"geometry":{"type":"MultiPolygon","coordinates":[[[[-71.779928,48.550827],[-71.779748,48.550916],[-71.779694,48.550845],[-71.779856,48.550762],[-71.779928,48.550827]]]]}},{"type":"Feature","properties":{"owner1":"S.I.A.L.","owner2":null,"matricule":"1073-14-9260","street":"DE QUEN","civicLow":"0","civicHigh":"0","valueLand":"72200","valueBuilding":"0","valueTotal":"72200","mailAddr":"1655 RUE POWELL","mailCity":null,"mun":null},"geometry":{"type":"MultiPolygon","coordinates":[[[[-71.779622,48.491804],[-71.779766,48.491542],[-71.782084,48.491971],[-71.780494,48.493638],[-71.777889,48.493161],[-71.778499,48.492822],[-71.779622,48.491804]]]]}},{"type":"Feature","properties":{"owner1":"GIRARD GILLES","owner2":null,"matricule":"1074-99-3362","street":"ILES","civicLow":"0","civicHigh":"0","valueLand":"900","valueBuilding":"0","valueTotal":"900","mailAddr":"1125 RUE BOURASSA OUEST","mailCity":null,"mun":null},"geometry":{"type":"MultiPolygon","coordinates":[[[[-71.770846,48.506447],[-71.770046,48.506322],[-71.770064,48.506042],[-71.770882,48.506191],[-71.770846,48.506447]]]]}},{"type":"Feature","properties":{"owner1":"ROUTHIER PATRICK","owner2":"LANOUE MARTINE","matricule":"1074-89-5153","street":"DE QUEN","civicLow":"61","civicHigh":"0","valueLand":"38000","valueBuilding":"130600","valueTotal":"168600","mailAddr":"61 CHEMIN DE QUEN","mailCity":null,"mun":null},"geometry":{"type":"MultiPolygon","coordinates":[[[[-71.771142,48.506292],[-71.771178,48.505906],[-71.771996,48.506037],[-71.771951,48.506423],[-71.771142,48.506292]]]]}},{"type":"Feature","properties":{"owner1":"BOUCHARD STEPHANE","owner2":"DUCHESNE MELANIE","matricule":"1074-79-8569","street":"BERNACHES","civicLow":"1","civicHigh":"0","valueLand":"5500","valueBuilding":"219500","valueTotal":"225000","mailAddr":"1 CHEMIN DES BERNACHES","mailCity":null,"mun":null},"geometry":{"type":"MultiPolygon","coordinates":[[[[-71.771951,48.506411],[-71.771996,48.506037],[-71.773065,48.506203],[-71.772903,48.50656],[-71.771951,48.506411]]]]}},{"type":"Feature","properties":{"owner1":"S.I.A.L.","owner2":null,"matricule":"1079-24-4839","street":"ILES","civicLow":"0","civicHigh":"0","valueLand":"10300","valueBuilding":"0","valueTotal":"10300","mailAddr":"3 CHEMIN DE L'ILE-AUX-STERNES","mailCity":null,"mun":null},"geometry":{"type":"MultiPolygon","coordinates":[[[[-71.780664,48.546421],[-71.780745,48.546314],[-71.780862,48.546492],[-71.780664,48.546421]]]]}},{"type":"Feature","properties":{"owner1":"S.I.A.L.","owner2":null,"matricule":"1079-24-0443","street":"ILE-AUX-STERNES","civicLow":"0","civicHigh":"0","valueLand":"2000","valueBuilding":"0","valueTotal":"2000","mailAddr":"3 CHEMIN DE L'ILE-AUX-STERNES","mailCity":null,"mun":null},"geometry":{"type":"MultiPolygon","coordinates":[[[[-71.781158,48.546379],[-71.781428,48.546444],[-71.78141,48.546486],[-71.781158,48.546379]]]]}},{"type":"Feature","properties":{"owner1":"BONIN MATHIEU","owner2":null,"matricule":"1073-74-5812","street":"TREMBLAY","civicLow":"129","civicHigh":"0","valueLand":"21500","valueBuilding":"323100","valueTotal":"344600","mailAddr":"129 RUE TREMBLAY","mailCity":null,"mun":null},"geometry":{"type":"MultiPolygon","coordinates":[[[[-71.772723,48.492256],[-71.772579,48.492465],[-71.772211,48.492352],[-71.772373,48.49212],[-71.772723,48.492256]]]]}},{"type":"Feature","properties":{"owner1":"S.I.A.L.","owner2":null,"matricule":"1180-64-3358","street":"GOLF","civicLow":"0","civicHigh":"0","valueLand":"3000","valueBuilding":"0","valueTotal":"3000","mailAddr":"1059 RUE RICKEN","mailCity":null,"mun":null},"geometry":{"type":"MultiPolygon","coordinates":[[[[-71.762545,48.555816],[-71.761979,48.555828],[-71.761836,48.555626],[-71.761899,48.555471],[-71.761036,48.555138],[-71.760291,48.554668],[-71.760353,48.554549],[-71.76197,48.555394],[-71.762123,48.555709],[-71.762482,48.555644],[-71.763291,48.55622],[-71.763183,48.556351],[-71.76286,48.556309],[-71.762698,48.556428],[-71.761656,48.556191],[-71.761261,48.556286],[-71.760192,48.556095],[-71.760524,48.556042],[-71.761099,48.556214],[-71.761494,48.556054],[-71.762339,48.556309],[-71.763066,48.556226],[-71.762545,48.555816]]]]}},{"type":"Feature","properties":{"owner1":"LESSARD DIANE","owner2":null,"matricule":"1073-45-1679","street":"DE QUEN","civicLow":"245","civicHigh":"0","valueLand":"32100","valueBuilding":"123800","valueTotal":"155900","mailAddr":"245 RUE DE QUEN","mailCity":null,"mun":null},"geometry":{"type":"MultiPolygon","coordinates":[[[[-71.776469,48.493757],[-71.776523,48.493632],[-71.776927,48.493697],[-71.77699,48.493554],[-71.777547,48.493614],[-71.777215,48.493947],[-71.776469,48.493757]]]]}},{"type":"Feature","properties":{"owner1":"LINDSAY JEAN-CLAUDE","owner2":null,"matricule":"1078-28-7248","street":"ILES","civicLow":"402","civicHigh":"0","valueLand":"138200","valueBuilding":"222600","valueTotal":"360800","mailAddr":"402 RANG DES ILES","mailCity":null,"mun":null},"geometry":{"type":"MultiPolygon","coordinates":[[[[-71.779847,48.541187],[-71.779793,48.540902],[-71.781042,48.541181],[-71.78053,48.541264],[-71.779847,48.541187]]]]}},{"type":"Feature","properties":{"owner1":"S.I.A.L.","owner2":null,"matricule":"1078-28-7664","street":"ILES","civicLow":"0","civicHigh":"0","valueLand":"45300","valueBuilding":"0","valueTotal":"45300","mailAddr":"402 RANG DES ILES","mailCity":null,"mun":null},"geometry":{"type":"MultiPolygon","coordinates":[[[[-71.780107,48.541288],[-71.779883,48.541348],[-71.779847,48.541187],[-71.780925,48.541217],[-71.780521,48.541365],[-71.780107,48.541288]]]]}},{"type":"Feature","properties":{"owner1":"BOILY-GAGNON DAVID","owner2":"TREMBLAY KATRYNE","matricule":"1078-27-8864","street":"ILES","civicLow":"410","civicHigh":"0","valueLand":"34200","valueBuilding":"142900","valueTotal":"177100","mailAddr":"236 LAC DU CAMP","mailCity":null,"mun":null},"geometry":{"type":"MultiPolygon","coordinates":[[[[-71.779649,48.540229],[-71.779631,48.540116],[-71.780494,48.540283],[-71.780368,48.540521],[-71.779712,48.540515],[-71.779649,48.540229]]]]}},{"type":"Feature","properties":{"owner1":"S.I.A.L.","owner2":null,"matricule":"1076-92-0448","street":"ILES","civicLow":"0","civicHigh":"0","valueLand":"30700","valueBuilding":"0","valueTotal":"30700","mailAddr":"780 RANG DES ILES","mailCity":null,"mun":null},"geometry":{"type":"MultiPolygon","coordinates":[[[[-71.771394,48.518046],[-71.770729,48.517986],[-71.770585,48.517665],[-71.771394,48.517582],[-71.7716,48.518022],[-71.771394,48.518046]]]]}},{"type":"Feature","properties":{"owner1":"BELLEMARE CAROL","owner2":"GAGNE ODETTE","matricule":"1079-30-3085","street":"ILES","civicLow":"375","civicHigh":"0","valueLand":"48700","valueBuilding":"151500","valueTotal":"200200","mailAddr":"375 RANG DES ILES","mailCity":null,"mun":null},"geometry":{"type":"MultiPolygon","coordinates":[[[[-71.779236,48.54337],[-71.778697,48.543269],[-71.778751,48.54306],[-71.78017,48.543031],[-71.780224,48.543548],[-71.779236,48.54337]]]]}},{"type":"Feature","properties":{"owner1":"SIMARD DORELIEN","owner2":null,"matricule":"1078-39-4738","street":"ILES","civicLow":"393","civicHigh":"399","valueLand":"66100","valueBuilding":"213700","valueTotal":"279800","mailAddr":"8 CHEMIN DU RANCH","mailCity":null,"mun":null},"geometry":{"type":"MultiPolygon","coordinates":[[[[-71.779056,48.541586],[-71.779739,48.541651],[-71.779883,48.542198],[-71.779497,48.542632],[-71.779227,48.542585],[-71.77929,48.542246],[-71.778445,48.542174],[-71.778553,48.541657],[-71.779056,48.541586]]]]}},{"type":"Feature","properties":{"owner1":"GAGNON ODETTE","owner2":null,"matricule":"1178-25-5342","street":"ILES","civicLow":"0","civicHigh":"0","valueLand":"48600","valueBuilding":"0","valueTotal":"48600","mailAddr":"421 RANG DES ILES","mailCity":null,"mun":null},"geometry":{"type":"MultiPolygon","coordinates":[[[[-71.757119,48.536631],[-71.757335,48.536113],[-71.776945,48.539724],[-71.77682,48.540015],[-71.777448,48.540253],[-71.776837,48.540931],[-71.766731,48.539064],[-71.756805,48.53738],[-71.757119,48.536631]]]]}},{"type":"Feature","properties":{"owner1":"FORTIN GABRIEL","owner2":"BOIVIN VALERIE","matricule":"1077-70-3722","street":"ILES","civicLow":"668","civicHigh":"0","valueLand":"178500","valueBuilding":"96200","valueTotal":"274700","mailAddr":"668 RANG DES ILES","mailCity":null,"mun":null},"geometry":{"type":"MultiPolygon","coordinates":[[[[-71.774304,48.524674],[-71.774214,48.524817],[-71.773496,48.525037],[-71.773361,48.525322],[-71.773145,48.524454],[-71.774304,48.524674]]]]}},{"type":"Feature","properties":{"owner1":"FORTIN GABRIEL","owner2":"BOIVIN VALERIE","matricule":"1076-79-2598","street":"ILES","civicLow":"0","civicHigh":"0","valueLand":"100","valueBuilding":"0","valueTotal":"100","mailAddr":"668 RANG DES ILES","mailCity":null,"mun":null},"geometry":{"type":"MultiPolygon","coordinates":[[[[-71.773145,48.524454],[-71.773127,48.524382],[-71.774664,48.524674],[-71.773145,48.524454]]]]}},{"type":"Feature","properties":{"owner1":"S.I.A.L.","owner2":null,"matricule":"0977-68-8311","street":"CROIX","civicLow":"87","civicHigh":"0","valueLand":"35200","valueBuilding":"182000","valueTotal":"217200","mailAddr":"87 CHEMIN DE LA CROIX","mailCity":null,"mun":null},"geometry":{"type":"MultiPolygon","coordinates":[[[[-71.787752,48.531747],[-71.787626,48.531605],[-71.7883,48.531497],[-71.788327,48.531783],[-71.787842,48.531854],[-71.787752,48.531747]]]]}},{"type":"Feature","properties":{"owner1":"COTE FABIEN","owner2":null,"matricule":"1075-77-7164","street":"DOMAINE-GRANDMONT","civicLow":"0","civicHigh":"0","valueLand":"39600","valueBuilding":"0","valueTotal":"39600","mailAddr":"4691 RUE RIVARD","mailCity":null,"mun":null},"geometry":{"type":"MultiPolygon","coordinates":[[[[-71.773388,48.513434],[-71.773289,48.51372],[-71.772283,48.513452],[-71.772382,48.513172],[-71.773388,48.513434]]]]}},{"type":"Feature","properties":{"owner1":"GOBEIL DANY","owner2":"FORTIN MARIE-FRANCE","matricule":"1075-68-9337","street":"DOMAINE-GRANDMONT","civicLow":"216","civicHigh":"0","valueLand":"35400","valueBuilding":"261300","valueTotal":"296700","mailAddr":"216 CHEMIN DU DOMAINE-GRANDMONT","mailCity":null,"mun":null},"geometry":{"type":"MultiPolygon","coordinates":[[[[-71.773801,48.514237],[-71.773424,48.514124],[-71.773442,48.513952],[-71.774214,48.51391],[-71.774322,48.514243],[-71.773801,48.514237]]]]}},{"type":"Feature","properties":{"owner1":"FABRIQUE DE SAINT-GEDEON","owner2":null,"matricule":"1073-47-8770","street":"DE QUEN","civicLow":"201","civicHigh":"0","valueLand":"188400","valueBuilding":"1154600","valueTotal":"1343000","mailAddr":"201 RUE DE QUEN","mailCity":null,"mun":null},"geometry":{"type":"MultiPolygon","coordinates":[[[[-71.775706,48.495745],[-71.775463,48.495703],[-71.775921,48.494995],[-71.777008,48.495197],[-71.77646,48.495983],[-71.775706,48.495745]]]]}},{"type":"Feature","properties":{"owner1":"COTE GAETAN","owner2":null,"matricule":"1175-06-0354","street":"DOMAINE-GRANDMONT","civicLow":"9","civicHigh":"0","valueLand":"88100","valueBuilding":"138600","valueTotal":"226700","mailAddr":"9 CHEMIN DU DOMAINE-GRANDMONT","mailCity":null,"mun":null},"geometry":{"type":"MultiPolygon","coordinates":[[[[-71.769777,48.512143],[-71.769238,48.512321],[-71.769211,48.512268],[-71.769777,48.512143]]],[[[-71.769471,48.512285],[-71.76984,48.512214],[-71.770109,48.512642],[-71.769516,48.512762],[-71.769283,48.512387],[-71.769471,48.512285]]]]}},{"type":"Feature","properties":{"owner1":"HOUDE NANCY","owner2":null,"matricule":"1075-58-0383","street":"DOMAINE-GRANDMONT","civicLow":"0","civicHigh":"0","valueLand":"15500","valueBuilding":"0","valueTotal":"15500","mailAddr":"118 RUE CATHERINA","mailCity":null,"mun":null},"geometry":{"type":"MultiPolygon","coordinates":[[[[-71.776236,48.514493],[-71.776263,48.514333],[-71.776784,48.514457],[-71.776667,48.5146],[-71.776236,48.514493]]]]}},{"type":"Feature","properties":{"owner1":"COTE MARCEL","owner2":null,"matricule":"1075-57-3620","street":"DOMAINE-GRANDMONT","civicLow":"0","civicHigh":"0","valueLand":"13900","valueBuilding":"0","valueTotal":"13900","mailAddr":"6 RUE DE QUEN","mailCity":null,"mun":null},"geometry":{"type":"MultiPolygon","coordinates":[[[[-71.775679,48.513071],[-71.775715,48.512833],[-71.776325,48.512952],[-71.776388,48.513196],[-71.775679,48.513071]]]]}},{"type":"Feature","properties":{"owner1":"S.I.A.L.","owner2":null,"matricule":"1076-52-7387","street":"ETANG","civicLow":"208","civicHigh":"0","valueLand":"86700","valueBuilding":"179200","valueTotal":"265900","mailAddr":"50 RUE BELLEVUE","mailCity":null,"mun":null},"geometry":{"type":"MultiPolygon","coordinates":[[[[-71.775903,48.518046],[-71.775894,48.518183],[-71.775337,48.518165],[-71.775364,48.518058],[-71.775903,48.518046]]]]}},{"type":"Feature","properties":{"owner1":"SAVARD JEAN-JOSEPH","owner2":null,"matricule":"1179-37-3339","street":"ILES","civicLow":"0","civicHigh":"0","valueLand":"64600","valueBuilding":"8800","valueTotal":"73400","mailAddr":"97 RUE CLEMONT","mailCity":null,"mun":null},"geometry":{"type":"MultiPolygon","coordinates":[[[[-71.776604,48.551844],[-71.771178,48.550881],[-71.768869,48.550244],[-71.767486,48.550137],[-71.763435,48.549418],[-71.752736,48.547325],[-71.753131,48.546248],[-71.778302,48.550887],[-71.778472,48.552183],[-71.776604,48.551844]]]]}},{"type":"Feature","properties":{"owner1":"HAMEL DENISE","owner2":null,"matricule":"1076-57-6487","street":"CHENES","civicLow":"205","civicHigh":"0","valueLand":"58400","valueBuilding":"194800","valueTotal":"253200","mailAddr":"205 CHEMIN DES CHENES","mailCity":null,"mun":null},"geometry":{"type":"MultiPolygon","coordinates":[[[[-71.775625,48.5228],[-71.775041,48.522407],[-71.775382,48.522336],[-71.77646,48.52255],[-71.776173,48.522943],[-71.775625,48.5228]]]]}},{"type":"Feature","properties":{"owner1":"S.I.A.L.","owner2":null,"matricule":"0977-76-8201","street":"CROIX","civicLow":"70","civicHigh":"0","valueLand":"70700","valueBuilding":"64000","valueTotal":"134700","mailAddr":"70 CHEMIN DE LA CROIX","mailCity":null,"mun":null},"geometry":{"type":"MultiPolygon","coordinates":[[[[-71.786396,48.529326],[-71.787114,48.529481],[-71.787006,48.530052],[-71.787168,48.530111],[-71.786935,48.530242],[-71.786099,48.530159],[-71.786396,48.529326]]]]}},{"type":"Feature","properties":{"owner1":"NERON JEAN","owner2":"GERVAIS VERONIQUE","matricule":"0972-74-8636","street":"DE QUEN","civicLow":"507","civicHigh":"0","valueLand":"25000","valueBuilding":"230700","valueTotal":"255700","mailAddr":"507 RUE DE QUEN","mailCity":null,"mun":null},"geometry":{"type":"MultiPolygon","coordinates":[[[[-71.785084,48.483367],[-71.785363,48.483159],[-71.785731,48.483385],[-71.785443,48.483588],[-71.785084,48.483367]]]]}},{"type":"Feature","properties":{"owner1":"COULOMBE YVON","owner2":null,"matricule":"0972-84-0656","street":"DE QUEN","civicLow":"505","civicHigh":"0","valueLand":"21800","valueBuilding":"168400","valueTotal":"190200","mailAddr":"505 RUE DE QUEN","mailCity":null,"mun":null},"geometry":{"type":"MultiPolygon","coordinates":[[[[-71.784832,48.483546],[-71.785084,48.483367],[-71.785443,48.483588],[-71.785255,48.483725],[-71.784832,48.483546]]]]}},{"type":"Feature","properties":{"owner1":"TREMBLAY ROLAND","owner2":"McGRATH HELENE","matricule":"1368-14-5260","street":"BELLE-RIVIERE","civicLow":"1068","civicHigh":"0","valueLand":"39700","valueBuilding":"92200","valueTotal":"131900","mailAddr":"124 CHEMIN NO 1","mailCity":null,"mun":null},"geometry":{"type":"MultiPolygon","coordinates":[[[[-71.738363,48.44829],[-71.738587,48.447742],[-71.739683,48.44798],[-71.739387,48.448475],[-71.738363,48.44829]]]]}},{"type":"Feature","properties":{"owner1":"S.I.A.L.","owner2":"S.I.A.L.","matricule":"0977-68-1478","street":"CROIX","civicLow":"96","civicHigh":"0","valueLand":"115600","valueBuilding":"261400","valueTotal":"377000","mailAddr":"96 CHEMIN DE LA CROIX","mailCity":null,"mun":null},"geometry":{"type":"MultiPolygon","coordinates":[[[[-71.788219,48.532544],[-71.789405,48.532039],[-71.789513,48.532289],[-71.788884,48.532324],[-71.788264,48.53261],[-71.788219,48.532544]]]]}},{"type":"Feature","properties":{"owner1":"TREMBLAY VICTORIEN","owner2":null,"matricule":"1074-35-0072","street":"POINTE-DU-LAC","civicLow":"94","civicHigh":"0","valueLand":"42100","valueBuilding":"132300","valueTotal":"174400","mailAddr":"94 CHEMIN DE LA POINTE-DU-LAC","mailCity":null,"mun":null},"geometry":{"type":"MultiPolygon","coordinates":[[[[-71.778688,48.50262],[-71.778975,48.502519],[-71.7792,48.502721],[-71.778922,48.502775],[-71.778688,48.50262]]]]}},{"type":"Feature","properties":{"owner1":"LEVESQUE DENIS","owner2":null,"matricule":"1074-35-2082","street":"POINTE-DU-LAC","civicLow":"92","civicHigh":"0","valueLand":"42600","valueBuilding":"144800","valueTotal":"187400","mailAddr":"1975 BOULEVARD AUGER EST","mailCity":null,"mun":null},"geometry":{"type":"MultiPolygon","coordinates":[[[[-71.778401,48.502715],[-71.778688,48.50262],[-71.778922,48.502775],[-71.778688,48.502882],[-71.778401,48.502715]]]]}},{"type":"Feature","properties":{"owner1":"GAGNE JUDES","owner2":null,"matricule":"1074-35-4296","street":"POINTE-DU-LAC","civicLow":"90","civicHigh":"0","valueLand":"56200","valueBuilding":"163000","valueTotal":"219200","mailAddr":"90 CHEMIN DE LA POINTE-DU-LAC","mailCity":null,"mun":null},"geometry":{"type":"MultiPolygon","coordinates":[[[[-71.778059,48.502924],[-71.778401,48.502715],[-71.778688,48.502882],[-71.778472,48.503055],[-71.778059,48.502924]]]]}},{"type":"Feature","properties":{"owner1":"FERME TURCOTTE ET FILS SENC","owner2":null,"matricule":"1470-26-8170","street":"4","civicLow":"0","civicHigh":"0","valueLand":"92900","valueBuilding":"0","valueTotal":"92900","mailAddr":"830 TROISIEME RANG OUEST","mailCity":null,"mun":null},"geometry":{"type":"MultiPolygon","coordinates":[[[[-71.726487,48.461361],[-71.727053,48.460033],[-71.728499,48.460366],[-71.728652,48.460551],[-71.727879,48.462124],[-71.726487,48.461361]]],[[[-71.72381,48.466567],[-71.726011,48.461456],[-71.727745,48.46241],[-71.727493,48.463655],[-71.726963,48.464363],[-71.722777,48.474322],[-71.722516,48.474417],[-71.720621,48.47409],[-71.72381,48.466567]]]]}},{"type":"Feature","properties":{"owner1":"TREMBLAY LISE","owner2":"DESBIENS LINDA","matricule":"1180-05-8218","street":"GOLF","civicLow":"115","civicHigh":"0","valueLand":"69900","valueBuilding":"251000","valueTotal":"320900","mailAddr":"115 CHEMIN DU GOLF","mailCity":null,"mun":null},"geometry":{"type":"MultiPolygon","coordinates":[[[[-71.769346,48.556524],[-71.769247,48.556458],[-71.769938,48.555929],[-71.770235,48.555947],[-71.769444,48.556601],[-71.769346,48.556524]]]]}},{"type":"Feature","properties":{"owner1":"HARVEY THERESE","owner2":"BEAUMONT GILLES","matricule":"1180-05-9708","street":"GOLF","civicLow":"113","civicHigh":"0","valueLand":"65100","valueBuilding":"208200","valueTotal":"273300","mailAddr":"113 CHEMIN DU GOLF","mailCity":null,"mun":null},"geometry":{"type":"MultiPolygon","coordinates":[[[[-71.769938,48.555929],[-71.769247,48.556458],[-71.769085,48.556333],[-71.769696,48.555869],[-71.769938,48.555929]]]]}},{"type":"Feature","properties":{"owner1":"DUCHESNE MICHEL-ANGE","owner2":"LAROUCHE GISELE","matricule":"1180-25-1666","street":"LAC-ST-JEAN","civicLow":"0","civicHigh":"0","valueLand":"13400","valueBuilding":"0","valueTotal":"13400","mailAddr":"20 CHEMIN DU GOLF","mailCity":null,"mun":null},"geometry":{"type":"MultiPolygon","coordinates":[[[[-71.768016,48.556851],[-71.767666,48.556577],[-71.767998,48.556553],[-71.76816,48.556773],[-71.768016,48.556851]]]]}},{"type":"Feature","properties":{"owner1":"MINISTRE DU DEVELOPPEMENT DURABLE DE","owner2":null,"matricule":"0981-75-1055","street":"LAC-ST-JEAN","civicLow":"0","civicHigh":"0","valueLand":"500","valueBuilding":"0","valueTotal":"500","mailAddr":"675 BOUL. RENE-LEVESQUE EST,  29E ETAGE","mailCity":null,"mun":null},"geometry":{"type":"MultiPolygon","coordinates":[[[[-71.787986,48.565376],[-71.787797,48.564704],[-71.788075,48.56452],[-71.788453,48.564508],[-71.789055,48.564889],[-71.789028,48.565251],[-71.788543,48.565513],[-71.787986,48.565376]]],[[[-71.788345,48.564782],[-71.78821,48.564853],[-71.78821,48.565091],[-71.788444,48.565233],[-71.788641,48.565019],[-71.788345,48.564782]]]]}},{"type":"Feature","properties":{"owner1":"MUNICIPALITE DE SAINT-GEDEON","owner2":null,"matricule":"1078-26-7214","street":"ILES","civicLow":"0","civicHigh":"0","valueLand":"14500","valueBuilding":"0","valueTotal":"14500","mailAddr":"208 RUE DE QUEN","mailCity":null,"mun":null},"geometry":{"type":"MultiPolygon","coordinates":[[[[-71.779559,48.538974],[-71.779595,48.538832],[-71.779937,48.538826],[-71.780853,48.538986],[-71.780772,48.539224],[-71.779559,48.538974]]]]}},{"type":"Feature","properties":{"owner1":"LE POTAGER GRANDMONT INC","owner2":null,"matricule":"1173-20-4641","street":"DE QUEN","civicLow":"0","civicHigh":"0","valueLand":"224300","valueBuilding":"488600","valueTotal":"712900","mailAddr":"286 RUE DE QUEN","mailCity":null,"mun":null},"geometry":{"type":"MultiPolygon","coordinates":[[[[-71.775095,48.491941],[-71.754092,48.488089],[-71.755017,48.485838],[-71.777538,48.489964],[-71.777125,48.490822],[-71.776945,48.490798],[-71.776757,48.491256],[-71.777071,48.491316],[-71.776667,48.491965],[-71.776433,48.491923],[-71.776316,48.492161],[-71.775095,48.491941]]]]}},{"type":"Feature","properties":{"owner1":"POTVIN GABRIEL","owner2":null,"matricule":"1075-66-9683","street":"DOMAINE-GRANDMONT","civicLow":"166","civicHigh":"0","valueLand":"47000","valueBuilding":"99800","valueTotal":"146800","mailAddr":"230 RANG DES ILES","mailCity":null,"mun":null},"geometry":{"type":"MultiPolygon","coordinates":[[[[-71.77346,48.512851],[-71.773747,48.512416],[-71.774161,48.512506],[-71.773972,48.512946],[-71.77381,48.513005],[-71.77346,48.512851]]]]}},{"type":"Feature","properties":{"owner1":"COTE BENOIT","owner2":"BOLDUC LISE","matricule":"1075-49-7571","street":"DOMAINE-GRANDMONT","civicLow":"220","civicHigh":"0","valueLand":"98700","valueBuilding":"50000","valueTotal":"148700","mailAddr":"4725 RUE DE LANAUDIERE","mailCity":null,"mun":null},"geometry":{"type":"MultiPolygon","coordinates":[[[[-71.776388,48.515255],[-71.776568,48.515207],[-71.776451,48.51507],[-71.777305,48.515261],[-71.777233,48.515416],[-71.776388,48.515255]]]]}},{"type":"Feature","properties":{"owner1":"9204-0765 QUEBEC INC","owner2":null,"matricule":"1077-54-1469","street":"BOISE","civicLow":"0","civicHigh":"0","valueLand":"46100","valueBuilding":"0","valueTotal":"46100","mailAddr":"930 AVENUE BOMBARDIER","mailCity":null,"mun":null},"geometry":{"type":"MultiPolygon","coordinates":[[[[-71.776451,48.528392],[-71.776837,48.528339],[-71.776909,48.529118],[-71.776568,48.529136],[-71.776451,48.528392]]]]}},{"type":"Feature","properties":{"owner1":"S.I.A.L.","owner2":"S.I.A.L.","matricule":"0977-68-4250","street":"CROIX","civicLow":"92","civicHigh":"0","valueLand":"143500","valueBuilding":"117000","valueTotal":"260500","mailAddr":"1023 RUE FREDERIC","mailCity":null,"mun":null},"geometry":{"type":"MultiPolygon","coordinates":[[[[-71.788453,48.531956],[-71.78901,48.531872],[-71.789135,48.531967],[-71.788534,48.532146],[-71.788453,48.531956]]],[[[-71.78795,48.532063],[-71.78839,48.531961],[-71.788462,48.53217],[-71.788075,48.532295],[-71.78795,48.532063]]]]}},{"type":"Feature","properties":{"owner1":"MUNICIPALITE DE SAINT-GEDEON","owner2":null,"matricule":"1072-26-8908","street":"RUISSEAU","civicLow":"1573","civicHigh":"0","valueLand":"2000","valueBuilding":"0","valueTotal":"2000","mailAddr":"208 RUE DE QUEN","mailCity":null,"mun":null},"geometry":{"type":"MultiPolygon","coordinates":[[[[-71.778886,48.484933],[-71.778796,48.485142],[-71.778401,48.485064],[-71.77849,48.484856],[-71.778886,48.484933]]]]}},{"type":"Feature","properties":{"owner1":"DESCHENES PIERRE","owner2":null,"matricule":"1076-57-0769","street":"CHENES","civicLow":"206","civicHigh":"0","valueLand":"62700","valueBuilding":"158700","valueTotal":"221400","mailAddr":"1220 AVENUE BRIAND APP 303","mailCity":null,"mun":null},"geometry":{"type":"MultiPolygon","coordinates":[[[[-71.77646,48.52255],[-71.776667,48.5223],[-71.776793,48.522353],[-71.776604,48.522586],[-71.77646,48.52255]]]]}},{"type":"Feature","properties":{"owner1":"S.I.A.L.","owner2":null,"matricule":"0977-66-9842","street":"CROIX","civicLow":"74","civicHigh":"0","valueLand":"160200","valueBuilding":"293900","valueTotal":"454100","mailAddr":"74 CHEMIN DE LA CROIX","mailCity":null,"mun":null},"geometry":{"type":"MultiPolygon","coordinates":[[[[-71.787842,48.530284],[-71.787096,48.530272],[-71.787366,48.530076],[-71.787599,48.530153],[-71.788004,48.529844],[-71.788228,48.529915],[-71.788147,48.530147],[-71.787842,48.530284]]]]}},{"type":"Feature","properties":{"owner1":"S.I.A.L.","owner2":"S.I.A.L.","matricule":"0977-76-2305","street":"CROIX","civicLow":"72","civicHigh":"0","valueLand":"187900","valueBuilding":"38600","valueTotal":"226500","mailAddr":"72 CHEMIN DE LA CROIX","mailCity":null,"mun":null},"geometry":{"type":"MultiPolygon","coordinates":[[[[-71.787168,48.530111],[-71.787006,48.530052],[-71.787114,48.529481],[-71.786414,48.52929],[-71.787896,48.529653],[-71.788004,48.529844],[-71.787599,48.530153],[-71.787366,48.530076],[-71.787096,48.530272],[-71.786935,48.530242],[-71.787168,48.530111]]]]}},{"type":"Feature","properties":{"owner1":"BALTHAZAR MARC","owner2":"LAPOINTE LILY","matricule":"1075-62-7935","street":"TOUR","civicLow":"14","civicHigh":"0","valueLand":"26400","valueBuilding":"51500","valueTotal":"77900","mailAddr":"2812 RUE BOILY","mailCity":null,"mun":null},"geometry":{"type":"MultiPolygon","coordinates":[[[[-71.774232,48.508596],[-71.773954,48.508822],[-71.773756,48.50878],[-71.773891,48.508518],[-71.774232,48.508596]]]]}},{"type":"Feature","properties":{"owner1":"LAPOINTE LILY","owner2":null,"matricule":"1075-62-9729","street":"TOUR","civicLow":"12","civicHigh":"0","valueLand":"23100","valueBuilding":"84200","valueTotal":"107300","mailAddr":"4002 RUE PANET","mailCity":null,"mun":null},"geometry":{"type":"MultiPolygon","coordinates":[[[[-71.773891,48.508518],[-71.773756,48.50878],[-71.77355,48.508727],[-71.773711,48.508477],[-71.773891,48.508518]]]]}},{"type":"Feature","properties":{"owner1":"S.I.A.L.","owner2":"S.I.A.L.","matricule":"1076-53-7406","street":"ETANG","civicLow":"210","civicHigh":"0","valueLand":"108600","valueBuilding":"79000","valueTotal":"187600","mailAddr":"845 AVENUE DE VIMY APP 210","mailCity":null,"mun":null},"geometry":{"type":"MultiPolygon","coordinates":[[[[-71.775894,48.518183],[-71.775876,48.518391],[-71.775364,48.518385],[-71.775337,48.518165],[-71.775894,48.518183]]]]}},{"type":"Feature","properties":{"owner1":"GAGNE GILLES","owner2":null,"matricule":"1075-72-2026","street":"TOUR","civicLow":"10","civicHigh":"0","valueLand":"27000","valueBuilding":"132600","valueTotal":"159600","mailAddr":"859 RUE HERTEL","mailCity":null,"mun":null},"geometry":{"type":"MultiPolygon","coordinates":[[[[-71.773648,48.508536],[-71.77355,48.508727],[-71.773163,48.508661],[-71.773262,48.508465],[-71.773648,48.508536]]]]}},{"type":"Feature","properties":{"owner1":"PARADIS JEAN BENOIT","owner2":"LAPOINTE HELENE","matricule":"1075-72-4917","street":"TOUR","civicLow":"8","civicHigh":"0","valueLand":"27700","valueBuilding":"52400","valueTotal":"80100","mailAddr":"494 RUE BECARD","mailCity":null,"mun":null},"geometry":{"type":"MultiPolygon","coordinates":[[[[-71.773262,48.508465],[-71.773163,48.508661],[-71.772759,48.508584],[-71.772867,48.508393],[-71.773262,48.508465]]]]}},{"type":"Feature","properties":{"owner1":"BARETTE RAYMONDE","owner2":null,"matricule":"0971-38-4338","street":"BELLE-RIVIERE","civicLow":"1357","civicHigh":"0","valueLand":"28700","valueBuilding":"115100","valueTotal":"143800","mailAddr":"1357 RANG BELLE-RIVIERE","mailCity":null,"mun":null},"geometry":{"type":"MultiPolygon","coordinates":[[[[-71.791606,48.477865],[-71.791354,48.478163],[-71.790914,48.477984],[-71.791085,48.477698],[-71.791606,48.477865]]]]}},{"type":"Feature","properties":{"owner1":"LEVESQUE HELENE","owner2":null,"matricule":"1076-87-0816","street":"ILES","civicLow":"700","civicHigh":"0","valueLand":"27200","valueBuilding":"61900","valueTotal":"89100","mailAddr":"700 RANG DES ILES","mailCity":null,"mun":null},"geometry":{"type":"MultiPolygon","coordinates":[[[[-71.772229,48.52177],[-71.772813,48.521889],[-71.772714,48.522157],[-71.772373,48.522193],[-71.772229,48.52177]]]]}},{"type":"Feature","properties":{"owner1":"VAN OTTERDIJK PAUL","owner2":"BARRETTE HELENE","matricule":"1076-48-5262","street":"CHENES","civicLow":"106","civicHigh":"0","valueLand":"113700","valueBuilding":"65000","valueTotal":"178700","mailAddr":"3123 RUE DES GROSEILLERS","mailCity":null,"mun":null},"geometry":{"type":"MultiPolygon","coordinates":[[[[-71.777412,48.523418],[-71.777053,48.523282],[-71.777008,48.523163],[-71.777511,48.523186],[-71.777637,48.523377],[-71.777412,48.523418]]]]}},{"type":"Feature","properties":{"owner1":"MARCHAND FRANCINE","owner2":null,"matricule":"1076-48-8395","street":"CHENES","civicLow":"108","civicHigh":"0","valueLand":"121200","valueBuilding":"80800","valueTotal":"202000","mailAddr":"245 RUE MC NAUGHTON","mailCity":null,"mun":null},"geometry":{"type":"MultiPolygon","coordinates":[[[[-71.776739,48.52352],[-71.777053,48.523282],[-71.777179,48.523359],[-71.777161,48.52371],[-71.776891,48.523781],[-71.776739,48.52352]]]]}},{"type":"Feature","properties":{"owner1":"MARCHAND FRANCINE","owner2":"PICHETTE LOUIS","matricule":"1076-58-0436","street":"CHENES","civicLow":"0","civicHigh":"0","valueLand":"64200","valueBuilding":"0","valueTotal":"64200","mailAddr":"250 RUE JEANNOTTE","mailCity":null,"mun":null},"geometry":{"type":"MultiPolygon","coordinates":[[[[-71.776478,48.523097],[-71.776218,48.522889],[-71.776388,48.522669],[-71.776811,48.522782],[-71.777053,48.523282],[-71.776802,48.523448],[-71.776478,48.523097]]]]}},{"type":"Feature","properties":{"owner1":"NADEAU ERIC","owner2":"GIRARD HELENE","matricule":"1076-48-3707","street":"CHENES","civicLow":"214","civicHigh":"0","valueLand":"272200","valueBuilding":"307300","valueTotal":"579500","mailAddr":"214 CHEMIN DES CHENES","mailCity":null,"mun":null},"geometry":{"type":"MultiPolygon","coordinates":[[[[-71.777718,48.523192],[-71.777682,48.523335],[-71.777439,48.523151],[-71.777008,48.523163],[-71.776864,48.522877],[-71.777448,48.52224],[-71.778248,48.522651],[-71.778203,48.523008],[-71.777862,48.523062],[-71.777718,48.523192]]]]}},{"type":"Feature","properties":{"owner1":"GIRARD LUCIEN","owner2":null,"matricule":"1080-79-1636","street":"BAIE-FOREST","civicLow":"7","civicHigh":"0","valueLand":"80100","valueBuilding":"48900","valueTotal":"129000","mailAddr":"100 RANG DES ILES","mailCity":null,"mun":null},"geometry":{"type":"MultiPolygon","coordinates":[[[[-71.775113,48.559645],[-71.774699,48.560299],[-71.774367,48.560257],[-71.774807,48.559562],[-71.775113,48.559645]]]]}},{"type":"Feature","properties":{"owner1":"DUFOUR JOFFREY","owner2":"LEBEL TREMBLAY LAURIE","matricule":"1080-78-5909","street":"BAIE-FOREST","civicLow":"25","civicHigh":"0","valueLand":"48600","valueBuilding":"56500","valueTotal":"105100","mailAddr":"3768 CHEMIN SAINT-LOUIS","mailCity":null,"mun":null},"geometry":{"type":"MultiPolygon","coordinates":[[[[-71.774008,48.558717],[-71.774331,48.558676],[-71.774277,48.558943],[-71.773927,48.558937],[-71.774008,48.558717]]]]}},{"type":"Feature","properties":{"owner1":"LAROUCHE BERTHOLD","owner2":null,"matricule":"1171-91-8458","street":"4","civicLow":"1479","civicHigh":"0","valueLand":"626400","valueBuilding":"261300","valueTotal":"887700","mailAddr":"1479 RANG 4","mailCity":null,"mun":null},"geometry":{"type":"MultiPolygon","coordinates":[[[[-71.748945,48.473637],[-71.752691,48.464673],[-71.76295,48.466561],[-71.758009,48.478449],[-71.75614,48.477562],[-71.748945,48.473637]]],[[[-71.753751,48.479705],[-71.753562,48.479687],[-71.753409,48.480039],[-71.75287,48.479991],[-71.748541,48.479229],[-71.74872,48.478806],[-71.748046,48.478681],[-71.747867,48.479104],[-71.746753,48.478901],[-71.748828,48.473929],[-71.755889,48.477782],[-71.757892,48.478729],[-71.757551,48.479539],[-71.7572,48.479646],[-71.755808,48.479932],[-71.754353,48.480063],[-71.753939,48.480063],[-71.754074,48.479735],[-71.753751,48.479705]]],[[[-71.757353,48.480009],[-71.757003,48.480908],[-71.756347,48.480378],[-71.7565,48.480211],[-71.757353,48.480009]]]]}},{"type":"Feature","properties":{"owner1":"LAROUCHE MARIO","owner2":"MARCOTTE NANCY","matricule":"1073-64-6563","street":"MURRAY","civicLow":"132","civicHigh":"0","valueLand":"22500","valueBuilding":"148600","valueTotal":"171100","mailAddr":"132 RUE MURRAY","mailCity":null,"mun":null},"geometry":{"type":"MultiPolygon","coordinates":[[[[-71.774044,48.492691],[-71.773882,48.492917],[-71.773469,48.492786],[-71.773631,48.492566],[-71.774044,48.492691]]]]}},{"type":"Feature","properties":{"owner1":"JOMPHE CLAUDE","owner2":null,"matricule":"1073-64-5338","street":"MURRAY","civicLow":"136","civicHigh":"0","valueLand":"22500","valueBuilding":"137300","valueTotal":"159800","mailAddr":"136 RUE MURRAY","mailCity":null,"mun":null},"geometry":{"type":"MultiPolygon","coordinates":[[[[-71.774196,48.492471],[-71.774044,48.492691],[-71.773631,48.492566],[-71.773783,48.49234],[-71.774196,48.492471]]]]}},{"type":"Feature","properties":{"owner1":"GAUTHIER ALLAN","owner2":"NOEL ERIKA","matricule":"1073-64-4013","street":"MURRAY","civicLow":"140","civicHigh":"0","valueLand":"23300","valueBuilding":"129500","valueTotal":"152800","mailAddr":"140 RUE MURRAY","mailCity":null,"mun":null},"geometry":{"type":"MultiPolygon","coordinates":[[[[-71.773783,48.49234],[-71.773936,48.492125],[-71.774358,48.492215],[-71.774196,48.492471],[-71.773783,48.49234]]]]}},{"type":"Feature","properties":{"owner1":"S.I.A.L.","owner2":"S.I.A.L.","matricule":"0978-65-0938","street":"BOIS-DE-GRANDMONT","civicLow":"0","civicHigh":"0","valueLand":"26700","valueBuilding":"0","valueTotal":"26700","mailAddr":"171 AVENUE MONTCALM EST","mailCity":null,"mun":null},"geometry":{"type":"MultiPolygon","coordinates":[[[[-71.789674,48.538082],[-71.789612,48.538421],[-71.788839,48.538415],[-71.788722,48.537916],[-71.789674,48.538082]]]]}},{"type":"Feature","properties":{"owner1":"S.I.A.L.","owner2":"S.I.A.L.","matricule":"0978-65-1378","street":"BOIS-DE-GRANDMONT","civicLow":"0","civicHigh":"0","valueLand":"23500","valueBuilding":"0","valueTotal":"23500","mailAddr":"171 AVENUE MONTCALM EST","mailCity":null,"mun":null},"geometry":{"type":"MultiPolygon","coordinates":[[[[-71.789576,48.538653],[-71.788659,48.538826],[-71.788704,48.538237],[-71.788839,48.538415],[-71.789612,48.538421],[-71.789576,48.538653]]]]}},{"type":"Feature","properties":{"owner1":"S.I.A.L.","owner2":"S.I.A.L.","matricule":"0978-65-6187","street":"BOIS-DE-GRANDMONT","civicLow":"303","civicHigh":"0","valueLand":"120700","valueBuilding":"48800","valueTotal":"169500","mailAddr":"1098 RUE LECLERC","mailCity":null,"mun":null},"geometry":{"type":"MultiPolygon","coordinates":[[[[-71.788264,48.538564],[-71.788731,48.538415],[-71.788659,48.538826],[-71.788408,48.538879],[-71.788264,48.538564]]]]}},{"type":"Feature","properties":{"owner1":"S.I.A.L.","owner2":null,"matricule":"0978-65-6212","street":"BOIS-DE-GRANDMONT","civicLow":"0","civicHigh":"0","valueLand":"158400","valueBuilding":"0","valueTotal":"158400","mailAddr":"94 RUE LAROUCHE","mailCity":null,"mun":null},"geometry":{"type":"MultiPolygon","coordinates":[[[[-71.788022,48.538225],[-71.789082,48.537256],[-71.789189,48.537309],[-71.789028,48.537648],[-71.788659,48.537904],[-71.788731,48.538415],[-71.788264,48.538564],[-71.788022,48.538225]]]]}},{"type":"Feature","properties":{"owner1":"S.I.A.L.","owner2":null,"matricule":"0978-64-6775","street":"BOIS-DE-GRANDMONT","civicLow":"0","civicHigh":"0","valueLand":"158400","valueBuilding":"0","valueTotal":"158400","mailAddr":"480 RANG DES ILES","mailCity":null,"mun":null},"geometry":{"type":"MultiPolygon","coordinates":[[[[-71.789082,48.537256],[-71.788022,48.538225],[-71.78768,48.538076],[-71.788749,48.537095],[-71.789082,48.537256]]]]}},{"type":"Feature","properties":{"owner1":"GARON ALEXANDRE","owner2":"BOIVIN-COTE ROSE-ALICE","matricule":"1078-22-6269","street":"BOIS-DE-GRANDMONT","civicLow":"1","civicHigh":"0","valueLand":"35000","valueBuilding":"281600","valueTotal":"316600","mailAddr":"1 CHEMIN DU BOIS-DE-GRANDMONT","mailCity":null,"mun":null},"geometry":{"type":"MultiPolygon","coordinates":[[[[-71.780116,48.536197],[-71.780062,48.535513],[-71.780467,48.535584],[-71.780512,48.536268],[-71.780116,48.536197]]]]}},{"type":"Feature","properties":{"owner1":"S.I.A.L.","owner2":"S.I.A.L.","matricule":"1075-56-6601","street":"DOMAINE-GRANDMONT","civicLow":"0","civicHigh":"0","valueLand":"29000","valueBuilding":"0","valueTotal":"29000","mailAddr":"303 CHEMIN DU DOMAINE-GRANDMONT","mailCity":null,"mun":null},"geometry":{"type":"MultiPolygon","coordinates":[[[[-71.776047,48.512113],[-71.774969,48.511869],[-71.775589,48.511762],[-71.775616,48.511899],[-71.775975,48.511946],[-71.776146,48.512137],[-71.776047,48.512113]]]]}},{"type":"Feature","properties":{"owner1":"GEOFFROY JOCELYN","owner2":"GELINAS ISABELLE","matricule":"1073-74-7138","street":"TREMBLAY","civicLow":"125","civicHigh":"0","valueLand":"22100","valueBuilding":"279300","valueTotal":"301400","mailAddr":"125 RUE TREMBLAY","mailCity":null,"mun":null},"geometry":{"type":"MultiPolygon","coordinates":[[[[-71.772067,48.492548],[-71.772211,48.492352],[-71.772579,48.492465],[-71.772409,48.492709],[-71.772067,48.492548]]]]}},{"type":"Feature","properties":{"owner1":"VAILLANCOURT ANDRE","owner2":"LACHANCE SONIA","matricule":"1073-86-4149","street":"LAROUCHE","civicLow":"106","civicHigh":"0","valueLand":"22900","valueBuilding":"118600","valueTotal":"141500","mailAddr":"106 RUE LAROUCHE","mailCity":null,"mun":null},"geometry":{"type":"MultiPolygon","coordinates":[[[[-71.771124,48.494531],[-71.771304,48.494269],[-71.771699,48.494358],[-71.771528,48.494608],[-71.771124,48.494531]]]]}},{"type":"Feature","properties":{"owner1":"S.I.A.L.","owner2":"S.I.A.L.","matricule":"1078-08-5968","street":"CEDRIERE","civicLow":"0","civicHigh":"0","valueLand":"113500","valueBuilding":"0","valueTotal":"113500","mailAddr":"1017 RUE PARE","mailCity":null,"mun":null},"geometry":{"type":"MultiPolygon","coordinates":[[[[-71.782955,48.541354],[-71.78291,48.540907],[-71.783081,48.54083],[-71.783503,48.541258],[-71.783602,48.541139],[-71.783458,48.540771],[-71.783772,48.540854],[-71.783817,48.541128],[-71.783602,48.5413],[-71.782955,48.541354]]]]}},{"type":"Feature","properties":{"owner1":"STRUTT KYLE","owner2":"BOUCHARD MARIE-EVE","matricule":"1080-66-3603","street":"ILES","civicLow":"0","civicHigh":"0","valueLand":"54300","valueBuilding":"0","valueTotal":"54300","mailAddr":"1430 RUE LEVEILLEE","mailCity":null,"mun":null},"geometry":{"type":"MultiPolygon","coordinates":[[[[-71.77743,48.556726],[-71.777044,48.557403],[-71.775077,48.557362],[-71.773936,48.557528],[-71.774888,48.556321],[-71.77743,48.556726]]]]}},{"type":"Feature","properties":{"owner1":"TREMBLAY LEONE","owner2":null,"matricule":"1079-25-9193","street":"ILES","civicLow":"300","civicHigh":"310","valueLand":"216000","valueBuilding":"754200","valueTotal":"970200","mailAddr":"672 CHEMIN SYDENHAM","mailCity":null,"mun":null},"geometry":{"type":"MultiPolygon","coordinates":[[[[-71.779793,48.5478],[-71.779919,48.547449],[-71.780359,48.547527],[-71.780583,48.547681],[-71.780646,48.548062],[-71.780476,48.548151],[-71.779739,48.547967],[-71.779793,48.5478]]]]}},{"type":"Feature","properties":{"owner1":"S.I.A.L.","owner2":null,"matricule":"1074-38-7540","street":"BERNACHES","civicLow":"0","civicHigh":"0","valueLand":"22000","valueBuilding":"500","valueTotal":"22500","mailAddr":"314 CHEMIN DES BERNACHES","mailCity":null,"mun":null},"geometry":{"type":"MultiPolygon","coordinates":[[[[-71.777565,48.507042],[-71.775858,48.506739],[-71.775876,48.506519],[-71.776119,48.506477],[-71.775813,48.505495],[-71.776505,48.504662],[-71.7762,48.504055],[-71.776397,48.503989],[-71.776604,48.504061],[-71.776613,48.50462],[-71.776927,48.505108],[-71.776739,48.505394],[-71.777026,48.505596],[-71.77743,48.505388],[-71.777206,48.505037],[-71.777215,48.504358],[-71.77814,48.503602],[-71.778041,48.503584],[-71.77911,48.503733],[-71.779416,48.503644],[-71.779236,48.504555],[-71.778697,48.504882],[-71.778993,48.504459],[-71.778508,48.504328],[-71.77805,48.505049],[-71.777799,48.505989],[-71.778481,48.506001],[-71.777826,48.506037],[-71.778221,48.506667],[-71.777942,48.507233],[-71.77752,48.507155],[-71.777565,48.507042]]],[[[-71.777844,48.506197],[-71.777727,48.506108],[-71.777044,48.506251],[-71.776703,48.506471],[-71.776658,48.506792],[-71.777619,48.506965],[-71.778086,48.506602],[-71.777844,48.506197]]],[[[-71.776739,48.506209],[-71.776209,48.505596],[-71.776316,48.505251],[-71.77637,48.505733],[-71.776882,48.506191],[-71.777547,48.506066],[-71.778203,48.504049],[-71.778553,48.504043],[-71.778508,48.504287],[-71.779029,48.504424],[-71.779326,48.503965],[-71.779245,48.503805],[-71.778472,48.503662],[-71.777924,48.503775],[-71.777332,48.504328],[-71.777269,48.505025],[-71.777475,48.505394],[-71.776927,48.50562],[-71.776703,48.505441],[-71.776909,48.505096],[-71.776604,48.504638],[-71.776586,48.504066],[-71.776307,48.504001],[-71.776209,48.504084],[-71.776496,48.5044],[-71.776514,48.504727],[-71.775822,48.505489],[-71.7762,48.50656],[-71.776667,48.5064],[-71.776739,48.506209]]]]}},{"type":"Feature","properties":{"owner1":"ASSOCIATION DES PROPRIETAIRES DE","owner2":null,"matricule":"1074-89-2134","street":"BERNACHES","civicLow":"0","civicHigh":"0","valueLand":"700","valueBuilding":"0","valueTotal":"700","mailAddr":"314 CHEMIN DES BERNACHES","mailCity":null,"mun":null},"geometry":{"type":"MultiPolygon","coordinates":[[[[-71.771178,48.505906],[-71.771169,48.505739],[-71.771394,48.505858],[-71.772876,48.50609],[-71.772867,48.506173],[-71.771178,48.505906]]]]}},{"type":"Feature","properties":{"owner1":"S.I.A.L.","owner2":null,"matricule":"0977-68-3501","street":"CROIX","civicLow":"88","civicHigh":"0","valueLand":"131300","valueBuilding":"75800","valueTotal":"207100","mailAddr":"1279 AVENUE D'ARGENTEUIL","mailCity":null,"mun":null},"geometry":{"type":"MultiPolygon","coordinates":[[[[-71.788363,48.531497],[-71.788812,48.531426],[-71.789073,48.531652],[-71.78839,48.531777],[-71.788363,48.531497]]]]}},{"type":"Feature","properties":{"owner1":"S.I.A.L.","owner2":null,"matricule":"1075-68-8477","street":"DOMAINE-GRANDMONT","civicLow":"0","civicHigh":"0","valueLand":"400","valueBuilding":"0","valueTotal":"400","mailAddr":"356 RUE DUCHARME APP 4","mailCity":null,"mun":null},"geometry":{"type":"MultiPolygon","coordinates":[[[[-71.774071,48.514446],[-71.77399,48.514457],[-71.773999,48.514428],[-71.774071,48.514446]]]]}},{"type":"Feature","properties":{"owner1":"GILBERT PATRICE","owner2":null,"matricule":"1075-68-6891","street":"DOMAINE-GRANDMONT","civicLow":"219","civicHigh":"0","valueLand":"9100","valueBuilding":"47700","valueTotal":"56800","mailAddr":"219 CHEMIN DU DOMAINE-GRANDMONT","mailCity":null,"mun":null},"geometry":{"type":"MultiPolygon","coordinates":[[[[-71.774412,48.5146],[-71.774178,48.514654],[-71.774089,48.514469],[-71.774439,48.514523],[-71.774412,48.5146]]]]}},{"type":"Feature","properties":{"owner1":"LAVOIE RAYMOND","owner2":"BOUCHARD AGATHE","matricule":"1077-52-1781","street":"ADELARD-GAUTHIER","civicLow":"12","civicHigh":"0","valueLand":"150000","valueBuilding":"189500","valueTotal":"339500","mailAddr":"12 CHEMIN ADELARD-GAUTHIER","mailCity":null,"mun":null},"geometry":{"type":"MultiPolygon","coordinates":[[[[-71.776622,48.527393],[-71.776595,48.527458],[-71.776325,48.527411],[-71.776658,48.526566],[-71.776846,48.526786],[-71.776622,48.527393]]]]}},{"type":"Feature","properties":{"owner1":"LESSARD ROSAIRE","owner2":null,"matricule":"1078-03-6563","street":"ILES","civicLow":"0","civicHigh":"0","valueLand":"53900","valueBuilding":"0","valueTotal":"53900","mailAddr":"480 RANG DES ILES","mailCity":null,"mun":null},"geometry":{"type":"MultiPolygon","coordinates":[[[[-71.782668,48.536185],[-71.781096,48.535632],[-71.784096,48.536185],[-71.782668,48.536185]]],[[[-71.784761,48.536714],[-71.784294,48.536221],[-71.78715,48.536744],[-71.78627,48.536792],[-71.785776,48.537029],[-71.784967,48.536857],[-71.784761,48.536714]]],[[[-71.783638,48.536482],[-71.783638,48.536203],[-71.784276,48.536286],[-71.784931,48.536893],[-71.783494,48.53722],[-71.783638,48.536482]]],[[[-71.786297,48.536839],[-71.78706,48.536798],[-71.788749,48.537095],[-71.788255,48.537553],[-71.786162,48.537565],[-71.785821,48.537059],[-71.786297,48.536839]]],[[[-71.780458,48.537107],[-71.780422,48.536833],[-71.78017,48.536851],[-71.780116,48.536197],[-71.780512,48.536268],[-71.780467,48.535584],[-71.781185,48.535727],[-71.78265,48.536232],[-71.783584,48.536203],[-71.78344,48.537232],[-71.78229,48.537493],[-71.781769,48.538201],[-71.779514,48.537779],[-71.779443,48.537166],[-71.780458,48.537107]]]]}},{"type":"Feature","properties":{"owner1":"AUDET PIERRE","owner2":"BHERER RICHARD","matricule":"0978-55-4456","street":"BOIS-DE-GRANDMONT","civicLow":"31","civicHigh":"33","valueLand":"43000","valueBuilding":"217100","valueTotal":"260100","mailAddr":"171 RUE MONTCALM EST","mailCity":null,"mun":null},"geometry":{"type":"MultiPolygon","coordinates":[[[[-71.789612,48.538421],[-71.790402,48.538088],[-71.790609,48.538273],[-71.789692,48.538665],[-71.789576,48.538653],[-71.789612,48.538421]]]]}},{"type":"Feature","properties":{"owner1":"LAVOIE SIMON-PIERRE","owner2":"AUDET MARIE-PIER","matricule":"1272-10-2009","street":"4","civicLow":"1481","civicHigh":"0","valueLand":"29000","valueBuilding":"156400","valueTotal":"185400","mailAddr":"1481 RANG 4","mailCity":null,"mun":null},"geometry":{"type":"MultiPolygon","coordinates":[[[[-71.753409,48.480039],[-71.753562,48.479687],[-71.754074,48.479735],[-71.753939,48.480063],[-71.753409,48.480039]]]]}},{"type":"Feature","properties":{"owner1":"S.I.A.L.","owner2":null,"matricule":"1075-56-2928","street":"DOMAINE-GRANDMONT","civicLow":"0","civicHigh":"0","valueLand":"7900","valueBuilding":"0","valueTotal":"7900","mailAddr":"2880 RUE VAUDREUIL","mailCity":null,"mun":null},"geometry":{"type":"MultiPolygon","coordinates":[[[[-71.776029,48.51222],[-71.775849,48.512131],[-71.776146,48.512137],[-71.776272,48.512285],[-71.776029,48.51222]]]]}},{"type":"Feature","properties":{"owner1":"LES ENTREPRISES ALFRED BOIVIN INC.","owner2":null,"matricule":"0972-40-1989","street":"PHARE","civicLow":"0","civicHigh":"0","valueLand":"6500","valueBuilding":"0","valueTotal":"6500","mailAddr":"2205 RUE DE LA FONDERIE","mailCity":null,"mun":null},"geometry":{"type":"MultiPolygon","coordinates":[[[[-71.789989,48.480319],[-71.790384,48.479997],[-71.790501,48.480033],[-71.790366,48.480331],[-71.789989,48.480319]]]]}},{"type":"Feature","properties":{"owner1":"LES ENTREPRISES ALFRED BOIVIN INC.","owner2":null,"matricule":"0972-40-3480","street":"PHARE","civicLow":"0","civicHigh":"0","valueLand":"6600","valueBuilding":"0","valueTotal":"6600","mailAddr":"2205 RUE DE LA FONDERIE","mailCity":null,"mun":null},"geometry":{"type":"MultiPolygon","coordinates":[[[[-71.790384,48.479997],[-71.789989,48.480319],[-71.789827,48.480116],[-71.790303,48.479938],[-71.790384,48.479997]]]]}},{"type":"Feature","properties":{"owner1":"S.I.A.L.","owner2":null,"matricule":"1180-44-4980","street":"GOLF","civicLow":"0","civicHigh":"0","valueLand":"9700","valueBuilding":"0","valueTotal":"9700","mailAddr":"464 BOULEVARD ST-JUDE SUD, APP. 3","mailCity":null,"mun":null},"geometry":{"type":"MultiPolygon","coordinates":[[[[-71.764845,48.556054],[-71.764737,48.556095],[-71.764468,48.555869],[-71.764584,48.555774],[-71.764845,48.556054]]]]}},{"type":"Feature","properties":{"owner1":"S.I.A.L.","owner2":null,"matricule":"1180-53-1090","street":"GOLF","civicLow":"203","civicHigh":"0","valueLand":"13900","valueBuilding":"4600","valueTotal":"18500","mailAddr":"396 RUE DE QUEN","mailCity":null,"mun":null},"geometry":{"type":"MultiPolygon","coordinates":[[[[-71.763956,48.555346],[-71.763641,48.55515],[-71.76374,48.555031],[-71.764063,48.555215],[-71.763956,48.555346]]]]}},{"type":"Feature","properties":{"owner1":"S.I.A.L.","owner2":null,"matricule":"1180-53-8679","street":"GOLF","civicLow":"0","civicHigh":"0","valueLand":"42000","valueBuilding":"0","valueTotal":"42000","mailAddr":"1655 RUE POWELL","mailCity":null,"mun":null},"geometry":{"type":"MultiPolygon","coordinates":[[[[-71.76409,48.555578],[-71.763749,48.555215],[-71.762779,48.555144],[-71.762195,48.554841],[-71.761773,48.554888],[-71.760946,48.554591],[-71.760955,48.554514],[-71.762186,48.554805],[-71.762249,48.554686],[-71.762941,48.555013],[-71.763668,48.55512],[-71.764324,48.555638],[-71.764198,48.555697],[-71.76409,48.555578]]]]}},{"type":"Feature","properties":{"owner1":"S.I.A.L.","owner2":null,"matricule":"1079-34-3225","street":"ILES","civicLow":"0","civicHigh":"0","valueLand":"31200","valueBuilding":"0","valueTotal":"31200","mailAddr":"325 RANG DES ILES","mailCity":null,"mun":null},"geometry":{"type":"MultiPolygon","coordinates":[[[[-71.779676,48.545891],[-71.779874,48.545868],[-71.779829,48.546492],[-71.779281,48.546397],[-71.779254,48.546296],[-71.779712,48.546058],[-71.779676,48.545891]]]]}},{"type":"Feature","properties":{"owner1":"ALLARD JEAN-SEBASTIEN","owner2":null,"matricule":"0972-31-5550","street":"GARE","civicLow":"118","civicHigh":"122","valueLand":"27800","valueBuilding":"190100","valueTotal":"217900","mailAddr":"120 RUE DE LA GARE","mailCity":null,"mun":null},"geometry":{"type":"MultiPolygon","coordinates":[[[[-71.79086,48.480569],[-71.79139,48.480575],[-71.791462,48.480861],[-71.790959,48.480932],[-71.79086,48.480569]]]]}},{"type":"Feature","properties":{"owner1":"GAUDREAULT MYLENE","owner2":"BEAUDET-BONNEAU MAXIME","matricule":"0972-31-9355","street":"FORTIN","civicLow":"112","civicHigh":"0","valueLand":"29400","valueBuilding":"105800","valueTotal":"135200","mailAddr":"112 RUE FORTIN","mailCity":null,"mun":null},"geometry":{"type":"MultiPolygon","coordinates":[[[[-71.790375,48.480741],[-71.790519,48.480563],[-71.79086,48.480569],[-71.790959,48.480932],[-71.790456,48.481003],[-71.790375,48.480741]]]]}},{"type":"Feature","properties":{"owner1":"BOUCHARD KEVEN","owner2":"TREMBLAY CAROLINE","matricule":"1076-72-4094","street":"ETANG","civicLow":"0","civicHigh":"0","valueLand":"40100","valueBuilding":"0","valueTotal":"40100","mailAddr":"1080, RUE ETIENNE-DESBIENS","mailCity":null,"mun":null},"geometry":{"type":"MultiPolygon","coordinates":[[[[-71.773029,48.518296],[-71.772921,48.518105],[-71.773415,48.517843],[-71.773846,48.51823],[-71.773343,48.518563],[-71.773029,48.518296]]]]}},{"type":"Feature","properties":{"owner1":"2972-9373 QUEBEC INC","owner2":null,"matricule":"1076-82-0449","street":"ILES","civicLow":"0","civicHigh":"0","valueLand":"500","valueBuilding":"0","valueTotal":"500","mailAddr":"784 RANG DES ILES","mailCity":null,"mun":null},"geometry":{"type":"MultiPolygon","coordinates":[[[[-71.772732,48.518337],[-71.772418,48.517933],[-71.772436,48.517332],[-71.772328,48.51729],[-71.772651,48.517219],[-71.772615,48.517885],[-71.772993,48.5182],[-71.772732,48.518337]]]]}},{"type":"Feature","properties":{"owner1":"GUERIN JEANNOT","owner2":"GUAY ISABELLE","matricule":"1076-72-7401","street":"ETANG","civicLow":"0","civicHigh":"0","valueLand":"11500","valueBuilding":"0","valueTotal":"11500","mailAddr":"11 CHEMIN DE L'ETANG","mailCity":null,"mun":null},"geometry":{"type":"MultiPolygon","coordinates":[[[[-71.773172,48.517213],[-71.7731,48.517582],[-71.772615,48.517522],[-71.772651,48.517219],[-71.773172,48.517213]]]]}},{"type":"Feature","properties":{"owner1":"S.I.A.L.","owner2":"S.I.A.L.","matricule":"1076-72-2707","street":"ETANG","civicLow":"11","civicHigh":"0","valueLand":"33400","valueBuilding":"180300","valueTotal":"213700","mailAddr":"11 CHEMIN DE L'ETANG","mailCity":null,"mun":null},"geometry":{"type":"MultiPolygon","coordinates":[[[[-71.773909,48.517427],[-71.773918,48.517611],[-71.773127,48.517558],[-71.773172,48.517213],[-71.773756,48.517296],[-71.773909,48.517427]]]]}},{"type":"Feature","properties":{"owner1":"S.I.A.L.","owner2":null,"matricule":"0977-87-6263","street":"CROIX","civicLow":"0","civicHigh":"0","valueLand":"1700","valueBuilding":"0","valueTotal":"1700","mailAddr":"1655 RUE POWELL","mailCity":null,"mun":null},"geometry":{"type":"MultiPolygon","coordinates":[[[[-71.785731,48.531093],[-71.785542,48.531515],[-71.785273,48.531462],[-71.785515,48.531408],[-71.785434,48.531212],[-71.785794,48.530998],[-71.785731,48.531093]]]]}},{"type":"Feature","properties":{"owner1":"AUDET DANY","owner2":"GIRARD ANDREANNE","matricule":"1073-88-3617","street":"BOLDUC","civicLow":"132","civicHigh":"0","valueLand":"25500","valueBuilding":"229400","valueTotal":"254900","mailAddr":"132 RUE BOLDUC","mailCity":null,"mun":null},"geometry":{"type":"MultiPolygon","coordinates":[[[[-71.771888,48.495864],[-71.771636,48.496114],[-71.771187,48.496037],[-71.771331,48.495828],[-71.771789,48.495781],[-71.771888,48.495864]]]]}},{"type":"Feature","properties":{"owner1":"OUELLET SEBASTIEN","owner2":null,"matricule":"1073-88-0827","street":"BOLDUC","civicLow":"126","civicHigh":"128","valueLand":"19800","valueBuilding":"188200","valueTotal":"208000","mailAddr":"474 RANG DES ILES","mailCity":null,"mun":null},"geometry":{"type":"MultiPolygon","coordinates":[[[[-71.772005,48.496174],[-71.771636,48.496114],[-71.771888,48.495864],[-71.772139,48.495864],[-71.772005,48.496174]]]]}},{"type":"Feature","properties":{"owner1":"SIMARD MARTIN","owner2":null,"matricule":"0971-39-5727","street":"PONT","civicLow":"608","civicHigh":"0","valueLand":"21100","valueBuilding":"118500","valueTotal":"139600","mailAddr":"608 RUE DU PONT","mailCity":null,"mun":null},"geometry":{"type":"MultiPolygon","coordinates":[[[[-71.790842,48.478824],[-71.791031,48.478556],[-71.791327,48.47861],[-71.791193,48.478889],[-71.790842,48.478824]]]]}},{"type":"Feature","properties":{"owner1":"NERON STEEVE","owner2":"CHIASSON LINE","matricule":"0974-94-5307","street":"POINTE-DU-LAC","civicLow":"35","civicHigh":"0","valueLand":"117800","valueBuilding":"102800","valueTotal":"220600","mailAddr":"1148 RUE DES ESCOUMINS","mailCity":null,"mun":null},"geometry":{"type":"MultiPolygon","coordinates":[[[[-71.783054,48.500965],[-71.783144,48.50087],[-71.784132,48.501287],[-71.784051,48.501376],[-71.783054,48.500965]]]]}},{"type":"Feature","properties":{"owner1":"SIMARD CAROLE","owner2":null,"matricule":"1074-15-6748","street":"POINTE-DU-LAC","civicLow":"66","civicHigh":"0","valueLand":"42100","valueBuilding":"60000","valueTotal":"102100","mailAddr":"661 RUE CHIASSON","mailCity":null,"mun":null},"geometry":{"type":"MultiPolygon","coordinates":[[[[-71.780512,48.502412],[-71.780682,48.502263],[-71.780979,48.502436],[-71.780754,48.502555],[-71.780512,48.502412]]]]}},{"type":"Feature","properties":{"owner1":"GUAY DANIEL","owner2":"GAGNON NADINE","matricule":"1074-15-9169","street":"POINTE-DU-LAC","civicLow":"68","civicHigh":"0","valueLand":"54900","valueBuilding":"84600","valueTotal":"139500","mailAddr":"121 RUE TREMBLAY","mailCity":null,"mun":null},"geometry":{"type":"MultiPolygon","coordinates":[[[[-71.780107,48.502626],[-71.780512,48.502412],[-71.780754,48.502555],[-71.780197,48.502781],[-71.780107,48.502626]]]]}},{"type":"Feature","properties":{"owner1":"DESSUREAULT YANN","owner2":"POTVIN MYRIAM","matricule":"1078-98-0029","street":"RANCH","civicLow":"0","civicHigh":"0","valueLand":"26400","valueBuilding":"0","valueTotal":"26400","mailAddr":"32 CHEMIN DU RANCH","mailCity":null,"mun":null},"geometry":{"type":"MultiPolygon","coordinates":[[[[-71.771466,48.541264],[-71.77169,48.540699],[-71.772085,48.540771],[-71.771852,48.541336],[-71.771466,48.541264]]]]}},{"type":"Feature","properties":{"owner1":"TREMBLAY MARC-ALEXANDRE","owner2":"TREMBLAY ELYSANNE","matricule":"1078-88-7237","street":"RANCH","civicLow":"0","civicHigh":"0","valueLand":"26400","valueBuilding":"0","valueTotal":"26400","mailAddr":"815 3E RANG","mailCity":null,"mun":null},"geometry":{"type":"MultiPolygon","coordinates":[[[[-71.771852,48.541336],[-71.772085,48.540771],[-71.772481,48.540842],[-71.772247,48.541407],[-71.771852,48.541336]]]]}},{"type":"Feature","properties":{"owner1":"GUERIN VALLEY","owner2":null,"matricule":"1074-25-2282","street":"POINTE-DU-LAC","civicLow":"0","civicHigh":"0","valueLand":"1500","valueBuilding":"0","valueTotal":"1500","mailAddr":"77 CHEMIN DE LA POINTE-DU-LAC","mailCity":null,"mun":null},"geometry":{"type":"MultiPolygon","coordinates":[[[[-71.779802,48.502703],[-71.780107,48.502626],[-71.780197,48.502781],[-71.779874,48.502828],[-71.779802,48.502703]]]]}},{"type":"Feature","properties":{"owner1":"LES ENTREPRISES ALFRED BOIVIN INC.","owner2":null,"matricule":"0972-40-4445","street":"PHARE","civicLow":"0","civicHigh":"0","valueLand":"6500","valueBuilding":"0","valueTotal":"6500","mailAddr":"2205 RUE DE LA FONDERIE","mailCity":null,"mun":null},"geometry":{"type":"MultiPolygon","coordinates":[[[[-71.789683,48.479836],[-71.789737,48.479693],[-71.790276,48.479777],[-71.790267,48.479866],[-71.789647,48.479896],[-71.789683,48.479836]]]]}},{"type":"Feature","properties":{"owner1":"LES ENTREPRISES ALFRED BOIVIN INC.","owner2":null,"matricule":"0972-40-3833","street":"PHARE","civicLow":"0","civicHigh":"0","valueLand":"4600","valueBuilding":"0","valueTotal":"4600","mailAddr":"2205 RUE DE LA FONDERIE","mailCity":null,"mun":null},"geometry":{"type":"MultiPolygon","coordinates":[[[[-71.789737,48.479693],[-71.789782,48.479622],[-71.790303,48.479699],[-71.790276,48.479777],[-71.789737,48.479693]]]]}},{"type":"Feature","properties":{"owner1":"MUNICIPALITE DE SAINT-GEDEON","owner2":null,"matricule":"0971-49-1475","street":"PONT","civicLow":"605","civicHigh":"0","valueLand":"41900","valueBuilding":"0","valueTotal":"41900","mailAddr":"208 RUE DE QUEN","mailCity":null,"mun":null},"geometry":{"type":"MultiPolygon","coordinates":[[[[-71.790923,48.479026],[-71.790743,48.479342],[-71.790609,48.479312],[-71.790438,48.479467],[-71.789647,48.479181],[-71.790034,48.478985],[-71.790923,48.479026]]]]}},{"type":"Feature","properties":{"owner1":"GAGNON ANDRE","owner2":"GAGNE LINE","matricule":"0972-31-7820","street":"FORTIN","civicLow":"115","civicHigh":"0","valueLand":"25400","valueBuilding":"120300","valueTotal":"145700","mailAddr":"115 RUE FORTIN","mailCity":null,"mun":null},"geometry":{"type":"MultiPolygon","coordinates":[[[[-71.790519,48.480563],[-71.790546,48.480372],[-71.79042,48.480331],[-71.791318,48.480473],[-71.791336,48.480575],[-71.790519,48.480563]]]]}},{"type":"Feature","properties":{"owner1":"LES ENTREPRISES ALFRED BOIVIN INC.","owner2":null,"matricule":"0972-30-0495","street":"GARE","civicLow":"0","civicHigh":"0","valueLand":"100","valueBuilding":"0","valueTotal":"100","mailAddr":"2205 RUE DE LA FONDERIE","mailCity":null,"mun":null},"geometry":{"type":"MultiPolygon","coordinates":[[[[-71.791938,48.480795],[-71.791453,48.480825],[-71.791741,48.480765],[-71.791848,48.480313],[-71.790321,48.479955],[-71.790285,48.479562],[-71.790438,48.479467],[-71.790501,48.47989],[-71.791875,48.48017],[-71.792055,48.479842],[-71.791929,48.479622],[-71.792091,48.479545],[-71.79228,48.479598],[-71.791938,48.480795]]]]}},{"type":"Feature","properties":{"owner1":"LES ENTREPRISES ALFRED BOIVIN INC.","owner2":"GIRARD CAROL","matricule":"0972-20-2464","street":"PONT","civicLow":"0","civicHigh":"0","valueLand":"25200","valueBuilding":"0","valueTotal":"25200","mailAddr":"2205 RUE DE LA FONDERIE","mailCity":null,"mun":null},"geometry":{"type":"MultiPolygon","coordinates":[[[[-71.792675,48.480104],[-71.792819,48.479687],[-71.793187,48.479824],[-71.793034,48.48017],[-71.792675,48.480104]]]]}},{"type":"Feature","properties":{"owner1":"TREMBLAY ALAIN","owner2":"BRASSARD CAROLE","matricule":"1074-05-8051","street":"POINTE-DU-LAC","civicLow":"61","civicHigh":"0","valueLand":"101300","valueBuilding":"101500","valueTotal":"202800","mailAddr":"31 CHEMIN DE LA POINTE-DU-LAC","mailCity":null,"mun":null},"geometry":{"type":"MultiPolygon","coordinates":[[[[-71.781913,48.502495],[-71.781491,48.502281],[-71.781608,48.502215],[-71.782371,48.50259],[-71.782227,48.502638],[-71.781913,48.502495]]]]}},{"type":"Feature","properties":{"owner1":"MINISTERE DE L'ENERGIE ET RESSOURCES","owner2":null,"matricule":"0879-27-7594","street":"LAC-ST-JEAN","civicLow":"0","civicHigh":"0","valueLand":"500","valueBuilding":"0","valueTotal":"500","mailAddr":"5700 4IEME AVENUE OUEST","mailCity":null,"mun":null},"geometry":{"type":"MultiPolygon","coordinates":[[[[-71.807982,48.549436],[-71.808386,48.549495],[-71.808431,48.549703],[-71.808296,48.549745],[-71.808099,48.549543],[-71.807892,48.549525],[-71.807829,48.549727],[-71.807389,48.549757],[-71.807201,48.549287],[-71.807192,48.548906],[-71.807335,48.548787],[-71.807802,48.549103],[-71.807982,48.549436]]]]}},{"type":"Feature","properties":{"owner1":"9353-3065 QUEBEC INC","owner2":null,"matricule":"1079-29-9865","street":"ILES","civicLow":"0","civicHigh":"0","valueLand":"18200","valueBuilding":"0","valueTotal":"18200","mailAddr":"460 RUE RACINE EST","mailCity":null,"mun":null},"geometry":{"type":"MultiPolygon","coordinates":[[[[-71.78008,48.551196],[-71.780233,48.551065],[-71.780314,48.551136],[-71.78008,48.551196]]]]}},{"type":"Feature","properties":{"owner1":"9353-3065 QUEBEC INC","owner2":null,"matricule":"1079-39-3717","street":"ILES","civicLow":"0","civicHigh":"0","valueLand":"17000","valueBuilding":"0","valueTotal":"17000","mailAddr":"248F RANG DES ILES","mailCity":null,"mun":null},"geometry":{"type":"MultiPolygon","coordinates":[[[[-71.779514,48.550738],[-71.779703,48.550649],[-71.779775,48.550708],[-71.779604,48.550791],[-71.779514,48.550738]]]]}},{"type":"Feature","properties":{"owner1":"9353-3065 QUEBEC INC","owner2":null,"matricule":"1079-39-3123","street":"ILES","civicLow":"0","civicHigh":"0","valueLand":"17000","valueBuilding":"0","valueTotal":"17000","mailAddr":"248F RANG DES ILES","mailCity":null,"mun":null},"geometry":{"type":"MultiPolygon","coordinates":[[[[-71.779604,48.550791],[-71.779784,48.550702],[-71.779856,48.550762],[-71.779694,48.550845],[-71.779604,48.550791]]]]}},{"type":"Feature","properties":{"owner1":"9353-3065 QUEBEC INC","owner2":null,"matricule":"1079-39-4210","street":"ILES","civicLow":"248","civicHigh":"0","valueLand":"20800","valueBuilding":"226600","valueTotal":"247400","mailAddr":"460 RUE RACINE EST","mailCity":null,"mun":null},"geometry":{"type":"MultiPolygon","coordinates":[[[[-71.779703,48.550649],[-71.779514,48.550738],[-71.779461,48.550673],[-71.779631,48.550583],[-71.779703,48.550649]]]]}},{"type":"Feature","properties":{"owner1":"LAVOIE MARLENE","owner2":null,"matricule":"1471-92-2272","street":"4","civicLow":"1166","civicHigh":"0","valueLand":"22900","valueBuilding":"111700","valueTotal":"134600","mailAddr":"1166 RANG 4","mailCity":null,"mun":null},"geometry":{"type":"MultiPolygon","coordinates":[[[[-71.715662,48.473786],[-71.715626,48.473881],[-71.715429,48.473845],[-71.715572,48.4735],[-71.715923,48.47356],[-71.715815,48.473816],[-71.715662,48.473786]]]]}},{"type":"Feature","properties":{"owner1":"HOBBS STEEVE","owner2":null,"matricule":"1073-63-6763","street":"GIRARD","civicLow":"158","civicHigh":"0","valueLand":"25900","valueBuilding":"257000","valueTotal":"282900","mailAddr":"158 RUE GIRARD","mailCity":null,"mun":null},"geometry":{"type":"MultiPolygon","coordinates":[[[[-71.774017,48.491756],[-71.773909,48.492018],[-71.773388,48.491929],[-71.773496,48.491661],[-71.774017,48.491756]]]]}},{"type":"Feature","properties":{"owner1":"DESCHENES MIKAEL","owner2":"DESCHENES EMILIE","matricule":"1371-46-8921","street":"4","civicLow":"1347","civicHigh":"0","valueLand":"31900","valueBuilding":"146300","valueTotal":"178200","mailAddr":"1347 RANG 4","mailCity":null,"mun":null},"geometry":{"type":"MultiPolygon","coordinates":[[[[-71.734751,48.47668],[-71.734877,48.476376],[-71.735551,48.476502],[-71.735425,48.476805],[-71.734751,48.47668]]]]}},{"type":"Feature","properties":{"owner1":"CLOUTIER DOMINIC","owner2":null,"matricule":"1076-54-2568","street":"CHENES","civicLow":"31","civicHigh":"0","valueLand":"184100","valueBuilding":"133900","valueTotal":"318000","mailAddr":"1288 RUE DES MOULINS","mailCity":null,"mun":null},"geometry":{"type":"MultiPolygon","coordinates":[[[[-71.775966,48.519926],[-71.775885,48.520027],[-71.776191,48.519468],[-71.776775,48.519575],[-71.776622,48.520015],[-71.775966,48.519926]]]]}},{"type":"Feature","properties":{"owner1":"VILLEMURE PHILIPPE","owner2":"HARVEY JANIE","matricule":"1076-55-3113","street":"CHENES","civicLow":"29","civicHigh":"0","valueLand":"161200","valueBuilding":"470700","valueTotal":"631900","mailAddr":"29 CHEMIN DES CHENES","mailCity":null,"mun":null},"geometry":{"type":"MultiPolygon","coordinates":[[[[-71.775849,48.520259],[-71.775966,48.519926],[-71.776622,48.520015],[-71.776604,48.52036],[-71.775849,48.520259]]]]}},{"type":"Feature","properties":{"owner1":"TURCOTTE MAXIME","owner2":null,"matricule":"1471-83-5814","street":"4","civicLow":"1178","civicHigh":"1180","valueLand":"50600","valueBuilding":"95400","valueTotal":"146000","mailAddr":"1178 RANG 4","mailCity":null,"mun":null},"geometry":{"type":"MultiPolygon","coordinates":[[[[-71.71604,48.474328],[-71.716327,48.473631],[-71.717171,48.47378],[-71.717073,48.474018],[-71.71692,48.473994],[-71.716731,48.474453],[-71.71604,48.474328]]]]}},{"type":"Feature","properties":{"owner1":"FERLAND JEAN-MARC","owner2":"PERTUISET ELISABETH","matricule":"1080-08-3403","street":"LAC-ST-JEAN","civicLow":"0","civicHigh":"0","valueLand":"37500","valueBuilding":"14600","valueTotal":"52100","mailAddr":"2179 AVENUE D'OXFORD","mailCity":null,"mun":null},"geometry":{"type":"MultiPolygon","coordinates":[[[[-71.784033,48.55914],[-71.783233,48.558777],[-71.782632,48.558319],[-71.784006,48.558182],[-71.784752,48.558509],[-71.784743,48.558937],[-71.784356,48.559175],[-71.784033,48.55914]]]]}},{"type":"Feature","properties":{"owner1":"S.I.A.L.","owner2":"S.I.A.L.","matricule":"0978-87-9008","street":"CEDRIERE","civicLow":"38","civicHigh":"0","valueLand":"83000","valueBuilding":"191700","valueTotal":"274700","mailAddr":"2235 RUE PATENAUDE","mailCity":null,"mun":null},"geometry":{"type":"MultiPolygon","coordinates":[[[[-71.785237,48.53976],[-71.785318,48.539623],[-71.78565,48.539783],[-71.785524,48.539956],[-71.785237,48.53976]]]]}},{"type":"Feature","properties":{"owner1":"LEGAULT DENIS","owner2":null,"matricule":"1074-96-3069","street":"DE QUEN","civicLow":"80","civicHigh":"0","valueLand":"34500","valueBuilding":"102100","valueTotal":"136600","mailAddr":"112 1ER CHEMIN","mailCity":null,"mun":null},"geometry":{"type":"MultiPolygon","coordinates":[[[[-71.770747,48.503614],[-71.770774,48.503888],[-71.770109,48.503781],[-71.770199,48.50337],[-71.770738,48.503447],[-71.770747,48.503614]]]]}},{"type":"Feature","properties":{"owner1":"MINISTERE DE L'ENERGIE ET RESSOURCES","owner2":null,"matricule":"1081-21-2391","street":"LAC-ST-JEAN","civicLow":"0","civicHigh":"0","valueLand":"500","valueBuilding":"0","valueTotal":"500","mailAddr":"5700 4IEME AVENUE OUEST","mailCity":null,"mun":null},"geometry":{"type":"MultiPolygon","coordinates":[[[[-71.781599,48.562469],[-71.781266,48.562421],[-71.781006,48.561952],[-71.781266,48.561934],[-71.781356,48.561815],[-71.781733,48.561928],[-71.781877,48.56213],[-71.781599,48.562469]]]]}},{"type":"Feature","properties":{"owner1":"MINISTERE DE L'ENERGIE ET RESSOURCES","owner2":null,"matricule":"1081-31-8605","street":"LAC-ST-JEAN","civicLow":"0","civicHigh":"0","valueLand":"1000","valueBuilding":"0","valueTotal":"1000","mailAddr":"5700 4IEME AVENUE OUEST","mailCity":null,"mun":null},"geometry":{"type":"MultiPolygon","coordinates":[[[[-71.778338,48.560388],[-71.778859,48.560786],[-71.779272,48.560703],[-71.779443,48.560775],[-71.779685,48.561464],[-71.779775,48.561553],[-71.780215,48.561571],[-71.780503,48.561785],[-71.780269,48.562041],[-71.779281,48.56213],[-71.778895,48.562516],[-71.778463,48.56238],[-71.778266,48.562065],[-71.778814,48.561779],[-71.778975,48.561518],[-71.778832,48.561232],[-71.77796,48.560638],[-71.77823,48.56037],[-71.778338,48.560388]]]]}},{"type":"Feature","properties":{"owner1":"MINISTRE DU DEVELOPPEMENT DURABLE DE","owner2":null,"matricule":"1081-40-6478","street":"LAC-ST-JEAN","civicLow":"0","civicHigh":"0","valueLand":"500","valueBuilding":"0","valueTotal":"500","mailAddr":"675 BOUL. RENE-LEVESQUE EST,  29E ETAGE","mailCity":null,"mun":null},"geometry":{"type":"MultiPolygon","coordinates":[[[[-71.778176,48.562528],[-71.777889,48.56197],[-71.778643,48.561506],[-71.778428,48.561298],[-71.778302,48.561565],[-71.777844,48.561458],[-71.777628,48.561262],[-71.777664,48.561131],[-71.778014,48.56103],[-71.778122,48.560816],[-71.777871,48.56059],[-71.778095,48.56043],[-71.778023,48.560174],[-71.778158,48.55999],[-71.778365,48.559984],[-71.778832,48.560192],[-71.778904,48.560501],[-71.779236,48.560442],[-71.779721,48.560584],[-71.779874,48.560763],[-71.779901,48.561339],[-71.780467,48.561357],[-71.780925,48.561797],[-71.781302,48.561595],[-71.781697,48.561643],[-71.782263,48.562077],[-71.782048,48.562594],[-71.781724,48.562736],[-71.781033,48.562618],[-71.78079,48.562053],[-71.780368,48.562279],[-71.77955,48.562332],[-71.77902,48.562784],[-71.778697,48.562772],[-71.778176,48.562528]]],[[[-71.779047,48.56235],[-71.779281,48.56213],[-71.780269,48.562041],[-71.780503,48.561785],[-71.780215,48.561571],[-71.779775,48.561553],[-71.779685,48.561464],[-71.779443,48.560775],[-71.779272,48.560703],[-71.778859,48.560786],[-71.77823,48.56037],[-71.77796,48.560638],[-71.778832,48.561232],[-71.778975,48.561518],[-71.778814,48.561779],[-71.778266,48.562065],[-71.778463,48.56238],[-71.778895,48.562516],[-71.779047,48.56235]]],[[[-71.781266,48.561934],[-71.781006,48.561952],[-71.781266,48.562421],[-71.781679,48.562457],[-71.781877,48.56213],[-71.781733,48.561928],[-71.781356,48.561815],[-71.781266,48.561934]]]]}},{"type":"Feature","properties":{"owner1":"LAVOIE HELENE","owner2":null,"matricule":"1077-53-4667","street":"BOISE","civicLow":"4","civicHigh":"0","valueLand":"54900","valueBuilding":"486700","valueTotal":"541600","mailAddr":"4 CHEMIN DU BOISE","mailCity":null,"mun":null},"geometry":{"type":"MultiPolygon","coordinates":[[[[-71.775822,48.527315],[-71.776406,48.527428],[-71.77655,48.528232],[-71.776227,48.528297],[-71.775822,48.527315]]]]}},{"type":"Feature","properties":{"owner1":"125269 CANADA INC","owner2":null,"matricule":"1077-53-1370","street":"BOISE","civicLow":"0","civicHigh":"0","valueLand":"48600","valueBuilding":"0","valueTotal":"48600","mailAddr":"389 RANG 5 OUEST","mailCity":null,"mun":null},"geometry":{"type":"MultiPolygon","coordinates":[[[[-71.776406,48.527428],[-71.776927,48.527524],[-71.776882,48.528202],[-71.77655,48.528232],[-71.776406,48.527428]]]]}},{"type":"Feature","properties":{"owner1":"BILODEAU LUC","owner2":null,"matricule":"1077-43-8173","street":"BOISE","civicLow":"0","civicHigh":"0","valueLand":"46900","valueBuilding":"0","valueTotal":"46900","mailAddr":"2145 RUE DU MUGUET","mailCity":null,"mun":null},"geometry":{"type":"MultiPolygon","coordinates":[[[[-71.777466,48.527625],[-71.777215,48.528226],[-71.776882,48.528202],[-71.776927,48.527524],[-71.777466,48.527625]]]]}},{"type":"Feature","properties":{"owner1":"NADON FANNY","owner2":"NADON FRANCOIS","matricule":"0972-83-0686","street":"DE QUEN","civicLow":"510","civicHigh":"512","valueLand":"22300","valueBuilding":"59600","valueTotal":"81900","mailAddr":"512 RUE DE QUEN","mailCity":null,"mun":null},"geometry":{"type":"MultiPolygon","coordinates":[[[[-71.784824,48.482962],[-71.785084,48.482742],[-71.785425,48.482915],[-71.785174,48.483099],[-71.784824,48.482962]]]]}},{"type":"Feature","properties":{"owner1":"S.I.A.L.","owner2":null,"matricule":"0977-74-2403","street":"ADELARD-GAUTHIER","civicLow":"0","civicHigh":"0","valueLand":"24300","valueBuilding":"0","valueTotal":"24300","mailAddr":"1655 RUE POWELL","mailCity":null,"mun":null},"geometry":{"type":"MultiPolygon","coordinates":[[[[-71.787914,48.528267],[-71.788013,48.528166],[-71.787024,48.52813],[-71.786539,48.527762],[-71.786126,48.527898],[-71.786063,48.527732],[-71.786701,48.527607],[-71.786962,48.527857],[-71.787294,48.52797],[-71.788013,48.527833],[-71.788444,48.527886],[-71.788183,48.528005],[-71.788363,48.52819],[-71.788111,48.528374],[-71.787977,48.528386],[-71.787914,48.528267]]]]}},{"type":"Feature","properties":{"owner1":"BOUCHARD PATRICE","owner2":"GAUDREAULT JASMYNE","matricule":"1075-84-0242","street":"LAC-ST-JEAN","civicLow":"0","civicHigh":"0","valueLand":"600","valueBuilding":"0","valueTotal":"600","mailAddr":"85 CHEMIN DE LA POINTE-DU-LAC","mailCity":null,"mun":null},"geometry":{"type":"MultiPolygon","coordinates":[[[[-71.772301,48.510643],[-71.772238,48.510536],[-71.772463,48.510494],[-71.772517,48.510595],[-71.772301,48.510643]]]]}},{"type":"Feature","properties":{"owner1":"S.I.A.L.","owner2":null,"matricule":"1075-61-7216","street":"TOUR","civicLow":"0","civicHigh":"0","valueLand":"34000","valueBuilding":"0","valueTotal":"34000","mailAddr":"1655 RUE POWELL","mailCity":null,"mun":null},"geometry":{"type":"MultiPolygon","coordinates":[[[[-71.773217,48.507405],[-71.773163,48.507346],[-71.774888,48.507673],[-71.774798,48.507828],[-71.773514,48.507602],[-71.773217,48.507405]]]]}},{"type":"Feature","properties":{"owner1":"GAUDREAULT MARIE-ELISE","owner2":null,"matricule":"0974-94-8148","street":"POINTE-DU-LAC","civicLow":"41","civicHigh":"0","valueLand":"115300","valueBuilding":"266900","valueTotal":"382200","mailAddr":"41 CHEMIN DE LA POINTE-DU-LAC","mailCity":null,"mun":null},"geometry":{"type":"MultiPolygon","coordinates":[[[[-71.782712,48.50134],[-71.782802,48.501239],[-71.783772,48.50165],[-71.783647,48.501727],[-71.782712,48.50134]]]]}},{"type":"Feature","properties":{"owner1":"DESSUREAULT YANN","owner2":"POTVIN MYRIAM","matricule":"1178-56-2614","street":"RANCH","civicLow":"0","civicHigh":"0","valueLand":"74200","valueBuilding":"0","valueTotal":"74200","mailAddr":"32 CHEMIN DU RANCH","mailCity":null,"mun":null},"geometry":{"type":"MultiPolygon","coordinates":[[[[-71.769732,48.540348],[-71.769489,48.540943],[-71.756239,48.538725],[-71.756805,48.53738],[-71.770585,48.539766],[-71.770379,48.540277],[-71.770199,48.540241],[-71.770127,48.54042],[-71.769732,48.540348]]]]}},{"type":"Feature","properties":{"owner1":"TREMBLAY DANY","owner2":"McNICOLL JACINTHE","matricule":"0972-62-0383","street":"DE QUEN","civicLow":"549","civicHigh":"0","valueLand":"32300","valueBuilding":"135500","valueTotal":"167800","mailAddr":"549 RUE DE QUEN","mailCity":null,"mun":null},"geometry":{"type":"MultiPolygon","coordinates":[[[[-71.788147,48.481754],[-71.788201,48.482212],[-71.787492,48.482081],[-71.787509,48.481843],[-71.788147,48.481754]]]]}},{"type":"Feature","properties":{"owner1":"TREMBLAY STEPHANE","owner2":null,"matricule":"1076-52-7440","street":"ETANG","civicLow":"201","civicHigh":"202","valueLand":"128400","valueBuilding":"337200","valueTotal":"465600","mailAddr":"202 CHEMIN DE L'ETANG","mailCity":null,"mun":null},"geometry":{"type":"MultiPolygon","coordinates":[[[[-71.776002,48.517647],[-71.775921,48.517843],[-71.775194,48.517754],[-71.775346,48.517528],[-71.776002,48.517647]]]]}},{"type":"Feature","properties":{"owner1":"ST-PIERRE GUYLAINE","owner2":"BOILY DANIEL","matricule":"1471-72-7915","street":"4","civicLow":"1193","civicHigh":"0","valueLand":"71800","valueBuilding":"107700","valueTotal":"179500","mailAddr":"1193 RANG 4","mailCity":null,"mun":null},"geometry":{"type":"MultiPolygon","coordinates":[[[[-71.716812,48.473429],[-71.717171,48.472601],[-71.71842,48.472821],[-71.71807,48.473655],[-71.716812,48.473429]]]]}},{"type":"Feature","properties":{"owner1":"S.I.A.L.","owner2":null,"matricule":"1077-62-2473","street":"ADELARD-GAUTHIER","civicLow":"0","civicHigh":"0","valueLand":"100","valueBuilding":"0","valueTotal":"100","mailAddr":"1655 RUE POWELL","mailCity":null,"mun":null},"geometry":{"type":"MultiPolygon","coordinates":[[[[-71.775571,48.527196],[-71.775562,48.527268],[-71.775319,48.527167],[-71.774834,48.526744],[-71.775571,48.527196]]]]}},{"type":"Feature","properties":{"owner1":"GRAVEL ALEXANDRE DIT ALEX","owner2":"LAPRISE JOSEE","matricule":"1074-16-7324","street":"POINTE-DU-LAC","civicLow":"71","civicHigh":"0","valueLand":"171300","valueBuilding":"119800","valueTotal":"291100","mailAddr":"1545 CHEMIN DU RUISSEAU","mailCity":null,"mun":null},"geometry":{"type":"MultiPolygon","coordinates":[[[[-71.780224,48.502846],[-71.780548,48.502769],[-71.78114,48.503299],[-71.780709,48.503471],[-71.780224,48.502846]]]]}},{"type":"Feature","properties":{"owner1":"GAGNON CHARLES","owner2":"SIROIS GAGNON FELIX","matricule":"1074-16-5108","street":"POINTE-DU-LAC","civicLow":"69","civicHigh":"0","valueLand":"150000","valueBuilding":"146600","valueTotal":"296600","mailAddr":"348 8E RUE","mailCity":null,"mun":null},"geometry":{"type":"MultiPolygon","coordinates":[[[[-71.780548,48.502769],[-71.780808,48.502632],[-71.781383,48.50315],[-71.78114,48.503299],[-71.780548,48.502769]]]]}},{"type":"Feature","properties":{"owner1":"SIMARD JACQUELIN","owner2":null,"matricule":"1074-15-3797","street":"POINTE-DU-LAC","civicLow":"67","civicHigh":"0","valueLand":"105300","valueBuilding":"64700","valueTotal":"170000","mailAddr":"65 RUE DES ROSEAUX","mailCity":null,"mun":null},"geometry":{"type":"MultiPolygon","coordinates":[[[[-71.780808,48.502632],[-71.780934,48.502567],[-71.7815,48.503078],[-71.781383,48.50315],[-71.780808,48.502632]]]]}},{"type":"Feature","properties":{"owner1":"TRUCHON JULIE","owner2":"BARRETTE SYLVAIN","matricule":"1074-15-2690","street":"POINTE-DU-LAC","civicLow":"65","civicHigh":"0","valueLand":"108400","valueBuilding":"64700","valueTotal":"173100","mailAddr":"111 1ER CHEMIN","mailCity":null,"mun":null},"geometry":{"type":"MultiPolygon","coordinates":[[[[-71.780934,48.502567],[-71.781033,48.502513],[-71.781679,48.502977],[-71.7815,48.503078],[-71.780934,48.502567]]]]}},{"type":"Feature","properties":{"owner1":"S.I.A.L.","owner2":null,"matricule":"1074-59-0959","street":"BERNACHES","civicLow":"0","civicHigh":"0","valueLand":"9600","valueBuilding":"0","valueTotal":"9600","mailAddr":"2030 RUE BOUCHARD","mailCity":null,"mun":null},"geometry":{"type":"MultiPolygon","coordinates":[[[[-71.776047,48.506132],[-71.776325,48.50609],[-71.776325,48.506227],[-71.776047,48.506132]]]]}},{"type":"Feature","properties":{"owner1":"BERGERON RACHELLE","owner2":null,"matricule":"1077-62-0038","street":"ADELARD-GAUTHIER","civicLow":"6","civicHigh":"0","valueLand":"224600","valueBuilding":"193500","valueTotal":"418100","mailAddr":"6 CHEMIN ADELARD-GAUTHIER","mailCity":null,"mun":null},"geometry":{"type":"MultiPolygon","coordinates":[[[[-71.775912,48.52612],[-71.776038,48.526108],[-71.775768,48.526667],[-71.775373,48.527125],[-71.774861,48.526697],[-71.775212,48.526649],[-71.775364,48.526274],[-71.775912,48.52612]]],[[[-71.774834,48.527137],[-71.774834,48.526822],[-71.775562,48.527268],[-71.774834,48.527137]]]]}},{"type":"Feature","properties":{"owner1":"TREMBLAY MARIO","owner2":"LAROSE MELANIE","matricule":"1077-44-5471","street":"BOISE","civicLow":"13","civicHigh":"0","valueLand":"50900","valueBuilding":"286800","valueTotal":"337700","mailAddr":"13 CHEMIN DU BOISE","mailCity":null,"mun":null},"geometry":{"type":"MultiPolygon","coordinates":[[[[-71.777323,48.528368],[-71.777844,48.528416],[-71.777565,48.529225],[-71.777242,48.52913],[-71.777323,48.528368]]]]}},{"type":"Feature","properties":{"owner1":"AUDET MONIQUE","owner2":null,"matricule":"1072-05-3889","street":"DE QUEN","civicLow":"458","civicHigh":"0","valueLand":"29900","valueBuilding":"150800","valueTotal":"180700","mailAddr":"458 RUE DE QUEN","mailCity":null,"mun":null},"geometry":{"type":"MultiPolygon","coordinates":[[[[-71.781652,48.484713],[-71.781688,48.484558],[-71.782506,48.484856],[-71.782191,48.485112],[-71.781652,48.484713]]]]}},{"type":"Feature","properties":{"owner1":"ROY GAETAN","owner2":null,"matricule":"1072-35-1483","street":"RUISSEAU","civicLow":"1571","civicHigh":"0","valueLand":"35000","valueBuilding":"134000","valueTotal":"169000","mailAddr":"1571 CHEMIN DU RUISSEAU","mailCity":null,"mun":null},"geometry":{"type":"MultiPolygon","coordinates":[[[[-71.778966,48.484743],[-71.778886,48.484933],[-71.77849,48.484856],[-71.778401,48.485064],[-71.777951,48.484987],[-71.778122,48.484588],[-71.778966,48.484743]]]]}},{"type":"Feature","properties":{"owner1":"INVESTISSEMENT SERVICE PLUS INC.","owner2":null,"matricule":"0972-71-9044","street":"COULOMBE","civicLow":"14","civicHigh":"0","valueLand":"45700","valueBuilding":"305500","valueTotal":"351200","mailAddr":"1394 RUE LE PAGE","mailCity":null,"mun":null},"geometry":{"type":"MultiPolygon","coordinates":[[[[-71.78477,48.480944],[-71.784994,48.480414],[-71.785794,48.480551],[-71.785569,48.481093],[-71.78477,48.480944]]]]}},{"type":"Feature","properties":{"owner1":"PLACEMENT H.D. INC","owner2":null,"matricule":"1077-14-4680","street":"BOISE","civicLow":"0","civicHigh":"0","valueLand":"46400","valueBuilding":"0","valueTotal":"46400","mailAddr":"4 CHEMIN DU BOISE","mailCity":null,"mun":null},"geometry":{"type":"MultiPolygon","coordinates":[[[[-71.781338,48.529124],[-71.781643,48.528398],[-71.782021,48.52847],[-71.781724,48.529154],[-71.781338,48.529124]]]]}},{"type":"Feature","properties":{"owner1":"SIMARD STEPHANE","owner2":"PARADIS GILBERT CYNTHIA","matricule":"1077-04-7996","street":"BOISE","civicLow":"58","civicHigh":"0","valueLand":"46800","valueBuilding":"284600","valueTotal":"331400","mailAddr":"58 CHEMIN DU BOISE","mailCity":null,"mun":null},"geometry":{"type":"MultiPolygon","coordinates":[[[[-71.78291,48.52863],[-71.782632,48.529302],[-71.782227,48.529237],[-71.782515,48.528559],[-71.78291,48.52863]]]]}},{"type":"Feature","properties":{"owner1":"DESSUREAULT YANN","owner2":"POTVIN MYRIAM","matricule":"1078-68-7349","street":"RANCH","civicLow":"0","civicHigh":"0","valueLand":"100","valueBuilding":"0","valueTotal":"100","mailAddr":"32 CHEMIN DU RANCH","mailCity":null,"mun":null},"geometry":{"type":"MultiPolygon","coordinates":[[[[-71.777457,48.541812],[-71.770127,48.54042],[-71.770199,48.540241],[-71.777565,48.541645],[-71.778868,48.541419],[-71.779685,48.541461],[-71.779739,48.541657],[-71.778931,48.541591],[-71.778005,48.541817],[-71.777457,48.541812]]]]}},{"type":"Feature","properties":{"owner1":"LEPAGE MARC-ALEXANDRE","owner2":"GAGNON ANNIE","matricule":"1076-72-7535","street":"ETANG","civicLow":"56","civicHigh":"0","valueLand":"26500","valueBuilding":"152600","valueTotal":"179100","mailAddr":"56 CHEMIN DE L'ETANG","mailCity":null,"mun":null},"geometry":{"type":"MultiPolygon","coordinates":[[[[-71.773127,48.517558],[-71.773325,48.517748],[-71.772597,48.517831],[-71.772615,48.517522],[-71.773127,48.517558]]]]}},{"type":"Feature","properties":{"owner1":"S.I.A.L.","owner2":null,"matricule":"1079-26-9085","street":"ILES","civicLow":"0","civicHigh":"0","valueLand":"112300","valueBuilding":"0","valueTotal":"112300","mailAddr":"3310 DES POMMETIERS","mailCity":null,"mun":null},"geometry":{"type":"MultiPolygon","coordinates":[[[[-71.779775,48.548621],[-71.780215,48.548544],[-71.780296,48.548341],[-71.78044,48.548383],[-71.780314,48.548787],[-71.779775,48.548621]]]]}},{"type":"Feature","properties":{"owner1":"NERON DONALD","owner2":null,"matricule":"1073-66-8170","street":"LAVOIE","civicLow":"109","civicHigh":"0","valueLand":"25100","valueBuilding":"109200","valueTotal":"134300","mailAddr":"109 RUE LAVOIE","mailCity":null,"mun":null},"geometry":{"type":"MultiPolygon","coordinates":[[[[-71.773873,48.494507],[-71.773648,48.494816],[-71.77328,48.494709],[-71.773496,48.494406],[-71.773873,48.494507]]]]}},{"type":"Feature","properties":{"owner1":"OUELLET DANIEL","owner2":"TURCOTTE AUDREY","matricule":"1073-66-9597","street":"LAVOIE","civicLow":"101","civicHigh":"0","valueLand":"18600","valueBuilding":"125300","valueTotal":"143900","mailAddr":"101 RUE LAVOIE","mailCity":null,"mun":null},"geometry":{"type":"MultiPolygon","coordinates":[[[[-71.773648,48.494816],[-71.773541,48.494971],[-71.773145,48.494894],[-71.77328,48.494709],[-71.773648,48.494816]]]]}},{"type":"Feature","properties":{"owner1":"SIMARD RUTH","owner2":"ST-GEORGES PIERRE","matricule":"1079-21-2972","street":"QUAI","civicLow":"4","civicHigh":"0","valueLand":"45800","valueBuilding":"85200","valueTotal":"131000","mailAddr":"947 AVENUE DES CHENES","mailCity":null,"mun":null},"geometry":{"type":"MultiPolygon","coordinates":[[[[-71.780278,48.544066],[-71.780323,48.543887],[-71.780907,48.543869],[-71.781509,48.543911],[-71.78159,48.54403],[-71.781572,48.544161],[-71.780278,48.544066]]]]}},{"type":"Feature","properties":{"owner1":"GIRARD PIERRE","owner2":"BRIAND SYLVIE","matricule":"1079-11-6504","street":"QUAI","civicLow":"208","civicHigh":"0","valueLand":"180300","valueBuilding":"398900","valueTotal":"579200","mailAddr":"208 CHEMIN DU QUAI","mailCity":null,"mun":null},"geometry":{"type":"MultiPolygon","coordinates":[[[[-71.781715,48.543572],[-71.781572,48.544161],[-71.781634,48.543679],[-71.781554,48.54356],[-71.781302,48.543542],[-71.7815,48.543263],[-71.782182,48.542977],[-71.782111,48.543596],[-71.781715,48.543572]]]]}},{"type":"Feature","properties":{"owner1":"HARVEY CYNTHIA","owner2":"PERRON ETIENNE","matricule":"1074-49-8313","street":"BERNACHES","civicLow":"105","civicHigh":"0","valueLand":"21100","valueBuilding":"65200","valueTotal":"86300","mailAddr":"1673 RUE CASTNER","mailCity":null,"mun":null},"geometry":{"type":"MultiPolygon","coordinates":[[[[-71.776811,48.505703],[-71.776532,48.505894],[-71.776352,48.50562],[-71.776811,48.505703]]]]}},{"type":"Feature","properties":{"owner1":"LEVESQUE LOUISE","owner2":null,"matricule":"1080-48-6590","street":"BAIE-DES-GIRARD","civicLow":"107","civicHigh":"0","valueLand":"147300","valueBuilding":"311400","valueTotal":"458700","mailAddr":"107 CHEMIN DE LA BAIE-DES-GIRARD","mailCity":null,"mun":null},"geometry":{"type":"MultiPolygon","coordinates":[[[[-71.777862,48.559258],[-71.777951,48.559062],[-71.778149,48.559104],[-71.778068,48.559264],[-71.778428,48.559342],[-71.778392,48.559401],[-71.777862,48.559258]]],[[[-71.77788,48.559603],[-71.777898,48.559324],[-71.778436,48.559478],[-71.778419,48.559651],[-71.778095,48.55958],[-71.778023,48.559734],[-71.77788,48.559603]]]]}},{"type":"Feature","properties":{"owner1":"MICHARD ALAIN","owner2":null,"matricule":"1080-59-2401","street":"BAIE-DES-GIRARD","civicLow":"4","civicHigh":"0","valueLand":"104400","valueBuilding":"83800","valueTotal":"188200","mailAddr":"1474 RUE FAUCHER","mailCity":null,"mun":null},"geometry":{"type":"MultiPolygon","coordinates":[[[[-71.777457,48.559734],[-71.777125,48.559687],[-71.777134,48.559413],[-71.777529,48.559526],[-71.777565,48.559746],[-71.777457,48.559734]]]]}},{"type":"Feature","properties":{"owner1":"3100-8683 QUEBEC INC","owner2":null,"matricule":"1080-36-9892","street":"DOMAINE-DES-CEDRES","civicLow":"0","civicHigh":"0","valueLand":"29000","valueBuilding":"0","valueTotal":"29000","mailAddr":"1402-3315 RUE FRANCE-PRIME","mailCity":null,"mun":null},"geometry":{"type":"MultiPolygon","coordinates":[[[[-71.779011,48.557308],[-71.779218,48.557082],[-71.779523,48.557148],[-71.779676,48.55732],[-71.778742,48.558313],[-71.778266,48.558123],[-71.779011,48.557308]]]]}},{"type":"Feature","properties":{"owner1":"TREMBLAY DANIEL","owner2":null,"matricule":"1080-59-2627","street":"BAIE-DES-GIRARD","civicLow":"6","civicHigh":"0","valueLand":"99500","valueBuilding":"94700","valueTotal":"194200","mailAddr":"60 AVENUE MONTMARTRE","mailCity":null,"mun":null},"geometry":{"type":"MultiPolygon","coordinates":[[[[-71.777457,48.559734],[-71.777655,48.560008],[-71.77708,48.559871],[-71.777125,48.559687],[-71.777457,48.559734]]]]}},{"type":"Feature","properties":{"owner1":"AUDET JEREMY","owner2":null,"matricule":"1072-18-7519","street":"DE QUEN","civicLow":"418","civicHigh":"0","valueLand":"27500","valueBuilding":"86200","valueTotal":"113700","mailAddr":"418 RUE DE QUEN","mailCity":null,"mun":null},"geometry":{"type":"MultiPolygon","coordinates":[[[[-71.779973,48.48694],[-71.779676,48.486648],[-71.780637,48.486851],[-71.780467,48.487047],[-71.779973,48.48694]]]]}},{"type":"Feature","properties":{"owner1":"SIMARD ELIZABETH","owner2":"BOUCHARD JOSEE","matricule":"1074-70-4085","street":"DE QUEN","civicLow":"140","civicHigh":"0","valueLand":"28600","valueBuilding":"181900","valueTotal":"210500","mailAddr":"140 RUE DE QUEN","mailCity":null,"mun":null},"geometry":{"type":"MultiPolygon","coordinates":[[[[-71.772445,48.498406],[-71.772633,48.498168],[-71.773289,48.498287],[-71.7731,48.498531],[-71.772445,48.498406]]]]}},{"type":"Feature","properties":{"owner1":"GAGNON CHARLES","owner2":"CHABOT VIRGINIE","matricule":"1079-31-2858","street":"ILES","civicLow":"367","civicHigh":"0","valueLand":"65100","valueBuilding":"187900","valueTotal":"253000","mailAddr":"367 RANG DES ILES","mailCity":null,"mun":null},"geometry":{"type":"MultiPolygon","coordinates":[[[[-71.779002,48.544244],[-71.779236,48.54337],[-71.780224,48.543548],[-71.78,48.544428],[-71.779002,48.544244]]]]}},{"type":"Feature","properties":{"owner1":"BOUCHARD CLAIRE","owner2":null,"matricule":"1079-32-4927","street":"ILES","civicLow":"359","civicHigh":"0","valueLand":"55200","valueBuilding":"133200","valueTotal":"188400","mailAddr":"359 RANG DES ILES","mailCity":null,"mun":null},"geometry":{"type":"MultiPolygon","coordinates":[[[[-71.77929,48.544726],[-71.779281,48.544999],[-71.778679,48.544892],[-71.778805,48.544202],[-71.78,48.544428],[-71.779892,48.544833],[-71.77929,48.544726]]]]}},{"type":"Feature","properties":{"owner1":"GAGNON JOEL","owner2":"LESSARD CLAUDIA","matricule":"1079-32-3171","street":"ILES","civicLow":"355","civicHigh":"0","valueLand":"27600","valueBuilding":"138200","valueTotal":"165800","mailAddr":"355 RANG DES ILES","mailCity":null,"mun":null},"geometry":{"type":"MultiPolygon","coordinates":[[[[-71.779892,48.544833],[-71.779874,48.545106],[-71.779281,48.544999],[-71.77929,48.544726],[-71.779892,48.544833]]]]}},{"type":"Feature","properties":{"owner1":"S.I.A.L","owner2":"S.I.A.L.","matricule":"1077-42-0349","street":"ADELARD-GAUTHIER","civicLow":"0","civicHigh":"0","valueLand":"4200","valueBuilding":"800","valueTotal":"5000","mailAddr":"106 CHEMIN ADELARD-GAUTHIER","mailCity":null,"mun":null},"geometry":{"type":"MultiPolygon","coordinates":[[[[-71.778113,48.526685],[-71.778293,48.526697],[-71.778203,48.526816],[-71.777987,48.526768],[-71.778113,48.526685]]]]}},{"type":"Feature","properties":{"owner1":"S.I.A.L.","owner2":null,"matricule":"1077-42-0739","street":"ADELARD-GAUTHIER","civicLow":"0","civicHigh":"0","valueLand":"95800","valueBuilding":"0","valueTotal":"95800","mailAddr":"1655 RUE POWELL","mailCity":null,"mun":null},"geometry":{"type":"MultiPolygon","coordinates":[[[[-71.7777,48.527071],[-71.776846,48.526786],[-71.776379,48.526233],[-71.77602,48.526108],[-71.775364,48.526274],[-71.775212,48.526649],[-71.774861,48.526697],[-71.775023,48.526102],[-71.775436,48.525905],[-71.775939,48.526007],[-71.776586,48.526244],[-71.776999,48.52678],[-71.777664,48.526887],[-71.777933,48.526572],[-71.77849,48.526375],[-71.778805,48.526024],[-71.778904,48.525656],[-71.77876,48.52556],[-71.779101,48.52534],[-71.77885,48.524983],[-71.778904,48.524793],[-71.77911,48.524751],[-71.779371,48.524834],[-71.779667,48.525168],[-71.77911,48.524799],[-71.778993,48.524858],[-71.779209,48.525334],[-71.779029,48.525632],[-71.779182,48.525757],[-71.778895,48.525905],[-71.779119,48.525965],[-71.778293,48.526697],[-71.778113,48.526685],[-71.777709,48.526964],[-71.7777,48.527071]]]]}},{"type":"Feature","properties":{"owner1":"VILLENEUVE ANDRE","owner2":null,"matricule":"1073-31-4131","street":"DE QUEN","civicLow":"338","civicHigh":"0","valueLand":"21000","valueBuilding":"110800","valueTotal":"131800","mailAddr":"338 RUE DE QUEN","mailCity":null,"mun":null},"geometry":{"type":"MultiPolygon","coordinates":[[[[-71.777817,48.489792],[-71.777924,48.489548],[-71.778302,48.489619],[-71.778194,48.489863],[-71.777817,48.489792]]]]}},{"type":"Feature","properties":{"owner1":"S.I.A.L.","owner2":"S.I.A.L.","matricule":"0978-67-0601","street":"BOIS-DE-GRANDMONT","civicLow":"42","civicHigh":"0","valueLand":"275100","valueBuilding":"140000","valueTotal":"415100","mailAddr":"482 RUE NOTRE-DAME EST","mailCity":null,"mun":null},"geometry":{"type":"MultiPolygon","coordinates":[[[[-71.789108,48.540206],[-71.788507,48.539468],[-71.788489,48.539177],[-71.789647,48.538951],[-71.789567,48.539432],[-71.790402,48.539581],[-71.790124,48.539712],[-71.79033,48.540057],[-71.789755,48.540105],[-71.789324,48.540301],[-71.789108,48.540206]]]]}},{"type":"Feature","properties":{"owner1":"LANDRY DAVID-PIERRE","owner2":"GRONDIN MARIE-EVE","matricule":"1073-73-1897","street":"LAROUCHE","civicLow":"140","civicHigh":"0","valueLand":"25200","valueBuilding":"196900","valueTotal":"222100","mailAddr":"140 RUE LAROUCHE","mailCity":null,"mun":null},"geometry":{"type":"MultiPolygon","coordinates":[[[[-71.772741,48.492239],[-71.772939,48.491959],[-71.773289,48.492042],[-71.773092,48.49237],[-71.772741,48.492239]]]]}},{"type":"Feature","properties":{"owner1":"POTVIN LUCIEN","owner2":null,"matricule":"1072-19-9788","street":"DE QUEN","civicLow":"375","civicHigh":"0","valueLand":"41900","valueBuilding":"114500","valueTotal":"156400","mailAddr":"375 RUE DE QUEN","mailCity":null,"mun":null},"geometry":{"type":"MultiPolygon","coordinates":[[[[-71.779505,48.488327],[-71.779685,48.488113],[-71.780601,48.488327],[-71.780314,48.488666],[-71.779362,48.488494],[-71.779505,48.488327]]]]}},{"type":"Feature","properties":{"owner1":"BERGERON FLORENCE","owner2":null,"matricule":"1275-92-2386","street":"5","civicLow":"1582","civicHigh":"0","valueLand":"52900","valueBuilding":"217500","valueTotal":"270400","mailAddr":"1582 RANG 5","mailCity":null,"mun":null},"geometry":{"type":"MultiPolygon","coordinates":[[[[-71.743348,48.509066],[-71.74413,48.509215],[-71.743869,48.509857],[-71.743456,48.50978],[-71.743393,48.509941],[-71.743016,48.509887],[-71.743348,48.509066]]]]}},{"type":"Feature","properties":{"owner1":"BOUDREAULT RICHARD","owner2":"COUTURE ALINE","matricule":"1073-87-5684","street":"LAROUCHE","civicLow":"95","civicHigh":"0","valueLand":"24100","valueBuilding":"120000","valueTotal":"144100","mailAddr":"95 RUE LAROUCHE","mailCity":null,"mun":null},"geometry":{"type":"MultiPolygon","coordinates":[[[[-71.771528,48.495543],[-71.771331,48.495828],[-71.770936,48.495757],[-71.771133,48.495471],[-71.771528,48.495543]]]]}},{"type":"Feature","properties":{"owner1":"FORTIN DANY","owner2":"FORTIN LISETTE","matricule":"1073-77-6778","street":"BOLDUC","civicLow":"123","civicHigh":"0","valueLand":"16800","valueBuilding":"268500","valueTotal":"285300","mailAddr":"123 RUE BOLDUC","mailCity":null,"mun":null},"geometry":{"type":"MultiPolygon","coordinates":[[[[-71.772651,48.495489],[-71.77249,48.495721],[-71.772247,48.495674],[-71.772409,48.495447],[-71.772651,48.495489]]]]}},{"type":"Feature","properties":{"owner1":"FORTIN LOUIS-JOSEPH","owner2":null,"matricule":"1073-77-5348","street":"LEVESQUE","civicLow":"128","civicHigh":"0","valueLand":"18500","valueBuilding":"94400","valueTotal":"112900","mailAddr":"128 RUE LEVESQUE","mailCity":null,"mun":null},"geometry":{"type":"MultiPolygon","coordinates":[[[[-71.772409,48.495447],[-71.772562,48.495168],[-71.772831,48.495221],[-71.772651,48.495489],[-71.772409,48.495447]]]]}},{"type":"Feature","properties":{"owner1":"LACHANCE DENIS","owner2":"LACHANCE LOUISE","matricule":"1073-77-3554","street":"LEVESQUE","civicLow":"120","civicHigh":"0","valueLand":"17400","valueBuilding":"107000","valueTotal":"124400","mailAddr":"120 RUE LEVESQUE","mailCity":null,"mun":null},"geometry":{"type":"MultiPolygon","coordinates":[[[[-71.773074,48.495269],[-71.772903,48.495519],[-71.77266,48.495471],[-71.772831,48.495221],[-71.773074,48.495269]]]]}},{"type":"Feature","properties":{"owner1":"CLAVEAU BERNARD","owner2":null,"matricule":"1073-77-1860","street":"LEVESQUE","civicLow":"118","civicHigh":"0","valueLand":"17400","valueBuilding":"97700","valueTotal":"115100","mailAddr":"118 RUE LEVESQUE","mailCity":null,"mun":null},"geometry":{"type":"MultiPolygon","coordinates":[[[[-71.773307,48.49531],[-71.773136,48.49556],[-71.772903,48.495519],[-71.773074,48.495269],[-71.773307,48.49531]]]]}},{"type":"Feature","properties":{"owner1":"GAGNE LILY","owner2":null,"matricule":"1073-77-4085","street":"LAVOIE","civicLow":"91","civicHigh":"0","valueLand":"24600","valueBuilding":"120600","valueTotal":"145200","mailAddr":"91 RUE LAVOIE","mailCity":null,"mun":null},"geometry":{"type":"MultiPolygon","coordinates":[[[[-71.772651,48.495489],[-71.773136,48.49556],[-71.772966,48.49581],[-71.77249,48.495721],[-71.772651,48.495489]]]]}},{"type":"Feature","properties":{"owner1":"COCHRANE SEBASTIEN","owner2":null,"matricule":"1073-77-8773","street":"BOLDUC","civicLow":"125","civicHigh":"0","valueLand":"18300","valueBuilding":"201700","valueTotal":"220000","mailAddr":"125 RUE BOLDUC","mailCity":null,"mun":null},"geometry":{"type":"MultiPolygon","coordinates":[[[[-71.772391,48.495465],[-71.772247,48.495674],[-71.771996,48.495632],[-71.772014,48.4954],[-71.772391,48.495465]]]]}},{"type":"Feature","properties":{"owner1":"COTE DENISE","owner2":"COTE ALINE","matricule":"1074-76-9842","street":"MORILLONS","civicLow":"0","civicHigh":"0","valueLand":"10100","valueBuilding":"0","valueTotal":"10100","mailAddr":"2045 7E RANG OUEST","mailCity":null,"mun":null},"geometry":{"type":"MultiPolygon","coordinates":[[[[-71.772436,48.503328],[-71.772445,48.503471],[-71.772005,48.503394],[-71.772005,48.503251],[-71.772436,48.503328]]]]}},{"type":"Feature","properties":{"owner1":"COTE LINE","owner2":null,"matricule":"1074-76-9714","street":"MORILLONS","civicLow":"0","civicHigh":"0","valueLand":"10100","valueBuilding":"1200","valueTotal":"11300","mailAddr":"4071 CHEMIN SAINT-DAMIEN","mailCity":null,"mun":null},"geometry":{"type":"MultiPolygon","coordinates":[[[[-71.772436,48.503072],[-71.772436,48.503215],[-71.772005,48.503138],[-71.772005,48.502995],[-71.772436,48.503072]]]]}},{"type":"Feature","properties":{"owner1":"S.I.A.L.","owner2":null,"matricule":"0978-87-1067","street":"CEDRIERE","civicLow":"46","civicHigh":"0","valueLand":"110500","valueBuilding":"141600","valueTotal":"252100","mailAddr":"1235 RUE LANGELIER SUD","mailCity":null,"mun":null},"geometry":{"type":"MultiPolygon","coordinates":[[[[-71.786243,48.540366],[-71.786467,48.540116],[-71.786818,48.540253],[-71.78653,48.540497],[-71.786243,48.540366]]]]}},{"type":"Feature","properties":{"owner1":"GAGNON MICHELLE","owner2":"TREMBLAY ROBERT","matricule":"1075-86-8009","street":"DOMAINE-GRANDMONT","civicLow":"13","civicHigh":"0","valueLand":"68300","valueBuilding":"224800","valueTotal":"293100","mailAddr":"13 CHEMIN DU DOMAINE-GRANDMONT","mailCity":null,"mun":null},"geometry":{"type":"MultiPolygon","coordinates":[[[[-71.771825,48.512018],[-71.771753,48.51219],[-71.770756,48.512077],[-71.771151,48.511946],[-71.771825,48.512018]]]]}},{"type":"Feature","properties":{"owner1":"LESUEUR CHARLES","owner2":null,"matricule":"0970-53-0384","street":"BELLE-RIVIERE","civicLow":"1299","civicHigh":"0","valueLand":"101800","valueBuilding":"202600","valueTotal":"304400","mailAddr":"1299 RANG BELLE-RIVIERE","mailCity":null,"mun":null},"geometry":{"type":"MultiPolygon","coordinates":[[[[-71.790204,48.465543],[-71.790672,48.466085],[-71.79007,48.466448],[-71.790258,48.466782],[-71.790213,48.467228],[-71.79113,48.467598],[-71.791246,48.46836],[-71.786566,48.467443],[-71.789171,48.460795],[-71.790456,48.461838],[-71.790474,48.46269],[-71.790025,48.465048],[-71.790204,48.465543]]]]}},{"type":"Feature","properties":{"owner1":"S.I.A.L.","owner2":"S.I.A.L.","matricule":"0978-88-5033","street":"CEDRIERE","civicLow":"47","civicHigh":"0","valueLand":"135300","valueBuilding":"95100","valueTotal":"230400","mailAddr":"23  GABRIEL-LALEMANT","mailCity":null,"mun":null},"geometry":{"type":"MultiPolygon","coordinates":[[[[-71.78636,48.540741],[-71.78583,48.541205],[-71.785659,48.540973],[-71.78636,48.540539],[-71.78636,48.540741]]]]}},{"type":"Feature","properties":{"owner1":"SIMARD CLERMONT","owner2":"BILODEAU NANCY","matricule":"1080-37-0370","street":"DOMAINE-DES-CEDRES","civicLow":"18","civicHigh":"0","valueLand":"155500","valueBuilding":"137200","valueTotal":"292700","mailAddr":"364 RUE DRUILLETTES","mailCity":null,"mun":null},"geometry":{"type":"MultiPolygon","coordinates":[[[[-71.779721,48.558135],[-71.780673,48.558307],[-71.780772,48.558438],[-71.780314,48.558634],[-71.779721,48.558135]]]]}},{"type":"Feature","properties":{"owner1":"TREMBLAY LOUIS","owner2":"BOILY JOHANNE","matricule":"1080-46-9050","street":"ILES","civicLow":"140","civicHigh":"0","valueLand":"29700","valueBuilding":"235000","valueTotal":"264700","mailAddr":"140 RANG DES ILES","mailCity":null,"mun":null},"geometry":{"type":"MultiPolygon","coordinates":[[[[-71.777323,48.557326],[-71.77761,48.556809],[-71.778562,48.556981],[-71.777835,48.557784],[-71.777143,48.557707],[-71.777323,48.557326]]]]}},{"type":"Feature","properties":{"owner1":"S.I.A.L.","owner2":null,"matricule":"1080-38-0358","street":"DOMAINE-DES-CEDRES","civicLow":"0","civicHigh":"0","valueLand":"27500","valueBuilding":"0","valueTotal":"27500","mailAddr":"1655 RUE POWELL","mailCity":null,"mun":null},"geometry":{"type":"MultiPolygon","coordinates":[[[[-71.780179,48.559128],[-71.780503,48.559157],[-71.780233,48.559217],[-71.780179,48.559128]]]]}},{"type":"Feature","properties":{"owner1":"NERON MIREILLE","owner2":null,"matricule":"1080-38-0244","street":"DOMAINE-DES-CEDRES","civicLow":"19","civicHigh":"0","valueLand":"83600","valueBuilding":"242900","valueTotal":"326500","mailAddr":"179 RUE DE LA TERRASSE-DU-FJORD","mailCity":null,"mun":null},"geometry":{"type":"MultiPolygon","coordinates":[[[[-71.780503,48.559157],[-71.780152,48.55908],[-71.780071,48.558961],[-71.780395,48.558955],[-71.780574,48.55908],[-71.780503,48.559157]]]]}},{"type":"Feature","properties":{"owner1":"LAPRISE FRANCOIS","owner2":"TREMBLAY FRANCE","matricule":"1072-19-5504","street":"DE QUEN","civicLow":"389","civicHigh":"0","valueLand":"36100","valueBuilding":"150900","valueTotal":"187000","mailAddr":"389 RUE DE QUEN","mailCity":null,"mun":null},"geometry":{"type":"MultiPolygon","coordinates":[[[[-71.780027,48.487726],[-71.780422,48.487273],[-71.780682,48.48741],[-71.780979,48.487898],[-71.780027,48.487726]]]]}},{"type":"Feature","properties":{"owner1":"OUELLET NORMAND","owner2":null,"matricule":"1072-19-6035","street":"DE QUEN","civicLow":"381","civicHigh":"0","valueLand":"32000","valueBuilding":"242400","valueTotal":"274400","mailAddr":"381 RUE DE QUEN","mailCity":null,"mun":null},"geometry":{"type":"MultiPolygon","coordinates":[[[[-71.78097,48.487898],[-71.781042,48.488107],[-71.779874,48.487892],[-71.780027,48.487726],[-71.78097,48.487898]]]]}},{"type":"Feature","properties":{"owner1":"CLAVEAU REJEAN","owner2":"LAVOIE SUZANNE","matricule":"1073-59-8111","street":"DE QUEN","civicLow":"181","civicHigh":"0","valueLand":"24700","valueBuilding":"129300","valueTotal":"154000","mailAddr":"181 RUE DE QUEN","mailCity":null,"mun":null},"geometry":{"type":"MultiPolygon","coordinates":[[[[-71.775301,48.496703],[-71.775122,48.496947],[-71.774673,48.496805],[-71.774852,48.496561],[-71.775301,48.496703]]]]}},{"type":"Feature","properties":{"owner1":"FORTIN NATHALIE","owner2":null,"matricule":"1075-61-2088","street":"TOUR","civicLow":"117","civicHigh":"0","valueLand":"20400","valueBuilding":"88100","valueTotal":"108500","mailAddr":"2916 RUE DE LA TRAVERSE","mailCity":null,"mun":null},"geometry":{"type":"MultiPolygon","coordinates":[[[[-71.774942,48.508262],[-71.774583,48.508286],[-71.774646,48.508143],[-71.775041,48.508227],[-71.774942,48.508262]]]]}},{"type":"Feature","properties":{"owner1":"S.I.A.L","owner2":null,"matricule":"0972-28-0379","street":"PLAGE","civicLow":"0","civicHigh":"0","valueLand":"136500","valueBuilding":"0","valueTotal":"136500","mailAddr":"1655 RUE POWELL","mailCity":null,"mun":null},"geometry":{"type":"MultiPolygon","coordinates":[[[[-71.792486,48.487684],[-71.792612,48.487446],[-71.792001,48.486416],[-71.792513,48.486505],[-71.792513,48.486392],[-71.791902,48.486118],[-71.791687,48.48582],[-71.79122,48.485826],[-71.791669,48.485648],[-71.791965,48.484725],[-71.791956,48.48457],[-71.791318,48.483951],[-71.793618,48.484374],[-71.793905,48.483677],[-71.793492,48.483367],[-71.793447,48.483201],[-71.794876,48.483469],[-71.794624,48.482736],[-71.795082,48.48282],[-71.795361,48.483332],[-71.795379,48.483814],[-71.795001,48.485463],[-71.793555,48.490024],[-71.792414,48.492542],[-71.791184,48.492328],[-71.791417,48.491673],[-71.791902,48.491042],[-71.79254,48.489732],[-71.792783,48.488363],[-71.792486,48.487684]]]]}},{"type":"Feature","properties":{"owner1":"S.I.A.L","owner2":null,"matricule":"0974-50-9544","street":"PLAGE","civicLow":"0","civicHigh":"0","valueLand":"90300","valueBuilding":"0","valueTotal":"90300","mailAddr":"1655 RUE POWELL","mailCity":null,"mun":null},"geometry":{"type":"MultiPolygon","coordinates":[[[[-71.787797,48.497483],[-71.789198,48.495715],[-71.790456,48.495935],[-71.789028,48.498174],[-71.787375,48.500233],[-71.78556,48.49993],[-71.787797,48.497483]]]]}},{"type":"Feature","properties":{"owner1":"BOUCHARD MARIO","owner2":"TREMBLAY HELENE","matricule":"1075-47-6614","street":"DOMAINE-GRANDMONT","civicLow":"401","civicHigh":"0","valueLand":"37400","valueBuilding":"51000","valueTotal":"88400","mailAddr":"365 RUE DU PARC","mailCity":null,"mun":null},"geometry":{"type":"MultiPolygon","coordinates":[[[[-71.77673,48.512952],[-71.776676,48.512577],[-71.777143,48.51294],[-71.777403,48.512982],[-71.777269,48.513125],[-71.77699,48.513119],[-71.77673,48.512952]]]]}},{"type":"Feature","properties":{"owner1":"FORTIN GAETANE","owner2":"FORTIN PAQUERETTE","matricule":"1075-46-3962","street":"DOMAINE-GRANDMONT","civicLow":"30","civicHigh":"0","valueLand":"217000","valueBuilding":"207700","valueTotal":"424700","mailAddr":"1754 RUE DE NORMANDIE","mailCity":null,"mun":null},"geometry":{"type":"MultiPolygon","coordinates":[[[[-71.777978,48.512779],[-71.776757,48.512571],[-71.77664,48.512506],[-71.776757,48.512202],[-71.777835,48.512404],[-71.777978,48.512779]]]]}},{"type":"Feature","properties":{"owner1":"SIMARD SHERLEY","owner2":null,"matricule":"1073-68-2138","street":"DE QUEN","civicLow":"190","civicHigh":"0","valueLand":"34300","valueBuilding":"110300","valueTotal":"144600","mailAddr":"190 RUE DE QUEN","mailCity":null,"mun":null},"geometry":{"type":"MultiPolygon","coordinates":[[[[-71.773864,48.49606],[-71.774008,48.495858],[-71.774996,48.496126],[-71.774825,48.496364],[-71.773864,48.49606]]]]}},{"type":"Feature","properties":{"owner1":"LALANCETTE MAXIM","owner2":null,"matricule":"1077-39-7449","street":"ILES","civicLow":"506","civicHigh":"0","valueLand":"17900","valueBuilding":"249300","valueTotal":"267200","mailAddr":"506 RANG DES ILES","mailCity":null,"mun":null},"geometry":{"type":"MultiPolygon","coordinates":[[[[-71.779137,48.533187],[-71.77832,48.533324],[-71.77814,48.532889],[-71.77938,48.532652],[-71.779137,48.533187]]]]}},{"type":"Feature","properties":{"owner1":"OUELLETTE LISE","owner2":null,"matricule":"1079-11-2551","street":"QUAI","civicLow":"14","civicHigh":"0","valueLand":"47400","valueBuilding":"177100","valueTotal":"224500","mailAddr":"14 CHEMIN DU QUAI","mailCity":null,"mun":null},"geometry":{"type":"MultiPolygon","coordinates":[[[[-71.782164,48.543435],[-71.782856,48.543637],[-71.782596,48.543756],[-71.782434,48.544119],[-71.782156,48.544202],[-71.782164,48.543435]]]]}},{"type":"Feature","properties":{"owner1":"2754-5920 QUEBEC INC","owner2":"2553-7333 QUEBEC INC","matricule":"1079-01-8123","street":"QUAI","civicLow":"0","civicHigh":"0","valueLand":"52100","valueBuilding":"0","valueTotal":"52100","mailAddr":"14 CHEMIN DU QUAI","mailCity":null,"mun":null},"geometry":{"type":"MultiPolygon","coordinates":[[[[-71.782479,48.54353],[-71.782703,48.543441],[-71.783225,48.543471],[-71.783242,48.543608],[-71.782856,48.543637],[-71.782479,48.54353]]]]}},{"type":"Feature","properties":{"owner1":"GUAY SUZANNE","owner2":null,"matricule":"1271-97-9161","street":"4","civicLow":"1421","civicHigh":"0","valueLand":"28800","valueBuilding":"117000","valueTotal":"145800","mailAddr":"1421 RANG 4","mailCity":null,"mun":null},"geometry":{"type":"MultiPolygon","coordinates":[[[[-71.741624,48.477955],[-71.741803,48.477532],[-71.742198,48.477603],[-71.742019,48.478026],[-71.741624,48.477955]]]]}},{"type":"Feature","properties":{"owner1":"S.I.A.L.","owner2":"S.I.A.L.","matricule":"0972-29-9971","street":"SAINT-GEDEON-SUR-LE-LAC","civicLow":"18","civicHigh":"0","valueLand":"193400","valueBuilding":"7300","valueTotal":"200700","mailAddr":"255 RUE RACINE EST BUREAU 595","mailCity":null,"mun":null},"geometry":{"type":"MultiPolygon","coordinates":[[[[-71.79272,48.488071],[-71.792783,48.488363],[-71.791444,48.488131],[-71.791489,48.487857],[-71.79272,48.488071]]]]}},{"type":"Feature","properties":{"owner1":"PLACEMENT H.D. INC","owner2":null,"matricule":"1077-35-2637","street":"BOISE","civicLow":"0","civicHigh":"0","valueLand":"43100","valueBuilding":"0","valueTotal":"43100","mailAddr":"4 CHEMIN DU BOISE","mailCity":null,"mun":null},"geometry":{"type":"MultiPolygon","coordinates":[[[[-71.779622,48.529053],[-71.779371,48.529612],[-71.778966,48.529534],[-71.779101,48.529058],[-71.779622,48.529053]]]]}},{"type":"Feature","properties":{"owner1":"S.I.A.L.","owner2":null,"matricule":"1076-53-6747","street":"ETANG","civicLow":"214","civicHigh":"0","valueLand":"103100","valueBuilding":"617500","valueTotal":"720600","mailAddr":"2280 RUE DES HEMISPHERES","mailCity":null,"mun":null},"geometry":{"type":"MultiPolygon","coordinates":[[[[-71.775544,48.518766],[-71.775454,48.518545],[-71.775948,48.518551],[-71.775993,48.518772],[-71.775544,48.518766]]]]}},{"type":"Feature","properties":{"owner1":"S.I.A.L.","owner2":null,"matricule":"1075-62-9175","street":"TOUR","civicLow":"9","civicHigh":"0","valueLand":"49000","valueBuilding":"0","valueTotal":"49000","mailAddr":"9 CHEMIN DE LA TOUR","mailCity":null,"mun":null},"geometry":{"type":"MultiPolygon","coordinates":[[[[-71.773846,48.509369],[-71.773828,48.50925],[-71.773514,48.509096],[-71.772795,48.509399],[-71.772544,48.509322],[-71.773487,48.508786],[-71.774376,48.508994],[-71.774035,48.509613],[-71.773774,48.509572],[-71.773846,48.509369]]]]}},{"type":"Feature","properties":{"owner1":"DOYLE RALPH","owner2":null,"matricule":"1075-72-6970","street":"TOUR","civicLow":"9","civicHigh":"0","valueLand":"96100","valueBuilding":"232100","valueTotal":"328200","mailAddr":"9 CHEMIN DE LA TOUR","mailCity":null,"mun":null},"geometry":{"type":"MultiPolygon","coordinates":[[[[-71.772355,48.509322],[-71.772633,48.508631],[-71.773487,48.508786],[-71.772831,48.509221],[-71.772544,48.509357],[-71.772355,48.509322]]]]}},{"type":"Feature","properties":{"owner1":"TREMBLAY ALAIN","owner2":null,"matricule":"1075-82-0165","street":"TOUR","civicLow":"7","civicHigh":"0","valueLand":"47800","valueBuilding":"108700","valueTotal":"156500","mailAddr":"7 CHEMIN DE LA TOUR","mailCity":null,"mun":null},"geometry":{"type":"MultiPolygon","coordinates":[[[[-71.772633,48.508631],[-71.772355,48.509322],[-71.772067,48.509268],[-71.772238,48.50856],[-71.772633,48.508631]]]]}},{"type":"Feature","properties":{"owner1":"ROULEAU ROBERT","owner2":null,"matricule":"1075-82-4928","street":"TOURELLE","civicLow":"12","civicHigh":"0","valueLand":"35400","valueBuilding":"86100","valueTotal":"121500","mailAddr":"12 CHEMIN DE LA TOURELLE","mailCity":null,"mun":null},"geometry":{"type":"MultiPolygon","coordinates":[[[[-71.771888,48.508709],[-71.772032,48.508566],[-71.772229,48.508596],[-71.772184,48.508762],[-71.771888,48.508709]]],[[[-71.771421,48.508744],[-71.771546,48.508483],[-71.771951,48.508548],[-71.771717,48.508792],[-71.771421,48.508744]]]]}},{"type":"Feature","properties":{"owner1":"GESTION CARL MURRAY INC","owner2":null,"matricule":"1075-82-3874","street":"TOURELLE","civicLow":"9","civicHigh":"0","valueLand":"52800","valueBuilding":"102100","valueTotal":"154900","mailAddr":"117 CHEMIN DU DOMAINE-GRANDMONT","mailCity":null,"mun":null},"geometry":{"type":"MultiPolygon","coordinates":[[[[-71.771403,48.508917],[-71.771475,48.50875],[-71.771717,48.508792],[-71.771403,48.508917]]],[[[-71.771349,48.509143],[-71.771385,48.508965],[-71.771654,48.508917],[-71.771888,48.508709],[-71.772184,48.508762],[-71.772067,48.509268],[-71.771349,48.509143]]]]}},{"type":"Feature","properties":{"owner1":"S.I.A.L.","owner2":null,"matricule":"1076-53-7126","street":"ETANG","civicLow":"212","civicHigh":"0","valueLand":"95000","valueBuilding":"98500","valueTotal":"193500","mailAddr":"212 CHEMIN DE L'ETANG","mailCity":null,"mun":null},"geometry":{"type":"MultiPolygon","coordinates":[[[[-71.775454,48.518545],[-71.775364,48.518385],[-71.775939,48.518391],[-71.775939,48.518551],[-71.775454,48.518545]]]]}},{"type":"Feature","properties":{"owner1":"9032-7271 QUEBEC INC","owner2":null,"matricule":"1072-07-3004","street":"DE QUEN","civicLow":"443","civicHigh":"0","valueLand":"38500","valueBuilding":"228300","valueTotal":"266800","mailAddr":"443 RUE DE QUEN","mailCity":null,"mun":null},"geometry":{"type":"MultiPolygon","coordinates":[[[[-71.781652,48.485898],[-71.781985,48.485523],[-71.782461,48.48569],[-71.782542,48.485868],[-71.782883,48.485987],[-71.782236,48.486047],[-71.781652,48.485898]]]]}},{"type":"Feature","properties":{"owner1":"S.I.A.L.","owner2":null,"matricule":"1078-08-8351","street":"ILES","civicLow":"0","civicHigh":"0","valueLand":"100","valueBuilding":"0","valueTotal":"100","mailAddr":"1655 RUE POWELL","mailCity":null,"mun":null},"geometry":{"type":"MultiPolygon","coordinates":[[[[-71.782775,48.540967],[-71.78291,48.540907],[-71.782955,48.541371],[-71.782775,48.540967]]]]}},{"type":"Feature","properties":{"owner1":"S.I.A.L.","owner2":null,"matricule":"1080-75-5425","street":"ILES","civicLow":"0","civicHigh":"0","valueLand":"100","valueBuilding":"0","valueTotal":"100","mailAddr":"1655 RUE POWELL","mailCity":null,"mun":null},"geometry":{"type":"MultiPolygon","coordinates":[[[[-71.773595,48.55622],[-71.773379,48.55622],[-71.773595,48.556107],[-71.774888,48.556321],[-71.774807,48.556416],[-71.773595,48.55622]]]]}},{"type":"Feature","properties":{"owner1":"GAUTHIER JEAN-CHRISTOPHE","owner2":null,"matricule":"1073-58-9710","street":"DE QUEN","civicLow":"200","civicHigh":"202","valueLand":"22100","valueBuilding":"96300","valueTotal":"118400","mailAddr":"303 RUE MONTMARTRE","mailCity":null,"mun":null},"geometry":{"type":"MultiPolygon","coordinates":[[[[-71.774556,48.495852],[-71.774475,48.495983],[-71.774358,48.495953],[-71.774448,48.495733],[-71.775176,48.495858],[-71.775086,48.495995],[-71.774556,48.495852]]]]}},{"type":"Feature","properties":{"owner1":"MURRAY NICOLAS","owner2":null,"matricule":"1073-58-9526","street":"DE QUEN","civicLow":"196","civicHigh":"198","valueLand":"18900","valueBuilding":"123500","valueTotal":"142400","mailAddr":"198 RUE DE QUEN","mailCity":null,"mun":null},"geometry":{"type":"MultiPolygon","coordinates":[[[[-71.774475,48.495983],[-71.774556,48.495852],[-71.775086,48.495995],[-71.774996,48.496126],[-71.774475,48.495983]]]]}},{"type":"Feature","properties":{"owner1":"PLACEMENT H.D. INC.","owner2":null,"matricule":"1077-07-6673","street":"ILES","civicLow":"0","civicHigh":"0","valueLand":"40900","valueBuilding":"0","valueTotal":"40900","mailAddr":"4 CHEMIN DU BOISE","mailCity":null,"mun":null},"geometry":{"type":"MultiPolygon","coordinates":[[[[-71.783314,48.531254],[-71.783135,48.531688],[-71.782353,48.531539],[-71.782533,48.531111],[-71.783314,48.531254]]]]}},{"type":"Feature","properties":{"owner1":"S.O.S. BETON LAC ST-JEAN INC","owner2":null,"matricule":"1077-17-0960","street":"ILES","civicLow":"0","civicHigh":"0","valueLand":"29000","valueBuilding":"0","valueTotal":"29000","mailAddr":"99 RUE MELANCON","mailCity":null,"mun":null},"geometry":{"type":"MultiPolygon","coordinates":[[[[-71.782533,48.531111],[-71.782353,48.531539],[-71.781958,48.531468],[-71.782147,48.531033],[-71.782533,48.531111]]]]}},{"type":"Feature","properties":{"owner1":"COTE LUCIE","owner2":null,"matricule":"1074-49-2237","street":"BERNACHES","civicLow":"4","civicHigh":"0","valueLand":"54000","valueBuilding":"150500","valueTotal":"204500","mailAddr":"4 CHEMIN DU RELAIS DES BERNACHES","mailCity":null,"mun":null},"geometry":{"type":"MultiPolygon","coordinates":[[[[-71.777655,48.505977],[-71.777098,48.506162],[-71.777125,48.505757],[-71.777583,48.50584],[-71.777655,48.505977]]]]}},{"type":"Feature","properties":{"owner1":"MINISTERE DES RESSOURCES NATURELLES","owner2":null,"matricule":"0980-35-8785","street":"LAC-ST-JEAN","civicLow":"0","civicHigh":"0","valueLand":"2500","valueBuilding":"0","valueTotal":"2500","mailAddr":"5700 4IEME AVENUE OUEST","mailCity":null,"mun":null},"geometry":{"type":"MultiPolygon","coordinates":[[[[-71.793358,48.558765],[-71.793052,48.558545],[-71.79281,48.558717],[-71.791525,48.558414],[-71.791031,48.557838],[-71.790734,48.557166],[-71.790932,48.556732],[-71.790752,48.556054],[-71.789917,48.555447],[-71.789962,48.555287],[-71.790375,48.555102],[-71.790851,48.555263],[-71.791112,48.555156],[-71.791435,48.554722],[-71.791839,48.554538],[-71.793214,48.554668],[-71.793636,48.555322],[-71.794076,48.555489],[-71.79404,48.555679],[-71.794705,48.555655],[-71.794894,48.556012],[-71.794732,48.556595],[-71.795001,48.556678],[-71.795118,48.556898],[-71.794965,48.557071],[-71.794292,48.557243],[-71.794391,48.558004],[-71.794058,48.558438],[-71.793358,48.558765]]]]}},{"type":"Feature","properties":{"owner1":"SAVARD SOLANGE","owner2":"POTVIN NATHALIE","matricule":"1073-30-5462","street":"DE QUEN","civicLow":"346","civicHigh":"348","valueLand":"52400","valueBuilding":"179000","valueTotal":"231400","mailAddr":"348 RUE DE QUEN","mailCity":null,"mun":null},"geometry":{"type":"MultiPolygon","coordinates":[[[[-71.777475,48.489494],[-71.777583,48.489274],[-71.777439,48.489232],[-71.777933,48.488476],[-71.778338,48.488571],[-71.778068,48.488946],[-71.778607,48.489173],[-71.778445,48.489381],[-71.778041,48.489304],[-71.777969,48.489464],[-71.777475,48.489494]]]]}},{"type":"Feature","properties":{"owner1":"TREMBLAY DORIS","owner2":null,"matricule":"1072-17-3901","street":"RUISSEAU","civicLow":"1600","civicHigh":"0","valueLand":"21500","valueBuilding":"124200","valueTotal":"145700","mailAddr":"1600 CHEMIN DU RUISSEAU","mailCity":null,"mun":null},"geometry":{"type":"MultiPolygon","coordinates":[[[[-71.780961,48.485713],[-71.780763,48.485963],[-71.780449,48.485904],[-71.780557,48.485642],[-71.780961,48.485713]]]]}},{"type":"Feature","properties":{"owner1":"BLAIS STEEVE","owner2":"LESSARD MANON","matricule":"0972-51-2729","street":"MORISSETTE","civicLow":"101","civicHigh":"0","valueLand":"18100","valueBuilding":"114000","valueTotal":"132100","mailAddr":"101 RUE MORISSETTE","mailCity":null,"mun":null},"geometry":{"type":"MultiPolygon","coordinates":[[[[-71.789073,48.480533],[-71.788857,48.480741],[-71.788632,48.480622],[-71.788839,48.480414],[-71.789073,48.480533]]]]}},{"type":"Feature","properties":{"owner1":"BOIVIN-COTE JUSTINE","owner2":null,"matricule":"0972-51-4614","street":"DE QUEN","civicLow":"569","civicHigh":"571","valueLand":"20300","valueBuilding":"109200","valueTotal":"129500","mailAddr":"569 RUE DE QUEN","mailCity":null,"mun":null},"geometry":{"type":"MultiPolygon","coordinates":[[[[-71.788839,48.480414],[-71.788632,48.480622],[-71.788327,48.480473],[-71.788543,48.480271],[-71.788839,48.480414]]]]}},{"type":"Feature","properties":{"owner1":"BERGERON GASTON","owner2":null,"matricule":"1074-15-3005","street":"POINTE-DU-LAC","civicLow":"60","civicHigh":"0","valueLand":"55400","valueBuilding":"56000","valueTotal":"111400","mailAddr":"60 CHEMIN DE LA POINTE-DU-LAC","mailCity":null,"mun":null},"geometry":{"type":"MultiPolygon","coordinates":[[[[-71.780916,48.501971],[-71.780736,48.501703],[-71.78159,48.502108],[-71.781392,48.502209],[-71.780916,48.501971]]]]}},{"type":"Feature","properties":{"owner1":"BEAUMONT JULIEN","owner2":"BOIVIN ELISE","matricule":"1077-24-2061","street":"BOISE","civicLow":"38","civicHigh":"0","valueLand":"44500","valueBuilding":"16700","valueTotal":"61200","mailAddr":"175 RUE GAUTHIER OUEST APP 12","mailCity":null,"mun":null},"geometry":{"type":"MultiPolygon","coordinates":[[[[-71.780988,48.528279],[-71.780673,48.529023],[-71.780359,48.528951],[-71.780664,48.528214],[-71.780988,48.528279]]]]}},{"type":"Feature","properties":{"owner1":"TREMBLAY JACQUES","owner2":null,"matricule":"1077-50-3015","street":"CHENES","civicLow":"116","civicHigh":"0","valueLand":"176800","valueBuilding":"47300","valueTotal":"224100","mailAddr":"381 RUE BORDEAUX","mailCity":null,"mun":null},"geometry":{"type":"MultiPolygon","coordinates":[[[[-71.776272,48.524531],[-71.776963,48.524567],[-71.776954,48.524757],[-71.776793,48.524894],[-71.776406,48.524811],[-71.775706,48.524513],[-71.775751,48.524376],[-71.776272,48.524531]]]]}},{"type":"Feature","properties":{"owner1":"CASTONGUAY REMI","owner2":"HUDON CHANTALE","matricule":"1073-43-1241","street":"DE QUEN","civicLow":"294","civicHigh":"296","valueLand":"18200","valueBuilding":"118700","valueTotal":"136900","mailAddr":"214 RUE HUDON","mailCity":null,"mun":null},"geometry":{"type":"MultiPolygon","coordinates":[[[[-71.776909,48.491655],[-71.77699,48.491488],[-71.777394,48.49156],[-71.777305,48.491727],[-71.776909,48.491655]]]]}},{"type":"Feature","properties":{"owner1":"LAVOIE PATRICK","owner2":null,"matricule":"0972-41-4071","street":"GARE","civicLow":"108","civicHigh":"110","valueLand":"29800","valueBuilding":"129500","valueTotal":"159300","mailAddr":"108 RUE DE LA GARE","mailCity":null,"mun":null},"geometry":{"type":"MultiPolygon","coordinates":[[[[-71.789603,48.480884],[-71.790375,48.480741],[-71.790456,48.481003],[-71.789665,48.481117],[-71.789603,48.480884]]]]}},{"type":"Feature","properties":{"owner1":"TREMBLAY JEAN","owner2":"BETTEZ MONIQUE","matricule":"1076-59-3452","street":"CHENES","civicLow":"112","civicHigh":"0","valueLand":"203500","valueBuilding":"344300","valueTotal":"547800","mailAddr":"112 CHEMIN DES CHENES","mailCity":null,"mun":null},"geometry":{"type":"MultiPolygon","coordinates":[[[[-71.775822,48.524121],[-71.775921,48.523758],[-71.776685,48.523954],[-71.7769,48.524299],[-71.776379,48.524382],[-71.775822,48.524121]]]]}},{"type":"Feature","properties":{"owner1":"TURCOTTE MARC","owner2":null,"matricule":"1073-54-3750","street":"LAVOIE","civicLow":"140","civicHigh":"0","valueLand":"20600","valueBuilding":"109900","valueTotal":"130500","mailAddr":"140 RUE LAVOIE","mailCity":null,"mun":null},"geometry":{"type":"MultiPolygon","coordinates":[[[[-71.775777,48.492548],[-71.775688,48.492733],[-71.775203,48.492649],[-71.775274,48.492471],[-71.775777,48.492548]]]]}},{"type":"Feature","properties":{"owner1":"S.I.A.L.","owner2":"S.I.A.L.","matricule":"1074-37-5102","street":"BERNACHES","civicLow":"320","civicHigh":"0","valueLand":"46800","valueBuilding":"59300","valueTotal":"106100","mailAddr":"1423 RUE DU MAINE","mailCity":null,"mun":null},"geometry":{"type":"MultiPolygon","coordinates":[[[[-71.778131,48.503686],[-71.778472,48.503662],[-71.778203,48.504049],[-71.778131,48.503686]]]]}},{"type":"Feature","properties":{"owner1":"S.I.A.L.","owner2":null,"matricule":"1074-37-3404","street":"BERNACHES","civicLow":"322","civicHigh":"0","valueLand":"96000","valueBuilding":"155400","valueTotal":"251400","mailAddr":"322 CHEMIN DES BERNACHES","mailCity":null,"mun":null},"geometry":{"type":"MultiPolygon","coordinates":[[[[-71.778823,48.503739],[-71.77832,48.504019],[-71.778472,48.503662],[-71.778823,48.503739]]]]}},{"type":"Feature","properties":{"owner1":"S.I.A.L.","owner2":null,"matricule":"1074-37-1509","street":"BERNACHES","civicLow":"321","civicHigh":"0","valueLand":"96200","valueBuilding":"118700","valueTotal":"214900","mailAddr":"1030 RUE ANTOINE-PANET","mailCity":null,"mun":null},"geometry":{"type":"MultiPolygon","coordinates":[[[[-71.779245,48.503805],[-71.778454,48.504019],[-71.778823,48.503739],[-71.779245,48.503805]]]]}},{"type":"Feature","properties":{"owner1":"GAUTHIER CYRILLE","owner2":null,"matricule":"1077-14-8024","street":"ADELARD-GAUTHIER","civicLow":"0","civicHigh":"0","valueLand":"300","valueBuilding":"0","valueTotal":"300","mailAddr":"650 RANG DES ILES","mailCity":null,"mun":null},"geometry":{"type":"MultiPolygon","coordinates":[[[[-71.784734,48.528981],[-71.776595,48.527458],[-71.776622,48.527393],[-71.778661,48.527779],[-71.779685,48.525721],[-71.779955,48.525804],[-71.77973,48.525816],[-71.779568,48.525953],[-71.778724,48.527791],[-71.784967,48.528904],[-71.785659,48.528838],[-71.786764,48.528333],[-71.786602,48.528124],[-71.786755,48.528232],[-71.786809,48.528386],[-71.785695,48.528892],[-71.784734,48.528981]]]]}},{"type":"Feature","properties":{"owner1":"S.I.A.L.","owner2":null,"matricule":"0977-84-1930","street":"ADELARD-GAUTHIER","civicLow":"0","civicHigh":"0","valueLand":"100","valueBuilding":"0","valueTotal":"100","mailAddr":"1655 RUE POWELL","mailCity":null,"mun":null},"geometry":{"type":"MultiPolygon","coordinates":[[[[-71.78609,48.528487],[-71.786171,48.528005],[-71.786162,48.5286],[-71.78609,48.528487]]]]}},{"type":"Feature","properties":{"owner1":"GAGNON ERIC","owner2":null,"matricule":"1073-86-7142","street":"TREMBLAY","civicLow":"101","civicHigh":"0","valueLand":"22400","valueBuilding":"186100","valueTotal":"208500","mailAddr":"101 RUE TREMBLAY","mailCity":null,"mun":null},"geometry":{"type":"MultiPolygon","coordinates":[[[[-71.771124,48.494537],[-71.770729,48.494471],[-71.770891,48.494221],[-71.771295,48.494286],[-71.771124,48.494537]]]]}},{"type":"Feature","properties":{"owner1":"COUTURE CLEMENT","owner2":"BELANGER NANCY","matricule":"1073-86-5477","street":"LEVESQUE","civicLow":"143","civicHigh":"0","valueLand":"22500","valueBuilding":"112700","valueTotal":"135200","mailAddr":"143 RUE LEVESQUE","mailCity":null,"mun":null},"geometry":{"type":"MultiPolygon","coordinates":[[[[-71.771528,48.494608],[-71.771358,48.494858],[-71.770954,48.494787],[-71.771124,48.494531],[-71.771528,48.494608]]]]}},{"type":"Feature","properties":{"owner1":"9353-3065 QUEBEC INC","owner2":null,"matricule":"1079-48-7172","street":"ILES","civicLow":"0","civicHigh":"0","valueLand":"73800","valueBuilding":"10900","valueTotal":"84700","mailAddr":"460 RUE RACINE EST","mailCity":null,"mun":null},"geometry":{"type":"MultiPolygon","coordinates":[[[[-71.778347,48.550756],[-71.778302,48.550887],[-71.777008,48.550649],[-71.777359,48.549792],[-71.778652,48.55003],[-71.778347,48.550756]]]]}},{"type":"Feature","properties":{"owner1":"9353-3065 QUEBEC INC","owner2":null,"matricule":"1079-39-1443","street":"ILES","civicLow":"0","civicHigh":"0","valueLand":"16800","valueBuilding":"0","valueTotal":"16800","mailAddr":"460 RUE RACINE EST","mailCity":null,"mun":null},"geometry":{"type":"MultiPolygon","coordinates":[[[[-71.779838,48.55097],[-71.780018,48.550881],[-71.780089,48.55094],[-71.779928,48.551023],[-71.779838,48.55097]]]]}},{"type":"Feature","properties":{"owner1":"LESSARD SUZIE","owner2":null,"matricule":"0972-51-6039","street":"MORISSETTE","civicLow":"100","civicHigh":"0","valueLand":"17100","valueBuilding":"112900","valueTotal":"130000","mailAddr":"100 RUE MORISSETTE","mailCity":null,"mun":null},"geometry":{"type":"MultiPolygon","coordinates":[[[[-71.788156,48.48064],[-71.788282,48.480521],[-71.78865,48.480718],[-71.788516,48.480819],[-71.788156,48.48064]]]]}},{"type":"Feature","properties":{"owner1":"GAGNON ODETTE","owner2":null,"matricule":"1078-47-2446","street":"ILES","civicLow":"421","civicHigh":"0","valueLand":"72100","valueBuilding":"134000","valueTotal":"206100","mailAddr":"421 RANG DES ILES","mailCity":null,"mun":null},"geometry":{"type":"MultiPolygon","coordinates":[[[[-71.777448,48.540253],[-71.77682,48.540015],[-71.776945,48.539724],[-71.779452,48.540194],[-71.779514,48.540533],[-71.778104,48.540479],[-71.777448,48.540253]]]]}},{"type":"Feature","properties":{"owner1":"CLAVEAU ALAIN","owner2":null,"matricule":"1073-55-3281","street":"DE QUEN","civicLow":"0","civicHigh":"0","valueLand":"20300","valueBuilding":"0","valueTotal":"20300","mailAddr":"242 RUE DE QUEN","mailCity":null,"mun":null},"geometry":{"type":"MultiPolygon","coordinates":[[[[-71.77576,48.49378],[-71.775661,48.493995],[-71.775418,48.493941],[-71.775544,48.493572],[-71.775751,48.493608],[-71.77576,48.49378]]]]}},{"type":"Feature","properties":{"owner1":"CLAVEAU ALAIN","owner2":null,"matricule":"1073-55-0078","street":"DE QUEN","civicLow":"242","civicHigh":"0","valueLand":"22000","valueBuilding":"83800","valueTotal":"105800","mailAddr":"242 RUE DE QUEN","mailCity":null,"mun":null},"geometry":{"type":"MultiPolygon","coordinates":[[[[-71.776343,48.493715],[-71.776272,48.493888],[-71.77567,48.493763],[-71.775751,48.493608],[-71.776343,48.493715]]]]}},{"type":"Feature","properties":{"owner1":"CLAVEAU STEEVE","owner2":null,"matricule":"1073-65-7792","street":"MURRAY","civicLow":"121","civicHigh":"0","valueLand":"29600","valueBuilding":"135300","valueTotal":"164900","mailAddr":"121 RUE MURRAY","mailCity":null,"mun":null},"geometry":{"type":"MultiPolygon","coordinates":[[[[-71.773972,48.493769],[-71.773711,48.494132],[-71.773253,48.494042],[-71.773514,48.493667],[-71.773972,48.493769]]]]}},{"type":"Feature","properties":{"owner1":"CLAVEAU FRANCIS","owner2":null,"matricule":"1073-66-9926","street":"MURRAY","civicLow":"115","civicHigh":"0","valueLand":"21100","valueBuilding":"200400","valueTotal":"221500","mailAddr":"115 RUE MURRAY","mailCity":null,"mun":null},"geometry":{"type":"MultiPolygon","coordinates":[[[[-71.773253,48.494042],[-71.773577,48.494102],[-71.773388,48.494382],[-71.773074,48.494298],[-71.773253,48.494042]]]]}},{"type":"Feature","properties":{"owner1":"POTVIN GILLES","owner2":"GAGNON CAROLE","matricule":"1073-78-8523","street":"BOLDUC","civicLow":"124","civicHigh":"0","valueLand":"21300","valueBuilding":"142100","valueTotal":"163400","mailAddr":"124 RUE BOLDUC","mailCity":null,"mun":null},"geometry":{"type":"MultiPolygon","coordinates":[[[[-71.772247,48.496215],[-71.772005,48.496174],[-71.77222,48.495787],[-71.772409,48.495822],[-71.772247,48.496215]]]]}},{"type":"Feature","properties":{"owner1":"PLACEMENT H.D. INC.","owner2":null,"matricule":"0977-97-3135","street":"CROIX","civicLow":"0","civicHigh":"0","valueLand":"8600","valueBuilding":"0","valueTotal":"8600","mailAddr":"4 CHEMIN DU BOISE","mailCity":null,"mun":null},"geometry":{"type":"MultiPolygon","coordinates":[[[[-71.784024,48.531248],[-71.784662,48.529868],[-71.784617,48.530367],[-71.785012,48.530903],[-71.785461,48.530974],[-71.785542,48.531367],[-71.785237,48.531474],[-71.784024,48.531248]]]]}},{"type":"Feature","properties":{"owner1":"TREMBLAY THOMAS","owner2":"MARCOTTE ANNIE-CLAUDE","matricule":"1073-84-2115","street":"TREMBLAY","civicLow":"126","civicHigh":"0","valueLand":"29200","valueBuilding":"214200","valueTotal":"243400","mailAddr":"126 RUE TREMBLAY","mailCity":null,"mun":null},"geometry":{"type":"MultiPolygon","coordinates":[[[[-71.772032,48.492286],[-71.771834,48.492518],[-71.771241,48.492411],[-71.771448,48.492108],[-71.772032,48.492286]]]]}},{"type":"Feature","properties":{"owner1":"INDUSTRIES GRANDMONT INC.","owner2":null,"matricule":"1072-17-0711","street":"DE QUEN","civicLow":"442","civicHigh":"0","valueLand":"26000","valueBuilding":"65700","valueTotal":"91700","mailAddr":"442 RUE DE QUEN","mailCity":null,"mun":null},"geometry":{"type":"MultiPolygon","coordinates":[[[[-71.781455,48.485868],[-71.781311,48.486065],[-71.780763,48.485963],[-71.780961,48.485713],[-71.781455,48.485868]]]]}},{"type":"Feature","properties":{"owner1":"TREMBLAY DANY","owner2":"PARADIS AUDREY","matricule":"1072-17-3465","street":"DE QUEN","civicLow":"430","civicHigh":"0","valueLand":"21900","valueBuilding":"106000","valueTotal":"127900","mailAddr":"430 RUE DE QUEN","mailCity":null,"mun":null},"geometry":{"type":"MultiPolygon","coordinates":[[[[-71.780449,48.48641],[-71.78061,48.486231],[-71.781096,48.48635],[-71.780934,48.486529],[-71.780449,48.48641]]]]}},{"type":"Feature","properties":{"owner1":"GAGNON LEONCE","owner2":null,"matricule":"1180-53-0074","street":"GOLF","civicLow":"203","civicHigh":"0","valueLand":"49300","valueBuilding":"51300","valueTotal":"100600","mailAddr":"396 RUE DE QUEN","mailCity":null,"mun":null},"geometry":{"type":"MultiPolygon","coordinates":[[[[-71.763893,48.554853],[-71.764252,48.554995],[-71.764063,48.555215],[-71.76374,48.555031],[-71.763893,48.554853]]]]}},{"type":"Feature","properties":{"owner1":"CLAVEAU HELENE","owner2":null,"matricule":"1075-36-8538","street":"DOMAINE-GRANDMONT","civicLow":"319","civicHigh":"0","valueLand":"61000","valueBuilding":"0","valueTotal":"61000","mailAddr":"3512 RUE FORTIN","mailCity":null,"mun":null},"geometry":{"type":"MultiPolygon","coordinates":[[[[-71.777933,48.512369],[-71.777754,48.512387],[-71.77805,48.512],[-71.778266,48.512363],[-71.777933,48.512369]]]]}},{"type":"Feature","properties":{"owner1":"FRASER JEREMIE","owner2":null,"matricule":"1073-43-0523","street":"DE QUEN","civicLow":"298","civicHigh":"300","valueLand":"18200","valueBuilding":"207500","valueTotal":"225700","mailAddr":"300 RUE DE QUEN","mailCity":null,"mun":null},"geometry":{"type":"MultiPolygon","coordinates":[[[[-71.77699,48.491488],[-71.777071,48.491316],[-71.777475,48.491387],[-71.777394,48.49156],[-71.77699,48.491488]]]]}},{"type":"Feature","properties":{"owner1":"TREMBLAY MARIO","owner2":null,"matricule":"1078-08-6706","street":"CEDRIERE","civicLow":"101","civicHigh":"0","valueLand":"68500","valueBuilding":"219400","valueTotal":"287900","mailAddr":"101 CHEMIN DE LA CEDRIERE","mailCity":null,"mun":null},"geometry":{"type":"MultiPolygon","coordinates":[[[[-71.782946,48.540753],[-71.78291,48.540438],[-71.783296,48.540735],[-71.783081,48.54083],[-71.782946,48.540753]]]]}},{"type":"Feature","properties":{"owner1":"ROBERGE MICHEL","owner2":"TREMBLAY ELISABETH","matricule":"1074-14-2615","street":"POINTE-DU-LAC","civicLow":"44","civicHigh":"0","valueLand":"42800","valueBuilding":"70500","valueTotal":"113300","mailAddr":"4077 RUE DU VIEUX-PONT","mailCity":null,"mun":null},"geometry":{"type":"MultiPolygon","coordinates":[[[[-71.781347,48.501055],[-71.781473,48.501102],[-71.781284,48.50137],[-71.780997,48.501293],[-71.781347,48.501055]]]]}},{"type":"Feature","properties":{"owner1":"PLACEMENT H.D. INC.","owner2":null,"matricule":"1077-26-6529","street":"CROIX","civicLow":"0","civicHigh":"0","valueLand":"36500","valueBuilding":"0","valueTotal":"36500","mailAddr":"4 CHEMIN DU BOISE","mailCity":null,"mun":null},"geometry":{"type":"MultiPolygon","coordinates":[[[[-71.779775,48.530451],[-71.780071,48.529749],[-71.780431,48.52982],[-71.780143,48.530516],[-71.779775,48.530451]]]]}},{"type":"Feature","properties":{"owner1":"PLACEMENT H.D. INC.","owner2":null,"matricule":"1077-36-2111","street":"CROIX","civicLow":"0","civicHigh":"0","valueLand":"38000","valueBuilding":"0","valueTotal":"38000","mailAddr":"4 CHEMIN DU BOISE","mailCity":null,"mun":null},"geometry":{"type":"MultiPolygon","coordinates":[[[[-71.778993,48.530302],[-71.77929,48.529594],[-71.779676,48.529671],[-71.779389,48.530373],[-71.778993,48.530302]]]]}},{"type":"Feature","properties":{"owner1":"MINISTERE DE L'ENERGIE ET RESSOURCES","owner2":null,"matricule":"1182-34-0244","street":"LAC-ST-JEAN","civicLow":"0","civicHigh":"0","valueLand":"500","valueBuilding":"0","valueTotal":"500","mailAddr":"5700 4IEME AVENUE OUEST","mailCity":null,"mun":null},"geometry":{"type":"MultiPolygon","coordinates":[[[[-71.767217,48.573472],[-71.767288,48.573621],[-71.767127,48.573698],[-71.767037,48.573514],[-71.767217,48.573472]]]]}},{"type":"Feature","properties":{"owner1":"MINISTRE DES FORETS, DE LA FAUNE","owner2":null,"matricule":"1182-34-0416","street":"LAC-ST-JEAN","civicLow":"0","civicHigh":"0","valueLand":"500","valueBuilding":"0","valueTotal":"500","mailAddr":"880, CHEMIN SAINTE-FOY RC-110","mailCity":null,"mun":null},"geometry":{"type":"MultiPolygon","coordinates":[[[[-71.766615,48.573716],[-71.766633,48.573472],[-71.767028,48.573222],[-71.76736,48.573211],[-71.767612,48.573371],[-71.767621,48.57371],[-71.76736,48.573936],[-71.766947,48.573948],[-71.766615,48.573716]]],[[[-71.767217,48.573472],[-71.767037,48.573514],[-71.767127,48.573698],[-71.767288,48.573621],[-71.767217,48.573472]]]]}},{"type":"Feature","properties":{"owner1":"MINISTERE DE L'ENERGIE ET RESSOURCES","owner2":null,"matricule":"1081-91-2582","street":"LAC-ST-JEAN","civicLow":"0","civicHigh":"0","valueLand":"500","valueBuilding":"0","valueTotal":"500","mailAddr":"5700 4IEME AVENUE OUEST","mailCity":null,"mun":null},"geometry":{"type":"MultiPolygon","coordinates":[[[[-71.772121,48.562297],[-71.771762,48.562279],[-71.771744,48.562112],[-71.772202,48.562041],[-71.772121,48.562297]]]]}},{"type":"Feature","properties":{"owner1":"MINISTRE DU DEVELOPPEMENT DURABLE DE","owner2":null,"matricule":"1081-92-2009","street":"LAC-ST-JEAN","civicLow":"0","civicHigh":"0","valueLand":"500","valueBuilding":"0","valueTotal":"500","mailAddr":"675 BOUL. RENE-LEVESQUE EST,  29E ETAGE","mailCity":null,"mun":null},"geometry":{"type":"MultiPolygon","coordinates":[[[[-71.77143,48.56238],[-71.771439,48.561964],[-71.771879,48.561815],[-71.772427,48.561928],[-71.772606,48.562249],[-71.772454,48.562552],[-71.771645,48.5626],[-71.77143,48.56238]]],[[[-71.771915,48.562332],[-71.772184,48.562267],[-71.772202,48.562041],[-71.771744,48.562112],[-71.771762,48.562279],[-71.771915,48.562332]]]]}},{"type":"Feature","properties":{"owner1":"S.I.A.L.","owner2":null,"matricule":"0972-21-3006","street":"PONT","civicLow":"0","civicHigh":"0","valueLand":"29700","valueBuilding":"0","valueTotal":"29700","mailAddr":"2205 RUE DE LA FONDERIE","mailCity":null,"mun":null},"geometry":{"type":"MultiPolygon","coordinates":[[[[-71.793196,48.480205],[-71.793016,48.480527],[-71.792567,48.480462],[-71.792666,48.480104],[-71.793196,48.480205]]]]}},{"type":"Feature","properties":{"owner1":"GAUDREAULT JIMMY","owner2":"BOUCHARD CAROLINE","matricule":"0972-98-2411","street":"PLAGE","civicLow":"0","civicHigh":"0","valueLand":"30700","valueBuilding":"0","valueTotal":"30700","mailAddr":"439 RUE DE QUEN","mailCity":null,"mun":null},"geometry":{"type":"MultiPolygon","coordinates":[[[[-71.785641,48.486499],[-71.784599,48.487577],[-71.781679,48.487041],[-71.782057,48.486553],[-71.781239,48.486356],[-71.78185,48.486475],[-71.782317,48.486154],[-71.782569,48.486213],[-71.782883,48.485993],[-71.785641,48.486499]]]]}},{"type":"Feature","properties":{"owner1":"BOUCHARD GUY","owner2":null,"matricule":"1079-35-7217","street":"ILES","civicLow":"309","civicHigh":"0","valueLand":"44300","valueBuilding":"0","valueTotal":"44300","mailAddr":"301 RANG DES ILES","mailCity":null,"mun":null},"geometry":{"type":"MultiPolygon","coordinates":[[[[-71.778428,48.547176],[-71.778472,48.546849],[-71.779748,48.547081],[-71.779703,48.547408],[-71.778428,48.547176]]]]}},{"type":"Feature","properties":{"owner1":"JEAN ESTELLE","owner2":null,"matricule":"1076-47-6968","street":"CHENES","civicLow":"212","civicHigh":"0","valueLand":"140000","valueBuilding":"233900","valueTotal":"373900","mailAddr":"212 CHEMIN DES CHENES","mailCity":null,"mun":null},"geometry":{"type":"MultiPolygon","coordinates":[[[[-71.776981,48.522734],[-71.776864,48.522877],[-71.777224,48.522056],[-71.777448,48.52224],[-71.776981,48.522734]]]]}},{"type":"Feature","properties":{"owner1":"FIDUCIE FAMILLE DANIEL GAGNON","owner2":null,"matricule":"1076-47-8254","street":"CHENES","civicLow":"210","civicHigh":"0","valueLand":"118200","valueBuilding":"103600","valueTotal":"221800","mailAddr":"C.P. 325","mailCity":null,"mun":null},"geometry":{"type":"MultiPolygon","coordinates":[[[[-71.776721,48.522615],[-71.776972,48.521991],[-71.777224,48.522056],[-71.776882,48.522663],[-71.776721,48.522615]]]]}},{"type":"Feature","properties":{"owner1":"DESCHENES ANDRE","owner2":null,"matricule":"1076-57-0278","street":"CHENES","civicLow":"208","civicHigh":"0","valueLand":"52400","valueBuilding":"115900","valueTotal":"168300","mailAddr":"821 RUE TOULOUSE","mailCity":null,"mun":null},"geometry":{"type":"MultiPolygon","coordinates":[[[[-71.776604,48.522586],[-71.776837,48.522425],[-71.776721,48.522615],[-71.776604,48.522586]]]]}},{"type":"Feature","properties":{"owner1":"DESCHENES DENISE","owner2":"DESCHESNE PIERRE","matricule":"1076-57-0794","street":"CHENES","civicLow":"0","civicHigh":"0","valueLand":"21400","valueBuilding":"7300","valueTotal":"28700","mailAddr":"C.P. 325","mailCity":null,"mun":null},"geometry":{"type":"MultiPolygon","coordinates":[[[[-71.776882,48.522663],[-71.776811,48.522782],[-71.776388,48.522669],[-71.77646,48.52255],[-71.776882,48.522663]]]]}},{"type":"Feature","properties":{"owner1":"BOUCHARD ANDY","owner2":"LETOURNEAU CAROLINE","matricule":"0972-95-4284","street":"DE QUEN","civicLow":"467","civicHigh":"0","valueLand":"28600","valueBuilding":"154300","valueTotal":"182900","mailAddr":"467 RUE DE QUEN","mailCity":null,"mun":null},"geometry":{"type":"MultiPolygon","coordinates":[[[[-71.78371,48.484749],[-71.78344,48.484927],[-71.782901,48.484755],[-71.783332,48.484499],[-71.78371,48.484749]]]]}},{"type":"Feature","properties":{"owner1":"SIMARD DANY","owner2":null,"matricule":"0972-96-7604","street":"DE QUEN","civicLow":"463","civicHigh":"0","valueLand":"20100","valueBuilding":"150200","valueTotal":"170300","mailAddr":"319 3E CHEMIN","mailCity":null,"mun":null},"geometry":{"type":"MultiPolygon","coordinates":[[[[-71.782623,48.484927],[-71.782901,48.484755],[-71.783126,48.48485],[-71.783018,48.484915],[-71.783251,48.484969],[-71.783099,48.485058],[-71.782623,48.484927]]]]}},{"type":"Feature","properties":{"owner1":"BEDARD NATHALIE","owner2":null,"matricule":"0972-96-8026","street":"DE QUEN","civicLow":"459","civicHigh":"0","valueLand":"26900","valueBuilding":"133900","valueTotal":"160800","mailAddr":"459 RUE DE QUEN","mailCity":null,"mun":null},"geometry":{"type":"MultiPolygon","coordinates":[[[[-71.782416,48.485082],[-71.782623,48.484927],[-71.783207,48.485094],[-71.783117,48.485338],[-71.782416,48.485082]]]]}},{"type":"Feature","properties":{"owner1":"INDUSTRIES GRANDMONT INC.","owner2":null,"matricule":"0972-94-1013","street":"DE QUEN","civicLow":"502","civicHigh":"0","valueLand":"53400","valueBuilding":"104400","valueTotal":"157800","mailAddr":"442 RUE DE QUEN","mailCity":null,"mun":null},"geometry":{"type":"MultiPolygon","coordinates":[[[[-71.783198,48.48354],[-71.782883,48.48348],[-71.783665,48.482849],[-71.784716,48.483427],[-71.784509,48.483576],[-71.783916,48.483367],[-71.783584,48.483611],[-71.783198,48.48354]]]]}},{"type":"Feature","properties":{"owner1":"S.I.A.L.","owner2":null,"matricule":"0973-42-0980","street":"SAINT-GEDEON-SUR-LE-LAC","civicLow":"7","civicHigh":"0","valueLand":"183700","valueBuilding":"120400","valueTotal":"304100","mailAddr":"2002 RUE DES ARLEQUINS","mailCity":null,"mun":null},"geometry":{"type":"MultiPolygon","coordinates":[[[[-71.789549,48.490774],[-71.789603,48.490637],[-71.791902,48.491042],[-71.791776,48.491161],[-71.789549,48.490774]]]]}},{"type":"Feature","properties":{"owner1":"FIDUCIE PIERRE DESCHENES","owner2":null,"matricule":"1073-32-0907","street":"DE QUEN","civicLow":"329","civicHigh":"0","valueLand":"24600","valueBuilding":"76300","valueTotal":"100900","mailAddr":"329 RUE DE QUEN","mailCity":null,"mun":null},"geometry":{"type":"MultiPolygon","coordinates":[[[[-71.778787,48.490345],[-71.77902,48.490584],[-71.778104,48.490387],[-71.778176,48.490244],[-71.778787,48.490345]]]]}},{"type":"Feature","properties":{"owner1":"COULOMBE LAURIER","owner2":"LABONTE JACINTHE","matricule":"1073-32-0327","street":"DE QUEN","civicLow":"325","civicHigh":"0","valueLand":"26400","valueBuilding":"176500","valueTotal":"202900","mailAddr":"325 RUE DE QUEN","mailCity":null,"mun":null},"geometry":{"type":"MultiPolygon","coordinates":[[[[-71.778032,48.490548],[-71.778104,48.490387],[-71.77902,48.490584],[-71.7792,48.490738],[-71.778032,48.490548]]]]}},{"type":"Feature","properties":{"owner1":"BOUDREAULT OLIVIER","owner2":null,"matricule":"1073-32-0148","street":"DE QUEN","civicLow":"321","civicHigh":"0","valueLand":"35700","valueBuilding":"66000","valueTotal":"101700","mailAddr":"321 RUE DE QUEN","mailCity":null,"mun":null},"geometry":{"type":"MultiPolygon","coordinates":[[[[-71.777933,48.490744],[-71.778032,48.490548],[-71.7792,48.490738],[-71.779371,48.490929],[-71.777933,48.490744]]]]}},{"type":"Feature","properties":{"owner1":"DESBIENS ANDRE","owner2":"GAUTHIER BRIGITTE","matricule":"1073-32-0369","street":"DE QUEN","civicLow":"317","civicHigh":"0","valueLand":"33700","valueBuilding":"105400","valueTotal":"139100","mailAddr":"317 RUE DE QUEN","mailCity":null,"mun":null},"geometry":{"type":"MultiPolygon","coordinates":[[[[-71.777853,48.490905],[-71.777933,48.490744],[-71.779353,48.490976],[-71.77929,48.491143],[-71.777853,48.490905]]]]}},{"type":"Feature","properties":{"owner1":"OUELLET GILLES","owner2":null,"matricule":"1073-32-1195","street":"DE QUEN","civicLow":"313","civicHigh":"0","valueLand":"46000","valueBuilding":"76200","valueTotal":"122200","mailAddr":"313 RUE DE QUEN","mailCity":null,"mun":null},"geometry":{"type":"MultiPolygon","coordinates":[[[[-71.77929,48.491143],[-71.779164,48.491465],[-71.777718,48.491191],[-71.777853,48.490905],[-71.77929,48.491143]]]]}},{"type":"Feature","properties":{"owner1":"COULOMBE CLAIRE","owner2":"DORE COULOMBE ANNE-SOPHIE","matricule":"0972-73-7028","street":"DE QUEN","civicLow":"524","civicHigh":"526","valueLand":"52400","valueBuilding":"124200","valueTotal":"176600","mailAddr":"222 2E RANG OUEST","mailCity":null,"mun":null},"geometry":{"type":"MultiPolygon","coordinates":[[[[-71.785722,48.4827],[-71.785515,48.482855],[-71.784913,48.482552],[-71.785515,48.482034],[-71.785785,48.482022],[-71.786306,48.482248],[-71.785722,48.4827]]]]}},{"type":"Feature","properties":{"owner1":"PEDNEAULT DORIS","owner2":null,"matricule":"1080-28-6130","street":"DOMAINE-DES-CEDRES","civicLow":"24","civicHigh":"0","valueLand":"92600","valueBuilding":"95800","valueTotal":"188400","mailAddr":"1 RUE DESMEULES","mailCity":null,"mun":null},"geometry":{"type":"MultiPolygon","coordinates":[[[[-71.780512,48.558955],[-71.781015,48.558771],[-71.781122,48.558949],[-71.78088,48.559039],[-71.780512,48.558955]]]]}},{"type":"Feature","properties":{"owner1":"S.I.A.L.","owner2":null,"matricule":"1080-38-2057","street":"DOMAINE-DES-CEDRES","civicLow":"0","civicHigh":"0","valueLand":"20300","valueBuilding":"0","valueTotal":"20300","mailAddr":"1655 RUE POWELL","mailCity":null,"mun":null},"geometry":{"type":"MultiPolygon","coordinates":[[[[-71.779083,48.559502],[-71.779128,48.559413],[-71.779371,48.559687],[-71.779479,48.559663],[-71.779775,48.559413],[-71.779649,48.55933],[-71.780062,48.559134],[-71.780889,48.559389],[-71.781203,48.559021],[-71.781015,48.558771],[-71.780844,48.55883],[-71.78106,48.558694],[-71.780673,48.558307],[-71.78123,48.55817],[-71.780961,48.558384],[-71.780961,48.558545],[-71.781275,48.559027],[-71.780943,48.559425],[-71.78079,48.559461],[-71.780044,48.559193],[-71.779479,48.559681],[-71.779083,48.559502]]],[[[-71.779083,48.559502],[-71.778832,48.559895],[-71.77841,48.559752],[-71.778796,48.559853],[-71.779083,48.559502]]]]}},{"type":"Feature","properties":{"owner1":"S.I.A.L.","owner2":null,"matricule":"1080-36-3642","street":"DOMAINE-DES-CEDRES","civicLow":"0","civicHigh":"0","valueLand":"200","valueBuilding":"0","valueTotal":"200","mailAddr":"1655 RUE POWELL","mailCity":null,"mun":null},"geometry":{"type":"MultiPolygon","coordinates":[[[[-71.78044,48.558979],[-71.779901,48.558866],[-71.77894,48.558111],[-71.779622,48.557445],[-71.779631,48.557231],[-71.777655,48.556755],[-71.780027,48.557142],[-71.780044,48.557255],[-71.778993,48.558105],[-71.78008,48.558931],[-71.780458,48.558914],[-71.78088,48.558753],[-71.78044,48.558979]]]]}},{"type":"Feature","properties":{"owner1":"LES ENTREPRISES ALFRED BOIVIN INC.","owner2":null,"matricule":"0972-21-8248","street":"GARE","civicLow":"0","civicHigh":"0","valueLand":"14900","valueBuilding":"0","valueTotal":"14900","mailAddr":"2205 RUE DE LA FONDERIE","mailCity":null,"mun":null},"geometry":{"type":"MultiPolygon","coordinates":[[[[-71.792199,48.480759],[-71.791938,48.480795],[-71.792001,48.480622],[-71.792468,48.4807],[-71.792199,48.480759]]]]}},{"type":"Feature","properties":{"owner1":"LES ENTREPRISES ALFRED BOIVIN INC.","owner2":null,"matricule":"0972-21-9062","street":"GARE","civicLow":"0","civicHigh":"0","valueLand":"100","valueBuilding":"0","valueTotal":"100","mailAddr":"2205 RUE DE LA FONDERIE","mailCity":null,"mun":null},"geometry":{"type":"MultiPolygon","coordinates":[[[[-71.792226,48.480855],[-71.791732,48.48092],[-71.791938,48.480795],[-71.792199,48.480759],[-71.792226,48.480855]]]]}},{"type":"Feature","properties":{"owner1":"LES ENTREPRISES ALFRED BOIVIN INC.","owner2":null,"matricule":"0972-31-4008","street":"PHARE","civicLow":"0","civicHigh":"0","valueLand":"4800","valueBuilding":"0","valueTotal":"4800","mailAddr":"2205 RUE DE LA FONDERIE","mailCity":null,"mun":null},"geometry":{"type":"MultiPolygon","coordinates":[[[[-71.791318,48.480473],[-71.791345,48.480205],[-71.791498,48.480235],[-71.791345,48.480575],[-71.791318,48.480473]]]]}},{"type":"Feature","properties":{"owner1":"LES ENTREPRISES ALFRED BOIVIN INC.","owner2":null,"matricule":"0972-31-5004","street":"PHARE","civicLow":"0","civicHigh":"0","valueLand":"3900","valueBuilding":"0","valueTotal":"3900","mailAddr":"2205 RUE DE LA FONDERIE","mailCity":null,"mun":null},"geometry":{"type":"MultiPolygon","coordinates":[[[[-71.791345,48.480205],[-71.791237,48.480456],[-71.791121,48.480432],[-71.791237,48.480182],[-71.791345,48.480205]]]]}},{"type":"Feature","properties":{"owner1":"LES ENTREPRISES ALFRED BOIVIN INC.","owner2":null,"matricule":"0972-31-5901","street":"PHARE","civicLow":"0","civicHigh":"0","valueLand":"4600","valueBuilding":"0","valueTotal":"4600","mailAddr":"2205 RUE DE LA FONDERIE","mailCity":null,"mun":null},"geometry":{"type":"MultiPolygon","coordinates":[[[[-71.791237,48.480182],[-71.791121,48.480432],[-71.790968,48.480402],[-71.791085,48.480152],[-71.791237,48.480182]]]]}},{"type":"Feature","properties":{"owner1":"LES ENTREPRISES ALFRED BOIVIN INC.","owner2":null,"matricule":"0972-30-7197","street":"PHARE","civicLow":"0","civicHigh":"0","valueLand":"4600","valueBuilding":"0","valueTotal":"4600","mailAddr":"2205 RUE DE LA FONDERIE","mailCity":null,"mun":null},"geometry":{"type":"MultiPolygon","coordinates":[[[[-71.791085,48.480152],[-71.790968,48.480402],[-71.790815,48.480372],[-71.790923,48.480116],[-71.791085,48.480152]]]]}},{"type":"Feature","properties":{"owner1":"LES ENTREPRISES ALFRED BOIVIN INC.","owner2":null,"matricule":"0972-30-8194","street":"PHARE","civicLow":"0","civicHigh":"0","valueLand":"3900","valueBuilding":"0","valueTotal":"3900","mailAddr":"2205 RUE DE LA FONDERIE","mailCity":null,"mun":null},"geometry":{"type":"MultiPolygon","coordinates":[[[[-71.790923,48.480116],[-71.790815,48.480372],[-71.790698,48.480348],[-71.790815,48.480098],[-71.790923,48.480116]]]]}},{"type":"Feature","properties":{"owner1":"LES ENTREPRISES ALFRED BOIVIN INC.","owner2":null,"matricule":"0972-30-9091","street":"PHARE","civicLow":"0","civicHigh":"0","valueLand":"4700","valueBuilding":"0","valueTotal":"4700","mailAddr":"2205 RUE DE LA FONDERIE","mailCity":null,"mun":null},"geometry":{"type":"MultiPolygon","coordinates":[[[[-71.790815,48.480098],[-71.790698,48.480348],[-71.790546,48.480319],[-71.790663,48.480063],[-71.790815,48.480098]]]]}},{"type":"Feature","properties":{"owner1":"LES ENTREPRISES ALFRED BOIVIN INC.","owner2":null,"matricule":"0972-40-0288","street":"PHARE","civicLow":"0","civicHigh":"0","valueLand":"4900","valueBuilding":"0","valueTotal":"4900","mailAddr":"2205 RUE DE LA FONDERIE","mailCity":null,"mun":null},"geometry":{"type":"MultiPolygon","coordinates":[[[[-71.790546,48.480319],[-71.790366,48.480331],[-71.790501,48.480033],[-71.790663,48.480063],[-71.790546,48.480319]]]]}},{"type":"Feature","properties":{"owner1":"MUNICIPALITE DE SAINT-GEDEON","owner2":null,"matricule":"1073-78-3138","street":"BOLDUC","civicLow":"0","civicHigh":"0","valueLand":"18800","valueBuilding":"0","valueTotal":"18800","mailAddr":"208 RUE DE QUEN","mailCity":null,"mun":null},"geometry":{"type":"MultiPolygon","coordinates":[[[[-71.773083,48.496055],[-71.772957,48.496328],[-71.772768,48.496299],[-71.77293,48.495918],[-71.773127,48.495953],[-71.773083,48.496055]]]]}},{"type":"Feature","properties":{"owner1":"GAGNE MANON","owner2":null,"matricule":"1074-05-4133","street":"POINTE-DU-LAC","civicLow":"57","civicHigh":"0","valueLand":"173100","valueBuilding":"398300","valueTotal":"571400","mailAddr":"1004 RUE DESAULNIERS","mailCity":null,"mun":null},"geometry":{"type":"MultiPolygon","coordinates":[[[[-71.781796,48.50212],[-71.78203,48.501959],[-71.783189,48.502459],[-71.782703,48.502537],[-71.781796,48.50212]]]]}},{"type":"Feature","properties":{"owner1":"LESSARD JEAN-LEON","owner2":null,"matricule":"0972-61-5385","street":"DE QUEN","civicLow":"554","civicHigh":"0","valueLand":"22300","valueBuilding":"129100","valueTotal":"151400","mailAddr":"554 RUE DE QUEN","mailCity":null,"mun":null},"geometry":{"type":"MultiPolygon","coordinates":[[[[-71.786791,48.481105],[-71.786935,48.48095],[-71.787509,48.481099],[-71.787357,48.481254],[-71.786791,48.481105]]]]}},{"type":"Feature","properties":{"owner1":"S.I.A.L.","owner2":null,"matricule":"1079-37-1565","street":"ILES","civicLow":"0","civicHigh":"0","valueLand":"106800","valueBuilding":"0","valueTotal":"106800","mailAddr":"266 RANG DES ILES","mailCity":null,"mun":null},"geometry":{"type":"MultiPolygon","coordinates":[[[[-71.779721,48.549465],[-71.779856,48.549192],[-71.780125,48.549168],[-71.780044,48.549287],[-71.780242,48.549352],[-71.779937,48.549519],[-71.779721,48.549465]]]]}},{"type":"Feature","properties":{"owner1":"BRISSON MARIO","owner2":"SIMARD PATRICIA","matricule":"1179-35-9084","street":"ILES","civicLow":"259","civicHigh":"0","valueLand":"83000","valueBuilding":"331000","valueTotal":"414000","mailAddr":"259 RANG DES ILES","mailCity":null,"mun":null},"geometry":{"type":"MultiPolygon","coordinates":[[[[-71.753131,48.546248],[-71.753571,48.545178],[-71.778796,48.549691],[-71.778652,48.55003],[-71.777359,48.549792],[-71.777008,48.550649],[-71.753131,48.546248]]]]}},{"type":"Feature","properties":{"owner1":"TREMBLAY BERNARD","owner2":"CARDINAL MARIE-JOSEE","matricule":"1075-47-9433","street":"DOMAINE-GRANDMONT","civicLow":"0","civicHigh":"0","valueLand":"27400","valueBuilding":"0","valueTotal":"27400","mailAddr":"308 HAILEYBURY STREET","mailCity":null,"mun":null},"geometry":{"type":"MultiPolygon","coordinates":[[[[-71.776622,48.513238],[-71.776415,48.513238],[-71.776325,48.512952],[-71.776667,48.512976],[-71.776918,48.513148],[-71.776622,48.513238]]]]}},{"type":"Feature","properties":{"owner1":"PELOQUIN FRANCOIS","owner2":"FOLTZ ANNE-MARIE","matricule":"1075-57-0258","street":"DOMAINE-GRANDMONT","civicLow":"34","civicHigh":"0","valueLand":"71500","valueBuilding":"198100","valueTotal":"269600","mailAddr":"34 CHEMIN DU DOMAINE-GRANDMONT","mailCity":null,"mun":null},"geometry":{"type":"MultiPolygon","coordinates":[[[[-71.777152,48.513333],[-71.777242,48.513583],[-71.776011,48.513363],[-71.775652,48.51322],[-71.775679,48.513071],[-71.777152,48.513333]]]]}},{"type":"Feature","properties":{"owner1":"SIMARD JEAN-FRANCOIS","owner2":null,"matricule":"1075-47-8392","street":"DOMAINE-GRANDMONT","civicLow":"37","civicHigh":"0","valueLand":"55100","valueBuilding":"284500","valueTotal":"339600","mailAddr":"37 CHEMIN DU DOMAINE-GRANDMONT","mailCity":null,"mun":null},"geometry":{"type":"MultiPolygon","coordinates":[[[[-71.777242,48.513583],[-71.777215,48.513904],[-71.776316,48.513726],[-71.776011,48.513363],[-71.777242,48.513583]]]]}},{"type":"Feature","properties":{"owner1":"AUDET BENOIT","owner2":"VERREAULT SYLVIE","matricule":"1073-75-8943","street":"LAROUCHE","civicLow":"116","civicHigh":"0","valueLand":"20000","valueBuilding":"125100","valueTotal":"145100","mailAddr":"116 RUE LAROUCHE","mailCity":null,"mun":null},"geometry":{"type":"MultiPolygon","coordinates":[[[[-71.772346,48.493429],[-71.772202,48.493632],[-71.771834,48.493519],[-71.771978,48.493316],[-71.772346,48.493429]]]]}},{"type":"Feature","properties":{"owner1":"S.I.A.L.","owner2":null,"matricule":"1079-11-0601","street":"ILES","civicLow":"0","civicHigh":"0","valueLand":"42900","valueBuilding":"0","valueTotal":"42900","mailAddr":"1655 RUE POWELL","mailCity":null,"mun":null},"geometry":{"type":"MultiPolygon","coordinates":[[[[-71.782703,48.543441],[-71.782299,48.543239],[-71.782182,48.542977],[-71.781527,48.542965],[-71.781742,48.542965],[-71.781994,48.542745],[-71.7822,48.542721],[-71.782147,48.542942],[-71.782506,48.54331],[-71.782856,48.543203],[-71.782973,48.543376],[-71.783198,48.543352],[-71.783225,48.543471],[-71.782703,48.543441]]]]}},{"type":"Feature","properties":{"owner1":"COTE GUILLAUME","owner2":null,"matricule":"1074-25-1855","street":"POINTE-DU-LAC","civicLow":"0","civicHigh":"0","valueLand":"500","valueBuilding":"0","valueTotal":"500","mailAddr":"427 RUE DE QUEN","mailCity":null,"mun":null},"geometry":{"type":"MultiPolygon","coordinates":[[[[-71.778499,48.503007],[-71.78044,48.502078],[-71.78061,48.501805],[-71.780287,48.50159],[-71.779973,48.501614],[-71.780655,48.50143],[-71.780907,48.502019],[-71.780512,48.502412],[-71.779802,48.502703],[-71.779874,48.502828],[-71.778607,48.503078],[-71.778499,48.503007]]]]}},{"type":"Feature","properties":{"owner1":"ASSOCIATION DES PROPRIETAIRES DE CHALET","owner2":null,"matricule":"1074-04-5877","street":"POINTE-DU-LAC","civicLow":"0","civicHigh":"0","valueLand":"200","valueBuilding":"0","valueTotal":"200","mailAddr":"104 CHEMIN DE LA POINTE-DU-LAC","mailCity":null,"mun":null},"geometry":{"type":"MultiPolygon","coordinates":[[[[-71.778419,48.503102],[-71.777942,48.502995],[-71.777862,48.502858],[-71.778886,48.502465],[-71.780134,48.501805],[-71.780251,48.501918],[-71.778113,48.502811],[-71.778059,48.502924],[-71.778607,48.503078],[-71.780386,48.502757],[-71.781931,48.5019],[-71.783494,48.500299],[-71.783269,48.499959],[-71.783341,48.499709],[-71.785749,48.497805],[-71.785776,48.497543],[-71.785964,48.497578],[-71.785264,48.498358],[-71.783458,48.499739],[-71.783413,48.499942],[-71.783674,48.500317],[-71.782093,48.501918],[-71.78326,48.502412],[-71.783189,48.502459],[-71.78203,48.501959],[-71.780458,48.502817],[-71.778715,48.503126],[-71.778419,48.503102]]]]}},{"type":"Feature","properties":{"owner1":"ASSOCIATION DES PROPRIETAIRES DE CHALET","owner2":null,"matricule":"1074-26-7241","street":"POINTE-DU-LAC","civicLow":"0","civicHigh":"0","valueLand":"100","valueBuilding":"0","valueTotal":"100","mailAddr":"104 CHEMIN DE LA POINTE-DU-LAC","mailCity":null,"mun":null},"geometry":{"type":"MultiPolygon","coordinates":[[[[-71.779443,48.502971],[-71.779523,48.503537],[-71.779209,48.503519],[-71.779209,48.503019],[-71.779443,48.502971]]]]}},{"type":"Feature","properties":{"owner1":"COTE ADELE","owner2":null,"matricule":"1073-20-0632","street":"DE QUEN","civicLow":"361","civicHigh":"0","valueLand":"44300","valueBuilding":"98400","valueTotal":"142700","mailAddr":"361 RUE DE QUEN","mailCity":null,"mun":null},"geometry":{"type":"MultiPolygon","coordinates":[[[[-71.779479,48.489024],[-71.779371,48.489006],[-71.779514,48.488845],[-71.779119,48.488774],[-71.779362,48.488494],[-71.78035,48.488672],[-71.779982,48.489113],[-71.779479,48.489024]]]]}},{"type":"Feature","properties":{"owner1":"COTE FLORIAN","owner2":null,"matricule":"1180-74-3538","street":"GOLF","civicLow":"60","civicHigh":"0","valueLand":"92100","valueBuilding":"84700","valueTotal":"176800","mailAddr":"1059 RUE RICKEN","mailCity":null,"mun":null},"geometry":{"type":"MultiPolygon","coordinates":[[[[-71.761943,48.556173],[-71.761494,48.556054],[-71.761099,48.556214],[-71.760668,48.55606],[-71.760192,48.556095],[-71.759311,48.555935],[-71.759518,48.554567],[-71.760326,48.554674],[-71.761413,48.555358],[-71.761863,48.555441],[-71.761979,48.555828],[-71.762608,48.555834],[-71.763066,48.556226],[-71.762339,48.556309],[-71.761943,48.556173]]]]}},{"type":"Feature","properties":{"owner1":"FOURNIER DENIS","owner2":null,"matricule":"1075-83-2547","street":"DE QUEN","civicLow":"37","civicHigh":"0","valueLand":"171500","valueBuilding":"250100","valueTotal":"421600","mailAddr":"37 CHEMIN DE QUEN","mailCity":null,"mun":null},"geometry":{"type":"MultiPolygon","coordinates":[[[[-71.771744,48.510179],[-71.771259,48.510089],[-71.771439,48.509637],[-71.769938,48.509298],[-71.771466,48.509578],[-71.771618,48.509191],[-71.772553,48.509357],[-71.772597,48.509822],[-71.772238,48.510274],[-71.771744,48.510179]]]]}},{"type":"Feature","properties":{"owner1":"S.I.A.L.","owner2":null,"matricule":"1075-73-7455","street":"DE QUEN","civicLow":"0","civicHigh":"0","valueLand":"30000","valueBuilding":"0","valueTotal":"30000","mailAddr":"37 CHEMIN DE QUEN","mailCity":null,"mun":null},"geometry":{"type":"MultiPolygon","coordinates":[[[[-71.772373,48.510238],[-71.772238,48.510274],[-71.772597,48.509822],[-71.772553,48.509357],[-71.772885,48.509411],[-71.77293,48.50953],[-71.77275,48.509643],[-71.77284,48.509738],[-71.772687,48.509834],[-71.772786,48.509976],[-71.772373,48.510238]]]]}},{"type":"Feature","properties":{"owner1":"COTE MICHEL","owner2":null,"matricule":"0972-41-8280","street":"FORTIN","civicLow":"117","civicHigh":"0","valueLand":"19300","valueBuilding":"94500","valueTotal":"113800","mailAddr":"117 RUE FORTIN","mailCity":null,"mun":null},"geometry":{"type":"MultiPolygon","coordinates":[[[[-71.789288,48.481027],[-71.789207,48.48095],[-71.789603,48.480884],[-71.789665,48.481117],[-71.789342,48.481164],[-71.789288,48.481027]]]]}},{"type":"Feature","properties":{"owner1":"GAGNON CARL","owner2":null,"matricule":"0972-41-2825","street":"FORTIN","civicLow":"111","civicHigh":"0","valueLand":"27200","valueBuilding":"108700","valueTotal":"135900","mailAddr":"111 RUE FORTIN","mailCity":null,"mun":null},"geometry":{"type":"MultiPolygon","coordinates":[[[[-71.789989,48.480426],[-71.790007,48.480331],[-71.79042,48.480331],[-71.790366,48.480688],[-71.789944,48.480765],[-71.789989,48.480426]]]]}},{"type":"Feature","properties":{"owner1":"FUNDARO JEAN-PIERRE","owner2":"POTVIN CAMILLE","matricule":"1077-63-4690","street":"ILES","civicLow":"612","civicHigh":"0","valueLand":"40500","valueBuilding":"244100","valueTotal":"284600","mailAddr":"612 RANG DES ILES","mailCity":null,"mun":null},"geometry":{"type":"MultiPolygon","coordinates":[[[[-71.774349,48.527952],[-71.774322,48.527815],[-71.775535,48.52791],[-71.775661,48.528059],[-71.77461,48.528279],[-71.774349,48.527952]]]]}},{"type":"Feature","properties":{"owner1":"BOILY MARIE-JOSEPHE","owner2":null,"matricule":"1077-64-2021","street":"ILES","civicLow":"610","civicHigh":"0","valueLand":"41300","valueBuilding":"233600","valueTotal":"274900","mailAddr":"610 RANG DES ILES","mailCity":null,"mun":null},"geometry":{"type":"MultiPolygon","coordinates":[[[[-71.77461,48.528279],[-71.775661,48.528059],[-71.775903,48.528362],[-71.774852,48.528583],[-71.77461,48.528279]]]]}},{"type":"Feature","properties":{"owner1":"FERME DOMAINE DE LA RIVIERE INC","owner2":null,"matricule":"1375-59-7612","street":"5","civicLow":"1550","civicHigh":"0","valueLand":"61000","valueBuilding":"94600","valueTotal":"155600","mailAddr":"10 CHEMIN DE QUEN","mailCity":null,"mun":null},"geometry":{"type":"MultiPolygon","coordinates":[[[[-71.734985,48.517248],[-71.732946,48.522681],[-71.73123,48.522359],[-71.73688,48.507893],[-71.738587,48.508197],[-71.734985,48.517248]]]]}},{"type":"Feature","properties":{"owner1":"BOUCHARD YVES","owner2":"DELAROSBIL RENEE","matricule":"1080-27-3214","street":"DOMAINE-DES-CEDRES","civicLow":"14","civicHigh":"0","valueLand":"190200","valueBuilding":"257500","valueTotal":"447700","mailAddr":"14 CHEMIN DU DOMAINE-DES CEDRES","mailCity":null,"mun":null},"geometry":{"type":"MultiPolygon","coordinates":[[[[-71.781626,48.557612],[-71.781527,48.558069],[-71.78132,48.558176],[-71.780503,48.557623],[-71.781626,48.557612]]]]}},{"type":"Feature","properties":{"owner1":"PEDNEAULT JACYNTHE","owner2":null,"matricule":"1080-36-1398","street":"DOMAINE-DES-CEDRES","civicLow":"0","civicHigh":"0","valueLand":"34800","valueBuilding":"0","valueTotal":"34800","mailAddr":"16 CHEMIN DU DOMAINE-DES-CEDRES","mailCity":null,"mun":null},"geometry":{"type":"MultiPolygon","coordinates":[[[[-71.780503,48.557623],[-71.780916,48.557939],[-71.779928,48.557891],[-71.779559,48.557647],[-71.77982,48.557439],[-71.780503,48.557623]]]]}},{"type":"Feature","properties":{"owner1":"PEDNEAULT JACYNTHE","owner2":null,"matricule":"1080-37-0836","street":"DOMAINE-DES-CEDRES","civicLow":"16","civicHigh":"0","valueLand":"188800","valueBuilding":"240800","valueTotal":"429600","mailAddr":"16 CHEMIN DU DOMAINE-DES-CEDRES","mailCity":null,"mun":null},"geometry":{"type":"MultiPolygon","coordinates":[[[[-71.780152,48.558212],[-71.779721,48.558135],[-71.779308,48.557855],[-71.779559,48.557647],[-71.779928,48.557891],[-71.780916,48.557939],[-71.78123,48.55817],[-71.780673,48.558307],[-71.780152,48.558212]]]]}},{"type":"Feature","properties":{"owner1":"GAGNON RICHARD","owner2":"SMITH MARLENE","matricule":"0977-73-8795","street":"ADELARD-GAUTHIER","civicLow":"63","civicHigh":"0","valueLand":"105100","valueBuilding":"86400","valueTotal":"191500","mailAddr":"251 BOULEVARD AUGER EST","mailCity":null,"mun":null},"geometry":{"type":"MultiPolygon","coordinates":[[[[-71.786306,48.527869],[-71.786539,48.527762],[-71.786791,48.527946],[-71.786557,48.528166],[-71.786306,48.527869]]]]}},{"type":"Feature","properties":{"owner1":"GAUDREAULT MARISE","owner2":null,"matricule":"1379-93-2095","street":"10","civicLow":"304","civicHigh":"0","valueLand":"36000","valueBuilding":"260700","valueTotal":"296700","mailAddr":"304 RANG 10","mailCity":null,"mun":null},"geometry":{"type":"MultiPolygon","coordinates":[[[[-71.731544,48.546557],[-71.731455,48.546777],[-71.730457,48.546599],[-71.730574,48.546331],[-71.731544,48.546557]]]]}},{"type":"Feature","properties":{"owner1":"POTVIN FRANCOIS","owner2":"TRUCHON JOSEE","matricule":"1079-36-4093","street":"ILES","civicLow":"290","civicHigh":"0","valueLand":"40100","valueBuilding":"0","valueTotal":"40100","mailAddr":"1515 AVENUE PHILIAS-GIRARD","mailCity":null,"mun":null},"geometry":{"type":"MultiPolygon","coordinates":[[[[-71.779577,48.548793],[-71.779532,48.548877],[-71.779416,48.548823],[-71.779541,48.548544],[-71.779775,48.548621],[-71.779577,48.548793]]]]}},{"type":"Feature","properties":{"owner1":"S.I.A.L.","owner2":"S.I.A.L.","matricule":"1079-36-1896","street":"ILES","civicLow":"0","civicHigh":"0","valueLand":"117300","valueBuilding":"90500","valueTotal":"207800","mailAddr":"1515 AVENUE PHILIAS-GIRARD","mailCity":null,"mun":null},"geometry":{"type":"MultiPolygon","coordinates":[[[[-71.779847,48.548811],[-71.779649,48.548936],[-71.779532,48.548877],[-71.779775,48.548621],[-71.780314,48.548787],[-71.780296,48.548924],[-71.779847,48.548811]]]]}},{"type":"Feature","properties":{"owner1":"S.I.A.L.","owner2":null,"matricule":"1075-47-1119","street":"TOUR","civicLow":"0","civicHigh":"0","valueLand":"100","valueBuilding":"0","valueTotal":"100","mailAddr":"1655 RUE POWELL","mailCity":null,"mun":null},"geometry":{"type":"MultiPolygon","coordinates":[[[[-71.777933,48.512946],[-71.777924,48.513],[-71.777403,48.512982],[-71.777933,48.512946]]]]}},{"type":"Feature","properties":{"owner1":"COTE MARCEL","owner2":null,"matricule":"1075-47-6445","street":"DOMAINE-GRANDMONT","civicLow":"0","civicHigh":"0","valueLand":"100","valueBuilding":"0","valueTotal":"100","mailAddr":"6 RUE DE QUEN","mailCity":null,"mun":null},"geometry":{"type":"MultiPolygon","coordinates":[[[[-71.776721,48.514654],[-71.776721,48.514785],[-71.776685,48.514553],[-71.777215,48.513904],[-71.777206,48.513458],[-71.777152,48.513333],[-71.776622,48.513238],[-71.776918,48.513148],[-71.776667,48.512976],[-71.776613,48.512601],[-71.775876,48.512208],[-71.776927,48.512595],[-71.776811,48.512607],[-71.77717,48.51291],[-71.777457,48.512946],[-71.777143,48.51294],[-71.776676,48.512577],[-71.77673,48.512952],[-71.777224,48.513273],[-71.77735,48.513672],[-71.777269,48.514023],[-71.776721,48.514654]]]]}},{"type":"Feature","properties":{"owner1":"S.I.A.L.","owner2":null,"matricule":"0978-54-4246","street":"BOIS-DE-GRANDMONT","civicLow":"22","civicHigh":"0","valueLand":"184200","valueBuilding":"351400","valueTotal":"535600","mailAddr":"1395 RUE HEMINGWAY","mailCity":null,"mun":null},"geometry":{"type":"MultiPolygon","coordinates":[[[[-71.789513,48.537172],[-71.790609,48.537303],[-71.790654,48.537583],[-71.790357,48.537601],[-71.790222,48.53747],[-71.789818,48.537517],[-71.789019,48.537083],[-71.789513,48.537172]]]]}},{"type":"Feature","properties":{"owner1":"S.I.A.L.","owner2":null,"matricule":"0969-87-9006","street":"BELLE-RIVIERE","civicLow":"0","civicHigh":"0","valueLand":"11100","valueBuilding":"0","valueTotal":"11100","mailAddr":"1655 RUE POWELL","mailCity":null,"mun":null},"geometry":{"type":"MultiPolygon","coordinates":[[[[-71.79157,48.47085],[-71.79139,48.470725],[-71.790977,48.470838],[-71.790618,48.470546],[-71.790618,48.469706],[-71.790788,48.469605],[-71.791237,48.469676],[-71.791417,48.469587],[-71.791157,48.468735],[-71.791246,48.467776],[-71.79113,48.467598],[-71.790213,48.467228],[-71.790258,48.466782],[-71.79007,48.466448],[-71.790672,48.466085],[-71.790204,48.465543],[-71.790025,48.465048],[-71.790474,48.46269],[-71.790456,48.461838],[-71.789171,48.460795],[-71.789324,48.460408],[-71.787815,48.460051],[-71.787267,48.460122],[-71.786485,48.459789],[-71.786072,48.459914],[-71.785264,48.459604],[-71.784707,48.459985],[-71.784895,48.459628],[-71.783934,48.459258],[-71.783539,48.458955],[-71.782811,48.45871],[-71.782712,48.458615],[-71.78335,48.458776],[-71.782632,48.458252],[-71.782084,48.457572],[-71.781661,48.457471],[-71.781311,48.457233],[-71.779254,48.457126],[-71.778562,48.457215],[-71.777601,48.45703],[-71.777376,48.457066],[-71.776254,48.456208],[-71.775939,48.456202],[-71.775966,48.456018],[-71.775768,48.455982],[-71.77549,48.455696],[-71.77505,48.455553],[-71.77531,48.45544],[-71.774942,48.455285],[-71.773325,48.454933],[-71.772948,48.454653],[-71.771016,48.454034],[-71.766264,48.453563],[-71.766327,48.45342],[-71.767172,48.453569],[-71.7686,48.453628],[-71.77081,48.453885],[-71.771996,48.454189],[-71.773891,48.454981],[-71.775283,48.455338],[-71.776658,48.456482],[-71.777385,48.456887],[-71.778302,48.457138],[-71.779038,48.457036],[-71.781257,48.457143],[-71.782156,48.457525],[-71.783746,48.459032],[-71.784258,48.459312],[-71.785821,48.459747],[-71.786099,48.459783],[-71.786405,48.459634],[-71.786935,48.459622],[-71.788839,48.460015],[-71.790043,48.460521],[-71.790025,48.460801],[-71.790303,48.460974],[-71.791166,48.461218],[-71.791309,48.461582],[-71.790986,48.462005],[-71.790752,48.462761],[-71.790851,48.46369],[-71.790591,48.464715],[-71.790573,48.465561],[-71.790681,48.46599],[-71.790995,48.466121],[-71.79113,48.466359],[-71.791255,48.467264],[-71.792378,48.468801],[-71.792648,48.469927],[-71.792423,48.470451],[-71.792513,48.471273],[-71.793268,48.472053],[-71.791884,48.471797],[-71.79157,48.47085]]]]}},{"type":"Feature","properties":{"owner1":"THIBEAULT NATHALIE","owner2":null,"matricule":"1080-73-2543","street":"ILES","civicLow":"0","civicHigh":"0","valueLand":"84300","valueBuilding":"0","valueTotal":"84300","mailAddr":"30 CHEMIN DU BOCAGE","mailCity":null,"mun":null},"geometry":{"type":"MultiPolygon","coordinates":[[[[-71.776613,48.556595],[-71.77664,48.556113],[-71.777188,48.555477],[-71.776972,48.555245],[-71.776433,48.555138],[-71.775957,48.555281],[-71.775319,48.555834],[-71.774951,48.555774],[-71.774295,48.555257],[-71.773738,48.555096],[-71.772822,48.555257],[-71.772606,48.555162],[-71.772499,48.555269],[-71.772553,48.555739],[-71.772148,48.555887],[-71.770585,48.55562],[-71.770882,48.554145],[-71.772777,48.553491],[-71.776101,48.554098],[-71.776568,48.554324],[-71.778562,48.554722],[-71.77743,48.556726],[-71.776613,48.556595]]]]}},{"type":"Feature","properties":{"owner1":"VOYER MARIE","owner2":null,"matricule":"1079-37-0835","street":"ILES","civicLow":"0","civicHigh":"0","valueLand":"10800","valueBuilding":"0","valueTotal":"10800","mailAddr":"280 RANG DES ILES","mailCity":null,"mun":null},"geometry":{"type":"MultiPolygon","coordinates":[[[[-71.779937,48.549049],[-71.780143,48.549049],[-71.780062,48.549138],[-71.779802,48.549013],[-71.779937,48.549049]]]]}},{"type":"Feature","properties":{"owner1":"S.I.A.L.","owner2":null,"matricule":"1080-25-0891","street":"ILES","civicLow":"0","civicHigh":"0","valueLand":"43200","valueBuilding":"0","valueTotal":"43200","mailAddr":"1655 RUE POWELL","mailCity":null,"mun":null},"geometry":{"type":"MultiPolygon","coordinates":[[[[-71.781203,48.557368],[-71.781122,48.557291],[-71.781275,48.557302],[-71.781464,48.556749],[-71.781976,48.556518],[-71.782182,48.556678],[-71.783072,48.556797],[-71.783278,48.55691],[-71.783036,48.556809],[-71.782389,48.556815],[-71.781859,48.556654],[-71.781536,48.556928],[-71.781563,48.557457],[-71.781203,48.557368]]]]}},{"type":"Feature","properties":{"owner1":"MINISTERE DE L'ENERGIE ET RESSOURCES","owner2":null,"matricule":"0979-14-7924","street":"LAC-ST-JEAN","civicLow":"0","civicHigh":"0","valueLand":"500","valueBuilding":"0","valueTotal":"500","mailAddr":"5700 4IEME AVENUE OUEST","mailCity":null,"mun":null},"geometry":{"type":"MultiPolygon","coordinates":[[[[-71.795316,48.546153],[-71.795109,48.546082],[-71.795325,48.546088],[-71.795316,48.546153]]]]}},{"type":"Feature","properties":{"owner1":"MINISTERE DE L'ENERGIE ET RESSOURCES","owner2":null,"matricule":"0879-41-6945","street":"LAC-ST-JEAN","civicLow":"0","civicHigh":"0","valueLand":"500","valueBuilding":"0","valueTotal":"500","mailAddr":"5700 4IEME AVENUE OUEST","mailCity":null,"mun":null},"geometry":{"type":"MultiPolygon","coordinates":[[[[-71.805116,48.543727],[-71.804533,48.543524],[-71.804506,48.54331],[-71.804865,48.543286],[-71.804883,48.543417],[-71.805206,48.543602],[-71.805116,48.543727]]]]}},{"type":"Feature","properties":{"owner1":"MINISTRE DU DEVELOPPEMENT DURABLE DE","owner2":null,"matricule":"0879-41-4586","street":"LAC-ST-JEAN","civicLow":"0","civicHigh":"0","valueLand":"500","valueBuilding":"0","valueTotal":"500","mailAddr":"675 BOUL. RENE-LEVESQUE EST,  29E ETAGE","mailCity":null,"mun":null},"geometry":{"type":"MultiPolygon","coordinates":[[[[-71.804317,48.543786],[-71.804065,48.543388],[-71.804173,48.543144],[-71.805072,48.543049],[-71.805611,48.543495],[-71.805494,48.543911],[-71.805152,48.544083],[-71.804317,48.543786]]],[[[-71.804865,48.543286],[-71.804506,48.54331],[-71.804479,48.543447],[-71.805116,48.543727],[-71.805206,48.543602],[-71.804883,48.543417],[-71.804865,48.543286]]]]}},{"type":"Feature","properties":{"owner1":"FERME DES PAPINAS INC","owner2":null,"matricule":"1070-14-4608","street":"BELLE-RIVIERE","civicLow":"1225","civicHigh":"0","valueLand":"158300","valueBuilding":"347600","valueTotal":"505900","mailAddr":"1231 RANG BELLE-RIVIERE","mailCity":null,"mun":null},"geometry":{"type":"MultiPolygon","coordinates":[[[[-71.781733,48.461278],[-71.781356,48.461129],[-71.780844,48.461713],[-71.779793,48.461314],[-71.781428,48.45734],[-71.782084,48.457572],[-71.782632,48.458252],[-71.78335,48.458776],[-71.782712,48.458615],[-71.782811,48.45871],[-71.783539,48.458955],[-71.784222,48.459401],[-71.782991,48.462427],[-71.782093,48.462195],[-71.782317,48.461939],[-71.78159,48.461665],[-71.781679,48.461558],[-71.781536,48.461504],[-71.781733,48.461278]]],[[[-71.778185,48.465102],[-71.779739,48.461439],[-71.782003,48.462302],[-71.782946,48.462547],[-71.780035,48.469659],[-71.776541,48.469009],[-71.778185,48.465102]]]]}},{"type":"Feature","properties":{"owner1":"GAGNON LUC","owner2":null,"matricule":"1474-67-6669","street":"5","civicLow":"1422","civicHigh":"0","valueLand":"29000","valueBuilding":"132100","valueTotal":"161100","mailAddr":"1422 RANG 5","mailCity":null,"mun":null},"geometry":{"type":"MultiPolygon","coordinates":[[[[-71.719624,48.505251],[-71.719803,48.504816],[-71.720199,48.504888],[-71.720019,48.505316],[-71.719624,48.505251]]]]}},{"type":"Feature","properties":{"owner1":"9353-3065 QUEBEC INC","owner2":"9292-1345 QUEBEC INC","matricule":"1079-39-9124","street":"ILES","civicLow":"0","civicHigh":"0","valueLand":"313100","valueBuilding":"0","valueTotal":"313100","mailAddr":"460 RUE RACINE EST","mailCity":null,"mun":null},"geometry":{"type":"MultiPolygon","coordinates":[[[[-71.78008,48.551196],[-71.780314,48.551136],[-71.779586,48.550554],[-71.780548,48.551273],[-71.77849,48.550982],[-71.778993,48.549781],[-71.779407,48.54987],[-71.779425,48.550256],[-71.779281,48.550244],[-71.779299,48.549858],[-71.779047,48.549852],[-71.778975,48.550357],[-71.779218,48.550625],[-71.779532,48.5505],[-71.779353,48.550613],[-71.78008,48.551196]]]]}},{"type":"Feature","properties":{"owner1":"FERME RAYLYNE S.E.N.C.","owner2":null,"matricule":"1169-49-5617","street":"BELLE-RIVIERE","civicLow":"0","civicHigh":"0","valueLand":"99000","valueBuilding":"0","valueTotal":"99000","mailAddr":"1137 RANG BELLE-RIVIERE","mailCity":null,"mun":null},"geometry":{"type":"MultiPolygon","coordinates":[[[[-71.76401,48.454165],[-71.764459,48.452937],[-71.766327,48.45342],[-71.765231,48.456113],[-71.763506,48.455416],[-71.76401,48.454165]]],[[[-71.76295,48.456828],[-71.763444,48.455583],[-71.765177,48.456244],[-71.761126,48.466222],[-71.759293,48.465876],[-71.76295,48.456828]]]]}},{"type":"Feature","properties":{"owner1":"FERME RAYLYNE S.E.N.C.","owner2":null,"matricule":"1169-39-1442","street":"BELLE-RIVIERE","civicLow":"0","civicHigh":"0","valueLand":"97700","valueBuilding":"0","valueTotal":"97700","mailAddr":"1137 RANG BELLE-RIVIERE","mailCity":null,"mun":null},"geometry":{"type":"MultiPolygon","coordinates":[[[[-71.765231,48.456113],[-71.766264,48.453563],[-71.768214,48.453706],[-71.767019,48.456589],[-71.765231,48.456113]]],[[[-71.761126,48.466222],[-71.765177,48.456244],[-71.766956,48.456715],[-71.76471,48.462261],[-71.76295,48.466561],[-71.761126,48.466222]]]]}},{"type":"Feature","properties":{"owner1":"NADEAU DANIEL","owner2":"BOILY CARMEN","matricule":"1075-68-9601","street":"DOMAINE-GRANDMONT","civicLow":"155","civicHigh":"0","valueLand":"46800","valueBuilding":"139800","valueTotal":"186600","mailAddr":"1923 RUE DES GRANGES","mailCity":null,"mun":null},"geometry":{"type":"MultiPolygon","coordinates":[[[[-71.77346,48.513827],[-71.773559,48.513553],[-71.774259,48.51366],[-71.774214,48.51391],[-71.773442,48.513952],[-71.77346,48.513827]]]]}},{"type":"Feature","properties":{"owner1":"S.I.A.L.","owner2":null,"matricule":"1075-30-7994","street":"BERNACHES","civicLow":"214","civicHigh":"0","valueLand":"81400","valueBuilding":"0","valueTotal":"81400","mailAddr":"150 RUE DE L'ALSACE","mailCity":null,"mun":null},"geometry":{"type":"MultiPolygon","coordinates":[[[[-71.778589,48.507352],[-71.778436,48.507566],[-71.777421,48.507376],[-71.77752,48.507155],[-71.778589,48.507352]]]]}},{"type":"Feature","properties":{"owner1":"S.I.A.L.","owner2":null,"matricule":"1075-31-9023","street":"BERNACHES","civicLow":"216","civicHigh":"0","valueLand":"90500","valueBuilding":"6200","valueTotal":"96700","mailAddr":"1125 RUE BOURASSA","mailCity":null,"mun":null},"geometry":{"type":"MultiPolygon","coordinates":[[[[-71.778436,48.507566],[-71.778194,48.507882],[-71.777314,48.507643],[-71.777421,48.507376],[-71.778436,48.507566]]]]}},{"type":"Feature","properties":{"owner1":"HUDON LOUISE","owner2":null,"matricule":"0977-74-6119","street":"ADELARD-GAUTHIER","civicLow":"59","civicHigh":"0","valueLand":"59800","valueBuilding":"90200","valueTotal":"150000","mailAddr":"1084 RUE CURE-LABELLE","mailCity":null,"mun":null},"geometry":{"type":"MultiPolygon","coordinates":[[[[-71.787024,48.52813],[-71.786818,48.528321],[-71.786746,48.52822],[-71.786962,48.528023],[-71.787024,48.52813]]]]}},{"type":"Feature","properties":{"owner1":"HUDON ESTHER","owner2":"MORISETTE REJEAN","matricule":"0977-74-6808","street":"ADELARD-GAUTHIER","civicLow":"61","civicHigh":"0","valueLand":"71100","valueBuilding":"169600","valueTotal":"240700","mailAddr":"61 CHEMIN ADELARD-GAUTHIER","mailCity":null,"mun":null},"geometry":{"type":"MultiPolygon","coordinates":[[[[-71.786962,48.528023],[-71.786746,48.52822],[-71.786602,48.528124],[-71.786791,48.527946],[-71.786962,48.528023]]]]}},{"type":"Feature","properties":{"owner1":"BELLEY JOHANNE","owner2":null,"matricule":"1078-78-7166","street":"RANCH","civicLow":"0","civicHigh":"0","valueLand":"35000","valueBuilding":"0","valueTotal":"35000","mailAddr":"5452 RUE DES BERNACHES","mailCity":null,"mun":null},"geometry":{"type":"MultiPolygon","coordinates":[[[[-71.773846,48.541609],[-71.773819,48.541681],[-71.773029,48.541556],[-71.773262,48.540985],[-71.774044,48.541128],[-71.773846,48.541609]]]]}},{"type":"Feature","properties":{"owner1":"LAJOIE HAROLD","owner2":null,"matricule":"1078-88-2850","street":"RANCH","civicLow":"16","civicHigh":"0","valueLand":"46800","valueBuilding":"98600","valueTotal":"145400","mailAddr":"16 CHEMIN DU RANCH","mailCity":null,"mun":null},"geometry":{"type":"MultiPolygon","coordinates":[[[[-71.773262,48.540985],[-71.773029,48.541556],[-71.772247,48.541407],[-71.772481,48.540842],[-71.773262,48.540985]]]]}},{"type":"Feature","properties":{"owner1":"BOUCHARD ANGELE","owner2":"SIMARD ANNICK","matricule":"1078-78-2674","street":"RANCH","civicLow":"8","civicHigh":"0","valueLand":"30500","valueBuilding":"272700","valueTotal":"303200","mailAddr":"8 CHEMIN DU RANCH","mailCity":null,"mun":null},"geometry":{"type":"MultiPolygon","coordinates":[[[[-71.774044,48.541128],[-71.774439,48.541199],[-71.774241,48.541675],[-71.773846,48.541609],[-71.774044,48.541128]]]]}},{"type":"Feature","properties":{"owner1":"FERME ROLOI INC.","owner2":null,"matricule":"1274-85-4317","street":"5","civicLow":"1565","civicHigh":"0","valueLand":"200400","valueBuilding":"492100","valueTotal":"692500","mailAddr":"1565 RANG 5","mailCity":null,"mun":null},"geometry":{"type":"MultiPolygon","coordinates":[[[[-71.749457,48.49465],[-71.743762,48.509],[-71.742989,48.508858],[-71.743276,48.508274],[-71.742315,48.508096],[-71.742037,48.508679],[-71.739863,48.508286],[-71.739773,48.507947],[-71.739521,48.507697],[-71.739998,48.507191],[-71.740384,48.506447],[-71.741094,48.505894],[-71.741094,48.505483],[-71.74139,48.505156],[-71.741408,48.5049],[-71.741785,48.504805],[-71.746097,48.49406],[-71.749457,48.49465]]]]}},{"type":"Feature","properties":{"owner1":"S.I.A.L.","owner2":null,"matricule":"1074-37-9569","street":"BERNACHES","civicLow":"314","civicHigh":"0","valueLand":"59600","valueBuilding":"287700","valueTotal":"347300","mailAddr":"314 CHEMIN DES BERNACHES","mailCity":null,"mun":null},"geometry":{"type":"MultiPolygon","coordinates":[[[[-71.778068,48.50443],[-71.778068,48.504578],[-71.777323,48.504489],[-71.777332,48.504328],[-71.778068,48.50443]]]]}},{"type":"Feature","properties":{"owner1":"GIRARD MICHEL","owner2":null,"matricule":"1081-60-5311","street":"ILES","civicLow":"98","civicHigh":"0","valueLand":"116800","valueBuilding":"180300","valueTotal":"297100","mailAddr":"98 RANG DES ILES","mailCity":null,"mun":null},"geometry":{"type":"MultiPolygon","coordinates":[[[[-71.774987,48.560876],[-71.775607,48.560234],[-71.776065,48.56037],[-71.775751,48.560905],[-71.775382,48.560763],[-71.775059,48.561042],[-71.774987,48.560876]]]]}},{"type":"Feature","properties":{"owner1":"MINISTRE DU DEVELOPPEMENT DURABLE DE","owner2":null,"matricule":"0980-31-9600","street":"LAC-ST-JEAN","civicLow":"0","civicHigh":"0","valueLand":"500","valueBuilding":"0","valueTotal":"500","mailAddr":"675 BOUL. RENE-LEVESQUE EST,  29E ETAGE","mailCity":null,"mun":null},"geometry":{"type":"MultiPolygon","coordinates":[[[[-71.791956,48.552106],[-71.791453,48.55138],[-71.792315,48.550756],[-71.792872,48.550661],[-71.793268,48.550738],[-71.793708,48.551136],[-71.79334,48.5516],[-71.793259,48.551969],[-71.792917,48.552129],[-71.792944,48.552379],[-71.792684,48.552581],[-71.792378,48.552581],[-71.792064,48.55248],[-71.791956,48.552106]]],[[[-71.792459,48.551957],[-71.792423,48.551838],[-71.792783,48.551903],[-71.792819,48.551814],[-71.792953,48.551838],[-71.792962,48.551547],[-71.792765,48.551386],[-71.793277,48.551249],[-71.793097,48.551],[-71.792504,48.550952],[-71.791875,48.551446],[-71.792208,48.551648],[-71.792297,48.551939],[-71.792459,48.551957]]]]}},{"type":"Feature","properties":{"owner1":"GAGNON ALAIN","owner2":"BOUDREAULT DORYS","matricule":"1078-17-6174","street":"CEDRIERE","civicLow":"0","civicHigh":"0","valueLand":"2000","valueBuilding":"0","valueTotal":"2000","mailAddr":"406 RANG DES ILES","mailCity":null,"mun":null},"geometry":{"type":"MultiPolygon","coordinates":[[[[-71.781634,48.540366],[-71.781985,48.54039],[-71.781724,48.540497],[-71.781634,48.540366]]]]}},{"type":"Feature","properties":{"owner1":"9300-4489 QUEBEC INC","owner2":null,"matricule":"1078-25-0727","street":"CEDRIERE","civicLow":"0","civicHigh":"0","valueLand":"1200","valueBuilding":"0","valueTotal":"1200","mailAddr":"406 RANG DES ILES","mailCity":null,"mun":null},"geometry":{"type":"MultiPolygon","coordinates":[[[[-71.78106,48.538225],[-71.780844,48.538142],[-71.78132,48.538225],[-71.78106,48.538225]]]]}},{"type":"Feature","properties":{"owner1":"9300-4489 QUEBEC INC","owner2":null,"matricule":"1078-16-5544","street":"CEDRIERE","civicLow":"20","civicHigh":"26","valueLand":"100","valueBuilding":"1100","valueTotal":"1200","mailAddr":"406 RANG DES ILES","mailCity":null,"mun":null},"geometry":{"type":"MultiPolygon","coordinates":[[[[-71.781985,48.54039],[-71.78114,48.540313],[-71.78053,48.540027],[-71.779586,48.539896],[-71.779577,48.539653],[-71.780592,48.539896],[-71.781176,48.540253],[-71.781652,48.540319],[-71.781985,48.539397],[-71.780907,48.538992],[-71.779964,48.538826],[-71.779559,48.538879],[-71.77955,48.538635],[-71.780979,48.538867],[-71.782362,48.539373],[-71.782281,48.539593],[-71.782003,48.539462],[-71.781697,48.540319],[-71.782614,48.540366],[-71.781985,48.54039]]]]}},{"type":"Feature","properties":{"owner1":"GAGNON ALAIN","owner2":"BOUDREAULT DORYS","matricule":"1078-28-5302","street":"ILES","civicLow":"406","civicHigh":"0","valueLand":"240500","valueBuilding":"249600","valueTotal":"490100","mailAddr":"406 RANG DES ILES","mailCity":null,"mun":null},"geometry":{"type":"MultiPolygon","coordinates":[[[[-71.779712,48.540515],[-71.780368,48.540521],[-71.78061,48.540063],[-71.78114,48.540313],[-71.780772,48.540574],[-71.781239,48.540812],[-71.781194,48.541068],[-71.781033,48.541139],[-71.779793,48.540902],[-71.779712,48.540515]]]]}},{"type":"Feature","properties":{"owner1":"TREMBLAY ALICE","owner2":"TREMBLAY CHARLOTTE","matricule":"1077-22-3673","street":"ADELARD-GAUTHIER","civicLow":"0","civicHigh":"0","valueLand":"115200","valueBuilding":"0","valueTotal":"115200","mailAddr":"106 CHEMIN ADELARD-GAUTHIER","mailCity":null,"mun":null},"geometry":{"type":"MultiPolygon","coordinates":[[[[-71.779757,48.52581],[-71.779955,48.525804],[-71.779757,48.525745],[-71.779847,48.52562],[-71.781823,48.526102],[-71.781832,48.527381],[-71.781266,48.528243],[-71.778724,48.527791],[-71.779568,48.525953],[-71.779757,48.52581]]]]}},{"type":"Feature","properties":{"owner1":"MUNICIPALITE DE SAINT-GEDEON","owner2":null,"matricule":"0971-18-2275","street":"PONT","civicLow":"636","civicHigh":"0","valueLand":"782800","valueBuilding":"166900","valueTotal":"949700","mailAddr":"636 RUE DU PONT","mailCity":null,"mun":null},"geometry":{"type":"MultiPolygon","coordinates":[[[[-71.792747,48.479151],[-71.793654,48.477591],[-71.793501,48.477466],[-71.793735,48.477228],[-71.793627,48.477026],[-71.794139,48.477091],[-71.794247,48.477264],[-71.794992,48.477663],[-71.79528,48.47805],[-71.795271,48.47827],[-71.794175,48.478889],[-71.793789,48.479336],[-71.792747,48.479151]]],[[[-71.792828,48.479586],[-71.792926,48.47936],[-71.793861,48.479574],[-71.793546,48.479955],[-71.792783,48.479676],[-71.792828,48.479586]]]]}},{"type":"Feature","properties":{"owner1":"S.I.A.L.","owner2":null,"matricule":"1078-17-4987","street":"CEDRIERE","civicLow":"0","civicHigh":"0","valueLand":"3800","valueBuilding":"0","valueTotal":"3800","mailAddr":"1655 RUE POWELL","mailCity":null,"mun":null},"geometry":{"type":"MultiPolygon","coordinates":[[[[-71.781832,48.540438],[-71.781985,48.54039],[-71.782075,48.540622],[-71.781931,48.540634],[-71.781832,48.540438]]]]}},{"type":"Feature","properties":{"owner1":"BOIES HENRI","owner2":"LAMBERT MARIE-FRANCE","matricule":"0972-51-8487","street":"DE QUEN","civicLow":"557","civicHigh":"0","valueLand":"46300","valueBuilding":"115400","valueTotal":"161700","mailAddr":"557 RUE DE QUEN","mailCity":null,"mun":null},"geometry":{"type":"MultiPolygon","coordinates":[[[[-71.78848,48.480866],[-71.788498,48.481283],[-71.787348,48.481444],[-71.788156,48.48064],[-71.78848,48.480866]]]]}},{"type":"Feature","properties":{"owner1":"COTE CAMILLE","owner2":null,"matricule":"1074-97-5289","street":"DE QUEN","civicLow":"72","civicHigh":"0","valueLand":"52400","valueBuilding":"97200","valueTotal":"149600","mailAddr":"72 CHEMIN DE QUEN","mailCity":null,"mun":null},"geometry":{"type":"MultiPolygon","coordinates":[[[[-71.770828,48.504644],[-71.770873,48.505221],[-71.770576,48.505191],[-71.77063,48.504947],[-71.769283,48.504763],[-71.769399,48.504388],[-71.770828,48.504644]]]]}},{"type":"Feature","properties":{"owner1":"HARVEY LUC","owner2":"GERVAIS LINDA","matricule":"1174-66-6834","street":"DE QUEN","civicLow":"70","civicHigh":"0","valueLand":"118200","valueBuilding":"164300","valueTotal":"282500","mailAddr":"70 CHEMIN DE QUEN","mailCity":null,"mun":null},"geometry":{"type":"MultiPolygon","coordinates":[[[[-71.749008,48.500751],[-71.749035,48.500674],[-71.769399,48.504388],[-71.769283,48.504763],[-71.77063,48.504947],[-71.770576,48.505191],[-71.770873,48.505221],[-71.770909,48.505906],[-71.748576,48.501811],[-71.749008,48.500751]]],[[[-71.771142,48.505209],[-71.771106,48.504691],[-71.772606,48.504965],[-71.772876,48.50609],[-71.771394,48.505858],[-71.771169,48.505739],[-71.771142,48.505209]]]]}},{"type":"Feature","properties":{"owner1":"BOUCHARD ROSAIRE","owner2":null,"matricule":"1471-93-7704","street":"4","civicLow":"1142","civicHigh":"0","valueLand":"37800","valueBuilding":"97800","valueTotal":"135600","mailAddr":"1142 RANG 4","mailCity":null,"mun":null},"geometry":{"type":"MultiPolygon","coordinates":[[[[-71.714701,48.474048],[-71.714979,48.473387],[-71.715249,48.47344],[-71.715069,48.473881],[-71.71559,48.473976],[-71.715501,48.474185],[-71.714701,48.474048]]]]}},{"type":"Feature","properties":{"owner1":"LANDRY SERGE","owner2":null,"matricule":"1471-92-5075","street":"4","civicLow":"1156","civicHigh":"0","valueLand":"28300","valueBuilding":"101200","valueTotal":"129500","mailAddr":"1156 RANG 4","mailCity":null,"mun":null},"geometry":{"type":"MultiPolygon","coordinates":[[[[-71.715069,48.473881],[-71.715249,48.47344],[-71.715572,48.4735],[-71.715429,48.473845],[-71.715626,48.473881],[-71.71559,48.473976],[-71.715069,48.473881]]]]}},{"type":"Feature","properties":{"owner1":"HARVEY JOEL","owner2":"BOUCHARD MARIE-HELENE","matricule":"1075-92-1542","street":"TOURELLE","civicLow":"4","civicHigh":"0","valueLand":"22500","valueBuilding":"32000","valueTotal":"54500","mailAddr":"1255 RUE JOBIN","mailCity":null,"mun":null},"geometry":{"type":"MultiPolygon","coordinates":[[[[-71.770936,48.508661],[-71.77081,48.508923],[-71.770603,48.508887],[-71.770729,48.508625],[-71.770936,48.508661]]]]}},{"type":"Feature","properties":{"owner1":"LAROUCHE KARINE","owner2":null,"matricule":"1080-85-5821","street":"ILES","civicLow":"163","civicHigh":"0","valueLand":"34100","valueBuilding":"237200","valueTotal":"271300","mailAddr":"1188 RUE JOLIETTE","mailCity":null,"mun":null},"geometry":{"type":"MultiPolygon","coordinates":[[[[-71.773595,48.556107],[-71.772687,48.556547],[-71.772256,48.556607],[-71.772238,48.556238],[-71.772615,48.555959],[-71.773595,48.556107]]]]}},{"type":"Feature","properties":{"owner1":"S.I.A.L.","owner2":null,"matricule":"0973-43-3652","street":"SAINT-GEDEON-SUR-LE-LAC","civicLow":"3","civicHigh":"0","valueLand":"179600","valueBuilding":"163800","valueTotal":"343400","mailAddr":"699 DE LA COMMUNE EST APP 707","mailCity":null,"mun":null},"geometry":{"type":"MultiPolygon","coordinates":[[[[-71.789288,48.491435],[-71.789333,48.491304],[-71.791417,48.491673],[-71.791363,48.491816],[-71.789288,48.491435]]]]}},{"type":"Feature","properties":{"owner1":"S.I.A.L.","owner2":null,"matricule":"0973-43-4972","street":"SAINT-GEDEON-SUR-LE-LAC","civicLow":"2","civicHigh":"0","valueLand":"234700","valueBuilding":"275300","valueTotal":"510000","mailAddr":"2 CHEMIN DE SAINT-GEDEON-SUR-LE-LAC","mailCity":null,"mun":null},"geometry":{"type":"MultiPolygon","coordinates":[[[[-71.789288,48.491435],[-71.791363,48.491816],[-71.791273,48.49206],[-71.789189,48.491709],[-71.789288,48.491435]]]]}},{"type":"Feature","properties":{"owner1":"BOUCHARD GUY","owner2":"AUDET JOSEE","matricule":"1079-45-0768","street":"ILES","civicLow":"301","civicHigh":"0","valueLand":"63200","valueBuilding":"253500","valueTotal":"316700","mailAddr":"301 RANG DES ILES","mailCity":null,"mun":null},"geometry":{"type":"MultiPolygon","coordinates":[[[[-71.779568,48.547955],[-71.779488,48.548151],[-71.777511,48.547765],[-71.777718,48.547021],[-71.779703,48.547408],[-71.779568,48.547955]]]]}},{"type":"Feature","properties":{"owner1":"COUDE GAETAN","owner2":null,"matricule":"1079-36-8845","street":"ILES","civicLow":"275","civicHigh":"0","valueLand":"33200","valueBuilding":"79800","valueTotal":"113000","mailAddr":"275 RANG DES ILES","mailCity":null,"mun":null},"geometry":{"type":"MultiPolygon","coordinates":[[[[-71.778347,48.548306],[-71.778445,48.548086],[-71.779443,48.548264],[-71.779344,48.54849],[-71.778347,48.548306]]]]}},{"type":"Feature","properties":{"owner1":"BARRETTE YVES","owner2":"LABRIE SUZANNE","matricule":"1079-36-9670","street":"ILES","civicLow":"0","civicHigh":"0","valueLand":"33200","valueBuilding":"2000","valueTotal":"35200","mailAddr":"2058 RUE SAINT-JEAN-BAPTISTE","mailCity":null,"mun":null},"geometry":{"type":"MultiPolygon","coordinates":[[[[-71.778248,48.548532],[-71.778347,48.548306],[-71.779344,48.54849],[-71.779245,48.54871],[-71.778248,48.548532]]]]}},{"type":"Feature","properties":{"owner1":"ST-LAURENT PIERRE","owner2":"RONDEAU JOSEE","matricule":"1079-46-4186","street":"ILES","civicLow":"269","civicHigh":"0","valueLand":"50900","valueBuilding":"179400","valueTotal":"230300","mailAddr":"269 RANG DES ILES","mailCity":null,"mun":null},"geometry":{"type":"MultiPolygon","coordinates":[[[[-71.777924,48.548758],[-71.777125,48.548609],[-71.777251,48.548347],[-71.779245,48.54871],[-71.779119,48.548972],[-71.777924,48.548758]]]]}},{"type":"Feature","properties":{"owner1":"DOYON DENIS","owner2":"LAVOIE SUZANNE","matricule":"1079-47-2638","street":"ILES","civicLow":"265","civicHigh":"0","valueLand":"55700","valueBuilding":"194600","valueTotal":"250300","mailAddr":"265 RANG DES ILES","mailCity":null,"mun":null},"geometry":{"type":"MultiPolygon","coordinates":[[[[-71.77902,48.549192],[-71.778886,48.549501],[-71.777691,48.549281],[-71.777924,48.548758],[-71.779119,48.548972],[-71.77902,48.549192]]]]}},{"type":"Feature","properties":{"owner1":"S.I.A.L.","owner2":null,"matricule":"1077-50-6534","street":"CHENES","civicLow":"0","civicHigh":"0","valueLand":"161600","valueBuilding":"0","valueTotal":"161600","mailAddr":"1655 RUE POWELL","mailCity":null,"mun":null},"geometry":{"type":"MultiPolygon","coordinates":[[[[-71.774214,48.524817],[-71.774394,48.524638],[-71.774906,48.524674],[-71.775059,48.524513],[-71.775481,48.52446],[-71.776793,48.524894],[-71.776963,48.524567],[-71.776685,48.523954],[-71.777161,48.52371],[-71.777125,48.523401],[-71.777242,48.523347],[-71.777547,48.523454],[-71.777933,48.523062],[-71.777745,48.523294],[-71.777826,48.523478],[-71.777233,48.523537],[-71.777224,48.52371],[-71.776739,48.524025],[-71.777098,48.524608],[-71.776757,48.524995],[-71.776424,48.524971],[-71.776101,48.525102],[-71.775849,48.525025],[-71.775751,48.525108],[-71.775544,48.524745],[-71.77523,48.52468],[-71.774924,48.524817],[-71.775032,48.524977],[-71.774924,48.525031],[-71.774762,48.524852],[-71.774439,48.524787],[-71.773891,48.524959],[-71.773532,48.52515],[-71.773379,48.525394],[-71.773496,48.525037],[-71.774214,48.524817]]]]}},{"type":"Feature","properties":{"owner1":"BIGOT PIERRE","owner2":"LAPOINTE HELENE","matricule":"1077-54-9964","street":"ILES","civicLow":"604","civicHigh":"0","valueLand":"33700","valueBuilding":"251500","valueTotal":"285200","mailAddr":"604 RANG DES ILES","mailCity":null,"mun":null},"geometry":{"type":"MultiPolygon","coordinates":[[[[-71.774951,48.528707],[-71.776137,48.528458],[-71.775894,48.528743],[-71.775113,48.52891],[-71.774951,48.528707]]]]}},{"type":"Feature","properties":{"owner1":"LAROUCHE TOMMY","owner2":"RIVERIN MARIE-DANIELLE","matricule":"1077-55-9005","street":"ILES","civicLow":"600","civicHigh":"0","valueLand":"45300","valueBuilding":"136800","valueTotal":"182100","mailAddr":"600 RANG DES ILES","mailCity":null,"mun":null},"geometry":{"type":"MultiPolygon","coordinates":[[[[-71.775176,48.528987],[-71.775113,48.52891],[-71.775894,48.528743],[-71.776245,48.529243],[-71.775445,48.529409],[-71.775176,48.528987]]]]}},{"type":"Feature","properties":{"owner1":"FERME DOMAINE DE LA RIVIERE INC.","owner2":null,"matricule":"1275-04-3436","street":"DE QUEN","civicLow":"10","civicHigh":"0","valueLand":"471500","valueBuilding":"555100","valueTotal":"1026600","mailAddr":"10 CHEMIN DE QUEN","mailCity":null,"mun":null},"geometry":{"type":"MultiPolygon","coordinates":[[[[-71.744911,48.511101],[-71.745459,48.50975],[-71.747139,48.510048],[-71.747094,48.510155],[-71.745783,48.510548],[-71.744911,48.511101]]],[[[-71.764153,48.51294],[-71.754236,48.511143],[-71.753984,48.511077],[-71.753966,48.51094],[-71.752996,48.510923],[-71.747301,48.509905],[-71.745576,48.509471],[-71.746618,48.506697],[-71.768896,48.510768],[-71.768321,48.511565],[-71.768142,48.511399],[-71.768106,48.510911],[-71.767279,48.510548],[-71.767172,48.510714],[-71.766776,48.510893],[-71.766444,48.510857],[-71.766103,48.510577],[-71.765851,48.510518],[-71.764863,48.510566],[-71.764602,48.510661],[-71.764504,48.510708],[-71.765707,48.511065],[-71.766094,48.511452],[-71.766606,48.511458],[-71.767163,48.511244],[-71.767782,48.511399],[-71.767441,48.511821],[-71.767899,48.512095],[-71.767351,48.512506],[-71.766776,48.512291],[-71.766148,48.512577],[-71.766722,48.512791],[-71.766273,48.512916],[-71.765267,48.513035],[-71.764153,48.51294]]],[[[-71.745037,48.511494],[-71.745657,48.510964],[-71.746483,48.510583],[-71.747445,48.510387],[-71.748451,48.510387],[-71.752718,48.511089],[-71.753643,48.511393],[-71.753886,48.511321],[-71.754353,48.511381],[-71.768492,48.513892],[-71.769822,48.516493],[-71.744741,48.511964],[-71.745037,48.511494]]]]}},{"type":"Feature","properties":{"owner1":"FORTIN DENIS","owner2":null,"matricule":"0971-37-5473","street":"BELLE-RIVIERE","civicLow":"1349","civicHigh":"0","valueLand":"14700","valueBuilding":"35000","valueTotal":"49700","mailAddr":"1349 RANG BELLE-RIVIERE","mailCity":null,"mun":null},"geometry":{"type":"MultiPolygon","coordinates":[[[[-71.79095,48.47727],[-71.791193,48.477234],[-71.791255,48.477425],[-71.791013,48.47746],[-71.79095,48.47727]]]]}},{"type":"Feature","properties":{"owner1":"S.I.A.L.","owner2":null,"matricule":"0972-21-4335","street":"170","civicLow":"0","civicHigh":"0","valueLand":"16600","valueBuilding":"0","valueTotal":"16600","mailAddr":"1655 RUE POWELL","mailCity":null,"mun":null},"geometry":{"type":"MultiPolygon","coordinates":[[[[-71.792989,48.480646],[-71.792468,48.480718],[-71.792414,48.480622],[-71.792567,48.480462],[-71.793016,48.480527],[-71.792989,48.480646]]]]}},{"type":"Feature","properties":{"owner1":"9353-3065 QUEBEC INC","owner2":null,"matricule":"1079-39-4803","street":"ILES","civicLow":"248","civicHigh":"0","valueLand":"21000","valueBuilding":"226600","valueTotal":"247600","mailAddr":"248F RANG DES ILES","mailCity":null,"mun":null},"geometry":{"type":"MultiPolygon","coordinates":[[[[-71.779353,48.550613],[-71.77955,48.550518],[-71.779631,48.550583],[-71.779461,48.550673],[-71.779353,48.550613]]]]}},{"type":"Feature","properties":{"owner1":"FERME N.G. COTE","owner2":null,"matricule":"1071-50-1971","street":"BELLE-RIVIERE","civicLow":"1330","civicHigh":"0","valueLand":"478600","valueBuilding":"446400","valueTotal":"925000","mailAddr":"1311 RANG BELLE-RIVIERE","mailCity":null,"mun":null},"geometry":{"type":"MultiPolygon","coordinates":[[[[-71.788165,48.47406],[-71.788004,48.473768],[-71.788174,48.47322],[-71.788057,48.472005],[-71.787563,48.471284],[-71.787743,48.471052],[-71.791884,48.471797],[-71.791175,48.474632],[-71.789656,48.474441],[-71.788803,48.473851],[-71.788749,48.473911],[-71.789603,48.474697],[-71.79104,48.475013],[-71.790941,48.475287],[-71.789108,48.474953],[-71.788165,48.47406]]],[[[-71.761117,48.471076],[-71.76295,48.466561],[-71.78512,48.470558],[-71.78583,48.468843],[-71.785839,48.469587],[-71.786063,48.470177],[-71.787366,48.471421],[-71.787743,48.472011],[-71.787824,48.472523],[-71.787518,48.473113],[-71.787806,48.47403],[-71.790151,48.476382],[-71.761117,48.471076]]]]}},{"type":"Feature","properties":{"owner1":"MORASSE SEBASTIEN","owner2":"GIRARD AUDREY","matricule":"1073-34-8143","street":"DE QUEN","civicLow":"281","civicHigh":"285","valueLand":"34000","valueBuilding":"213100","valueTotal":"247100","mailAddr":"285 RUE DE QUEN","mailCity":null,"mun":null},"geometry":{"type":"MultiPolygon","coordinates":[[[[-71.777044,48.492566],[-71.777161,48.492316],[-71.778149,48.492501],[-71.778032,48.492739],[-71.777044,48.492566]]]]}},{"type":"Feature","properties":{"owner1":"COTE BRUNO","owner2":"GRAVEL LINE","matricule":"1073-73-4585","street":"TREMBLAY","civicLow":"133","civicHigh":"0","valueLand":"22800","valueBuilding":"259600","valueTotal":"282400","mailAddr":"133 RUE TREMBLAY","mailCity":null,"mun":null},"geometry":{"type":"MultiPolygon","coordinates":[[[[-71.772373,48.49212],[-71.772553,48.491899],[-71.772939,48.491959],[-71.772741,48.492239],[-71.772373,48.49212]]]]}},{"type":"Feature","properties":{"owner1":"TREMBLAY PIERRE-LUC","owner2":"TURCOTTE VERONIQUE","matricule":"1077-44-8667","street":"BOISE","civicLow":"11","civicHigh":"0","valueLand":"48700","valueBuilding":"373600","valueTotal":"422300","mailAddr":"11 CHEMIN DU BOISE","mailCity":null,"mun":null},"geometry":{"type":"MultiPolygon","coordinates":[[[[-71.777161,48.529106],[-71.776909,48.529118],[-71.776837,48.528339],[-71.777323,48.528368],[-71.777161,48.529106]]]]}},{"type":"Feature","properties":{"owner1":"S.I.A.L.","owner2":"S.I.A.L.","matricule":"1075-55-6743","street":"DOMAINE-GRANDMONT","civicLow":"0","civicHigh":"0","valueLand":"147200","valueBuilding":"0","valueTotal":"147200","mailAddr":"302 CHEMIN DU DOMAINE-GRANDMONT","mailCity":null,"mun":null},"geometry":{"type":"MultiPolygon","coordinates":[[[[-71.775768,48.511292],[-71.775607,48.511714],[-71.775077,48.511797],[-71.775373,48.511518],[-71.775454,48.511286],[-71.775355,48.51119],[-71.776047,48.511089],[-71.775768,48.511292]]]]}},{"type":"Feature","properties":{"owner1":"DESGAGNE FERNAND","owner2":"ROYER DOMINIQUE","matricule":"1075-55-5142","street":"DOMAINE-GRANDMONT","civicLow":"302","civicHigh":"0","valueLand":"73600","valueBuilding":"204600","valueTotal":"278200","mailAddr":"302 CHEMIN DU DOMAINE-GRANDMONT","mailCity":null,"mun":null},"geometry":{"type":"MultiPolygon","coordinates":[[[[-71.775768,48.511292],[-71.775984,48.511184],[-71.775607,48.511714],[-71.775768,48.511292]]]]}},{"type":"Feature","properties":{"owner1":"SIMARD MICHEL","owner2":"LAROUCHE CAROLE","matricule":"1073-31-6274","street":"DE QUEN","civicLow":"330","civicHigh":"0","valueLand":"20900","valueBuilding":"145400","valueTotal":"166300","mailAddr":"330 RUE DE QUEN","mailCity":null,"mun":null},"geometry":{"type":"MultiPolygon","coordinates":[[[[-71.777457,48.490119],[-71.777538,48.489964],[-71.778113,48.490066],[-71.778041,48.49022],[-71.777457,48.490119]]]]}},{"type":"Feature","properties":{"owner1":"LESPERANCE SEBASTIEN","owner2":"PILOTE ISABELLE","matricule":"1073-31-6790","street":"DE QUEN","civicLow":"326","civicHigh":"0","valueLand":"20100","valueBuilding":"115400","valueTotal":"135500","mailAddr":"101 CHEMIN DU DOMAINE-GRANDMONT","mailCity":null,"mun":null},"geometry":{"type":"MultiPolygon","coordinates":[[[[-71.777394,48.490262],[-71.777457,48.490119],[-71.778041,48.49022],[-71.777969,48.490363],[-71.777394,48.490262]]]]}},{"type":"Feature","properties":{"owner1":"PELOQUIN FRANCOIS","owner2":"FOLTZ ANNE-MARIE","matricule":"1075-37-8981","street":"DOMAINE-GRANDMONT","civicLow":"35","civicHigh":"0","valueLand":"160200","valueBuilding":"21100","valueTotal":"181300","mailAddr":"35 CHEMIN DU DOMAINE-GRANDMONT","mailCity":null,"mun":null},"geometry":{"type":"MultiPolygon","coordinates":[[[[-71.778293,48.513618],[-71.77823,48.513767],[-71.777754,48.513678],[-71.77752,48.513279],[-71.778436,48.51341],[-71.778293,48.513618]]]]}},{"type":"Feature","properties":{"owner1":"9124-0648 QUEBEC INC","owner2":null,"matricule":"1074-76-8883","street":"DE QUEN","civicLow":"0","civicHigh":"0","valueLand":"92800","valueBuilding":"7100","valueTotal":"99900","mailAddr":"85 CHEMIN DE QUEN","mailCity":null,"mun":null},"geometry":{"type":"MultiPolygon","coordinates":[[[[-71.77204,48.503608],[-71.771025,48.503602],[-71.770963,48.502751],[-71.772894,48.503096],[-71.772526,48.50309],[-71.772526,48.503447],[-71.772849,48.503507],[-71.772642,48.503626],[-71.772921,48.503811],[-71.772993,48.504376],[-71.771528,48.504424],[-71.771618,48.503941],[-71.772058,48.503924],[-71.77204,48.503608]]],[[[-71.772436,48.503328],[-71.772005,48.503251],[-71.772005,48.503394],[-71.772445,48.503471],[-71.772436,48.503328]]],[[[-71.772436,48.503215],[-71.772436,48.503072],[-71.772005,48.502995],[-71.772005,48.503138],[-71.772436,48.503215]]]]}},{"type":"Feature","properties":{"owner1":"COTE ALINE","owner2":"COTE DENISE","matricule":"1074-76-6243","street":"MORILLONS","civicLow":"23","civicHigh":"0","valueLand":"35600","valueBuilding":"28600","valueTotal":"64200","mailAddr":"3657 RUE DUBOSE APP 12","mailCity":null,"mun":null},"geometry":{"type":"MultiPolygon","coordinates":[[[[-71.772858,48.503269],[-71.772867,48.503495],[-71.772526,48.503447],[-71.772526,48.503209],[-71.772858,48.503269]]]]}},{"type":"Feature","properties":{"owner1":"COTE CHANTAL","owner2":null,"matricule":"1074-76-6223","street":"MORILLONS","civicLow":"0","civicHigh":"0","valueLand":"14600","valueBuilding":"36800","valueTotal":"51400","mailAddr":"4071 CHEMIN SAINT-DAMIEN","mailCity":null,"mun":null},"geometry":{"type":"MultiPolygon","coordinates":[[[[-71.772894,48.503156],[-71.772858,48.503269],[-71.772526,48.503209],[-71.772526,48.50309],[-71.772894,48.503156]]]]}},{"type":"Feature","properties":{"owner1":"S.I.A.L.","owner2":null,"matricule":"1074-39-6700","street":"BERNACHES","civicLow":"303","civicHigh":"0","valueLand":"126200","valueBuilding":"94400","valueTotal":"220600","mailAddr":"221 RUE DE LA PENTE DOUCE","mailCity":null,"mun":null},"geometry":{"type":"MultiPolygon","coordinates":[[[[-71.777889,48.505465],[-71.778454,48.505501],[-71.778419,48.505733],[-71.777826,48.505763],[-71.777889,48.505465]]]]}},{"type":"Feature","properties":{"owner1":"S.I.A.L.","owner2":null,"matricule":"1074-39-6027","street":"BERNACHES","civicLow":"0","civicHigh":"0","valueLand":"103400","valueBuilding":"0","valueTotal":"103400","mailAddr":"301 CHEMIN DES BERNACHES","mailCity":null,"mun":null},"geometry":{"type":"MultiPolygon","coordinates":[[[[-71.777808,48.505882],[-71.777826,48.505763],[-71.778419,48.505733],[-71.778472,48.505965],[-71.777808,48.505882]]]]}},{"type":"Feature","properties":{"owner1":"LESSARD AUDREY","owner2":null,"matricule":"1074-39-8037","street":"BERNACHES","civicLow":"301","civicHigh":"0","valueLand":"20400","valueBuilding":"145200","valueTotal":"165600","mailAddr":"301 CHEMIN DES BERNACHES","mailCity":null,"mun":null},"geometry":{"type":"MultiPolygon","coordinates":[[[[-71.777808,48.505882],[-71.778131,48.505977],[-71.777799,48.505989],[-71.777808,48.505882]]]]}},{"type":"Feature","properties":{"owner1":"MONGEAU GABRIEL","owner2":null,"matricule":"1080-77-3614","street":"ILES","civicLow":"135","civicHigh":"0","valueLand":"43100","valueBuilding":"53800","valueTotal":"96900","mailAddr":"135 RANG DES ILES","mailCity":null,"mun":null},"geometry":{"type":"MultiPolygon","coordinates":[[[[-71.775212,48.557594],[-71.774664,48.558634],[-71.773478,48.558402],[-71.773334,48.558289],[-71.773783,48.557719],[-71.775095,48.557522],[-71.776972,48.55757],[-71.776793,48.557903],[-71.775212,48.557594]]]]}},{"type":"Feature","properties":{"owner1":"MARCEAU BERNARD","owner2":"MARCEAU REJEAN","matricule":"0977-75-5206","street":"ADELARD-GAUTHIER","civicLow":"51","civicHigh":"0","valueLand":"327400","valueBuilding":"47200","valueTotal":"374600","mailAddr":"3747 RUE SAINT-JULES","mailCity":null,"mun":null},"geometry":{"type":"MultiPolygon","coordinates":[[[[-71.787114,48.529445],[-71.784734,48.528981],[-71.785686,48.528892],[-71.786791,48.528392],[-71.787492,48.528606],[-71.788111,48.528374],[-71.788273,48.528856],[-71.788048,48.528987],[-71.788201,48.529094],[-71.788165,48.529403],[-71.787896,48.529653],[-71.787114,48.529445]]]]}},{"type":"Feature","properties":{"owner1":"PEDNEAULT JEAN-MARIE","owner2":null,"matricule":"1180-34-7931","street":"GOLF","civicLow":"216","civicHigh":"0","valueLand":"48600","valueBuilding":"47800","valueTotal":"96400","mailAddr":"295 RUE DE LA BRETAGNE","mailCity":null,"mun":null},"geometry":{"type":"MultiPolygon","coordinates":[[[[-71.76551,48.555465],[-71.765627,48.555382],[-71.765815,48.555525],[-71.76568,48.555608],[-71.76551,48.555465]]]]}},{"type":"Feature","properties":{"owner1":"9302-0089 QUEBEC INC","owner2":null,"matricule":"1073-56-2765","street":"DE QUEN","civicLow":"226","civicHigh":"0","valueLand":"38600","valueBuilding":"230700","valueTotal":"269300","mailAddr":"206 CHEMIN DES BERNACHES","mailCity":null,"mun":null},"geometry":{"type":"MultiPolygon","coordinates":[[[[-71.775283,48.494531],[-71.775481,48.494066],[-71.775768,48.494126],[-71.775688,48.494316],[-71.776047,48.494394],[-71.775876,48.494781],[-71.775283,48.494673],[-71.775283,48.494531]]]]}},{"type":"Feature","properties":{"owner1":"LEVESQUE GILLES","owner2":null,"matricule":"1080-67-4051","street":"ILES","civicLow":"0","civicHigh":"0","valueLand":"22800","valueBuilding":"0","valueTotal":"22800","mailAddr":"1707 RUE DES CORMIERS","mailCity":null,"mun":null},"geometry":{"type":"MultiPolygon","coordinates":[[[[-71.776793,48.557903],[-71.776254,48.558937],[-71.774664,48.558634],[-71.775212,48.557594],[-71.776793,48.557903]]]]}},{"type":"Feature","properties":{"owner1":"SIMARD DENIS","owner2":null,"matricule":"1078-09-0802","street":"CEDRIERE","civicLow":"105","civicHigh":"0","valueLand":"143400","valueBuilding":"259300","valueTotal":"402700","mailAddr":"105 CHEMIN DE LA CEDRIERE","mailCity":null,"mun":null},"geometry":{"type":"MultiPolygon","coordinates":[[[[-71.783674,48.541586],[-71.783494,48.541377],[-71.783755,48.541282],[-71.784437,48.541704],[-71.783961,48.541782],[-71.783674,48.541586]]]]}},{"type":"Feature","properties":{"owner1":"PERRON LUCIEN","owner2":null,"matricule":"0978-98-7990","street":"CEDRIERE","civicLow":"107","civicHigh":"0","valueLand":"149800","valueBuilding":"99300","valueTotal":"249100","mailAddr":"2291 RUE ST-PHILIPPE","mailCity":null,"mun":null},"geometry":{"type":"MultiPolygon","coordinates":[[[[-71.783755,48.541282],[-71.78441,48.541211],[-71.784626,48.541603],[-71.784437,48.541704],[-71.783755,48.541282]]]]}},{"type":"Feature","properties":{"owner1":"HARVEY CLAIRE","owner2":null,"matricule":"1075-93-1153","street":"DE QUEN","civicLow":"0","civicHigh":"0","valueLand":"20900","valueBuilding":"27600","valueTotal":"48500","mailAddr":"1868 RUE POWELL","mailCity":null,"mun":null},"geometry":{"type":"MultiPolygon","coordinates":[[[[-71.771043,48.50956],[-71.770855,48.510012],[-71.770657,48.509976],[-71.770846,48.509524],[-71.771043,48.50956]]]]}},{"type":"Feature","properties":{"owner1":"COTE RAYMONDE","owner2":null,"matricule":"1080-79-8972","street":"BAIE-FOREST","civicLow":"10","civicHigh":"0","valueLand":"111400","valueBuilding":"80500","valueTotal":"191900","mailAddr":"2488 RUE DES MERLES","mailCity":null,"mun":null},"geometry":{"type":"MultiPolygon","coordinates":[[[[-71.773882,48.560323],[-71.773577,48.560584],[-71.773532,48.560346],[-71.773891,48.560002],[-71.774008,48.560091],[-71.773882,48.560323]]]]}},{"type":"Feature","properties":{"owner1":"GAUTHIER JEAN-FRANCOIS","owner2":"MARTEL VERONIQUE","matricule":"1080-89-0048","street":"BAIE-FOREST","civicLow":"12","civicHigh":"0","valueLand":"90300","valueBuilding":"177000","valueTotal":"267300","mailAddr":"12 CHEMIN DE LA BAIE-FOREST","mailCity":null,"mun":null},"geometry":{"type":"MultiPolygon","coordinates":[[[[-71.773891,48.560002],[-71.773613,48.560263],[-71.773343,48.560091],[-71.773568,48.559889],[-71.773891,48.560002]]]]}},{"type":"Feature","properties":{"owner1":"S.I.A.L.","owner2":null,"matricule":"0978-88-0121","street":"CEDRIERE","civicLow":"0","civicHigh":"0","valueLand":"100","valueBuilding":"0","valueTotal":"100","mailAddr":"51 CHEMIN DE LA CEDRIERE","mailCity":null,"mun":null},"geometry":{"type":"MultiPolygon","coordinates":[[[[-71.786836,48.540854],[-71.786423,48.540681],[-71.787087,48.540872],[-71.786836,48.540854]]]]}},{"type":"Feature","properties":{"owner1":"9353-3065 QUEBEC INC","owner2":null,"matricule":"1079-39-0457","street":"ILES","civicLow":"0","civicHigh":"0","valueLand":"16800","valueBuilding":"0","valueTotal":"16800","mailAddr":"460 RUE RACINE EST","mailCity":null,"mun":null},"geometry":{"type":"MultiPolygon","coordinates":[[[[-71.779982,48.551095],[-71.780161,48.551006],[-71.780233,48.551065],[-71.780071,48.551148],[-71.779982,48.551095]]]]}},{"type":"Feature","properties":{"owner1":"LAVOIE CHRISTIAN","owner2":null,"matricule":"1073-69-2486","street":"DE QUEN","civicLow":"157","civicHigh":"0","valueLand":"23100","valueBuilding":"91300","valueTotal":"114400","mailAddr":"1175 RUE DES MARGUERITES","mailCity":null,"mun":null},"geometry":{"type":"MultiPolygon","coordinates":[[[[-71.774708,48.497364],[-71.77452,48.497608],[-71.774125,48.497519],[-71.774331,48.497251],[-71.774708,48.497364]]]]}},{"type":"Feature","properties":{"owner1":"S.I.A.L.","owner2":null,"matricule":"1080-15-3905","street":"BOCAGE","civicLow":"0","civicHigh":"0","valueLand":"65200","valueBuilding":"0","valueTotal":"65200","mailAddr":"30 CHEMIN DU BOCAGE","mailCity":null,"mun":null},"geometry":{"type":"MultiPolygon","coordinates":[[[[-71.782191,48.555709],[-71.782901,48.555988],[-71.782578,48.556214],[-71.782138,48.555935],[-71.782191,48.555709]]]]}},{"type":"Feature","properties":{"owner1":"9282-3442 QUEBEC INC","owner2":null,"matricule":"1078-58-7939","street":"ILES","civicLow":"0","civicHigh":"0","valueLand":"110400","valueBuilding":"5700","valueTotal":"116100","mailAddr":"121 RUE DES CHALETS","mailCity":null,"mun":null},"geometry":{"type":"MultiPolygon","coordinates":[[[[-71.776837,48.540931],[-71.779398,48.541407],[-71.778751,48.541431],[-71.77761,48.541651],[-71.773514,48.540842],[-71.773711,48.540354],[-71.776837,48.540931]]]]}},{"type":"Feature","properties":{"owner1":"GAGNON ALAIN","owner2":"PERREAULT ISABELLE","matricule":"0972-63-6418","street":"DE QUEN","civicLow":"543","civicHigh":"0","valueLand":"47100","valueBuilding":"125500","valueTotal":"172600","mailAddr":"1461 RANG 4 SIGNAY","mailCity":null,"mun":null},"geometry":{"type":"MultiPolygon","coordinates":[[[[-71.786405,48.482385],[-71.786845,48.481974],[-71.787653,48.482105],[-71.787168,48.482665],[-71.786405,48.482385]]]]}},{"type":"Feature","properties":{"owner1":"PARADIS DOMINIC","owner2":"GOBEIL ANICK","matricule":"1073-77-7544","street":"LEVESQUE","civicLow":"132","civicHigh":"0","valueLand":"23000","valueBuilding":"125700","valueTotal":"148700","mailAddr":"132 RUE LEVESQUE","mailCity":null,"mun":null},"geometry":{"type":"MultiPolygon","coordinates":[[[[-71.772014,48.4954],[-71.77222,48.495102],[-71.772562,48.495168],[-71.772391,48.495465],[-71.772014,48.4954]]]]}},{"type":"Feature","properties":{"owner1":"RIO TINTO ALCAN","owner2":null,"matricule":"0973-68-4577","street":"HEBERTVILLE-STATION","civicLow":"0","civicHigh":"0","valueLand":"378700","valueBuilding":"638100","valueTotal":"1016800","mailAddr":"5 RUE NOTRE-DAME","mailCity":null,"mun":null},"geometry":{"type":"MultiPolygon","coordinates":[[[[-71.788848,48.496174],[-71.788363,48.496787],[-71.786449,48.496465],[-71.786881,48.49581],[-71.788848,48.496174]]]]}},{"type":"Feature","properties":{"owner1":"DESSUREAULT YANN","owner2":"POTVIN MYRIAM","matricule":"1078-97-3733","street":"RANCH","civicLow":"0","civicHigh":"0","valueLand":"35400","valueBuilding":"0","valueTotal":"35400","mailAddr":"32 CHEMIN DU RANCH","mailCity":null,"mun":null},"geometry":{"type":"MultiPolygon","coordinates":[[[[-71.771762,48.539986],[-71.771555,48.540491],[-71.770765,48.540348],[-71.77098,48.539837],[-71.771762,48.539986]]]]}},{"type":"Feature","properties":{"owner1":"MARIER CANDIDE","owner2":null,"matricule":"0974-94-6018","street":"POINTE-DU-LAC","civicLow":"37","civicHigh":"0","valueLand":"117000","valueBuilding":"85700","valueTotal":"202700","mailAddr":"3665 RUE URSULE","mailCity":null,"mun":null},"geometry":{"type":"MultiPolygon","coordinates":[[[[-71.782964,48.501055],[-71.783054,48.500965],[-71.784051,48.501376],[-71.783979,48.501477],[-71.782964,48.501055]]]]}},{"type":"Feature","properties":{"owner1":"GAGNON GERMAIN","owner2":null,"matricule":"0977-84-0506","street":"ADELARD-GAUTHIER","civicLow":"65","civicHigh":"0","valueLand":"87300","valueBuilding":"79800","valueTotal":"167100","mailAddr":"4032 RUE EUGENE-ROBITAILLE","mailCity":null,"mun":null},"geometry":{"type":"MultiPolygon","coordinates":[[[[-71.786126,48.527898],[-71.786288,48.527839],[-71.786521,48.528142],[-71.786378,48.528255],[-71.786126,48.527898]]]]}},{"type":"Feature","properties":{"owner1":"HUDON RENE","owner2":null,"matricule":"0977-74-9439","street":"ADELARD-GAUTHIER","civicLow":"54","civicHigh":"0","valueLand":"63600","valueBuilding":"121600","valueTotal":"185200","mailAddr":"890 AVENUE DE LORRAINE","mailCity":null,"mun":null},"geometry":{"type":"MultiPolygon","coordinates":[[[[-71.786171,48.528487],[-71.786234,48.528166],[-71.786378,48.528255],[-71.786521,48.528142],[-71.78671,48.528255],[-71.786764,48.528333],[-71.786162,48.5286],[-71.786171,48.528487]]]]}},{"type":"Feature","properties":{"owner1":"ROSSIGNOL GUERIN GUILLAUME","owner2":"LAROUCHE DALLAIRE NATACHA","matricule":"1077-43-1890","street":"BOISE","civicLow":"14","civicHigh":"0","valueLand":"45100","valueBuilding":"275600","valueTotal":"320700","mailAddr":"14 CHEMIN DU BOISE","mailCity":null,"mun":null},"geometry":{"type":"MultiPolygon","coordinates":[[[[-71.77832,48.527779],[-71.778077,48.528345],[-71.777628,48.528255],[-71.777862,48.527696],[-71.77832,48.527779]]]]}},{"type":"Feature","properties":{"owner1":"COTE RAYMOND","owner2":null,"matricule":"1076-86-7754","street":"ILES","civicLow":"715","civicHigh":"0","valueLand":"30800","valueBuilding":"68400","valueTotal":"99200","mailAddr":"715 RANG DES ILES","mailCity":null,"mun":null},"geometry":{"type":"MultiPolygon","coordinates":[[[[-71.771376,48.52158],[-71.771205,48.521538],[-71.771412,48.5213],[-71.771825,48.521283],[-71.772005,48.521717],[-71.771376,48.52158]]]]}},{"type":"Feature","properties":{"owner1":"POTVIN LAURENCE","owner2":null,"matricule":"1076-86-7295","street":"ILES","civicLow":"705","civicHigh":"0","valueLand":"34300","valueBuilding":"137700","valueTotal":"172000","mailAddr":"705 RANG DES ILES","mailCity":null,"mun":null},"geometry":{"type":"MultiPolygon","coordinates":[[[[-71.772005,48.521717],[-71.772112,48.522038],[-71.771699,48.522032],[-71.771241,48.521842],[-71.771376,48.52158],[-71.772005,48.521717]]]]}},{"type":"Feature","properties":{"owner1":"COTE ANDRE","owner2":null,"matricule":"1180-33-5780","street":"GOLF","civicLow":"34","civicHigh":"0","valueLand":"37000","valueBuilding":"0","valueTotal":"37000","mailAddr":"465 RUE BOULANGER OUEST","mailCity":null,"mun":null},"geometry":{"type":"MultiPolygon","coordinates":[[[[-71.766112,48.555257],[-71.765276,48.554793],[-71.766704,48.555227],[-71.766606,48.555453],[-71.766112,48.555257]]]]}},{"type":"Feature","properties":{"owner1":"NERON RICHARD","owner2":null,"matricule":"1079-33-5447","street":"ILES","civicLow":"331","civicHigh":"0","valueLand":"45000","valueBuilding":"203000","valueTotal":"248000","mailAddr":"331 RANG DES ILES","mailCity":null,"mun":null},"geometry":{"type":"MultiPolygon","coordinates":[[[[-71.778706,48.545683],[-71.778742,48.54541],[-71.779865,48.545404],[-71.779874,48.545761],[-71.778859,48.54582],[-71.778706,48.545683]]]]}},{"type":"Feature","properties":{"owner1":"TREMBLAY COLETTE","owner2":null,"matricule":"1079-34-4501","street":"ILES","civicLow":"325","civicHigh":"0","valueLand":"24000","valueBuilding":"127100","valueTotal":"151100","mailAddr":"325 RANG DES ILES","mailCity":null,"mun":null},"geometry":{"type":"MultiPolygon","coordinates":[[[[-71.779218,48.546385],[-71.779254,48.545939],[-71.779676,48.545891],[-71.779712,48.546058],[-71.779218,48.546385]]]]}},{"type":"Feature","properties":{"owner1":"EMOND GERALD","owner2":null,"matricule":"1076-95-2452","street":"ILES","civicLow":"723","civicHigh":"0","valueLand":"43300","valueBuilding":"220200","valueTotal":"263500","mailAddr":"723 RANG DES ILES","mailCity":null,"mun":null},"geometry":{"type":"MultiPolygon","coordinates":[[[[-71.770576,48.520717],[-71.770424,48.520247],[-71.77151,48.520402],[-71.7716,48.52067],[-71.770828,48.520783],[-71.770576,48.520717]]]]}},{"type":"Feature","properties":{"owner1":"LAROUCHE JEANNE D'ARC","owner2":null,"matricule":"1076-95-2601","street":"ILES","civicLow":"725","civicHigh":"0","valueLand":"48000","valueBuilding":"129300","valueTotal":"177300","mailAddr":"725 RANG DES ILES","mailCity":null,"mun":null},"geometry":{"type":"MultiPolygon","coordinates":[[[[-71.770424,48.520247],[-71.770468,48.519759],[-71.771358,48.519938],[-71.77151,48.520402],[-71.770424,48.520247]]]]}},{"type":"Feature","properties":{"owner1":"S.I.A.L.","owner2":"S.I.A.L.","matricule":"1079-25-8936","street":"ILES","civicLow":"0","civicHigh":"0","valueLand":"115800","valueBuilding":"0","valueTotal":"115800","mailAddr":"314 RANG DES ILES","mailCity":null,"mun":null},"geometry":{"type":"MultiPolygon","coordinates":[[[[-71.779955,48.547188],[-71.779973,48.547045],[-71.780332,48.547093],[-71.780673,48.547586],[-71.780071,48.547378],[-71.779955,48.547188]]]]}},{"type":"Feature","properties":{"owner1":"TREMBLAY MARTIN","owner2":null,"matricule":"1074-05-9159","street":"POINTE-DU-LAC","civicLow":"61","civicHigh":"0","valueLand":"110500","valueBuilding":"230600","valueTotal":"341100","mailAddr":"61 CHEMIN DE LA POINTE-DU-LAC","mailCity":null,"mun":null},"geometry":{"type":"MultiPolygon","coordinates":[[[[-71.781329,48.502364],[-71.781491,48.502281],[-71.782227,48.502638],[-71.781994,48.502709],[-71.781329,48.502364]]]]}},{"type":"Feature","properties":{"owner1":"S.I.A.L.","owner2":null,"matricule":"1080-49-5709","street":"BAIE-DES-GIRARD","civicLow":"0","civicHigh":"0","valueLand":"5700","valueBuilding":"0","valueTotal":"5700","mailAddr":"107 CHEMIN DE LA BAIE-DES-GIRARD","mailCity":null,"mun":null},"geometry":{"type":"MultiPolygon","coordinates":[[[[-71.778167,48.559758],[-71.778095,48.55958],[-71.778419,48.559651],[-71.778167,48.559758]]]]}},{"type":"Feature","properties":{"owner1":"S.I.A.L.","owner2":null,"matricule":"1080-49-2225","street":"BAIE-DES-GIRARD","civicLow":"0","civicHigh":"0","valueLand":"20200","valueBuilding":"0","valueTotal":"20200","mailAddr":"109 CHEMIN DE LA BAIE-DES-GIRARD","mailCity":null,"mun":null},"geometry":{"type":"MultiPolygon","coordinates":[[[[-71.778419,48.559663],[-71.778787,48.55977],[-71.778975,48.559693],[-71.77876,48.559853],[-71.778419,48.559663]]]]}},{"type":"Feature","properties":{"owner1":"S.I.A.L.","owner2":null,"matricule":"1080-49-0600","street":"BAIE-DES-GIRARD","civicLow":"0","civicHigh":"0","valueLand":"15600","valueBuilding":"0","valueTotal":"15600","mailAddr":"351 RUE NORMANDIE SUD","mailCity":null,"mun":null},"geometry":{"type":"MultiPolygon","coordinates":[[[[-71.778895,48.559657],[-71.778787,48.559615],[-71.778931,48.559413],[-71.779029,48.559473],[-71.778975,48.559693],[-71.778895,48.559657]]]]}},{"type":"Feature","properties":{"owner1":"S.I.A.L.","owner2":null,"matricule":"1080-28-4956","street":"DOMAINE-DES-CEDRES","civicLow":"0","civicHigh":"0","valueLand":"15100","valueBuilding":"0","valueTotal":"15100","mailAddr":"118 RUE CHOISY","mailCity":null,"mun":null},"geometry":{"type":"MultiPolygon","coordinates":[[[[-71.780889,48.559223],[-71.781176,48.558931],[-71.78114,48.559134],[-71.780961,48.55927],[-71.780889,48.559223]]]]}},{"type":"Feature","properties":{"owner1":"S.I.A.L.","owner2":null,"matricule":"1080-37-4380","street":"DOMAINE-DES-CEDRES","civicLow":"20","civicHigh":"22","valueLand":"202700","valueBuilding":"131500","valueTotal":"334200","mailAddr":"250 RUE DE L'ALSACE","mailCity":null,"mun":null},"geometry":{"type":"MultiPolygon","coordinates":[[[[-71.78008,48.558931],[-71.778993,48.558105],[-71.779308,48.557855],[-71.780314,48.558634],[-71.780772,48.558438],[-71.78106,48.558694],[-71.780458,48.558914],[-71.78008,48.558931]]]]}},{"type":"Feature","properties":{"owner1":"S.I.A.L.","owner2":null,"matricule":"1080-48-5402","street":"ILES","civicLow":"130","civicHigh":"0","valueLand":"317600","valueBuilding":"85000","valueTotal":"402600","mailAddr":"221 ALYRE-GINGRAS","mailCity":null,"mun":null},"geometry":{"type":"MultiPolygon","coordinates":[[[[-71.779263,48.559544],[-71.779128,48.559413],[-71.779083,48.559502],[-71.778068,48.559264],[-71.778149,48.559104],[-71.777646,48.558991],[-71.77761,48.559181],[-71.776442,48.558979],[-71.777143,48.557707],[-71.777835,48.557784],[-71.77841,48.557148],[-71.779011,48.557308],[-71.778266,48.558123],[-71.778742,48.558313],[-71.77894,48.558111],[-71.780179,48.559128],[-71.779649,48.55933],[-71.779775,48.559413],[-71.779479,48.559663],[-71.779263,48.559544]]]]}},{"type":"Feature","properties":{"owner1":"COUTURE LOUISE","owner2":null,"matricule":"1073-34-8098","street":"DE QUEN","civicLow":"261","civicHigh":"0","valueLand":"28300","valueBuilding":"110100","valueTotal":"138400","mailAddr":"261 RUE DE QUEN","mailCity":null,"mun":null},"geometry":{"type":"MultiPolygon","coordinates":[[[[-71.776757,48.493149],[-71.776846,48.492965],[-71.777403,48.493072],[-71.777475,48.492876],[-71.777826,48.492941],[-71.777763,48.493138],[-71.777439,48.493078],[-71.777367,48.493215],[-71.776757,48.493149]]]]}},{"type":"Feature","properties":{"owner1":"AUDET ROBIN","owner2":"GAUDREAULT VERONIQUE","matricule":"1073-44-1388","street":"DE QUEN","civicLow":"265","civicHigh":"0","valueLand":"22600","valueBuilding":"108300","valueTotal":"130900","mailAddr":"265 RUE DE QUEN","mailCity":null,"mun":null},"geometry":{"type":"MultiPolygon","coordinates":[[[[-71.777475,48.492876],[-71.777403,48.493072],[-71.776846,48.492965],[-71.776936,48.49278],[-71.777475,48.492876]]]]}},{"type":"Feature","properties":{"owner1":"TURGEON FRANCINE","owner2":null,"matricule":"1080-28-7953","street":"DOMAINE-DES-CEDRES","civicLow":"25","civicHigh":"0","valueLand":"92800","valueBuilding":"74600","valueTotal":"167400","mailAddr":"2105  BOULEVARD MELLON","mailCity":null,"mun":null},"geometry":{"type":"MultiPolygon","coordinates":[[[[-71.780889,48.559223],[-71.78044,48.559223],[-71.780574,48.55908],[-71.78044,48.558979],[-71.78088,48.559039],[-71.780718,48.559098],[-71.780889,48.559223]]]]}},{"type":"Feature","properties":{"owner1":"S.I.A.L.","owner2":null,"matricule":"1080-28-6975","street":"DOMAINE-DES-CEDRES","civicLow":"0","civicHigh":"0","valueLand":"30000","valueBuilding":"0","valueTotal":"30000","mailAddr":"2105 BOULEVARD MELLON","mailCity":null,"mun":null},"geometry":{"type":"MultiPolygon","coordinates":[[[[-71.78044,48.559223],[-71.780961,48.55927],[-71.780799,48.559407],[-71.78044,48.559223]]]]}},{"type":"Feature","properties":{"owner1":"GAGNON DANIEL","owner2":null,"matricule":"1073-45-3244","street":"DE QUEN","civicLow":"251","civicHigh":"0","valueLand":"23300","valueBuilding":"138500","valueTotal":"161800","mailAddr":"251 RUE DE QUEN","mailCity":null,"mun":null},"geometry":{"type":"MultiPolygon","coordinates":[[[[-71.776586,48.493495],[-71.776685,48.493292],[-71.777242,48.493382],[-71.777161,48.493578],[-71.776586,48.493495]]]]}},{"type":"Feature","properties":{"owner1":"LES ENTREPRISES ALFRED BOIVIN INC.","owner2":null,"matricule":"0972-30-8446","street":"PHARE","civicLow":"0","civicHigh":"0","valueLand":"3900","valueBuilding":"0","valueTotal":"3900","mailAddr":"2205 RUE DE LA FONDERIE","mailCity":null,"mun":null},"geometry":{"type":"MultiPolygon","coordinates":[[[[-71.790869,48.479687],[-71.790752,48.479943],[-71.790645,48.47992],[-71.790761,48.479664],[-71.790869,48.479687]]]]}},{"type":"Feature","properties":{"owner1":"LES ENTREPRISES ALFRED BOIVIN INC.","owner2":null,"matricule":"0972-30-7649","street":"PHARE","civicLow":"0","civicHigh":"0","valueLand":"3900","valueBuilding":"0","valueTotal":"3900","mailAddr":"2205 RUE DE LA FONDERIE","mailCity":null,"mun":null},"geometry":{"type":"MultiPolygon","coordinates":[[[[-71.790977,48.479711],[-71.79086,48.479967],[-71.790752,48.479943],[-71.790869,48.479687],[-71.790977,48.479711]]]]}},{"type":"Feature","properties":{"owner1":"LES ENTREPRISES ALFRED BOIVIN INC.","owner2":null,"matricule":"0972-30-6652","street":"PHARE","civicLow":"0","civicHigh":"0","valueLand":"4700","valueBuilding":"0","valueTotal":"4700","mailAddr":"2205 RUE DE LA FONDERIE","mailCity":null,"mun":null},"geometry":{"type":"MultiPolygon","coordinates":[[[[-71.791139,48.479741],[-71.791022,48.479997],[-71.79086,48.479967],[-71.790977,48.479711],[-71.791139,48.479741]]]]}},{"type":"Feature","properties":{"owner1":"LES ENTREPRISES ALFRED BOIVIN INC.","owner2":null,"matricule":"0972-30-5456","street":"PHARE","civicLow":"0","civicHigh":"0","valueLand":"4700","valueBuilding":"0","valueTotal":"4700","mailAddr":"2205 RUE DE LA FONDERIE","mailCity":null,"mun":null},"geometry":{"type":"MultiPolygon","coordinates":[[[[-71.791291,48.479777],[-71.791184,48.480033],[-71.791022,48.479997],[-71.791139,48.479741],[-71.791291,48.479777]]]]}},{"type":"Feature","properties":{"owner1":"LES ENTREPRISES ALFRED BOIVIN INC.","owner2":null,"matricule":"0972-30-4459","street":"PHARE","civicLow":"0","civicHigh":"0","valueLand":"3900","valueBuilding":"0","valueTotal":"3900","mailAddr":"2205 RUE DE LA FONDERIE","mailCity":null,"mun":null},"geometry":{"type":"MultiPolygon","coordinates":[[[[-71.791408,48.479801],[-71.791291,48.480051],[-71.791184,48.480033],[-71.791291,48.479777],[-71.791408,48.479801]]]]}},{"type":"Feature","properties":{"owner1":"LES ENTREPRISES ALFRED BOIVIN INC.","owner2":null,"matricule":"0972-30-3562","street":"PHARE","civicLow":"0","civicHigh":"0","valueLand":"4700","valueBuilding":"0","valueTotal":"4700","mailAddr":"2205 RUE DE LA FONDERIE","mailCity":null,"mun":null},"geometry":{"type":"MultiPolygon","coordinates":[[[[-71.79157,48.479836],[-71.791453,48.480086],[-71.791291,48.480051],[-71.791408,48.479801],[-71.79157,48.479836]]]]}},{"type":"Feature","properties":{"owner1":"LES ENTREPRISES ALFRED BOIVIN INC.","owner2":null,"matricule":"0972-30-2366","street":"PHARE","civicLow":"0","civicHigh":"0","valueLand":"4700","valueBuilding":"0","valueTotal":"4700","mailAddr":"2205 RUE DE LA FONDERIE","mailCity":null,"mun":null},"geometry":{"type":"MultiPolygon","coordinates":[[[[-71.791723,48.479866],[-71.791615,48.480116],[-71.791453,48.480086],[-71.79157,48.479836],[-71.791723,48.479866]]]]}},{"type":"Feature","properties":{"owner1":"LES ENTREPRISES ALFRED BOIVIN INC.","owner2":null,"matricule":"0972-30-1369","street":"PHARE","civicLow":"0","civicHigh":"0","valueLand":"3900","valueBuilding":"0","valueTotal":"3900","mailAddr":"2205 RUE DE LA FONDERIE","mailCity":null,"mun":null},"geometry":{"type":"MultiPolygon","coordinates":[[[[-71.791839,48.47989],[-71.791723,48.48014],[-71.791615,48.480116],[-71.791723,48.479866],[-71.791839,48.47989]]]]}},{"type":"Feature","properties":{"owner1":"S.I.A.L.","owner2":"S.I.A.L.","matricule":"1180-34-5775","street":"GOLF","civicLow":"0","civicHigh":"0","valueLand":"10500","valueBuilding":"2400","valueTotal":"12900","mailAddr":"220 CHEMIN DU GOLF","mailCity":null,"mun":null},"geometry":{"type":"MultiPolygon","coordinates":[[[[-71.766058,48.555804],[-71.766291,48.555994],[-71.766013,48.555941],[-71.765689,48.556084],[-71.765797,48.555834],[-71.766058,48.555804]]]]}},{"type":"Feature","properties":{"owner1":"S.I.A.L.","owner2":null,"matricule":"1180-45-1212","street":"GOLF","civicLow":"0","civicHigh":"0","valueLand":"16000","valueBuilding":"0","valueTotal":"16000","mailAddr":"3903 RUE DES POITIERS","mailCity":null,"mun":null},"geometry":{"type":"MultiPolygon","coordinates":[[[[-71.765123,48.556119],[-71.765411,48.556244],[-71.765725,48.556125],[-71.765249,48.556399],[-71.76524,48.556286],[-71.764809,48.556155],[-71.764845,48.556054],[-71.765123,48.556119]]]]}},{"type":"Feature","properties":{"owner1":"LES ENTREPRISES ALFRED BOIVIN INC.","owner2":null,"matricule":"0972-20-9966","street":"PHARE","civicLow":"0","civicHigh":"0","valueLand":"6400","valueBuilding":"0","valueTotal":"6400","mailAddr":"2205 RUE DE LA FONDERIE","mailCity":null,"mun":null},"geometry":{"type":"MultiPolygon","coordinates":[[[[-71.791839,48.47989],[-71.79192,48.479705],[-71.792055,48.479842],[-71.791893,48.48017],[-71.791723,48.48014],[-71.791839,48.47989]]]]}},{"type":"Feature","properties":{"owner1":"LES ENTREPRISES ALFRED BOIVIN INC.","owner2":"GIRARD CAROL","matricule":"0972-41-6206","street":"MORISSETTE","civicLow":"0","civicHigh":"0","valueLand":"9000","valueBuilding":"0","valueTotal":"9000","mailAddr":"2205 RUE DE LA FONDERIE","mailCity":null,"mun":null},"geometry":{"type":"MultiPolygon","coordinates":[[[[-71.789989,48.480426],[-71.789567,48.48064],[-71.789414,48.480545],[-71.78971,48.479979],[-71.789989,48.480426]]]]}},{"type":"Feature","properties":{"owner1":"CLAVEAU HELENE","owner2":"CLAVEAU FRANCE","matricule":"1075-46-1337","street":"DOMAINE-GRANDMONT","civicLow":"317","civicHigh":"0","valueLand":"26300","valueBuilding":"44500","valueTotal":"70800","mailAddr":"1081 RUE ANGOULEME","mailCity":null,"mun":null},"geometry":{"type":"MultiPolygon","coordinates":[[[[-71.77788,48.512166],[-71.777754,48.512387],[-71.777448,48.512327],[-71.777511,48.512125],[-71.77788,48.512166]]]]}},{"type":"Feature","properties":{"owner1":"CLAVEAU CAROL","owner2":null,"matricule":"1075-46-3831","street":"DOMAINE-GRANDMONT","civicLow":"315","civicHigh":"0","valueLand":"24800","valueBuilding":"51000","valueTotal":"75800","mailAddr":"2880 RUE VAUDREUIL","mailCity":null,"mun":null},"geometry":{"type":"MultiPolygon","coordinates":[[[[-71.777511,48.512125],[-71.777448,48.512327],[-71.777089,48.512256],[-71.777224,48.512077],[-71.777511,48.512125]]]]}},{"type":"Feature","properties":{"owner1":"TURCOTTE PIERRE","owner2":"RIVEST JESSICA","matricule":"1375-12-1903","street":"5","civicLow":"1560","civicHigh":"0","valueLand":"49600","valueBuilding":"127200","valueTotal":"176800","mailAddr":"1560 RANG 5","mailCity":null,"mun":null},"geometry":{"type":"MultiPolygon","coordinates":[[[[-71.740986,48.508625],[-71.742019,48.508822],[-71.741929,48.50906],[-71.739845,48.508679],[-71.739935,48.508441],[-71.740986,48.508625]]]]}},{"type":"Feature","properties":{"owner1":"BOILY MARCEL","owner2":null,"matricule":"1375-21-1625","street":"5","civicLow":"1561","civicHigh":"0","valueLand":"28900","valueBuilding":"150200","valueTotal":"179100","mailAddr":"1561 RANG 5","mailCity":null,"mun":null},"geometry":{"type":"MultiPolygon","coordinates":[[[[-71.739324,48.508185],[-71.739521,48.507697],[-71.739773,48.507947],[-71.739863,48.508286],[-71.739324,48.508185]]]]}},{"type":"Feature","properties":{"owner1":"HUDON REMY","owner2":null,"matricule":"1080-28-5748","street":"DOMAINE-DES-CEDRES","civicLow":"26","civicHigh":"0","valueLand":"54300","valueBuilding":"69700","valueTotal":"124000","mailAddr":"118 RUE CHOISY","mailCity":null,"mun":null},"geometry":{"type":"MultiPolygon","coordinates":[[[[-71.780718,48.559098],[-71.781176,48.558931],[-71.780889,48.559223],[-71.780718,48.559098]]]]}},{"type":"Feature","properties":{"owner1":"SAVARD NATHALIE","owner2":null,"matricule":"1080-48-2285","street":"BAIE-DES-GIRARD","civicLow":"111","civicHigh":"0","valueLand":"93300","valueBuilding":"136500","valueTotal":"229800","mailAddr":"351 RUE NORMANDIE SUD","mailCity":null,"mun":null},"geometry":{"type":"MultiPolygon","coordinates":[[[[-71.778607,48.559532],[-71.778392,48.559401],[-71.778454,48.559306],[-71.778931,48.559413],[-71.778787,48.559615],[-71.778607,48.559532]]]]}},{"type":"Feature","properties":{"owner1":"BOIVIN JACQUELINE","owner2":null,"matricule":"1075-30-4767","street":"BERNACHES","civicLow":"212","civicHigh":"0","valueLand":"84100","valueBuilding":"110200","valueTotal":"194300","mailAddr":"125 BOULEVARD SANT-LUC #6","mailCity":null,"mun":null},"geometry":{"type":"MultiPolygon","coordinates":[[[[-71.778832,48.507025],[-71.778679,48.507239],[-71.777987,48.507114],[-71.778023,48.507036],[-71.778832,48.507025]]]]}},{"type":"Feature","properties":{"owner1":"S.I.A.L.","owner2":null,"matricule":"1075-30-5680","street":"BERNACHES","civicLow":"0","civicHigh":"0","valueLand":"61000","valueBuilding":"0","valueTotal":"61000","mailAddr":"1655 RUE POWELL","mailCity":null,"mun":null},"geometry":{"type":"MultiPolygon","coordinates":[[[[-71.777942,48.507233],[-71.777987,48.507114],[-71.778679,48.507239],[-71.778589,48.507352],[-71.777942,48.507233]]]]}},{"type":"Feature","properties":{"owner1":"DERY FRANCINE","owner2":"GAUTHIER MICHEL","matricule":"1080-04-3299","street":"BOCAGE","civicLow":"24","civicHigh":"26","valueLand":"210800","valueBuilding":"676100","valueTotal":"886900","mailAddr":"24 CHEMIN DU BOCAGE","mailCity":null,"mun":null},"geometry":{"type":"MultiPolygon","coordinates":[[[[-71.783198,48.555792],[-71.782919,48.555644],[-71.782488,48.555661],[-71.782919,48.555554],[-71.784536,48.555834],[-71.784698,48.55628],[-71.784464,48.556363],[-71.78406,48.556345],[-71.783503,48.555887],[-71.783198,48.555792]]]]}},{"type":"Feature","properties":{"owner1":"DESCHENES ANDRE","owner2":"DESCHENES PIERRE","matricule":"1076-47-9359","street":"CHENES","civicLow":"0","civicHigh":"0","valueLand":"4700","valueBuilding":"0","valueTotal":"4700","mailAddr":"821 AVENUE TOULOUSE","mailCity":null,"mun":null},"geometry":{"type":"MultiPolygon","coordinates":[[[[-71.776793,48.522401],[-71.776864,48.522205],[-71.776855,48.522407],[-71.776793,48.522401]]]]}},{"type":"Feature","properties":{"owner1":"COMMISSION SCOLAIRE LAC-ST-JEAN","owner2":null,"matricule":"1471-05-2130","street":"4","civicLow":"0","civicHigh":"0","valueLand":"300","valueBuilding":"0","valueTotal":"300","mailAddr":"350 BOULEVARD CHAMPLAIN SUD","mailCity":null,"mun":null},"geometry":{"type":"MultiPolygon","coordinates":[[[[-71.72787,48.475686],[-71.728104,48.475727],[-71.727987,48.476013],[-71.727754,48.475971],[-71.72787,48.475686]]]]}},{"type":"Feature","properties":{"owner1":"DESJARDINS SUZANNE","owner2":null,"matricule":"1074-59-1610","street":"BERNACHES","civicLow":"104","civicHigh":"0","valueLand":"54900","valueBuilding":"52700","valueTotal":"107600","mailAddr":"2545 RUE DES GELINOTTES","mailCity":null,"mun":null},"geometry":{"type":"MultiPolygon","coordinates":[[[[-71.775957,48.505882],[-71.77584,48.505584],[-71.776281,48.505608],[-71.776379,48.505846],[-71.775957,48.505882]]]]}},{"type":"Feature","properties":{"owner1":"BLANCHET MARTIN","owner2":"ROUTHIER SABRINA","matricule":"1371-85-1899","street":"4","civicLow":"1278","civicHigh":"0","valueLand":"32000","valueBuilding":"104600","valueTotal":"136600","mailAddr":"1278 RANG 4","mailCity":null,"mun":null},"geometry":{"type":"MultiPolygon","coordinates":[[[[-71.730359,48.476144],[-71.731167,48.476359],[-71.730943,48.476734],[-71.73017,48.476591],[-71.730359,48.476144]]]]}},{"type":"Feature","properties":{"owner1":"FERME ELOISE INC.","owner2":null,"matricule":"1272-29-3421","street":"4","civicLow":"0","civicHigh":"0","valueLand":"160300","valueBuilding":"26600","valueTotal":"186900","mailAddr":"280 ROUTE DU LAC OUEST","mailCity":null,"mun":null},"geometry":{"type":"MultiPolygon","coordinates":[[[[-71.748038,48.494406],[-71.753895,48.480473],[-71.754838,48.48067],[-71.754649,48.481134],[-71.755844,48.481402],[-71.756122,48.480962],[-71.756877,48.48123],[-71.75128,48.494971],[-71.748038,48.494406]]]]}},{"type":"Feature","properties":{"owner1":"THERIAULT CATHIE","owner2":"MOREL JEAN-FRANCOIS","matricule":"1180-14-4968","street":"GOLF","civicLow":"103","civicHigh":"0","valueLand":"74100","valueBuilding":"47300","valueTotal":"121400","mailAddr":"165 RUE D'ALSACE","mailCity":null,"mun":null},"geometry":{"type":"MultiPolygon","coordinates":[[[[-71.768411,48.555971],[-71.768303,48.555899],[-71.768887,48.555513],[-71.769184,48.555673],[-71.768681,48.556054],[-71.768411,48.555971]]]]}},{"type":"Feature","properties":{"owner1":"S.I.A.L.","owner2":null,"matricule":"1180-15-7900","street":"GOLF","civicLow":"0","civicHigh":"0","valueLand":"33900","valueBuilding":"0","valueTotal":"33900","mailAddr":"1655 RUE POWELL","mailCity":null,"mun":null},"geometry":{"type":"MultiPolygon","coordinates":[[[[-71.768187,48.556107],[-71.768115,48.556006],[-71.768303,48.555899],[-71.768681,48.556054],[-71.768402,48.556268],[-71.768187,48.556107]]]]}},{"type":"Feature","properties":{"owner1":"COTE CHARLINE","owner2":null,"matricule":"1180-15-3705","street":"GOLF","civicLow":"109","civicHigh":"0","valueLand":"94100","valueBuilding":"64500","valueTotal":"158600","mailAddr":"109 CHEMIN DU GOLF","mailCity":null,"mun":null},"geometry":{"type":"MultiPolygon","coordinates":[[[[-71.769534,48.555739],[-71.769992,48.555299],[-71.770477,48.554294],[-71.770226,48.555566],[-71.769885,48.555513],[-71.769534,48.555739]]],[[[-71.76886,48.556084],[-71.768977,48.555994],[-71.76913,48.556048],[-71.769516,48.555792],[-71.768896,48.556262],[-71.768744,48.556173],[-71.76886,48.556084]]]]}},{"type":"Feature","properties":{"owner1":"COTE CHARLINE","owner2":null,"matricule":"1180-14-1578","street":"GOLF","civicLow":"107","civicHigh":"0","valueLand":"87500","valueBuilding":"63500","valueTotal":"151000","mailAddr":"109 CHEMIN DU GOLF","mailCity":null,"mun":null},"geometry":{"type":"MultiPolygon","coordinates":[[[[-71.770145,48.554425],[-71.770406,48.554324],[-71.769992,48.555299],[-71.769534,48.555739],[-71.769399,48.555691],[-71.769956,48.555269],[-71.769444,48.554918],[-71.770145,48.554425]]],[[[-71.768977,48.555994],[-71.769328,48.555727],[-71.76948,48.55578],[-71.76913,48.556048],[-71.768977,48.555994]]]]}},{"type":"Feature","properties":{"owner1":"COTE CLERMONT","owner2":null,"matricule":"1180-14-3077","street":"GOLF","civicLow":"105","civicHigh":"0","valueLand":"58200","valueBuilding":"41800","valueTotal":"100000","mailAddr":"2113 RUE DABLON","mailCity":null,"mun":null},"geometry":{"type":"MultiPolygon","coordinates":[[[[-71.769274,48.555061],[-71.769444,48.554918],[-71.769956,48.555269],[-71.769399,48.555691],[-71.769022,48.555525],[-71.769175,48.555406],[-71.768798,48.555322],[-71.769274,48.555061]]],[[[-71.768735,48.556012],[-71.769184,48.555673],[-71.769328,48.555727],[-71.76886,48.556084],[-71.768735,48.556012]]]]}},{"type":"Feature","properties":{"owner1":"BOUCHARD JONATHAN","owner2":"MIMEAULT LAURIE-MICHELE","matricule":"1076-94-3311","street":"ILES","civicLow":"745","civicHigh":"0","valueLand":"38900","valueBuilding":"134800","valueTotal":"173700","mailAddr":"745 RANG DES ILES","mailCity":null,"mun":null},"geometry":{"type":"MultiPolygon","coordinates":[[[[-71.770495,48.519093],[-71.771007,48.518992],[-71.771214,48.519521],[-71.770388,48.519539],[-71.770495,48.519093]]]]}},{"type":"Feature","properties":{"owner1":"CLAVEAU GILLES","owner2":"LESSARD LILY","matricule":"1276-08-2605","street":"ILES","civicLow":"655","civicHigh":"0","valueLand":"213100","valueBuilding":"163900","valueTotal":"377000","mailAddr":"655 RANG DES ILES","mailCity":null,"mun":null},"geometry":{"type":"MultiPolygon","coordinates":[[[[-71.74059,48.521651],[-71.741516,48.519355],[-71.740743,48.521675],[-71.74059,48.521651]]],[[[-71.769507,48.526161],[-71.762015,48.524793],[-71.76189,48.525114],[-71.741004,48.521717],[-71.741767,48.519432],[-71.762797,48.522859],[-71.76295,48.522496],[-71.772912,48.524347],[-71.773172,48.525406],[-71.772786,48.52537],[-71.772337,48.52509],[-71.771573,48.525007],[-71.771304,48.524793],[-71.770855,48.524686],[-71.770774,48.52515],[-71.771133,48.525471],[-71.770441,48.525608],[-71.769723,48.525548],[-71.769965,48.525751],[-71.769498,48.526007],[-71.769507,48.526161]]],[[[-71.770504,48.52634],[-71.770531,48.526131],[-71.770729,48.525995],[-71.771681,48.526108],[-71.77204,48.526018],[-71.772014,48.525852],[-71.772157,48.525792],[-71.772894,48.525899],[-71.773298,48.525858],[-71.773388,48.526215],[-71.773011,48.526256],[-71.772508,48.526714],[-71.770504,48.52634]]]]}},{"type":"Feature","properties":{"owner1":"S.I.A.L.","owner2":"S.I.A.L.","matricule":"0978-77-7288","street":"CEDRIERE","civicLow":"48","civicHigh":"0","valueLand":"146300","valueBuilding":"280600","valueTotal":"426900","mailAddr":"48 CHEMIN DE LA CEDRIERE","mailCity":null,"mun":null},"geometry":{"type":"MultiPolygon","coordinates":[[[[-71.786575,48.540545],[-71.786818,48.540253],[-71.787447,48.540461],[-71.787563,48.540652],[-71.786575,48.540545]]]]}},{"type":"Feature","properties":{"owner1":"MINISTERE DE L'ENERGIE ET RESSOURCES","owner2":null,"matricule":"0981-92-1436","street":"LAC-ST-JEAN","civicLow":"0","civicHigh":"0","valueLand":"1400","valueBuilding":"0","valueTotal":"1400","mailAddr":"5700 4IEME AVENUE OUEST","mailCity":null,"mun":null},"geometry":{"type":"MultiPolygon","coordinates":[[[[-71.785443,48.561833],[-71.786045,48.561726],[-71.786746,48.561928],[-71.787159,48.562386],[-71.787941,48.56254],[-71.788327,48.563034],[-71.788048,48.563117],[-71.787348,48.562784],[-71.786836,48.562968],[-71.786485,48.562939],[-71.786009,48.563176],[-71.785461,48.563153],[-71.784617,48.563795],[-71.78424,48.56348],[-71.78406,48.56348],[-71.78362,48.562534],[-71.784599,48.562505],[-71.784824,48.562124],[-71.785443,48.561833]]]]}},{"type":"Feature","properties":{"owner1":"MINISTRE DU DEVELOPPEMENT DURABLE DE","owner2":null,"matricule":"0981-91-6966","street":"LAC-ST-JEAN","civicLow":"0","civicHigh":"0","valueLand":"500","valueBuilding":"0","valueTotal":"500","mailAddr":"675 BOUL. RENE-LEVESQUE EST,  29E ETAGE","mailCity":null,"mun":null},"geometry":{"type":"MultiPolygon","coordinates":[[[[-71.784258,48.563824],[-71.78379,48.563634],[-71.78344,48.5632],[-71.783207,48.562594],[-71.783216,48.56216],[-71.783359,48.562077],[-71.783799,48.562279],[-71.784213,48.562332],[-71.784383,48.562243],[-71.784464,48.561922],[-71.784815,48.561678],[-71.785129,48.561726],[-71.786144,48.56147],[-71.786944,48.561666],[-71.787402,48.562124],[-71.788165,48.56232],[-71.788623,48.562778],[-71.788695,48.563028],[-71.789189,48.563105],[-71.789297,48.56326],[-71.789306,48.563444],[-71.789135,48.563563],[-71.788668,48.563551],[-71.788354,48.563361],[-71.787986,48.563384],[-71.787285,48.563147],[-71.786647,48.563236],[-71.786117,48.563426],[-71.785569,48.563438],[-71.785129,48.563842],[-71.784967,48.564615],[-71.784599,48.564472],[-71.784572,48.564235],[-71.784258,48.563824]]],[[[-71.785021,48.56345],[-71.785461,48.563153],[-71.786009,48.563176],[-71.786485,48.562939],[-71.786836,48.562968],[-71.787348,48.562784],[-71.788093,48.563123],[-71.788327,48.563034],[-71.788282,48.562891],[-71.787842,48.562481],[-71.78742,48.562505],[-71.787078,48.56232],[-71.786746,48.561928],[-71.786045,48.561726],[-71.785443,48.561833],[-71.784824,48.562124],[-71.784599,48.562505],[-71.78362,48.562534],[-71.78406,48.56348],[-71.78424,48.56348],[-71.784617,48.563795],[-71.784904,48.563664],[-71.785021,48.56345]]]]}},{"type":"Feature","properties":{"owner1":"FORTIN PAUL-HERMAN","owner2":"FORTIN JEAN-FRANCOIS","matricule":"1269-83-5384","street":"BELLE-RIVIERE","civicLow":"1102","civicHigh":"1108","valueLand":"579100","valueBuilding":"482300","valueTotal":"1061400","mailAddr":"1102 RANG BELLE-RIVIERE","mailCity":null,"mun":null},"geometry":{"type":"MultiPolygon","coordinates":[[[[-71.74104,48.448052],[-71.741336,48.447337],[-71.7504,48.449011],[-71.752296,48.44913],[-71.751092,48.452151],[-71.750409,48.452032],[-71.749403,48.451633],[-71.747579,48.450352],[-71.743923,48.449786],[-71.743232,48.449589],[-71.74104,48.448052]]],[[[-71.735515,48.461504],[-71.740977,48.448236],[-71.742513,48.449428],[-71.743151,48.449768],[-71.74386,48.449964],[-71.746537,48.450352],[-71.747382,48.450554],[-71.747984,48.450929],[-71.747112,48.452318],[-71.748612,48.452747],[-71.749807,48.452145],[-71.751038,48.452336],[-71.746546,48.463541],[-71.735515,48.461504]]]]}},{"type":"Feature","properties":{"owner1":"FERME RAYLYNE S.E.N.C.","owner2":null,"matricule":"1268-49-7105","street":"BELLE-RIVIERE","civicLow":"1124","civicHigh":"0","valueLand":"53200","valueBuilding":"120500","valueTotal":"173700","mailAddr":"1137 RANG DE LA BELLE-RIVIERE","mailCity":null,"mun":null},"geometry":{"type":"MultiPolygon","coordinates":[[[[-71.747112,48.452318],[-71.747984,48.450929],[-71.749556,48.452103],[-71.749807,48.452145],[-71.748612,48.452747],[-71.747112,48.452318]]]]}},{"type":"Feature","properties":{"owner1":"FORTIN CHRISTIAN","owner2":null,"matricule":"1073-34-7673","street":"DE QUEN","civicLow":"279","civicHigh":"0","valueLand":"27600","valueBuilding":"198500","valueTotal":"226100","mailAddr":"279 RUE DE QUEN","mailCity":null,"mun":null},"geometry":{"type":"MultiPolygon","coordinates":[[[[-71.778032,48.492739],[-71.777924,48.492959],[-71.777296,48.492846],[-71.777385,48.492667],[-71.777026,48.492602],[-71.778032,48.492739]]]]}},{"type":"Feature","properties":{"owner1":"LANDRY DAVE","owner2":"DUCHESNE JOANIE","matricule":"1073-44-1365","street":"DE QUEN","civicLow":"269","civicHigh":"0","valueLand":"17700","valueBuilding":"111200","valueTotal":"128900","mailAddr":"269 RUE DE QUEN","mailCity":null,"mun":null},"geometry":{"type":"MultiPolygon","coordinates":[[[[-71.777385,48.492667],[-71.777296,48.492846],[-71.776936,48.49278],[-71.777026,48.492602],[-71.777385,48.492667]]]]}},{"type":"Feature","properties":{"owner1":"PLACE DU PONT INC","owner2":null,"matricule":"0972-30-3313","street":"PONT","civicLow":"645","civicHigh":"0","valueLand":"59600","valueBuilding":"265500","valueTotal":"325100","mailAddr":"645 RUE DU PONT","mailCity":null,"mun":null},"geometry":{"type":"MultiPolygon","coordinates":[[[[-71.790609,48.479312],[-71.791049,48.479413],[-71.791237,48.479086],[-71.792226,48.479318],[-71.791839,48.47989],[-71.790537,48.479616],[-71.790438,48.479467],[-71.790609,48.479312]]]]}},{"type":"Feature","properties":{"owner1":"S.I.A.L.","owner2":"S.I.A.L.","matricule":"1079-14-4412","street":"ILE-AUX-STERNES","civicLow":"0","civicHigh":"0","valueLand":"59400","valueBuilding":"0","valueTotal":"59400","mailAddr":"21 RUE SAMUEL-BESSETTE","mailCity":null,"mun":null},"geometry":{"type":"MultiPolygon","coordinates":[[[[-71.781634,48.546177],[-71.781733,48.545975],[-71.781814,48.546076],[-71.782614,48.546117],[-71.782488,48.546308],[-71.781634,48.546177]]]]}},{"type":"Feature","properties":{"owner1":"DESSUREAULT YANN","owner2":"POTVIN MYRIAM","matricule":"1078-87-5059","street":"RANCH","civicLow":"0","civicHigh":"0","valueLand":"35000","valueBuilding":"0","valueTotal":"35000","mailAddr":"32 CHEMIN DU RANCH","mailCity":null,"mun":null},"geometry":{"type":"MultiPolygon","coordinates":[[[[-71.77293,48.540212],[-71.772732,48.540699],[-71.771942,48.540563],[-71.772148,48.540063],[-71.77293,48.540212]]]]}},{"type":"Feature","properties":{"owner1":"S.I.A.L.","owner2":null,"matricule":"1078-08-2200","street":"CEDRIERE","civicLow":"0","civicHigh":"0","valueLand":"131200","valueBuilding":"0","valueTotal":"131200","mailAddr":"31 CHEMIN DE LA CEDRIERE","mailCity":null,"mun":null},"geometry":{"type":"MultiPolygon","coordinates":[[[[-71.783458,48.540771],[-71.783323,48.540467],[-71.783746,48.540438],[-71.784087,48.540705],[-71.783772,48.540854],[-71.783458,48.540771]]]]}},{"type":"Feature","properties":{"owner1":"LAROUCHE BENOIT","owner2":null,"matricule":"1078-07-5398","street":"CEDRIERE","civicLow":"102","civicHigh":"0","valueLand":"9500","valueBuilding":"56000","valueTotal":"65500","mailAddr":"31 CHEMIN DE LA CEDRIERE","mailCity":null,"mun":null},"geometry":{"type":"MultiPolygon","coordinates":[[[[-71.783395,48.540759],[-71.783072,48.540461],[-71.783323,48.540467],[-71.783395,48.540759]]]]}},{"type":"Feature","properties":{"owner1":"BOIVIN RACHELLE","owner2":"BOUCHARD FRANCIS","matricule":"1075-48-3371","street":"DOMAINE-GRANDMONT","civicLow":"40","civicHigh":"0","valueLand":"88400","valueBuilding":"98800","valueTotal":"187200","mailAddr":"239 RUE OLIER","mailCity":null,"mun":null},"geometry":{"type":"MultiPolygon","coordinates":[[[[-71.777502,48.514457],[-71.777089,48.514219],[-71.777781,48.514404],[-71.777691,48.514493],[-71.777502,48.514457]]]]}},{"type":"Feature","properties":{"owner1":"GRONDIN YVES","owner2":"COTE SYLVIE-ANNE","matricule":"1374-69-9173","street":"5","civicLow":"1515","civicHigh":"0","valueLand":"45800","valueBuilding":"146200","valueTotal":"192000","mailAddr":"1515 RANG 5","mailCity":null,"mun":null},"geometry":{"type":"MultiPolygon","coordinates":[[[[-71.733557,48.506703],[-71.733404,48.507132],[-71.732685,48.506977],[-71.732883,48.506394],[-71.733611,48.506536],[-71.733557,48.506703]]]]}},{"type":"Feature","properties":{"owner1":"BOILY CHRISTIAN","owner2":null,"matricule":"1375-60-3001","street":"5","civicLow":"1529","civicHigh":"0","valueLand":"45700","valueBuilding":"118500","valueTotal":"164200","mailAddr":"1529 RANG 5","mailCity":null,"mun":null},"geometry":{"type":"MultiPolygon","coordinates":[[[[-71.733799,48.507203],[-71.733404,48.507132],[-71.733557,48.506703],[-71.734536,48.506846],[-71.734374,48.507304],[-71.733799,48.507203]]]]}},{"type":"Feature","properties":{"owner1":"AUDET DANIELLE","owner2":null,"matricule":"1072-35-5378","street":"RUISSEAU","civicLow":"1565","civicHigh":"0","valueLand":"31900","valueBuilding":"134500","valueTotal":"166400","mailAddr":"1565 CHEMIN DU RUISSEAU","mailCity":null,"mun":null},"geometry":{"type":"MultiPolygon","coordinates":[[[[-71.778122,48.484588],[-71.777951,48.484987],[-71.777421,48.484886],[-71.777592,48.484493],[-71.778122,48.484588]]]]}},{"type":"Feature","properties":{"owner1":"LAVOIE GASTON","owner2":"GOULET MARTHE","matricule":"1072-35-9267","street":"RUISSEAU","civicLow":"1561","civicHigh":"0","valueLand":"31900","valueBuilding":"121400","valueTotal":"153300","mailAddr":"1561 CHEMIN DU RUISSEAU","mailCity":null,"mun":null},"geometry":{"type":"MultiPolygon","coordinates":[[[[-71.777592,48.484493],[-71.777421,48.484886],[-71.776891,48.484784],[-71.777062,48.484397],[-71.777592,48.484493]]]]}},{"type":"Feature","properties":{"owner1":"GOUVERNEMENT DU CANADA","owner2":null,"matricule":"1073-45-4562","street":"DE QUEN","civicLow":"249","civicHigh":"0","valueLand":"16600","valueBuilding":"66200","valueTotal":"82800","mailAddr":"160 RUE ELGIN","mailCity":null,"mun":null},"geometry":{"type":"MultiPolygon","coordinates":[[[[-71.776586,48.493495],[-71.77699,48.493554],[-71.776927,48.493697],[-71.776523,48.493632],[-71.776586,48.493495]]]]}},{"type":"Feature","properties":{"owner1":"LAROUCHE MICHEL","owner2":"DIONNE CARMEN","matricule":"1074-72-0661","street":"DE QUEN","civicLow":"101","civicHigh":"0","valueLand":"71500","valueBuilding":"146200","valueTotal":"217700","mailAddr":"101 RUE DE QUEN","mailCity":null,"mun":null},"geometry":{"type":"MultiPolygon","coordinates":[[[[-71.774771,48.499894],[-71.774035,48.500329],[-71.772229,48.499989],[-71.772615,48.499501],[-71.774771,48.499894]]]]}},{"type":"Feature","properties":{"owner1":"LAROUCHE RICHARD","owner2":"LAROUCHE GILBERT","matricule":"1074-72-4697","street":"DE QUEN","civicLow":"95","civicHigh":"97","valueLand":"42300","valueBuilding":"161100","valueTotal":"203400","mailAddr":"95 RUE DE QUEN","mailCity":null,"mun":null},"geometry":{"type":"MultiPolygon","coordinates":[[[[-71.773262,48.500471],[-71.772023,48.500239],[-71.772229,48.499989],[-71.774035,48.500329],[-71.773478,48.500275],[-71.773262,48.500471]]]]}},{"type":"Feature","properties":{"owner1":"LAROUCHE GILBERT","owner2":"MARTEL CHANTALE","matricule":"1074-73-7624","street":"DE QUEN","civicLow":"93","civicHigh":"0","valueLand":"42900","valueBuilding":"119600","valueTotal":"162500","mailAddr":"93 RUE DE QUEN","mailCity":null,"mun":null},"geometry":{"type":"MultiPolygon","coordinates":[[[[-71.773262,48.500471],[-71.772732,48.500739],[-71.771762,48.500561],[-71.772023,48.500239],[-71.773262,48.500471]]]]}},{"type":"Feature","properties":{"owner1":"BOUCHARD REGINE","owner2":null,"matricule":"1075-45-8981","street":"DOMAINE-GRANDMONT","civicLow":"310","civicHigh":"0","valueLand":"76800","valueBuilding":"144100","valueTotal":"220900","mailAddr":"310 CHEMIN DU DOMAINE-GRANDMONT","mailCity":null,"mun":null},"geometry":{"type":"MultiPolygon","coordinates":[[[[-71.776406,48.511768],[-71.776649,48.511595],[-71.776793,48.511815],[-71.776712,48.511887],[-71.776406,48.511768]]]]}},{"type":"Feature","properties":{"owner1":"S.I.A.L.","owner2":null,"matricule":"0972-21-5002","street":"PONT","civicLow":"0","civicHigh":"0","valueLand":"800","valueBuilding":"0","valueTotal":"800","mailAddr":"1655 RUE POWELL","mailCity":null,"mun":null},"geometry":{"type":"MultiPolygon","coordinates":[[[[-71.792612,48.480229],[-71.792567,48.480462],[-71.792612,48.480092],[-71.792612,48.480229]]]]}},{"type":"Feature","properties":{"owner1":"MINISTERE DES FORETS DE LA FAUNE","owner2":null,"matricule":"1180-26-2595","street":"LAC-ST-JEAN","civicLow":"0","civicHigh":"0","valueLand":"1000","valueBuilding":"0","valueTotal":"1000","mailAddr":"880, CHEMIN SAINTE-FOY RC-110","mailCity":null,"mun":null},"geometry":{"type":"MultiPolygon","coordinates":[[[[-71.763183,48.556702],[-71.763192,48.556625],[-71.763354,48.556666],[-71.763183,48.556702]]],[[[-71.763426,48.556767],[-71.763435,48.556666],[-71.763578,48.55672],[-71.763426,48.556767]]],[[[-71.76427,48.557047],[-71.764468,48.557076],[-71.764423,48.557178],[-71.76427,48.557047]]],[[[-71.765995,48.558052],[-71.76604,48.558069],[-71.766022,48.558111],[-71.765995,48.558052]]],[[[-71.765312,48.55817],[-71.765609,48.558165],[-71.765671,48.558301],[-71.765312,48.55817]]],[[[-71.768133,48.558337],[-71.767881,48.558384],[-71.76754,48.558206],[-71.767136,48.55817],[-71.766947,48.55798],[-71.767064,48.557647],[-71.766803,48.55757],[-71.766704,48.557707],[-71.766354,48.557475],[-71.766417,48.557308],[-71.766902,48.557326],[-71.767261,48.557213],[-71.768807,48.557701],[-71.769094,48.558087],[-71.76904,48.558283],[-71.768851,48.558355],[-71.768519,48.558248],[-71.768429,48.558557],[-71.768133,48.558337]]],[[[-71.769175,48.558402],[-71.769435,48.558355],[-71.769399,48.558557],[-71.769139,48.558492],[-71.769175,48.558402]]]]}},{"type":"Feature","properties":{"owner1":"S.I.A.L.","owner2":null,"matricule":"1180-15-5494","street":"LAC-ST-JEAN","civicLow":"0","civicHigh":"0","valueLand":"100","valueBuilding":"0","valueTotal":"100","mailAddr":"1655 RUE POWELL","mailCity":null,"mun":null},"geometry":{"type":"MultiPolygon","coordinates":[[[[-71.768762,48.55694],[-71.768717,48.556952],[-71.768717,48.556898],[-71.768762,48.55694]]]]}},{"type":"Feature","properties":{"owner1":"S.I.A.L.","owner2":null,"matricule":"1080-74-2095","street":"ILES","civicLow":"0","civicHigh":"0","valueLand":"16800","valueBuilding":"0","valueTotal":"16800","mailAddr":"1655 RUE POWELL","mailCity":null,"mun":null},"geometry":{"type":"MultiPolygon","coordinates":[[[[-71.772148,48.555887],[-71.772553,48.555739],[-71.772499,48.555269],[-71.772606,48.555162],[-71.772822,48.555257],[-71.773514,48.555108],[-71.773954,48.555126],[-71.774295,48.555257],[-71.774825,48.555715],[-71.775247,48.555834],[-71.77629,48.555144],[-71.776972,48.555245],[-71.777188,48.555477],[-71.77664,48.556113],[-71.776613,48.556595],[-71.772148,48.555887]]]]}},{"type":"Feature","properties":{"owner1":"COULOMBE YVON","owner2":"COULOMBE FRANCE","matricule":"0972-65-6626","street":"DE QUEN","civicLow":"0","civicHigh":"0","valueLand":"50200","valueBuilding":"0","valueTotal":"50200","mailAddr":"505 RUE DE QUEN","mailCity":null,"mun":null},"geometry":{"type":"MultiPolygon","coordinates":[[[[-71.78397,48.4846],[-71.786306,48.482968],[-71.786521,48.483099],[-71.786899,48.482814],[-71.786988,48.482849],[-71.787653,48.482105],[-71.790546,48.482653],[-71.789899,48.483189],[-71.789207,48.483564],[-71.790106,48.483725],[-71.789621,48.484112],[-71.788803,48.484427],[-71.787168,48.485606],[-71.78344,48.484927],[-71.78397,48.4846]]]]}},{"type":"Feature","properties":{"owner1":"HARVEY GERTRUDE","owner2":null,"matricule":"0978-97-8473","street":"CEDRIERE","civicLow":"0","civicHigh":"0","valueLand":"31500","valueBuilding":"0","valueTotal":"31500","mailAddr":"31 CHEMIN DE LA CEDRIERE","mailCity":null,"mun":null},"geometry":{"type":"MultiPolygon","coordinates":[[[[-71.784329,48.540497],[-71.784132,48.540497],[-71.784024,48.540271],[-71.784294,48.540313],[-71.784329,48.540497]]]]}},{"type":"Feature","properties":{"owner1":"S.I.A.L.","owner2":null,"matricule":"0973-43-2415","street":"SAINT-GEDEON-SUR-LE-LAC","civicLow":"5","civicHigh":"0","valueLand":"238900","valueBuilding":"122100","valueTotal":"361000","mailAddr":"2382 RUE LOUIS-RIEL","mailCity":null,"mun":null},"geometry":{"type":"MultiPolygon","coordinates":[[[[-71.789387,48.491167],[-71.789495,48.490905],[-71.791642,48.49128],[-71.791498,48.491536],[-71.789387,48.491167]]]]}},{"type":"Feature","properties":{"owner1":"S.I.A.L.","owner2":"S.I.A.L.","matricule":"0973-43-3137","street":"SAINT-GEDEON-SUR-LE-LAC","civicLow":"4","civicHigh":"0","valueLand":"178800","valueBuilding":"461600","valueTotal":"640400","mailAddr":"302 RUE ARSENEAULT","mailCity":null,"mun":null},"geometry":{"type":"MultiPolygon","coordinates":[[[[-71.789333,48.491304],[-71.789387,48.491167],[-71.791498,48.491536],[-71.791417,48.491673],[-71.789333,48.491304]]]]}},{"type":"Feature","properties":{"owner1":"S.I.A.L.","owner2":null,"matricule":"1080-10-6086","street":"ILES","civicLow":"0","civicHigh":"0","valueLand":"19100","valueBuilding":"0","valueTotal":"19100","mailAddr":"2303 RUE PREFONTAINE","mailCity":null,"mun":null},"geometry":{"type":"MultiPolygon","coordinates":[[[[-71.783359,48.552914],[-71.783269,48.552712],[-71.781509,48.552207],[-71.781311,48.552016],[-71.781194,48.551576],[-71.781338,48.551588],[-71.781643,48.551963],[-71.782488,48.552052],[-71.782479,48.552308],[-71.783296,48.552665],[-71.783359,48.552914]]]]}},{"type":"Feature","properties":{"owner1":"CARRIERE MARC","owner2":"PELLETIER LUCIE","matricule":"1081-60-1187","street":"BAIE-DES-GIRARD","civicLow":"26","civicHigh":"0","valueLand":"115700","valueBuilding":"44000","valueTotal":"159700","mailAddr":"451 RUE NOTRE-DAME EST","mailCity":null,"mun":null},"geometry":{"type":"MultiPolygon","coordinates":[[[[-71.776361,48.561357],[-71.776029,48.561512],[-71.776002,48.561209],[-71.776263,48.561078],[-71.776469,48.561185],[-71.776361,48.561357]]]]}},{"type":"Feature","properties":{"owner1":"S.I.A.L.","owner2":null,"matricule":"1080-03-9311","street":"ILES","civicLow":"0","civicHigh":"0","valueLand":"72500","valueBuilding":"0","valueTotal":"72500","mailAddr":"190 RUE DES ERABLES","mailCity":null,"mun":null},"geometry":{"type":"MultiPolygon","coordinates":[[[[-71.782371,48.554407],[-71.783045,48.553699],[-71.783359,48.553765],[-71.783395,48.554187],[-71.783934,48.554662],[-71.782371,48.554407]]]]}},{"type":"Feature","properties":{"owner1":"TREMBLAY FREDERIC","owner2":"GIRARD VALERIE","matricule":"1074-82-3933","street":"DE QUEN","civicLow":"98","civicHigh":"0","valueLand":"39400","valueBuilding":"275300","valueTotal":"314700","mailAddr":"98 RUE DE QUEN","mailCity":null,"mun":null},"geometry":{"type":"MultiPolygon","coordinates":[[[[-71.771142,48.499787],[-71.771007,48.499763],[-71.77125,48.499388],[-71.772157,48.499692],[-71.771951,48.499942],[-71.771142,48.499787]]]]}},{"type":"Feature","properties":{"owner1":"MCNICOLL JEAN","owner2":null,"matricule":"1080-23-7038","street":"ILES","civicLow":"210","civicHigh":"0","valueLand":"110000","valueBuilding":"265700","valueTotal":"375700","mailAddr":"2030 RUE DU LUXEMBOURG","mailCity":null,"mun":null},"geometry":{"type":"MultiPolygon","coordinates":[[[[-71.78238,48.554924],[-71.782632,48.555245],[-71.778832,48.554597],[-71.779083,48.553765],[-71.782371,48.554407],[-71.78238,48.554924]]]]}},{"type":"Feature","properties":{"owner1":"DALLAIRE PHILIPPE","owner2":"HEBERT EMILIE","matricule":"1075-62-7007","street":"TOUR","civicLow":"113","civicHigh":"0","valueLand":"29300","valueBuilding":"290500","valueTotal":"319800","mailAddr":"113 CHEMIN DE LA TOUR","mailCity":null,"mun":null},"geometry":{"type":"MultiPolygon","coordinates":[[[[-71.773738,48.508423],[-71.773819,48.50828],[-71.774466,48.508435],[-71.774286,48.508548],[-71.773738,48.508423]]]]}},{"type":"Feature","properties":{"owner1":"BOLDUC JOHANNE","owner2":null,"matricule":"1075-71-2086","street":"TOUR","civicLow":"105","civicHigh":"0","valueLand":"28700","valueBuilding":"226300","valueTotal":"255000","mailAddr":"105 CHEMIN DE LA TOUR","mailCity":null,"mun":null},"geometry":{"type":"MultiPolygon","coordinates":[[[[-71.772975,48.508227],[-71.773244,48.508143],[-71.773819,48.50828],[-71.773765,48.508375],[-71.772975,48.508227]]]]}},{"type":"Feature","properties":{"owner1":"PARADIS JEAN BENOIT","owner2":"LAPOINTE HELENE","matricule":"1075-72-1505","street":"TOUR","civicLow":"101","civicHigh":"103","valueLand":"40100","valueBuilding":"213200","valueTotal":"253300","mailAddr":"494 RUE BECARD","mailCity":null,"mun":null},"geometry":{"type":"MultiPolygon","coordinates":[[[[-71.773891,48.508518],[-71.772867,48.508393],[-71.772975,48.508227],[-71.774286,48.508548],[-71.773891,48.508518]]]]}},{"type":"Feature","properties":{"owner1":"MCNICOLL GABRIEL","owner2":null,"matricule":"1080-22-5249","street":"ILES","civicLow":"220","civicHigh":"0","valueLand":"114700","valueBuilding":"264800","valueTotal":"379500","mailAddr":"190 AVENUE DES ERABLES","mailCity":null,"mun":null},"geometry":{"type":"MultiPolygon","coordinates":[[[[-71.779083,48.553765],[-71.778886,48.552891],[-71.783045,48.553699],[-71.782371,48.554407],[-71.779083,48.553765]]]]}},{"type":"Feature","properties":{"owner1":"GAUTHIER JEAN-MARC","owner2":null,"matricule":"1379-15-2647","street":"10","civicLow":"310","civicHigh":"0","valueLand":"43600","valueBuilding":"133000","valueTotal":"176600","mailAddr":"310 RANG 10","mailCity":null,"mun":null},"geometry":{"type":"MultiPolygon","coordinates":[[[[-71.730574,48.546331],[-71.730709,48.545992],[-71.731311,48.546099],[-71.731428,48.545814],[-71.730835,48.545701],[-71.73097,48.545368],[-71.731769,48.545505],[-71.731931,48.545112],[-71.732335,48.545184],[-71.732443,48.544916],[-71.752349,48.548431],[-71.751334,48.550738],[-71.731293,48.547176],[-71.731508,48.546504],[-71.730574,48.546331]]]]}},{"type":"Feature","properties":{"owner1":"COULOMBE JEAN-PHILIPPE SUCCESSION (5)","owner2":null,"matricule":"1080-61-1040","street":"ILES","civicLow":"0","civicHigh":"0","valueLand":"25100","valueBuilding":"0","valueTotal":"25100","mailAddr":"528 RUE DE QUEN","mailCity":null,"mun":null},"geometry":{"type":"MultiPolygon","coordinates":[[[[-71.776101,48.554098],[-71.772777,48.553491],[-71.773047,48.553366],[-71.774673,48.553806],[-71.775697,48.553854],[-71.776101,48.554098]]],[[[-71.775472,48.553717],[-71.774708,48.553699],[-71.773002,48.553289],[-71.773783,48.551333],[-71.778472,48.552183],[-71.778859,48.553664],[-71.778634,48.554561],[-71.776442,48.554157],[-71.77593,48.553812],[-71.775472,48.553717]]]]}},{"type":"Feature","properties":{"owner1":"DION LUCIE","owner2":null,"matricule":"1075-46-5092","street":"DOMAINE-GRANDMONT","civicLow":"402","civicHigh":"0","valueLand":"33000","valueBuilding":"61500","valueTotal":"94500","mailAddr":"2466 RUE DE LA LORRAINE","mailCity":null,"mun":null},"geometry":{"type":"MultiPolygon","coordinates":[[[[-71.777457,48.51291],[-71.77717,48.51291],[-71.776811,48.512607],[-71.777484,48.51269],[-71.777475,48.512791],[-71.777269,48.512845],[-71.777457,48.51291]]]]}},{"type":"Feature","properties":{"owner1":"S.I.A.L.","owner2":"S.I.A.L.","matricule":"1075-36-9263","street":"DOMAINE-GRANDMONT","civicLow":"0","civicHigh":"0","valueLand":"17200","valueBuilding":"0","valueTotal":"17200","mailAddr":"1754 RUE DE NORMANDIE","mailCity":null,"mun":null},"geometry":{"type":"MultiPolygon","coordinates":[[[[-71.777826,48.512446],[-71.778086,48.512452],[-71.778005,48.512631],[-71.777826,48.512446]]]]}},{"type":"Feature","properties":{"owner1":"TREMBLAY GIRARD ALEXANDRE","owner2":null,"matricule":"1072-06-7659","street":"DE QUEN","civicLow":"446","civicHigh":"0","valueLand":"23200","valueBuilding":"149100","valueTotal":"172300","mailAddr":"446 RUE DEQUEN","mailCity":null,"mun":null},"geometry":{"type":"MultiPolygon","coordinates":[[[[-71.781347,48.485154],[-71.78194,48.485362],[-71.781787,48.485553],[-71.781167,48.48557],[-71.781347,48.485154]]]]}},{"type":"Feature","properties":{"owner1":"POTVIN CAROL","owner2":null,"matricule":"1073-53-5595","street":"GIRARD","civicLow":"144","civicHigh":"0","valueLand":"21400","valueBuilding":"199700","valueTotal":"221100","mailAddr":"144 RUE GIRARD","mailCity":null,"mun":null},"geometry":{"type":"MultiPolygon","coordinates":[[[[-71.775346,48.492274],[-71.774987,48.492209],[-71.775095,48.491941],[-71.775454,48.492006],[-71.775346,48.492274]]]]}},{"type":"Feature","properties":{"owner1":"RATTE GERMAINE","owner2":null,"matricule":"1074-49-0129","street":"BERNACHES","civicLow":"302","civicHigh":"0","valueLand":"12100","valueBuilding":"56000","valueTotal":"68100","mailAddr":"461 RUE JEANNE D'ARC EST","mailCity":null,"mun":null},"geometry":{"type":"MultiPolygon","coordinates":[[[[-71.777583,48.50584],[-71.7777,48.505858],[-71.777673,48.505947],[-71.777583,48.50584]]]]}},{"type":"Feature","properties":{"owner1":"POTVIN YVON","owner2":null,"matricule":"1072-29-5954","street":"DE QUEN","civicLow":"376","civicHigh":"0","valueLand":"26900","valueBuilding":"128000","valueTotal":"154900","mailAddr":"376 RUE DE QUEN","mailCity":null,"mun":null},"geometry":{"type":"MultiPolygon","coordinates":[[[[-71.778931,48.488137],[-71.778652,48.488023],[-71.778769,48.487887],[-71.779514,48.488113],[-71.779344,48.488315],[-71.778931,48.488137]]]]}},{"type":"Feature","properties":{"owner1":"BERGERON MONIQUE","owner2":null,"matricule":"1074-05-6444","street":"POINTE-DU-LAC","civicLow":"59","civicHigh":"0","valueLand":"132500","valueBuilding":"310600","valueTotal":"443100","mailAddr":"59 CHEMIN DE LA POINTE-DU-LAC","mailCity":null,"mun":null},"geometry":{"type":"MultiPolygon","coordinates":[[[[-71.781608,48.502215],[-71.781796,48.50212],[-71.782703,48.502537],[-71.782371,48.50259],[-71.781608,48.502215]]]]}},{"type":"Feature","properties":{"owner1":"S.I.A.L.","owner2":null,"matricule":"1180-04-7976","street":"ILES","civicLow":"0","civicHigh":"0","valueLand":"3000","valueBuilding":"0","valueTotal":"3000","mailAddr":"1655 RUE POWELL","mailCity":null,"mun":null},"geometry":{"type":"MultiPolygon","coordinates":[[[[-71.770783,48.555971],[-71.769705,48.555875],[-71.769085,48.555632],[-71.768726,48.55534],[-71.769175,48.555406],[-71.769022,48.555525],[-71.76975,48.555828],[-71.770927,48.555917],[-71.770783,48.555971]]]]}},{"type":"Feature","properties":{"owner1":"GAUTHIER STEVEN","owner2":null,"matricule":"1080-86-0211","street":"ILES","civicLow":"145","civicHigh":"0","valueLand":"95300","valueBuilding":"31000","valueTotal":"126300","mailAddr":"2464 AVENUE DES LISIEUX","mailCity":null,"mun":null},"geometry":{"type":"MultiPolygon","coordinates":[[[[-71.771223,48.557623],[-71.77143,48.557469],[-71.77213,48.557558],[-71.773487,48.556238],[-71.774807,48.556416],[-71.773936,48.557528],[-71.772229,48.557582],[-71.77143,48.557713],[-71.771223,48.557623]]]]}},{"type":"Feature","properties":{"owner1":"S.I.A.L.","owner2":null,"matricule":"1180-63-0824","street":"GOLF","civicLow":"48","civicHigh":"0","valueLand":"65200","valueBuilding":"70200","valueTotal":"135400","mailAddr":"1093 RUE DE L'EMBACLE","mailCity":null,"mun":null},"geometry":{"type":"MultiPolygon","coordinates":[[[[-71.762599,48.554841],[-71.762249,48.554686],[-71.762437,48.554353],[-71.762833,48.554419],[-71.762599,48.554841]]]]}},{"type":"Feature","properties":{"owner1":"VEILLEUX CLAUDE","owner2":"VEILLEUX MAXIME","matricule":"1180-44-9619","street":"GOLF","civicLow":"0","civicHigh":"0","valueLand":"4900","valueBuilding":"0","valueTotal":"4900","mailAddr":"629 RUE DU CHEMIN-DU-GOLF","mailCity":null,"mun":null},"geometry":{"type":"MultiPolygon","coordinates":[[[[-71.763956,48.555346],[-71.76401,48.555287],[-71.764207,48.555477],[-71.764135,48.555542],[-71.763956,48.555346]]]]}},{"type":"Feature","properties":{"owner1":"LES ENTREPRISES ALFRED BOIVIN INC.","owner2":null,"matricule":"0972-40-3520","street":"PHARE","civicLow":"0","civicHigh":"0","valueLand":"6500","valueBuilding":"0","valueTotal":"6500","mailAddr":"2205 RUE DE LA FONDERIE","mailCity":null,"mun":null},"geometry":{"type":"MultiPolygon","coordinates":[[[[-71.789782,48.479622],[-71.789926,48.479431],[-71.79033,48.479604],[-71.790303,48.479699],[-71.789782,48.479622]]]]}},{"type":"Feature","properties":{"owner1":"LES ENTREPRISES ALFRED BOIVIN INC.","owner2":null,"matricule":"0972-30-9542","street":"PHARE","civicLow":"0","civicHigh":"0","valueLand":"5300","valueBuilding":"0","valueTotal":"5300","mailAddr":"2205 RUE DE LA FONDERIE","mailCity":null,"mun":null},"geometry":{"type":"MultiPolygon","coordinates":[[[[-71.790761,48.479664],[-71.790645,48.47992],[-71.790501,48.479884],[-71.790537,48.479616],[-71.790761,48.479664]]]]}},{"type":"Feature","properties":{"owner1":"S.I.A.L.","owner2":"S.I.A.L.","matricule":"1074-37-0221","street":"BERNACHES","civicLow":"319","civicHigh":"0","valueLand":"117200","valueBuilding":"120200","valueTotal":"237400","mailAddr":"3555 RUE BELLEVUE","mailCity":null,"mun":null},"geometry":{"type":"MultiPolygon","coordinates":[[[[-71.778553,48.504043],[-71.779245,48.503805],[-71.779326,48.50387],[-71.779272,48.504061],[-71.778544,48.504114],[-71.778553,48.504043]]]]}},{"type":"Feature","properties":{"owner1":"BERGERON FLORENT","owner2":null,"matricule":"1180-05-1557","street":"GOLF","civicLow":"121","civicHigh":"0","valueLand":"23900","valueBuilding":"3800","valueTotal":"27700","mailAddr":"121 CHEMIN DU GOLF","mailCity":null,"mun":null},"geometry":{"type":"MultiPolygon","coordinates":[[[[-71.770954,48.556601],[-71.770208,48.556726],[-71.770711,48.556446],[-71.770783,48.555971],[-71.770774,48.556488],[-71.770954,48.556601]]]]}},{"type":"Feature","properties":{"owner1":"LEVESQUE GILLES","owner2":null,"matricule":"1180-05-2539","street":"GOLF","civicLow":"125","civicHigh":"0","valueLand":"83400","valueBuilding":"44000","valueTotal":"127400","mailAddr":"1707 RUE DES CORMIERS","mailCity":null,"mun":null},"geometry":{"type":"MultiPolygon","coordinates":[[[[-71.7701,48.55666],[-71.770621,48.555959],[-71.770783,48.555971],[-71.770711,48.556446],[-71.77045,48.556518],[-71.770208,48.556726],[-71.770352,48.556821],[-71.770118,48.55694],[-71.769974,48.556898],[-71.7701,48.55666]]]]}},{"type":"Feature","properties":{"owner1":"LAVOIE BRUNO","owner2":"BOIVIN LINE","matricule":"1180-05-6531","street":"GOLF","civicLow":"119","civicHigh":"0","valueLand":"75500","valueBuilding":"420500","valueTotal":"496000","mailAddr":"104-710 RUE LEONARD","mailCity":null,"mun":null},"geometry":{"type":"MultiPolygon","coordinates":[[[[-71.769965,48.556553],[-71.769777,48.556797],[-71.769615,48.556672],[-71.769804,48.556488],[-71.769651,48.556393],[-71.770379,48.555935],[-71.769965,48.556553]]]]}},{"type":"Feature","properties":{"owner1":"S.I.A.L.","owner2":null,"matricule":"0978-54-2383","street":"BOIS-DE-GRANDMONT","civicLow":"26","civicHigh":"0","valueLand":"144200","valueBuilding":"238500","valueTotal":"382700","mailAddr":"26 CHEMIN DU BOIS-DE-GRANDMONT","mailCity":null,"mun":null},"geometry":{"type":"MultiPolygon","coordinates":[[[[-71.790654,48.537583],[-71.790698,48.537892],[-71.79033,48.537892],[-71.789818,48.537517],[-71.790222,48.53747],[-71.790357,48.537601],[-71.790654,48.537583]]]]}},{"type":"Feature","properties":{"owner1":"BOILY CAROL","owner2":null,"matricule":"1271-69-4136","street":"4","civicLow":"0","civicHigh":"0","valueLand":"16000","valueBuilding":"0","valueTotal":"16000","mailAddr":"1006 BOULEVARD ST-PAUL","mailCity":null,"mun":null},"geometry":{"type":"MultiPolygon","coordinates":[[[[-71.746933,48.479205],[-71.746825,48.479473],[-71.746421,48.479396],[-71.746537,48.479134],[-71.746933,48.479205]]]]}},{"type":"Feature","properties":{"owner1":"DUFOUR ANDRE","owner2":"COTE LUCE","matricule":"1073-67-7899","street":"LAVOIE","civicLow":"90","civicHigh":"0","valueLand":"31200","valueBuilding":"182800","valueTotal":"214000","mailAddr":"90 RUE LAVOIE","mailCity":null,"mun":null},"geometry":{"type":"MultiPolygon","coordinates":[[[[-71.77319,48.495816],[-71.773361,48.495566],[-71.774116,48.495703],[-71.773945,48.495959],[-71.77319,48.495816]]]]}},{"type":"Feature","properties":{"owner1":"COTE CHARLES","owner2":"FORTIN MARIE-CLAUDE","matricule":"0971-60-5107","street":"BELLE-RIVIERE","civicLow":"1301","civicHigh":"0","valueLand":"35700","valueBuilding":"137300","valueTotal":"173000","mailAddr":"1301 RANG BELLE-RIVIERE","mailCity":null,"mun":null},"geometry":{"type":"MultiPolygon","coordinates":[[[[-71.786656,48.470528],[-71.786288,48.470064],[-71.786836,48.470046],[-71.787159,48.470522],[-71.787447,48.47048],[-71.787357,48.470957],[-71.78724,48.470999],[-71.786656,48.470528]]]]}},{"type":"Feature","properties":{"owner1":"FORTIN ROLAND","owner2":null,"matricule":"1072-45-3155","street":"RUISSEAU","civicLow":"1555","civicHigh":"0","valueLand":"31900","valueBuilding":"127600","valueTotal":"159500","mailAddr":"1555 CHEMIN DU RUISSEAU","mailCity":null,"mun":null},"geometry":{"type":"MultiPolygon","coordinates":[[[[-71.777062,48.484397],[-71.776891,48.484784],[-71.776352,48.484671],[-71.776514,48.484296],[-71.777062,48.484397]]]]}},{"type":"Feature","properties":{"owner1":"GRAVEL ALEXANDRE","owner2":"LAPRISE JOSEE","matricule":"1072-45-7342","street":"RUISSEAU","civicLow":"1545","civicHigh":"0","valueLand":"32700","valueBuilding":"149600","valueTotal":"182300","mailAddr":"1545 CHEMIN DU RUISSEAU","mailCity":null,"mun":null},"geometry":{"type":"MultiPolygon","coordinates":[[[[-71.776352,48.484671],[-71.77576,48.484546],[-71.775921,48.484189],[-71.776514,48.484296],[-71.776352,48.484671]]]]}},{"type":"Feature","properties":{"owner1":"BOUDREAULT JEAN-GUY","owner2":null,"matricule":"1072-26-2676","street":"RUISSEAU","civicLow":"1586","civicHigh":"0","valueLand":"25700","valueBuilding":"161500","valueTotal":"187200","mailAddr":"1586 CHEMIN DU RUISSEAU","mailCity":null,"mun":null},"geometry":{"type":"MultiPolygon","coordinates":[[[[-71.779308,48.485416],[-71.779829,48.485511],[-71.779712,48.485773],[-71.7792,48.485678],[-71.779308,48.485416]]]]}},{"type":"Feature","properties":{"owner1":"S.I.A.L.","owner2":null,"matricule":"0973-69-9570","street":"ST-JOSEPH","civicLow":"0","civicHigh":"0","valueLand":"715200","valueBuilding":"3078300","valueTotal":"3793500","mailAddr":"14 CHEMIN DE LA PLAGE","mailCity":null,"mun":null},"geometry":{"type":"MultiPolygon","coordinates":[[[[-71.787024,48.497775],[-71.786054,48.497632],[-71.785982,48.497108],[-71.786449,48.496465],[-71.788336,48.496781],[-71.787366,48.497834],[-71.787024,48.497775]]]]}},{"type":"Feature","properties":{"owner1":"S.I.A.L.","owner2":null,"matricule":"0974-71-9449","street":"ST-JUDE","civicLow":"108","civicHigh":"0","valueLand":"1117600","valueBuilding":"1133400","valueTotal":"2251000","mailAddr":"16 CHEMIN DE LA PLAGE C.P. 4  BOITE 4","mailCity":null,"mun":null},"geometry":{"type":"MultiPolygon","coordinates":[[[[-71.785066,48.498448],[-71.785919,48.497775],[-71.785982,48.497584],[-71.787366,48.497834],[-71.78556,48.49993],[-71.78362,48.499608],[-71.785066,48.498448]]]]}},{"type":"Feature","properties":{"owner1":"GIRARD CAROLE","owner2":"GIRARD MARYSE","matricule":"1079-13-5287","street":"ILE-AUX-STERNES","civicLow":"10","civicHigh":"0","valueLand":"10500","valueBuilding":"0","valueTotal":"10500","mailAddr":"21 RUE SAMUEL-BESSETTE","mailCity":null,"mun":null},"geometry":{"type":"MultiPolygon","coordinates":[[[[-71.782111,48.545975],[-71.781832,48.545992],[-71.782057,48.54582],[-71.782281,48.54585],[-71.782111,48.545975]]]]}},{"type":"Feature","properties":{"owner1":"GIRARD CAROLE","owner2":"BOURQUE PIERRE","matricule":"1079-14-6300","street":"ILES","civicLow":"0","civicHigh":"0","valueLand":"3800","valueBuilding":"0","valueTotal":"3800","mailAddr":"21 RUE SAMUEL-BESSETTE","mailCity":null,"mun":null},"geometry":{"type":"MultiPolygon","coordinates":[[[[-71.781796,48.546052],[-71.781832,48.545992],[-71.782039,48.546022],[-71.781796,48.546052]]]]}},{"type":"Feature","properties":{"owner1":"GIRARD CLAIRE","owner2":null,"matricule":"1080-11-6885","street":"ILES","civicLow":"230","civicHigh":"0","valueLand":"232500","valueBuilding":"340800","valueTotal":"573300","mailAddr":"230 RANG DES ILES","mailCity":null,"mun":null},"geometry":{"type":"MultiPolygon","coordinates":[[[[-71.783045,48.553681],[-71.778886,48.552891],[-71.778832,48.552682],[-71.780404,48.553045],[-71.780664,48.55245],[-71.783413,48.552986],[-71.783611,48.553229],[-71.78344,48.553556],[-71.783045,48.553681]]]]}},{"type":"Feature","properties":{"owner1":"S.I.A.L.","owner2":null,"matricule":"1080-13-0187","street":"ILES","civicLow":"0","civicHigh":"0","valueLand":"33200","valueBuilding":"0","valueTotal":"33200","mailAddr":"2030 DU LUXEMBOURG","mailCity":null,"mun":null},"geometry":{"type":"MultiPolygon","coordinates":[[[[-71.782766,48.555263],[-71.78238,48.554924],[-71.782371,48.554407],[-71.783853,48.554698],[-71.78371,48.554692],[-71.783539,48.554859],[-71.783404,48.55537],[-71.782766,48.555263]]]]}},{"type":"Feature","properties":{"owner1":"S.I.A.L.","owner2":null,"matricule":"1074-37-7209","street":"BERNACHES","civicLow":"318","civicHigh":"0","valueLand":"53000","valueBuilding":"49900","valueTotal":"102900","mailAddr":"355 BOULEVARD ST-LUC OUEST","mailCity":null,"mun":null},"geometry":{"type":"MultiPolygon","coordinates":[[[[-71.777754,48.503924],[-71.778131,48.503686],[-71.77814,48.504138],[-71.777754,48.503924]]]]}},{"type":"Feature","properties":{"owner1":"9292-1345 QUEBEC INC","owner2":null,"matricule":"1079-38-7363","street":"ILES","civicLow":"250","civicHigh":"0","valueLand":"156900","valueBuilding":"1066400","valueTotal":"1223300","mailAddr":"460 RUE RACINE EST","mailCity":null,"mun":null},"geometry":{"type":"MultiPolygon","coordinates":[[[[-71.778975,48.550357],[-71.779047,48.549852],[-71.779299,48.549858],[-71.779281,48.550244],[-71.779425,48.550256],[-71.779532,48.5505],[-71.779218,48.550625],[-71.778975,48.550357]]]]}},{"type":"Feature","properties":{"owner1":"BELLEY LINN","owner2":null,"matricule":"1073-22-6411","street":"PLAGE","civicLow":"110","civicHigh":"0","valueLand":"45700","valueBuilding":"76500","valueTotal":"122200","mailAddr":"1468 ROUTE 170","mailCity":null,"mun":null},"geometry":{"type":"MultiPolygon","coordinates":[[[[-71.77902,48.490584],[-71.778751,48.490339],[-71.778778,48.490191],[-71.779407,48.490292],[-71.779317,48.490756],[-71.77902,48.490584]]]]}},{"type":"Feature","properties":{"owner1":"S.I.A.L.","owner2":null,"matricule":"1075-63-5381","street":"DE QUEN","civicLow":"0","civicHigh":"0","valueLand":"290000","valueBuilding":"0","valueTotal":"290000","mailAddr":"1655 RUE POWELL","mailCity":null,"mun":null},"geometry":{"type":"MultiPolygon","coordinates":[[[[-71.767666,48.511357],[-71.767163,48.511244],[-71.766606,48.511458],[-71.766094,48.511452],[-71.765707,48.511065],[-71.764504,48.510708],[-71.764863,48.510566],[-71.765851,48.510518],[-71.766103,48.510577],[-71.766444,48.510857],[-71.766776,48.510893],[-71.767172,48.510714],[-71.767279,48.510548],[-71.768106,48.510911],[-71.768142,48.511399],[-71.768321,48.511565],[-71.768232,48.511667],[-71.767666,48.511357]]],[[[-71.768303,48.512012],[-71.768627,48.51175],[-71.769364,48.511559],[-71.76957,48.511393],[-71.770289,48.511298],[-71.77063,48.511083],[-71.770522,48.511036],[-71.770846,48.511095],[-71.772005,48.510566],[-71.772049,48.510405],[-71.772786,48.509976],[-71.77275,48.509643],[-71.77293,48.50953],[-71.772795,48.509399],[-71.773154,48.509185],[-71.773514,48.509096],[-71.773675,48.509155],[-71.773828,48.50925],[-71.773774,48.509572],[-71.774035,48.509613],[-71.774376,48.508994],[-71.773487,48.508786],[-71.773954,48.508822],[-71.774232,48.508596],[-71.775337,48.508852],[-71.775544,48.508334],[-71.775104,48.508191],[-71.775786,48.50834],[-71.775912,48.508721],[-71.776092,48.508733],[-71.776927,48.508637],[-71.777152,48.508251],[-71.777799,48.508316],[-71.778993,48.506852],[-71.778832,48.506792],[-71.779002,48.506763],[-71.778778,48.506578],[-71.77894,48.506554],[-71.778598,48.506346],[-71.779443,48.506519],[-71.779928,48.506507],[-71.780206,48.506715],[-71.780835,48.506846],[-71.780431,48.50703],[-71.780386,48.507536],[-71.779982,48.508334],[-71.779766,48.509459],[-71.779452,48.510131],[-71.779595,48.510655],[-71.779389,48.510827],[-71.779065,48.510774],[-71.778463,48.510149],[-71.778562,48.509786],[-71.778454,48.509578],[-71.778077,48.509649],[-71.777332,48.510197],[-71.777017,48.51022],[-71.776667,48.509816],[-71.776891,48.509512],[-71.776927,48.508977],[-71.776703,48.508816],[-71.775786,48.508905],[-71.775149,48.509292],[-71.775014,48.510441],[-71.77478,48.510875],[-71.774448,48.510869],[-71.774026,48.510417],[-71.77328,48.510131],[-71.773532,48.509893],[-71.77337,48.509179],[-71.772975,48.509381],[-71.772786,48.509994],[-71.772005,48.510458],[-71.772049,48.510607],[-71.770998,48.511012],[-71.770828,48.511184],[-71.770459,48.511208],[-71.769498,48.511577],[-71.771079,48.511881],[-71.771061,48.511946],[-71.770639,48.51194],[-71.769157,48.512285],[-71.768375,48.512696],[-71.767729,48.512559],[-71.768303,48.512012]]]]}},{"type":"Feature","properties":{"owner1":"BERGERON CHANTAL","owner2":null,"matricule":"1077-25-6547","street":"BOISE","civicLow":"35","civicHigh":"0","valueLand":"44200","valueBuilding":"144400","valueTotal":"188600","mailAddr":"35 CHEMIN DU BOISE","mailCity":null,"mun":null},"geometry":{"type":"MultiPolygon","coordinates":[[[[-71.780071,48.529749],[-71.779757,48.529689],[-71.780053,48.529047],[-71.780413,48.529112],[-71.780071,48.529749]]]]}},{"type":"Feature","properties":{"owner1":"FIDUCIE FAMILIALE FREDERIC ET CHARLES","owner2":null,"matricule":"1080-46-1029","street":"ILES","civicLow":"0","civicHigh":"0","valueLand":"12900","valueBuilding":"0","valueTotal":"12900","mailAddr":"221 ALYRE-GINGRAS","mailCity":null,"mun":null},"geometry":{"type":"MultiPolygon","coordinates":[[[[-71.779218,48.557082],[-71.779011,48.557308],[-71.77841,48.557148],[-71.778562,48.556981],[-71.779218,48.557082]]]]}},{"type":"Feature","properties":{"owner1":"GAGNON LISE","owner2":null,"matricule":"1080-45-2182","street":"ILES","civicLow":"0","civicHigh":"0","valueLand":"29500","valueBuilding":"0","valueTotal":"29500","mailAddr":"36 CHEMIN DU BOCAGE","mailCity":null,"mun":null},"geometry":{"type":"MultiPolygon","coordinates":[[[[-71.779676,48.556666],[-71.779461,48.557053],[-71.777655,48.556755],[-71.777871,48.556375],[-71.779676,48.556666]]]]}},{"type":"Feature","properties":{"owner1":"S.I.A.L.","owner2":null,"matricule":"0978-88-6801","street":"CEDRIERE","civicLow":"43","civicHigh":"0","valueLand":"209500","valueBuilding":"143100","valueTotal":"352600","mailAddr":"1025 RUE DU RHONE","mailCity":null,"mun":null},"geometry":{"type":"MultiPolygon","coordinates":[[[[-71.785973,48.540741],[-71.785659,48.540973],[-71.785102,48.540699],[-71.785866,48.540224],[-71.786315,48.540491],[-71.785973,48.540741]]]]}},{"type":"Feature","properties":{"owner1":"S.I.A.L.","owner2":null,"matricule":"0978-87-9553","street":"CEDRIERE","civicLow":"37","civicHigh":"0","valueLand":"213200","valueBuilding":"72000","valueTotal":"285200","mailAddr":"408 RUE PERREAULT","mailCity":null,"mun":null},"geometry":{"type":"MultiPolygon","coordinates":[[[[-71.785488,48.540402],[-71.785102,48.540699],[-71.784994,48.540658],[-71.78512,48.540259],[-71.785021,48.53992],[-71.784707,48.539736],[-71.785147,48.539777],[-71.785866,48.540224],[-71.78556,48.540461],[-71.785488,48.540402]]]]}},{"type":"Feature","properties":{"owner1":"S.I.A.L.","owner2":"S.I.A.L.","matricule":"0972-77-6512","street":"DE QUEN","civicLow":"0","civicHigh":"0","valueLand":"3300","valueBuilding":"0","valueTotal":"3300","mailAddr":"459 RUE DE QUEN","mailCity":null,"mun":null},"geometry":{"type":"MultiPolygon","coordinates":[[[[-71.786593,48.485499],[-71.785641,48.486499],[-71.785345,48.48644],[-71.785291,48.485737],[-71.786063,48.485404],[-71.786593,48.485499]]]]}},{"type":"Feature","properties":{"owner1":"CORPORATION MUNICIPALE ST-GEDEON","owner2":null,"matricule":"0972-78-2504","street":"PLAGE","civicLow":"145","civicHigh":"0","valueLand":"162500","valueBuilding":"541900","valueTotal":"704400","mailAddr":"208 RUE DE QUEN","mailCity":null,"mun":null},"geometry":{"type":"MultiPolygon","coordinates":[[[[-71.787087,48.486743],[-71.786045,48.487833],[-71.784599,48.487577],[-71.786593,48.485499],[-71.78803,48.485761],[-71.787087,48.486743]]]]}},{"type":"Feature","properties":{"owner1":"BOILY RAYMONDE","owner2":null,"matricule":"1375-40-3267","street":"5","civicLow":"1543","civicHigh":"0","valueLand":"22800","valueBuilding":"99400","valueTotal":"122200","mailAddr":"1543 RANG 5","mailCity":null,"mun":null},"geometry":{"type":"MultiPolygon","coordinates":[[[[-71.736413,48.507673],[-71.736521,48.507405],[-71.736916,48.507477],[-71.736818,48.507739],[-71.736413,48.507673]]]]}},{"type":"Feature","properties":{"owner1":"COTE MONIQUE","owner2":null,"matricule":"0978-88-2563","street":"CEDRIERE","civicLow":"49","civicHigh":"0","valueLand":"216700","valueBuilding":"241600","valueTotal":"458300","mailAddr":"49 CHEMIN DE LA CEDRIERE","mailCity":null,"mun":null},"geometry":{"type":"MultiPolygon","coordinates":[[[[-71.786198,48.541449],[-71.78583,48.541205],[-71.78636,48.540741],[-71.786378,48.54058],[-71.78644,48.540753],[-71.786836,48.540854],[-71.786701,48.541098],[-71.786827,48.541413],[-71.786198,48.541449]]]]}},{"type":"Feature","properties":{"owner1":"CARRIERE MARC","owner2":"PELLETIER LUCIE","matricule":"1081-61-0410","street":"BAIE-DES-GIRARD","civicLow":"24","civicHigh":"0","valueLand":"80200","valueBuilding":"323600","valueTotal":"403800","mailAddr":"451 NOTRE-DAME EST","mailCity":null,"mun":null},"geometry":{"type":"MultiPolygon","coordinates":[[[[-71.776361,48.561357],[-71.776541,48.561434],[-71.776361,48.561619],[-71.776047,48.561518],[-71.776361,48.561357]]]]}},{"type":"Feature","properties":{"owner1":"CARRIERE MARC","owner2":"PELLETIER LUCIE","matricule":"1081-50-8589","street":"BAIE-DES-GIRARD","civicLow":"22","civicHigh":"0","valueLand":"77900","valueBuilding":"43700","valueTotal":"121600","mailAddr":"451 RUE NOTRE-DAME EST","mailCity":null,"mun":null},"geometry":{"type":"MultiPolygon","coordinates":[[[[-71.776361,48.561357],[-71.776469,48.561185],[-71.77673,48.561203],[-71.776577,48.561423],[-71.776361,48.561357]]]]}},{"type":"Feature","properties":{"owner1":"S.I.A.L.","owner2":null,"matricule":"1081-50-7497","street":"BAIE-DES-GIRARD","civicLow":"0","civicHigh":"0","valueLand":"24200","valueBuilding":"0","valueTotal":"24200","mailAddr":"1655 RUE POWELL","mailCity":null,"mun":null},"geometry":{"type":"MultiPolygon","coordinates":[[[[-71.776927,48.561292],[-71.776766,48.561345],[-71.776757,48.561488],[-71.776541,48.561434],[-71.77673,48.561203],[-71.776927,48.561292]]]]}},{"type":"Feature","properties":{"owner1":"VAILLANT GAETAN","owner2":"FORTIN CLAUDIA","matricule":"1076-83-3982","street":"ILES","civicLow":"0","civicHigh":"0","valueLand":"49600","valueBuilding":"0","valueTotal":"49600","mailAddr":"41 1/2 RUE D'AUTEUIL","mailCity":null,"mun":null},"geometry":{"type":"MultiPolygon","coordinates":[[[[-71.77302,48.519301],[-71.771259,48.519152],[-71.771196,48.519021],[-71.77178,48.518926],[-71.771753,48.518653],[-71.772382,48.518772],[-71.772427,48.519063],[-71.77302,48.519301]]]]}},{"type":"Feature","properties":{"owner1":"TREMBLAY STEPHANE","owner2":null,"matricule":"1076-83-7416","street":"ILES","civicLow":"770","civicHigh":"0","valueLand":"49100","valueBuilding":"128300","valueTotal":"177400","mailAddr":"770 RANG DES ILES","mailCity":null,"mun":null},"geometry":{"type":"MultiPolygon","coordinates":[[[[-71.771789,48.518266],[-71.772382,48.518587],[-71.772364,48.518766],[-71.771115,48.518545],[-71.770792,48.518123],[-71.771663,48.518159],[-71.771789,48.518266]]]]}},{"type":"Feature","properties":{"owner1":"MUNICIPALITE DE SAINT-GEDEON","owner2":null,"matricule":"1175-17-3570","street":"ILES","civicLow":"0","civicHigh":"0","valueLand":"45500","valueBuilding":"566400","valueTotal":"611900","mailAddr":"208 RUE DE QUEN","mailCity":null,"mun":null},"geometry":{"type":"MultiPolygon","coordinates":[[[[-71.768043,48.513172],[-71.768492,48.513892],[-71.767028,48.51363],[-71.767684,48.51341],[-71.767953,48.513107],[-71.768043,48.513172]]]]}},{"type":"Feature","properties":{"owner1":"GIRARD GHISLAIN","owner2":null,"matricule":"1175-17-9633","street":"DE QUEN","civicLow":"5","civicHigh":"0","valueLand":"31800","valueBuilding":"112300","valueTotal":"144100","mailAddr":"5 CHEMIN DE QUEN","mailCity":null,"mun":null},"geometry":{"type":"MultiPolygon","coordinates":[[[[-71.765357,48.513214],[-71.76692,48.512988],[-71.767261,48.512839],[-71.767603,48.512845],[-71.767953,48.513107],[-71.767684,48.51341],[-71.76727,48.513547],[-71.765357,48.513214]]]]}},{"type":"Feature","properties":{"owner1":"LAROUCHE DENIS","owner2":"HARVEY VALERIE","matricule":"1073-74-3328","street":"LAROUCHE","civicLow":"134","civicHigh":"0","valueLand":"22400","valueBuilding":"179900","valueTotal":"202300","mailAddr":"134 RUE LAROUCHE","mailCity":null,"mun":null},"geometry":{"type":"MultiPolygon","coordinates":[[[[-71.773092,48.49237],[-71.772921,48.49262],[-71.772553,48.492506],[-71.772723,48.492256],[-71.773092,48.49237]]]]}},{"type":"Feature","properties":{"owner1":"S.I.A.L.","owner2":null,"matricule":"1076-93-1724","street":"ILES","civicLow":"0","civicHigh":"0","valueLand":"500","valueBuilding":"0","valueTotal":"500","mailAddr":"1655 RUE POWELL","mailCity":null,"mun":null},"geometry":{"type":"MultiPolygon","coordinates":[[[[-71.770927,48.518426],[-71.771115,48.518545],[-71.770971,48.518522],[-71.770927,48.518426]]]]}},{"type":"Feature","properties":{"owner1":"BOUCHARD SUZANNE","owner2":null,"matricule":"1073-68-3462","street":"DE QUEN","civicLow":"184","civicHigh":"186","valueLand":"33500","valueBuilding":"135200","valueTotal":"168700","mailAddr":"184 RUE DE QUEN","mailCity":null,"mun":null},"geometry":{"type":"MultiPolygon","coordinates":[[[[-71.773711,48.496269],[-71.773864,48.49606],[-71.774825,48.496364],[-71.774664,48.496578],[-71.773711,48.496269]]]]}},{"type":"Feature","properties":{"owner1":"RODRIGUE ULYSSE","owner2":"MARTEL-COUTU MATHILDE","matricule":"1169-04-6594","street":"BELLE-RIVIERE","civicLow":"1174","civicHigh":"0","valueLand":"52900","valueBuilding":"115400","valueTotal":"168300","mailAddr":"1174 RANG BELLE-RIVIERE","mailCity":null,"mun":null},"geometry":{"type":"MultiPolygon","coordinates":[[[[-71.767217,48.457447],[-71.766848,48.457364],[-71.7671,48.456744],[-71.768043,48.456911],[-71.767881,48.45731],[-71.767549,48.4574],[-71.767495,48.457507],[-71.767217,48.457447]]]]}},{"type":"Feature","properties":{"owner1":"FERME DES PAPINAS INC","owner2":null,"matricule":"1169-19-8370","street":"BELLE-RIVIERE","civicLow":"0","civicHigh":"0","valueLand":"90800","valueBuilding":"0","valueTotal":"90800","mailAddr":"1231 RANG BELLE-RIVIERE","mailCity":null,"mun":null},"geometry":{"type":"MultiPolygon","coordinates":[[[[-71.767297,48.455988],[-71.768214,48.453706],[-71.769992,48.453926],[-71.768789,48.456935],[-71.767019,48.456589],[-71.767297,48.455988]]],[[[-71.76471,48.462261],[-71.766956,48.456715],[-71.7671,48.456744],[-71.766848,48.457364],[-71.767297,48.457495],[-71.767495,48.457507],[-71.767549,48.4574],[-71.767881,48.45731],[-71.768043,48.456911],[-71.768744,48.45706],[-71.764674,48.466847],[-71.76295,48.466561],[-71.76471,48.462261]]]]}},{"type":"Feature","properties":{"owner1":"FERME RAYLYNE S.E.N.C.","owner2":null,"matricule":"1169-09-4991","street":"BELLE-RIVIERE","civicLow":"0","civicHigh":"0","valueLand":"93600","valueBuilding":"24500","valueTotal":"118100","mailAddr":"1137 RANG BELLE-RIVIERE","mailCity":null,"mun":null},"geometry":{"type":"MultiPolygon","coordinates":[[[[-71.770298,48.456738],[-71.769624,48.456536],[-71.769444,48.457078],[-71.768789,48.456935],[-71.769992,48.453926],[-71.771016,48.454034],[-71.771708,48.454248],[-71.770459,48.457298],[-71.770037,48.457209],[-71.770298,48.456738]]],[[[-71.766552,48.462279],[-71.768744,48.45706],[-71.769858,48.457298],[-71.769732,48.457602],[-71.77028,48.457733],[-71.766399,48.467163],[-71.764674,48.466847],[-71.766552,48.462279]]]]}},{"type":"Feature","properties":{"owner1":"COTE YVONNE","owner2":null,"matricule":"1069-84-8574","street":"BELLE-RIVIERE","civicLow":"1187","civicHigh":"0","valueLand":"39800","valueBuilding":"218900","valueTotal":"258700","mailAddr":"1187 RANG BELLE-RIVIERE","mailCity":null,"mun":null},"geometry":{"type":"MultiPolygon","coordinates":[[[[-71.769444,48.457078],[-71.769624,48.456536],[-71.770298,48.456738],[-71.770037,48.457209],[-71.769444,48.457078]]]]}},{"type":"Feature","properties":{"owner1":"LAFOREST ALAIN","owner2":"TREMBLAY LUCIE","matricule":"1181-40-2133","street":"GOLF","civicLow":"80","civicHigh":"0","valueLand":"171200","valueBuilding":"181200","valueTotal":"352400","mailAddr":"80 CHEMIN DU GOLF","mailCity":null,"mun":null},"geometry":{"type":"MultiPolygon","coordinates":[[[[-71.766076,48.560204],[-71.765061,48.56172],[-71.764432,48.561369],[-71.765312,48.560239],[-71.765914,48.560091],[-71.766076,48.560204]]]]}},{"type":"Feature","properties":{"owner1":"COTE JEAN-MARC","owner2":null,"matricule":"1175-15-3770","street":"DE QUEN","civicLow":"16","civicHigh":"0","valueLand":"36300","valueBuilding":"143100","valueTotal":"179400","mailAddr":"16 CHEMIN DE QUEN","mailCity":null,"mun":null},"geometry":{"type":"MultiPolygon","coordinates":[[[[-71.76807,48.511905],[-71.767899,48.512095],[-71.767441,48.511821],[-71.767782,48.511399],[-71.768232,48.511667],[-71.76807,48.511905]]]]}},{"type":"Feature","properties":{"owner1":"LAROCHE MAGELLA","owner2":"FORTIN GERALDYNE","matricule":"1075-82-9270","street":"TOURELLE","civicLow":"7","civicHigh":"0","valueLand":"28000","valueBuilding":"57900","valueTotal":"85900","mailAddr":"192 RUE DES NOYERS","mailCity":null,"mun":null},"geometry":{"type":"MultiPolygon","coordinates":[[[[-71.770729,48.509167],[-71.770702,48.509024],[-71.770855,48.508953],[-71.771385,48.508965],[-71.771349,48.509143],[-71.77098,48.509078],[-71.77081,48.509304],[-71.770729,48.509167]]]]}},{"type":"Feature","properties":{"owner1":"GIRARD LOUIS-LEON","owner2":null,"matricule":"1371-94-9159","street":"4","civicLow":"1269","civicHigh":"0","valueLand":"32200","valueBuilding":"141200","valueTotal":"173400","mailAddr":"1269 RANG 4","mailCity":null,"mun":null},"geometry":{"type":"MultiPolygon","coordinates":[[[[-71.728014,48.475436],[-71.728239,48.474905],[-71.728634,48.474977],[-71.728409,48.475507],[-71.728014,48.475436]]]]}},{"type":"Feature","properties":{"owner1":"BRASSARD LUCETTE","owner2":null,"matricule":"1471-14-2412","street":"4","civicLow":"1263","civicHigh":"0","valueLand":"40300","valueBuilding":"105700","valueTotal":"146000","mailAddr":"1263 RANG 4","mailCity":null,"mun":null},"geometry":{"type":"MultiPolygon","coordinates":[[[[-71.726128,48.475084],[-71.726415,48.474423],[-71.726909,48.474518],[-71.726622,48.475179],[-71.726128,48.475084]]]]}},{"type":"Feature","properties":{"owner1":"TREMBLAY ANNICK","owner2":null,"matricule":"1075-61-3652","street":"TOUR","civicLow":"114","civicHigh":"0","valueLand":"31900","valueBuilding":"99600","valueTotal":"131500","mailAddr":"114, CHEMIN DE LA TOUR","mailCity":null,"mun":null},"geometry":{"type":"MultiPolygon","coordinates":[[[[-71.774798,48.507828],[-71.774655,48.508084],[-71.774259,48.508007],[-71.774403,48.507751],[-71.774798,48.507828]]]]}},{"type":"Feature","properties":{"owner1":"THERIAULT STEPHANE","owner2":"TREMBLAY KARINE","matricule":"1075-61-6543","street":"TOUR","civicLow":"112","civicHigh":"0","valueLand":"31600","valueBuilding":"66100","valueTotal":"97700","mailAddr":"291 AVENUE CHARLES-PELLETIER","mailCity":null,"mun":null},"geometry":{"type":"MultiPolygon","coordinates":[[[[-71.774403,48.507751],[-71.774259,48.508007],[-71.773855,48.507935],[-71.773999,48.507691],[-71.774403,48.507751]]]]}},{"type":"Feature","properties":{"owner1":"POTVIN DANIEL","owner2":null,"matricule":"1073-68-4585","street":"DE QUEN","civicLow":"180","civicHigh":"0","valueLand":"34400","valueBuilding":"115500","valueTotal":"149900","mailAddr":"180 RUE DE QUEN","mailCity":null,"mun":null},"geometry":{"type":"MultiPolygon","coordinates":[[[[-71.773648,48.496572],[-71.773577,48.496465],[-71.773711,48.496269],[-71.774664,48.496578],[-71.77452,48.496769],[-71.773648,48.496572]]]]}},{"type":"Feature","properties":{"owner1":"SOUDURE CHARLES-HENRI ET YVAN BOILY INC","owner2":null,"matricule":"1073-69-5519","street":"DE QUEN","civicLow":"172","civicHigh":"0","valueLand":"38500","valueBuilding":"21200","valueTotal":"59700","mailAddr":"119  RUE DE QUEN","mailCity":null,"mun":null},"geometry":{"type":"MultiPolygon","coordinates":[[[[-71.773442,48.49684],[-71.773648,48.496572],[-71.77452,48.496769],[-71.77425,48.497126],[-71.773442,48.49684]]]]}},{"type":"Feature","properties":{"owner1":"S.I.A.L.","owner2":null,"matricule":"1074-37-8740","street":"BERNACHES","civicLow":"316","civicHigh":"0","valueLand":"75900","valueBuilding":"140300","valueTotal":"216200","mailAddr":"316 CHEMIN DES BERNACHES","mailCity":null,"mun":null},"geometry":{"type":"MultiPolygon","coordinates":[[[[-71.77814,48.504138],[-71.778068,48.50443],[-71.777359,48.504275],[-71.777754,48.503924],[-71.77814,48.504138]]]]}},{"type":"Feature","properties":{"owner1":"TREMBLAY LEONE","owner2":null,"matricule":"1079-13-2427","street":"QUAI","civicLow":"308","civicHigh":"0","valueLand":"129600","valueBuilding":"109300","valueTotal":"238900","mailAddr":"672 CHEMIN SYDENHAM","mailCity":null,"mun":null},"geometry":{"type":"MultiPolygon","coordinates":[[[[-71.782838,48.54538],[-71.78282,48.545517],[-71.781967,48.545386],[-71.782191,48.544868],[-71.782102,48.545267],[-71.782838,48.54538]]]]}},{"type":"Feature","properties":{"owner1":"S.I.A.L.","owner2":null,"matricule":"1075-66-2438","street":"DOMAINE-GRANDMONT","civicLow":"0","civicHigh":"0","valueLand":"33900","valueBuilding":"0","valueTotal":"33900","mailAddr":"2345 RUE MATHIAS","mailCity":null,"mun":null},"geometry":{"type":"MultiPolygon","coordinates":[[[[-71.774538,48.512583],[-71.774807,48.511928],[-71.775607,48.512083],[-71.77558,48.512149],[-71.774906,48.512012],[-71.774951,48.512672],[-71.774538,48.512583]]]]}},{"type":"Feature","properties":{"owner1":"MARQUIS FRANCIS","owner2":"BOUDREAULT GUYLAINE","matricule":"0972-94-2698","street":"DE QUEN","civicLow":"494","civicHigh":"0","valueLand":"23900","valueBuilding":"174500","valueTotal":"198400","mailAddr":"494 RUE DE QUEN","mailCity":null,"mun":null},"geometry":{"type":"MultiPolygon","coordinates":[[[[-71.783189,48.483879],[-71.783413,48.483737],[-71.783871,48.484016],[-71.783647,48.484159],[-71.783189,48.483879]]]]}},{"type":"Feature","properties":{"owner1":"HARVEY MARIE-PAULE","owner2":null,"matricule":"0972-95-4313","street":"DE QUEN","civicLow":"490","civicHigh":"0","valueLand":"23900","valueBuilding":"162200","valueTotal":"186100","mailAddr":"490 RUE DE QUEN","mailCity":null,"mun":null},"geometry":{"type":"MultiPolygon","coordinates":[[[[-71.782973,48.484022],[-71.783189,48.483879],[-71.783647,48.484159],[-71.783422,48.484302],[-71.782973,48.484022]]]]}},{"type":"Feature","properties":{"owner1":"S.I.A.L.","owner2":null,"matricule":"1079-29-3593","street":"ILES","civicLow":"0","civicHigh":"0","valueLand":"8200","valueBuilding":"0","valueTotal":"8200","mailAddr":"2303 RUE PREFONTAINE","mailCity":null,"mun":null},"geometry":{"type":"MultiPolygon","coordinates":[[[[-71.781194,48.551576],[-71.780548,48.551273],[-71.781185,48.551368],[-71.781338,48.551588],[-71.781194,48.551576]]]]}},{"type":"Feature","properties":{"owner1":"FERME LOUIS MARTEL ET FILS INC","owner2":null,"matricule":"1169-67-3497","street":"BELLE-RIVIERE","civicLow":"0","civicHigh":"0","valueLand":"195600","valueBuilding":"70400","valueTotal":"266000","mailAddr":"979 RANG DE LA BELLE-RIVIERE","mailCity":null,"mun":null},"geometry":{"type":"MultiPolygon","coordinates":[[[[-71.763498,48.455017],[-71.762905,48.45479],[-71.762707,48.455029],[-71.761943,48.454707],[-71.760093,48.454355],[-71.760946,48.452169],[-71.762725,48.452437],[-71.764459,48.452937],[-71.763506,48.455416],[-71.763264,48.455297],[-71.763498,48.455017]]],[[[-71.755673,48.465215],[-71.76003,48.454534],[-71.760659,48.454612],[-71.760964,48.454957],[-71.760874,48.455172],[-71.761872,48.455469],[-71.762231,48.455088],[-71.763444,48.455583],[-71.759293,48.465876],[-71.755673,48.465215]]]]}},{"type":"Feature","properties":{"owner1":"GARON ALEXANDRE","owner2":"BOIVIN-COTE ROSE-ALICE","matricule":"1169-52-2745","street":"BELLE-RIVIERE","civicLow":"1148","civicHigh":"0","valueLand":"33500","valueBuilding":"0","valueTotal":"33500","mailAddr":"1148 RANG BELLE-RIVIERE","mailCity":null,"mun":null},"geometry":{"type":"MultiPolygon","coordinates":[[[[-71.76144,48.454808],[-71.76127,48.455243],[-71.760874,48.455172],[-71.760964,48.454957],[-71.760659,48.454612],[-71.76144,48.454808]]]]}},{"type":"Feature","properties":{"owner1":"MARTEL NICOLAS","owner2":null,"matricule":"1169-42-8569","street":"BELLE-RIVIERE","civicLow":"1160","civicHigh":"0","valueLand":"40800","valueBuilding":"108900","valueTotal":"149700","mailAddr":"1160 RANG BELLE-RIVIERE","mailCity":null,"mun":null},"geometry":{"type":"MultiPolygon","coordinates":[[[[-71.76127,48.455243],[-71.76144,48.454808],[-71.762231,48.455088],[-71.761872,48.455469],[-71.76127,48.455243]]]]}},{"type":"Feature","properties":{"owner1":"MORISSETTE ERIC","owner2":"GAGNE EMILIE","matricule":"1169-32-8358","street":"BELLE-RIVIERE","civicLow":"1163","civicHigh":"0","valueLand":"30600","valueBuilding":"136300","valueTotal":"166900","mailAddr":"1163 RANG BELLE-RIVIERE","mailCity":null,"mun":null},"geometry":{"type":"MultiPolygon","coordinates":[[[[-71.762707,48.455029],[-71.762905,48.45479],[-71.763498,48.455017],[-71.763264,48.455297],[-71.762707,48.455029]]]]}},{"type":"Feature","properties":{"owner1":"MINISTERE DE L'ENERGIE ET RESSOURCES","owner2":null,"matricule":"0979-74-2158","street":"LAC-ST-JEAN","civicLow":"0","civicHigh":"0","valueLand":"500","valueBuilding":"0","valueTotal":"500","mailAddr":"5700 4IEME AVENUE OUEST","mailCity":null,"mun":null},"geometry":{"type":"MultiPolygon","coordinates":[[[[-71.788013,48.546611],[-71.787653,48.546486],[-71.787761,48.546403],[-71.788084,48.546456],[-71.788013,48.546611]]]]}},{"type":"Feature","properties":{"owner1":"GAGNE JESSEE","owner2":"DORE RACHEL","matricule":"1075-78-8356","street":"DOMAINE-GRANDMONT","civicLow":"0","civicHigh":"0","valueLand":"51100","valueBuilding":"0","valueTotal":"51100","mailAddr":"7510 AVENUE DE LORIMIER APP #1","mailCity":null,"mun":null},"geometry":{"type":"MultiPolygon","coordinates":[[[[-71.773065,48.514089],[-71.772849,48.514577],[-71.772319,48.514475],[-71.772544,48.513946],[-71.773065,48.514089]]]]}},{"type":"Feature","properties":{"owner1":"COURTOIS-COUTURE GAIL","owner2":null,"matricule":"1079-39-2037","street":"ILES","civicLow":"0","civicHigh":"0","valueLand":"17000","valueBuilding":"0","valueTotal":"17000","mailAddr":"392 AVENUE DE LA GENDRE","mailCity":null,"mun":null},"geometry":{"type":"MultiPolygon","coordinates":[[[[-71.779748,48.550916],[-71.779928,48.550827],[-71.78,48.550887],[-71.779838,48.55097],[-71.779748,48.550916]]]]}},{"type":"Feature","properties":{"owner1":"DUFOUR GINETTE","owner2":null,"matricule":"1077-65-4091","street":"ILES","civicLow":"585","civicHigh":"0","valueLand":"50800","valueBuilding":"131900","valueTotal":"182700","mailAddr":"585 RANG DES ILES","mailCity":null,"mun":null},"geometry":{"type":"MultiPolygon","coordinates":[[[[-71.775697,48.53023],[-71.774475,48.53004],[-71.774529,48.529517],[-71.775391,48.529665],[-71.775697,48.53023]]]]}},{"type":"Feature","properties":{"owner1":"COTE RICHARD","owner2":"DUVAL FECTEAU MICHELLE","matricule":"1078-33-8352","street":"ILES","civicLow":"453","civicHigh":"0","valueLand":"54700","valueBuilding":"189000","valueTotal":"243700","mailAddr":"453 RANG DES ILES","mailCity":null,"mun":null},"geometry":{"type":"MultiPolygon","coordinates":[[[[-71.779173,48.536839],[-71.7792,48.53725],[-71.777502,48.536191],[-71.779137,48.5365],[-71.779173,48.536839]]]]}},{"type":"Feature","properties":{"owner1":"9353-3065 QUEBEC INC","owner2":null,"matricule":"1079-39-0951","street":"ILES","civicLow":"0","civicHigh":"0","valueLand":"16800","valueBuilding":"0","valueTotal":"16800","mailAddr":"460 RUE RACINE EST","mailCity":null,"mun":null},"geometry":{"type":"MultiPolygon","coordinates":[[[[-71.780161,48.551006],[-71.779982,48.551095],[-71.779928,48.551023],[-71.780089,48.55094],[-71.780161,48.551006]]]]}},{"type":"Feature","properties":{"owner1":"S.I.A.L.","owner2":"S.I.A.L.","matricule":"1076-52-7060","street":"ETANG","civicLow":"204","civicHigh":"0","valueLand":"77000","valueBuilding":"102500","valueTotal":"179500","mailAddr":"939 RUE DES AUGUSTINES","mailCity":null,"mun":null},"geometry":{"type":"MultiPolygon","coordinates":[[[[-71.775921,48.517843],[-71.775912,48.517939],[-71.775436,48.517927],[-71.775454,48.517784],[-71.775921,48.517843]]]]}},{"type":"Feature","properties":{"owner1":"NERON JEANNOT","owner2":null,"matricule":"1073-64-1250","street":"MURRAY","civicLow":"135","civicHigh":"0","valueLand":"20400","valueBuilding":"165000","valueTotal":"185400","mailAddr":"135 RUE MURRAY","mailCity":null,"mun":null},"geometry":{"type":"MultiPolygon","coordinates":[[[[-71.774214,48.492673],[-71.774367,48.492453],[-71.774708,48.492554],[-71.77452,48.492768],[-71.774214,48.492673]]]]}},{"type":"Feature","properties":{"owner1":"OUELLET BRUNO","owner2":null,"matricule":"1073-87-0134","street":"LEVESQUE","civicLow":"134","civicHigh":"0","valueLand":"21500","valueBuilding":"112600","valueTotal":"134100","mailAddr":"134 RUE LEVESQUE","mailCity":null,"mun":null},"geometry":{"type":"MultiPolygon","coordinates":[[[[-71.771708,48.495293],[-71.771888,48.495037],[-71.77222,48.495102],[-71.772121,48.495334],[-71.771708,48.495293]]]]}},{"type":"Feature","properties":{"owner1":"OUELLET BRUNO","owner2":null,"matricule":"1073-87-1050","street":"LEVESQUE","civicLow":"0","civicHigh":"0","valueLand":"3300","valueBuilding":"0","valueTotal":"3300","mailAddr":"134 RUE LEVESQUE","mailCity":null,"mun":null},"geometry":{"type":"MultiPolygon","coordinates":[[[[-71.771681,48.495334],[-71.771708,48.495293],[-71.772032,48.495352],[-71.771681,48.495334]]]]}},{"type":"Feature","properties":{"owner1":"GIRARD JOEL","owner2":null,"matricule":"1072-16-8635","street":"RUISSEAU","civicLow":"1585","civicHigh":"0","valueLand":"31900","valueBuilding":"128500","valueTotal":"160400","mailAddr":"1585 CHEMIN DU RUISSEAU","mailCity":null,"mun":null},"geometry":{"type":"MultiPolygon","coordinates":[[[[-71.779595,48.485285],[-71.779703,48.485023],[-71.780503,48.485166],[-71.780386,48.485428],[-71.779595,48.485285]]]]}},{"type":"Feature","properties":{"owner1":"OUELLET GAETAN","owner2":null,"matricule":"1072-26-3023","street":"RUISSEAU","civicLow":"1581","civicHigh":"0","valueLand":"22600","valueBuilding":"143100","valueTotal":"165700","mailAddr":"1581 CHEMIN DU RUISSEAU","mailCity":null,"mun":null},"geometry":{"type":"MultiPolygon","coordinates":[[[[-71.779703,48.485023],[-71.779595,48.485285],[-71.7792,48.485213],[-71.779308,48.484951],[-71.779703,48.485023]]]]}},{"type":"Feature","properties":{"owner1":"LAPLANTE JEAN-CLAUDE","owner2":"SIMARD DENISE","matricule":"1072-26-5707","street":"RUISSEAU","civicLow":"1575","civicHigh":"0","valueLand":"27700","valueBuilding":"133300","valueTotal":"161000","mailAddr":"1575 CHEMIN DU RUISSEAU","mailCity":null,"mun":null},"geometry":{"type":"MultiPolygon","coordinates":[[[[-71.779308,48.484951],[-71.7792,48.485213],[-71.778796,48.485142],[-71.778966,48.484743],[-71.779371,48.484814],[-71.779308,48.484951]]]]}},{"type":"Feature","properties":{"owner1":"HARVEY ROGER","owner2":null,"matricule":"1073-67-2139","street":"LEVESQUE","civicLow":"111","civicHigh":"0","valueLand":"22500","valueBuilding":"95600","valueTotal":"118100","mailAddr":"111 RUE LEVESQUE","mailCity":null,"mun":null},"geometry":{"type":"MultiPolygon","coordinates":[[[[-71.774655,48.49509],[-71.774466,48.495424],[-71.774178,48.495376],[-71.774331,48.495031],[-71.774655,48.49509]]]]}},{"type":"Feature","properties":{"owner1":"COULOMBE STEPHANE","owner2":"CLAVEAU MELANIE","matricule":"1073-57-7397","street":"DE QUEN","civicLow":"204","civicHigh":"0","valueLand":"18500","valueBuilding":"97200","valueTotal":"115700","mailAddr":"204 RUE DE QUEN","mailCity":null,"mun":null},"geometry":{"type":"MultiPolygon","coordinates":[[[[-71.77531,48.495668],[-71.775176,48.495858],[-71.774843,48.495799],[-71.774942,48.495602],[-71.77531,48.495668]]]]}},{"type":"Feature","properties":{"owner1":"COULOMBE MARCEL","owner2":null,"matricule":"0972-63-9053","street":"DE QUEN","civicLow":"523","civicHigh":"0","valueLand":"29800","valueBuilding":"96400","valueTotal":"126200","mailAddr":"523 RUE DE QUEN","mailCity":null,"mun":null},"geometry":{"type":"MultiPolygon","coordinates":[[[[-71.786189,48.482564],[-71.786405,48.482385],[-71.787168,48.482665],[-71.786988,48.482849],[-71.786189,48.482564]]]]}},{"type":"Feature","properties":{"owner1":"GAGNON RICHARD","owner2":"AUDET LYNE","matricule":"0972-73-1176","street":"DE QUEN","civicLow":"521","civicHigh":"0","valueLand":"32700","valueBuilding":"223300","valueTotal":"256000","mailAddr":"521 RUE DE QUEN","mailCity":null,"mun":null},"geometry":{"type":"MultiPolygon","coordinates":[[[[-71.786306,48.482968],[-71.785964,48.482754],[-71.786189,48.482564],[-71.786899,48.482814],[-71.786521,48.483099],[-71.786306,48.482968]]]]}},{"type":"Feature","properties":{"owner1":"GAUTHIER JEAN","owner2":"COTE GUYLAINE","matricule":"1180-24-3126","street":"GOLF","civicLow":"26","civicHigh":"0","valueLand":"60500","valueBuilding":"94600","valueTotal":"155100","mailAddr":"26 CHEMIN DU GOLF","mailCity":null,"mun":null},"geometry":{"type":"MultiPolygon","coordinates":[[[[-71.767504,48.555198],[-71.767513,48.555132],[-71.767926,48.555204],[-71.767504,48.555198]]],[[[-71.767423,48.555531],[-71.767486,48.555275],[-71.767908,48.555305],[-71.767818,48.555626],[-71.767423,48.555531]]]]}},{"type":"Feature","properties":{"owner1":"GAGNON LISE","owner2":"FORTIN PAQUERETTE","matricule":"1080-34-3777","street":"ILES","civicLow":"170","civicHigh":"0","valueLand":"70300","valueBuilding":"0","valueTotal":"70300","mailAddr":"36 CHEMIN DU BOCAGE","mailCity":null,"mun":null},"geometry":{"type":"MultiPolygon","coordinates":[[[[-71.781176,48.556095],[-71.781051,48.556274],[-71.778176,48.55584],[-71.778562,48.555186],[-71.779991,48.555394],[-71.781006,48.555715],[-71.781302,48.555875],[-71.781509,48.55622],[-71.781176,48.556095]]]]}},{"type":"Feature","properties":{"owner1":"GAGNON LISE","owner2":"FORTIN PAQUERETTE","matricule":"1080-24-7117","street":"ILES","civicLow":"0","civicHigh":"0","valueLand":"76200","valueBuilding":"0","valueTotal":"76200","mailAddr":"36 CHEMIN DU BOCAGE","mailCity":null,"mun":null},"geometry":{"type":"MultiPolygon","coordinates":[[[[-71.782739,48.555257],[-71.782605,48.55559],[-71.781347,48.55578],[-71.780027,48.555316],[-71.778598,48.555108],[-71.778832,48.554597],[-71.782739,48.555257]]]]}},{"type":"Feature","properties":{"owner1":"GAGNON LISE","owner2":"FORTIN PAQUERETTE","matricule":"1080-35-4943","street":"ILES","civicLow":"0","civicHigh":"0","valueLand":"73400","valueBuilding":"0","valueTotal":"73400","mailAddr":"36 CHEMIN DU BOCAGE","mailCity":null,"mun":null},"geometry":{"type":"MultiPolygon","coordinates":[[[[-71.781051,48.556274],[-71.780404,48.557183],[-71.779461,48.557053],[-71.779676,48.556666],[-71.777871,48.556375],[-71.778176,48.55584],[-71.781051,48.556274]]]]}},{"type":"Feature","properties":{"owner1":"GAGNON LISE","owner2":"FORTIN PAQUERETTE","matricule":"1080-24-9047","street":"ILES","civicLow":"0","civicHigh":"0","valueLand":"5000","valueBuilding":"0","valueTotal":"5000","mailAddr":"36 CHEMIN DU BOCAGE","mailCity":null,"mun":null},"geometry":{"type":"MultiPolygon","coordinates":[[[[-71.782362,48.555632],[-71.782605,48.55559],[-71.782416,48.555667],[-71.782362,48.555632]]],[[[-71.781563,48.556309],[-71.781176,48.556095],[-71.781509,48.55622],[-71.781302,48.555875],[-71.781006,48.555715],[-71.779991,48.555394],[-71.778751,48.555257],[-71.778562,48.555186],[-71.778598,48.555108],[-71.780027,48.555316],[-71.781347,48.55578],[-71.782245,48.555644],[-71.781805,48.556191],[-71.781563,48.556309]]]]}},{"type":"Feature","properties":{"owner1":"BOUDREAULT ROBERT","owner2":null,"matricule":"1072-16-6494","street":"RUISSEAU","civicLow":"0","civicHigh":"0","valueLand":"19500","valueBuilding":"0","valueTotal":"19500","mailAddr":"434 RUE DE QUEN","mailCity":null,"mun":null},"geometry":{"type":"MultiPolygon","coordinates":[[[[-71.780152,48.48585],[-71.78026,48.485588],[-71.780557,48.485642],[-71.780449,48.485904],[-71.780152,48.48585]]]]}},{"type":"Feature","properties":{"owner1":"BOUDREAULT PASCAL","owner2":null,"matricule":"1072-16-9684","street":"RUISSEAU","civicLow":"0","civicHigh":"0","valueLand":"19500","valueBuilding":"0","valueTotal":"19500","mailAddr":"1265 AVENUE PAPINEAU","mailCity":null,"mun":null},"geometry":{"type":"MultiPolygon","coordinates":[[[[-71.779712,48.485773],[-71.779829,48.485511],[-71.780125,48.485564],[-71.780018,48.485826],[-71.779712,48.485773]]]]}},{"type":"Feature","properties":{"owner1":"BOILY LUC","owner2":"NERON DIANE","matricule":"1078-17-8119","street":"CEDRIERE","civicLow":"18","civicHigh":"0","valueLand":"39600","valueBuilding":"273200","valueTotal":"312800","mailAddr":"18 CHEMIN DE LA CEDRIERE","mailCity":null,"mun":null},"geometry":{"type":"MultiPolygon","coordinates":[[[[-71.781581,48.540313],[-71.781661,48.540116],[-71.781113,48.540003],[-71.781042,48.540164],[-71.780943,48.540105],[-71.781347,48.539706],[-71.781841,48.539801],[-71.781581,48.540313]]]]}},{"type":"Feature","properties":{"owner1":"S.I.A.L.","owner2":null,"matricule":"1078-06-6217","street":"CEDRIERE","civicLow":"0","civicHigh":"0","valueLand":"229000","valueBuilding":"0","valueTotal":"229000","mailAddr":"1655 RUE POWELL","mailCity":null,"mun":null},"geometry":{"type":"MultiPolygon","coordinates":[[[[-71.783916,48.539087],[-71.783467,48.53954],[-71.783072,48.539528],[-71.783135,48.539409],[-71.782928,48.539165],[-71.782344,48.538743],[-71.782425,48.53832],[-71.783575,48.538969],[-71.784455,48.539087],[-71.784761,48.539474],[-71.784518,48.539403],[-71.784482,48.539224],[-71.783916,48.539087]]]]}},{"type":"Feature","properties":{"owner1":"S.I.A.L.","owner2":null,"matricule":"1078-06-7264","street":"CEDRIERE","civicLow":"0","civicHigh":"0","valueLand":"9300","valueBuilding":"0","valueTotal":"9300","mailAddr":"406 RANG DES ILES","mailCity":null,"mun":null},"geometry":{"type":"MultiPolygon","coordinates":[[[[-71.783135,48.539409],[-71.783009,48.539528],[-71.782766,48.539397],[-71.782955,48.539308],[-71.782739,48.539153],[-71.782811,48.539099],[-71.783135,48.539409]]]]}},{"type":"Feature","properties":{"owner1":"S.I.A.L.","owner2":"S.I.A.L.","matricule":"1078-16-0115","street":"CEDRIERE","civicLow":"0","civicHigh":"0","valueLand":"9500","valueBuilding":"0","valueTotal":"9500","mailAddr":"275 3E CHEMIN","mailCity":null,"mun":null},"geometry":{"type":"MultiPolygon","coordinates":[[[[-71.782344,48.538743],[-71.782811,48.539099],[-71.782739,48.539153],[-71.782425,48.538951],[-71.782344,48.538743]]]]}},{"type":"Feature","properties":{"owner1":"L'HEUREUX DOMINIC","owner2":"HARMEGNIES ANNE-LISE","matricule":"1078-16-1534","street":"CEDRIERE","civicLow":"0","civicHigh":"0","valueLand":"33500","valueBuilding":"0","valueTotal":"33500","mailAddr":"275 3E CHEMIN","mailCity":null,"mun":null},"geometry":{"type":"MultiPolygon","coordinates":[[[[-71.782739,48.539153],[-71.78238,48.539391],[-71.782048,48.539248],[-71.782344,48.538743],[-71.782425,48.538951],[-71.782739,48.539153]]]]}},{"type":"Feature","properties":{"owner1":"DIONNE LEON","owner2":"EVOY NOELLA","matricule":"1072-17-6787","street":"DE QUEN","civicLow":"422","civicHigh":"0","valueLand":"41100","valueBuilding":"98100","valueTotal":"139200","mailAddr":"422 RUE DE QUEN","mailCity":null,"mun":null},"geometry":{"type":"MultiPolygon","coordinates":[[[[-71.779847,48.486684],[-71.779883,48.486267],[-71.780934,48.486529],[-71.780637,48.486851],[-71.779847,48.486684]]]]}},{"type":"Feature","properties":{"owner1":"DIONNE LEON","owner2":"EVOY NOELLA","matricule":"1072-18-7243","street":"DE QUEN","civicLow":"0","civicHigh":"0","valueLand":"900","valueBuilding":"0","valueTotal":"900","mailAddr":"422 RUE DE QUEN","mailCity":null,"mun":null},"geometry":{"type":"MultiPolygon","coordinates":[[[[-71.780467,48.487047],[-71.780278,48.487238],[-71.779973,48.48694],[-71.780467,48.487047]]]]}},{"type":"Feature","properties":{"owner1":"BERGERON GILLES","owner2":null,"matricule":"1077-21-6005","street":"ADELARD-GAUTHIER","civicLow":"118","civicHigh":"0","valueLand":"216300","valueBuilding":"70700","valueTotal":"287000","mailAddr":"111 RUE POTVIN","mailCity":null,"mun":null},"geometry":{"type":"MultiPolygon","coordinates":[[[[-71.779847,48.52562],[-71.779523,48.525525],[-71.779658,48.525191],[-71.78008,48.525233],[-71.780251,48.525078],[-71.780628,48.525203],[-71.780727,48.525144],[-71.78026,48.525751],[-71.779847,48.52562]]]]}},{"type":"Feature","properties":{"owner1":"THIBEAULT YANNICK","owner2":"IMBEAULT GENEVIEVE","matricule":"1078-30-5548","street":"ILES","civicLow":"494","civicHigh":"0","valueLand":"25200","valueBuilding":"265000","valueTotal":"290200","mailAddr":"494 RANG DES ILES","mailCity":null,"mun":null},"geometry":{"type":"MultiPolygon","coordinates":[[[[-71.778544,48.533901],[-71.779326,48.53371],[-71.779434,48.533996],[-71.778643,48.534139],[-71.778544,48.533901]]]]}},{"type":"Feature","properties":{"owner1":"NERON ANDRE","owner2":null,"matricule":"1075-93-2735","street":"DE QUEN","civicLow":"0","civicHigh":"0","valueLand":"9800","valueBuilding":"0","valueTotal":"9800","mailAddr":"33 RUE DEQUEN","mailCity":null,"mun":null},"geometry":{"type":"MultiPolygon","coordinates":[[[[-71.770846,48.509524],[-71.770747,48.509756],[-71.770397,48.509691],[-71.770513,48.509459],[-71.770846,48.509524]]]]}},{"type":"Feature","properties":{"owner1":"PLACEMENT H.D. INC.","owner2":null,"matricule":"1077-39-7482","street":"ILES","civicLow":"0","civicHigh":"0","valueLand":"8200","valueBuilding":"0","valueTotal":"8200","mailAddr":"4 CHEMIN DU BOISE","mailCity":null,"mun":null},"geometry":{"type":"MultiPolygon","coordinates":[[[[-71.77832,48.533324],[-71.779137,48.533187],[-71.779074,48.533336],[-71.778445,48.533443],[-71.77832,48.533324]]]]}},{"type":"Feature","properties":{"owner1":"PLOURDE DAVID","owner2":"GAGNON CLAUDIA","matricule":"0972-84-8056","street":"DE QUEN","civicLow":"500","civicHigh":"0","valueLand":"25200","valueBuilding":"143300","valueTotal":"168500","mailAddr":"500 RUE DE QUEN","mailCity":null,"mun":null},"geometry":{"type":"MultiPolygon","coordinates":[[[[-71.783728,48.48351],[-71.783916,48.483367],[-71.784509,48.483576],[-71.784267,48.483748],[-71.783728,48.48351]]]]}},{"type":"Feature","properties":{"owner1":"POTVIN ANDRE","owner2":null,"matricule":"1072-29-5134","street":"DE QUEN","civicLow":"390","civicHigh":"0","valueLand":"26100","valueBuilding":"122000","valueTotal":"148100","mailAddr":"390 RUE DE QUEN","mailCity":null,"mun":null},"geometry":{"type":"MultiPolygon","coordinates":[[[[-71.779685,48.48791],[-71.779514,48.488113],[-71.778769,48.487887],[-71.778886,48.487761],[-71.779685,48.48791]]]]}},{"type":"Feature","properties":{"owner1":"OTIS ANNE-MARIE","owner2":null,"matricule":"1078-97-8020","street":"RANCH","civicLow":"43","civicHigh":"0","valueLand":"25100","valueBuilding":"180200","valueTotal":"205300","mailAddr":"43 CHEMIN DU RANCH","mailCity":null,"mun":null},"geometry":{"type":"MultiPolygon","coordinates":[[[[-71.770379,48.540277],[-71.770585,48.539766],[-71.77098,48.539837],[-71.770765,48.540348],[-71.770379,48.540277]]]]}},{"type":"Feature","properties":{"owner1":"RAYMOND REGINALD","owner2":null,"matricule":"1479-08-6488","street":"10","civicLow":"0","civicHigh":"0","valueLand":"33400","valueBuilding":"11700","valueTotal":"45100","mailAddr":"200 RANG 10","mailCity":null,"mun":null},"geometry":{"type":"MultiPolygon","coordinates":[[[[-71.729649,48.550982],[-71.729739,48.55122],[-71.728616,48.551023],[-71.728715,48.550786],[-71.729649,48.550982]]]]}},{"type":"Feature","properties":{"owner1":"BOUDREAULT JEAN-GUY","owner2":null,"matricule":"1172-04-6383","street":"DE QUEN","civicLow":"0","civicHigh":"0","valueLand":"107100","valueBuilding":"39700","valueTotal":"146800","mailAddr":"1586 CHEMIN DU RUISSEAU","mailCity":null,"mun":null},"geometry":{"type":"MultiPolygon","coordinates":[[[[-71.777772,48.486327],[-71.756392,48.48245],[-71.756841,48.481313],[-71.778113,48.485201],[-71.778005,48.485463],[-71.778787,48.485636],[-71.780018,48.485826],[-71.780125,48.485564],[-71.78026,48.485588],[-71.780152,48.48585],[-71.780628,48.48594],[-71.780449,48.48641],[-71.779883,48.486267],[-71.779847,48.486684],[-71.777772,48.486327]]]]}},{"type":"Feature","properties":{"owner1":"S.I.A.L.","owner2":null,"matricule":"1077-73-9998","street":"ILES","civicLow":"0","civicHigh":"0","valueLand":"11200","valueBuilding":"0","valueTotal":"11200","mailAddr":"1655 RUE POWELL","mailCity":null,"mun":null},"geometry":{"type":"MultiPolygon","coordinates":[[[[-71.772508,48.526714],[-71.773613,48.526917],[-71.773774,48.527387],[-71.772624,48.527101],[-71.772445,48.526917],[-71.772508,48.526714]]],[[[-71.773945,48.527375],[-71.77381,48.526952],[-71.774044,48.527],[-71.774169,48.527167],[-71.774035,48.527506],[-71.773945,48.527375]]],[[[-71.77452,48.527875],[-71.774259,48.527827],[-71.774152,48.527672],[-71.774834,48.527137],[-71.775562,48.527268],[-71.775373,48.527613],[-71.775535,48.52791],[-71.77452,48.527875]]],[[[-71.772903,48.528844],[-71.772445,48.528232],[-71.772148,48.528154],[-71.772256,48.527744],[-71.772588,48.527559],[-71.773837,48.5275],[-71.773909,48.527613],[-71.772885,48.527678],[-71.772696,48.52772],[-71.772633,48.527857],[-71.773118,48.527821],[-71.77381,48.528035],[-71.774017,48.527768],[-71.774098,48.527869],[-71.773999,48.528059],[-71.773334,48.528077],[-71.773217,48.528202],[-71.773307,48.528606],[-71.773622,48.528809],[-71.773451,48.52932],[-71.77319,48.529273],[-71.773154,48.529041],[-71.772903,48.528844]]]]}},{"type":"Feature","properties":{"owner1":"GUERIN YVES","owner2":null,"matricule":"1074-24-1971","street":"POINTE-DU-LAC","civicLow":"103","civicHigh":"0","valueLand":"68300","valueBuilding":"116400","valueTotal":"184700","mailAddr":"103 CHEMIN DE LA POINTE-DU-LAC","mailCity":null,"mun":null},"geometry":{"type":"MultiPolygon","coordinates":[[[[-71.779577,48.501834],[-71.780116,48.50159],[-71.780476,48.501698],[-71.779784,48.502013],[-71.779577,48.501834]]]]}},{"type":"Feature","properties":{"owner1":"COTE NICOLAS","owner2":"HUDON LYNDA","matricule":"1070-00-1047","street":"BELLE-RIVIERE","civicLow":"1231","civicHigh":"0","valueLand":"28800","valueBuilding":"137400","valueTotal":"166200","mailAddr":"1231 RANG DE LA BELLE-RIVIERE","mailCity":null,"mun":null},"geometry":{"type":"MultiPolygon","coordinates":[[[[-71.781374,48.461915],[-71.78159,48.461665],[-71.782317,48.461939],[-71.782093,48.462195],[-71.781374,48.461915]]]]}},{"type":"Feature","properties":{"owner1":"AUDET BENOIT","owner2":"VERREAULT SYLVIE","matricule":"1072-05-2075","street":"DE QUEN","civicLow":"464","civicHigh":"466","valueLand":"26300","valueBuilding":"79500","valueTotal":"105800","mailAddr":"116 RUE LAROUCHE","mailCity":null,"mun":null},"geometry":{"type":"MultiPolygon","coordinates":[[[[-71.781688,48.484558],[-71.781715,48.484493],[-71.782515,48.484564],[-71.782793,48.484689],[-71.782506,48.484856],[-71.781688,48.484558]]]]}},{"type":"Feature","properties":{"owner1":"PLACEMENT H.D. INC.","owner2":null,"matricule":"1077-47-8901","street":"ILES","civicLow":"576","civicHigh":"0","valueLand":"113100","valueBuilding":"193400","valueTotal":"306500","mailAddr":"4 CHEMIN DU BOISE","mailCity":null,"mun":null},"geometry":{"type":"MultiPolygon","coordinates":[[[[-71.77646,48.531028],[-71.775849,48.530153],[-71.776532,48.530171],[-71.776972,48.530076],[-71.776981,48.529969],[-71.779155,48.530504],[-71.779002,48.530915],[-71.777862,48.5307],[-71.777493,48.530825],[-71.77796,48.531682],[-71.777134,48.531759],[-71.77646,48.531028]]]]}},{"type":"Feature","properties":{"owner1":"TREMBLAY GHISLAIN","owner2":null,"matricule":"1180-49-0041","street":"GOLF","civicLow":"305","civicHigh":"0","valueLand":"59800","valueBuilding":"73900","valueTotal":"133700","mailAddr":"305 CHEMIN DU GOLF","mailCity":null,"mun":null},"geometry":{"type":"MultiPolygon","coordinates":[[[[-71.765312,48.560239],[-71.76524,48.560341],[-71.765168,48.560067],[-71.765662,48.559907],[-71.765869,48.560103],[-71.765312,48.560239]]]]}},{"type":"Feature","properties":{"owner1":"LAROUCHE ROGER","owner2":null,"matricule":"1073-76-8945","street":"LAROUCHE","civicLow":"105","civicHigh":"0","valueLand":"33700","valueBuilding":"101900","valueTotal":"135600","mailAddr":"105 RUE LAROUCHE","mailCity":null,"mun":null},"geometry":{"type":"MultiPolygon","coordinates":[[[[-71.772364,48.49437],[-71.772121,48.494715],[-71.771726,48.494644],[-71.77213,48.494066],[-71.772499,48.494167],[-71.772364,48.49437]]]]}},{"type":"Feature","properties":{"owner1":"BOULANGER YOHAN","owner2":"GIRARD BOUDREAULT JOANIE","matricule":"1077-34-8311","street":"BOISE","civicLow":"18","civicHigh":"0","valueLand":"56400","valueBuilding":"292200","valueTotal":"348600","mailAddr":"18 CHEMIN DU BOISE","mailCity":null,"mun":null},"geometry":{"type":"MultiPolygon","coordinates":[[[[-71.778086,48.528351],[-71.77832,48.527779],[-71.778868,48.527881],[-71.778517,48.528725],[-71.778086,48.528351]]]]}},{"type":"Feature","properties":{"owner1":"S.I.A.L.","owner2":null,"matricule":"1079-24-3581","street":"ILES","civicLow":"0","civicHigh":"0","valueLand":"16400","valueBuilding":"0","valueTotal":"16400","mailAddr":"3 CHEMIN DE L'ILE-AUX-STERNES","mailCity":null,"mun":null},"geometry":{"type":"MultiPolygon","coordinates":[[[[-71.780844,48.546688],[-71.780925,48.546575],[-71.78114,48.546962],[-71.780754,48.546825],[-71.780844,48.546688]]]]}},{"type":"Feature","properties":{"owner1":"TREMBLAY NICOLE","owner2":null,"matricule":"1079-36-0433","street":"ILES","civicLow":"296","civicHigh":"298","valueLand":"127000","valueBuilding":"92500","valueTotal":"219500","mailAddr":"375 RUE BOURASSA OUEST","mailCity":null,"mun":null},"geometry":{"type":"MultiPolygon","coordinates":[[[[-71.780476,48.548151],[-71.780296,48.548341],[-71.779676,48.548187],[-71.779739,48.547967],[-71.780476,48.548151]]]]}},{"type":"Feature","properties":{"owner1":"VOYER MARIE","owner2":null,"matricule":"1079-27-8235","street":"ILES","civicLow":"0","civicHigh":"0","valueLand":"4000","valueBuilding":"0","valueTotal":"4000","mailAddr":"280 RANG DES ILES","mailCity":null,"mun":null},"geometry":{"type":"MultiPolygon","coordinates":[[[[-71.780152,48.549049],[-71.780359,48.549037],[-71.780485,48.549126],[-71.780152,48.549049]]]]}},{"type":"Feature","properties":{"owner1":"S.I.A.L.","owner2":"S.I.A.L.","matricule":"1078-29-5458","street":"ILES","civicLow":"0","civicHigh":"0","valueLand":"138200","valueBuilding":"0","valueTotal":"138200","mailAddr":"386 RANG DES ILES","mailCity":null,"mun":null},"geometry":{"type":"MultiPolygon","coordinates":[[[[-71.780027,48.542067],[-71.779946,48.541675],[-71.780907,48.542109],[-71.781024,48.542341],[-71.780664,48.542495],[-71.780691,48.542252],[-71.780027,48.542067]]]]}},{"type":"Feature","properties":{"owner1":"LAMARRE CLAUDE","owner2":"TREMBLAY JOSETTE","matricule":"1077-52-3667","street":"ADELARD-GAUTHIER","civicLow":"11","civicHigh":"0","valueLand":"164500","valueBuilding":"210500","valueTotal":"375000","mailAddr":"2521 RUE DU COLONEL-MATHIEU","mailCity":null,"mun":null},"geometry":{"type":"MultiPolygon","coordinates":[[[[-71.776658,48.526566],[-71.776352,48.527345],[-71.775966,48.527268],[-71.776514,48.526399],[-71.776658,48.526566]]]]}},{"type":"Feature","properties":{"owner1":"S.I.A.L.","owner2":"S.I.A.L.","matricule":"1074-49-4705","street":"BERNACHES","civicLow":"0","civicHigh":"0","valueLand":"11700","valueBuilding":"0","valueTotal":"11700","mailAddr":"3533 RUE CHABOT","mailCity":null,"mun":null},"geometry":{"type":"MultiPolygon","coordinates":[[[[-71.777143,48.50559],[-71.777125,48.505757],[-71.776811,48.505703],[-71.777143,48.50559]]]]}},{"type":"Feature","properties":{"owner1":"S.I.A.L.","owner2":null,"matricule":"1074-49-2807","street":"BERNACHES","civicLow":"0","civicHigh":"0","valueLand":"24500","valueBuilding":"0","valueTotal":"24500","mailAddr":"4 CHEMIN DU RELAIS DES BERNACHES","mailCity":null,"mun":null},"geometry":{"type":"MultiPolygon","coordinates":[[[[-71.777305,48.505519],[-71.777583,48.50584],[-71.777125,48.505757],[-71.777143,48.50559],[-71.777305,48.505519]]]]}},{"type":"Feature","properties":{"owner1":"GAGNON YVON","owner2":null,"matricule":"1073-96-4591","street":"LEVESQUE","civicLow":"156","civicHigh":"0","valueLand":"17400","valueBuilding":"91600","valueTotal":"109000","mailAddr":"156 RUE LEVESQUE","mailCity":null,"mun":null},"geometry":{"type":"MultiPolygon","coordinates":[[[[-71.769759,48.494876],[-71.769867,48.494727],[-71.770262,48.494798],[-71.770154,48.494947],[-71.769759,48.494876]]]]}},{"type":"Feature","properties":{"owner1":"SIMARD JOEL","owner2":null,"matricule":"1073-97-5408","street":"TREMBLAY","civicLow":"100","civicHigh":"0","valueLand":"17600","valueBuilding":"99500","valueTotal":"117100","mailAddr":"100 RUE TREMBLAY","mailCity":null,"mun":null},"geometry":{"type":"MultiPolygon","coordinates":[[[[-71.769651,48.495019],[-71.76975,48.49487],[-71.770154,48.494947],[-71.770055,48.495096],[-71.769651,48.495019]]]]}},{"type":"Feature","properties":{"owner1":"SIMARD ANDRE","owner2":null,"matricule":"1073-97-1737","street":"TREMBLAY","civicLow":"97","civicHigh":"0","valueLand":"22400","valueBuilding":"78700","valueTotal":"101100","mailAddr":"97 RUE TREMBLAY","mailCity":null,"mun":null},"geometry":{"type":"MultiPolygon","coordinates":[[[[-71.770684,48.495156],[-71.770513,48.4954],[-71.770109,48.495328],[-71.770289,48.495078],[-71.770684,48.495156]]]]}},{"type":"Feature","properties":{"owner1":"GAGNE RAYMOND","owner2":"LAPOINTE LISE","matricule":"1075-82-9543","street":"TOURELLE","civicLow":"6","civicHigh":"0","valueLand":"8000","valueBuilding":"8300","valueTotal":"16300","mailAddr":"2327 RUE DU PERE-DANIEL","mailCity":null,"mun":null},"geometry":{"type":"MultiPolygon","coordinates":[[[[-71.770936,48.508661],[-71.771241,48.508715],[-71.771169,48.508887],[-71.77081,48.508923],[-71.770936,48.508661]]]]}},{"type":"Feature","properties":{"owner1":"CLAVEAU GENEVIEVE","owner2":null,"matricule":"1073-75-4651","street":"LAROUCHE","civicLow":"117","civicHigh":"0","valueLand":"30400","valueBuilding":"178700","valueTotal":"209100","mailAddr":"117 RUE LAROUCHE","mailCity":null,"mun":null},"geometry":{"type":"MultiPolygon","coordinates":[[[[-71.772274,48.493864],[-71.77266,48.493346],[-71.773406,48.493596],[-71.772966,48.493519],[-71.772499,48.493905],[-71.772274,48.493864]]]]}},{"type":"Feature","properties":{"owner1":"BILODEAU ERIC","owner2":"DE LAUNIERE JOSEE","matricule":"1074-05-2410","street":"POINTE-DU-LAC","civicLow":"55","civicHigh":"0","valueLand":"144400","valueBuilding":"217300","valueTotal":"361700","mailAddr":"55 CHEMIN DE LA POINTE-DU-LAC","mailCity":null,"mun":null},"geometry":{"type":"MultiPolygon","coordinates":[[[[-71.782093,48.501918],[-71.782263,48.501793],[-71.783117,48.50215],[-71.78326,48.502412],[-71.782093,48.501918]]]]}},{"type":"Feature","properties":{"owner1":"SIMARD RICHARD","owner2":"GENDRON SARAH","matricule":"1079-37-5392","street":"ILES","civicLow":"260","civicHigh":"0","valueLand":"42200","valueBuilding":"105400","valueTotal":"147600","mailAddr":"260 RANG DES ILES","mailCity":null,"mun":null},"geometry":{"type":"MultiPolygon","coordinates":[[[[-71.779011,48.549739],[-71.779191,48.549317],[-71.779721,48.549465],[-71.779712,48.549668],[-71.779443,48.549834],[-71.779011,48.549739]]]]}},{"type":"Feature","properties":{"owner1":"S.I.A.L.","owner2":"S.I.A.L.","matricule":"1079-38-2506","street":"ILES","civicLow":"0","civicHigh":"0","valueLand":"55400","valueBuilding":"0","valueTotal":"55400","mailAddr":"260 RANG DES ILES","mailCity":null,"mun":null},"geometry":{"type":"MultiPolygon","coordinates":[[[[-71.779443,48.549834],[-71.779712,48.549668],[-71.779721,48.549465],[-71.779937,48.549519],[-71.77991,48.549935],[-71.779443,48.549834]]]]}},{"type":"Feature","properties":{"owner1":"MUNICIPALITE DE SAINT-GEDEON","owner2":null,"matricule":"1079-38-6815","street":"ILES","civicLow":"0","civicHigh":"0","valueLand":"3100","valueBuilding":"0","valueTotal":"3100","mailAddr":"208 RUE DE QUEN","mailCity":null,"mun":null},"geometry":{"type":"MultiPolygon","coordinates":[[[[-71.779443,48.549834],[-71.778993,48.549781],[-71.779011,48.549739],[-71.779443,48.549834]]]]}},{"type":"Feature","properties":{"owner1":"LAROUCHE DANIEL","owner2":"TURCOTTE SANDRA","matricule":"1073-44-7499","street":"DE QUEN","civicLow":"262","civicHigh":"0","valueLand":"19000","valueBuilding":"105800","valueTotal":"124800","mailAddr":"262 RUE DE QUEN","mailCity":null,"mun":null},"geometry":{"type":"MultiPolygon","coordinates":[[[[-71.77602,48.49303],[-71.776074,48.492911],[-71.776667,48.493024],[-71.776613,48.493149],[-71.77602,48.49303]]]]}},{"type":"Feature","properties":{"owner1":"LAROUCHE MARC-ANDRE","owner2":"COTE ALICE","matricule":"1073-55-0511","street":"DE QUEN","civicLow":"258","civicHigh":"0","valueLand":"33800","valueBuilding":"116000","valueTotal":"149800","mailAddr":"258 RUE DE QUEN","mailCity":null,"mun":null},"geometry":{"type":"MultiPolygon","coordinates":[[[[-71.776155,48.493209],[-71.776092,48.49334],[-71.77567,48.493257],[-71.775876,48.492727],[-71.776137,48.492774],[-71.77602,48.49303],[-71.776613,48.493149],[-71.77655,48.493286],[-71.776155,48.493209]]]]}},{"type":"Feature","properties":{"owner1":"TREMBLAY MICHEL","owner2":"COULOMBE MARJOLAINE","matricule":"1073-45-7630","street":"DE QUEN","civicLow":"254","civicHigh":"0","valueLand":"16000","valueBuilding":"136200","valueTotal":"152200","mailAddr":"254 RUE DE QUEN","mailCity":null,"mun":null},"geometry":{"type":"MultiPolygon","coordinates":[[[[-71.77655,48.493286],[-71.776487,48.493417],[-71.776092,48.49334],[-71.776155,48.493209],[-71.77655,48.493286]]]]}},{"type":"Feature","properties":{"owner1":"COTE LAVAL","owner2":"LESSARD SERGE","matricule":"1073-45-9949","street":"DE QUEN","civicLow":"246","civicHigh":"0","valueLand":"34800","valueBuilding":"124100","valueTotal":"158900","mailAddr":"246 RUE DE QUEN","mailCity":null,"mun":null},"geometry":{"type":"MultiPolygon","coordinates":[[[[-71.776487,48.493417],[-71.776343,48.493715],[-71.775544,48.493572],[-71.77567,48.493257],[-71.776487,48.493417]]]]}},{"type":"Feature","properties":{"owner1":"SOCIETE D'HABITATION DU QUEBEC","owner2":null,"matricule":"1073-55-5032","street":"LAVOIE","civicLow":"116","civicHigh":"116","valueLand":"37600","valueBuilding":"415500","valueTotal":"453100","mailAddr":"104 RUE LEVESQUE","mailCity":null,"mun":null},"geometry":{"type":"MultiPolygon","coordinates":[[[[-71.774924,48.493536],[-71.775122,48.493042],[-71.775715,48.493149],[-71.775517,48.493638],[-71.774924,48.493536]]]]}},{"type":"Feature","properties":{"owner1":"COMPLEXE COMMUNAUTAIRE GRANDMONT","owner2":null,"matricule":"1073-55-6275","street":"BERGERON","civicLow":"114","civicHigh":"0","valueLand":"29300","valueBuilding":"1245800","valueTotal":"1275100","mailAddr":"114 AVENUE BERGERON","mailCity":null,"mun":null},"geometry":{"type":"MultiPolygon","coordinates":[[[[-71.775508,48.493679],[-71.775427,48.493935],[-71.774807,48.493816],[-71.774924,48.493536],[-71.775508,48.493679]]]]}},{"type":"Feature","properties":{"owner1":"COTE DONALD","owner2":"TREMBLAY NADINE","matricule":"1073-67-0190","street":"LEVESQUE","civicLow":"104","civicHigh":"0","valueLand":"19800","valueBuilding":"136400","valueTotal":"156200","mailAddr":"104 RUE LEVESQUE","mailCity":null,"mun":null},"geometry":{"type":"MultiPolygon","coordinates":[[[[-71.774942,48.495602],[-71.774843,48.495799],[-71.774448,48.495733],[-71.774529,48.495531],[-71.774942,48.495602]]]]}},{"type":"Feature","properties":{"owner1":"S.I.A.L.","owner2":null,"matricule":"1075-68-5074","street":"DOMAINE-GRANDMONT","civicLow":"0","civicHigh":"0","valueLand":"3300","valueBuilding":"0","valueTotal":"3300","mailAddr":"356 RUE DUCHARME APP 4","mailCity":null,"mun":null},"geometry":{"type":"MultiPolygon","coordinates":[[[[-71.774547,48.514374],[-71.774439,48.514523],[-71.774385,48.51435],[-71.774547,48.514374]]]]}},{"type":"Feature","properties":{"owner1":"BOIES SEBASTIEN","owner2":"BOUCHARD MELISSA","matricule":"1073-64-8941","street":"LAROUCHE","civicLow":"137","civicHigh":"0","valueLand":"23300","valueBuilding":"231100","valueTotal":"254400","mailAddr":"137 RUE LAROUCHE","mailCity":null,"mun":null},"geometry":{"type":"MultiPolygon","coordinates":[[[[-71.773631,48.492566],[-71.773514,48.492733],[-71.773145,48.49262],[-71.773334,48.492352],[-71.773702,48.492465],[-71.773631,48.492566]]]]}},{"type":"Feature","properties":{"owner1":"CLUB DE LA DIRECTION DE L'ALCAN INC.","owner2":null,"matricule":"0973-55-2689","street":"PLAGE","civicLow":"6","civicHigh":"0","valueLand":"635600","valueBuilding":"148000","valueTotal":"783600","mailAddr":"CP 1283","mailCity":null,"mun":null},"geometry":{"type":"MultiPolygon","coordinates":[[[[-71.788498,48.493018],[-71.788668,48.492739],[-71.79077,48.493126],[-71.789818,48.494733],[-71.787492,48.494191],[-71.788498,48.493018]]]]}},{"type":"Feature","properties":{"owner1":"RIOUX YANNICK","owner2":"IMBEAULT SABRINA","matricule":"1078-31-6818","street":"ILES","civicLow":"0","civicHigh":"0","valueLand":"100","valueBuilding":"0","valueTotal":"100","mailAddr":"490 RANG DES ILES","mailCity":null,"mun":null},"geometry":{"type":"MultiPolygon","coordinates":[[[[-71.778787,48.534513],[-71.778886,48.534549],[-71.778814,48.534561],[-71.778787,48.534513]]]]}},{"type":"Feature","properties":{"owner1":"OUELLET DOMINIC","owner2":null,"matricule":"1073-84-4157","street":"TREMBLAY","civicLow":"122","civicHigh":"0","valueLand":"29300","valueBuilding":"255600","valueTotal":"284900","mailAddr":"122 RUE TREMBLAY","mailCity":null,"mun":null},"geometry":{"type":"MultiPolygon","coordinates":[[[[-71.771735,48.492709],[-71.771591,48.492917],[-71.771178,48.492792],[-71.771088,48.492911],[-71.770927,48.492858],[-71.771151,48.492536],[-71.771735,48.492709]]]]}},{"type":"Feature","properties":{"owner1":"TURCOTTE STEPHANE","owner2":"BERGERON CAROLINE","matricule":"0971-39-6681","street":"PONT","civicLow":"609","civicHigh":"0","valueLand":"22600","valueBuilding":"121800","valueTotal":"144400","mailAddr":"609 RUE DU PONT","mailCity":null,"mun":null},"geometry":{"type":"MultiPolygon","coordinates":[[[[-71.790923,48.479026],[-71.791237,48.479086],[-71.791049,48.479413],[-71.790743,48.479342],[-71.790923,48.479026]]]]}},{"type":"Feature","properties":{"owner1":"NADEAU MELANIE","owner2":null,"matricule":"0972-40-6907","street":"DE QUEN","civicLow":"593","civicHigh":"0","valueLand":"23400","valueBuilding":"96300","valueTotal":"119700","mailAddr":"593 RUE DE QUEN","mailCity":null,"mun":null},"geometry":{"type":"MultiPolygon","coordinates":[[[[-71.789926,48.479431],[-71.789764,48.47964],[-71.789288,48.479539],[-71.789531,48.4793],[-71.789926,48.479431]]]]}},{"type":"Feature","properties":{"owner1":"MORICE ERIC","owner2":null,"matricule":"0971-49-8953","street":"DE QUEN","civicLow":"610","civicHigh":"616","valueLand":"29400","valueBuilding":"73000","valueTotal":"102400","mailAddr":"427 RUE HOTEL DE VILLE","mailCity":null,"mun":null},"geometry":{"type":"MultiPolygon","coordinates":[[[[-71.78954,48.479116],[-71.789414,48.479241],[-71.788938,48.47902],[-71.789189,48.478776],[-71.789629,48.47886],[-71.78954,48.479116]]]]}},{"type":"Feature","properties":{"owner1":"ASSOCIATION DES PROPRIETAIRES DU CHEMIN","owner2":null,"matricule":"0977-66-8473","street":"CROIX","civicLow":"0","civicHigh":"0","valueLand":"1000","valueBuilding":"0","valueTotal":"1000","mailAddr":"2227 RUE SAINT-DENIS","mailCity":null,"mun":null},"geometry":{"type":"MultiPolygon","coordinates":[[[[-71.786845,48.530272],[-71.78609,48.530201],[-71.785821,48.53029],[-71.785731,48.530421],[-71.78591,48.530843],[-71.785434,48.531206],[-71.785785,48.530831],[-71.785605,48.530409],[-71.785722,48.53023],[-71.786333,48.530153],[-71.788075,48.530433],[-71.788022,48.531033],[-71.788363,48.531497],[-71.788614,48.532223],[-71.788426,48.532229],[-71.7883,48.531497],[-71.78795,48.531033],[-71.788022,48.530504],[-71.786845,48.530272]]]]}},{"type":"Feature","properties":{"owner1":"LESSARD GASTON","owner2":"LESSARD DANIELLE","matricule":"1076-69-6592","street":"ILES","civicLow":"672","civicHigh":"0","valueLand":"170200","valueBuilding":"270900","valueTotal":"441100","mailAddr":"672 RANG DES ILES","mailCity":null,"mun":null},"geometry":{"type":"MultiPolygon","coordinates":[[[[-71.774726,48.52462],[-71.77399,48.524549],[-71.774259,48.524305],[-71.774717,48.524305],[-71.775086,48.524513],[-71.774906,48.524674],[-71.774726,48.52462]]]]}},{"type":"Feature","properties":{"owner1":"GAGNON ROSAIRE","owner2":null,"matricule":"1073-64-7789","street":"MURRAY","civicLow":"128","civicHigh":"0","valueLand":"23700","valueBuilding":"130200","valueTotal":"153900","mailAddr":"128 RUE MURRAY","mailCity":null,"mun":null},"geometry":{"type":"MultiPolygon","coordinates":[[[[-71.773882,48.492917],[-71.773711,48.493161],[-71.773298,48.493036],[-71.773469,48.492786],[-71.773882,48.492917]]]]}},{"type":"Feature","properties":{"owner1":"TREMBLAY GISELE","owner2":null,"matricule":"0977-84-3236","street":"ADELARD-GAUTHIER","civicLow":"52","civicHigh":"0","valueLand":"144300","valueBuilding":"118100","valueTotal":"262400","mailAddr":"1285 AVENUE BEAUVOIR SUD","mailCity":null,"mun":null},"geometry":{"type":"MultiPolygon","coordinates":[[[[-71.786153,48.528196],[-71.786171,48.528005],[-71.786153,48.528351],[-71.786153,48.528196]]],[[[-71.785749,48.528803],[-71.785812,48.528083],[-71.786045,48.52791],[-71.786081,48.528594],[-71.785749,48.528803]]]]}},{"type":"Feature","properties":{"owner1":"S.I.A.L.","owner2":null,"matricule":"0978-75-5401","street":"CEDRIERE","civicLow":"0","civicHigh":"0","valueLand":"67500","valueBuilding":"0","valueTotal":"67500","mailAddr":"1655 RUE POWELL","mailCity":null,"mun":null},"geometry":{"type":"MultiPolygon","coordinates":[[[[-71.789046,48.540307],[-71.78803,48.539569],[-71.788237,48.539427],[-71.788201,48.538992],[-71.787743,48.53835],[-71.787545,48.538279],[-71.786935,48.538386],[-71.787006,48.538737],[-71.787563,48.538945],[-71.787042,48.539432],[-71.786261,48.539141],[-71.785776,48.539087],[-71.785075,48.538469],[-71.784743,48.538439],[-71.784527,48.538261],[-71.784545,48.537791],[-71.785057,48.537452],[-71.783943,48.537446],[-71.783494,48.538023],[-71.782955,48.537969],[-71.782686,48.538279],[-71.782407,48.53832],[-71.782596,48.538023],[-71.782883,48.53791],[-71.78229,48.537493],[-71.78344,48.537232],[-71.783584,48.536203],[-71.78265,48.536232],[-71.781185,48.535727],[-71.779074,48.535263],[-71.781096,48.535632],[-71.782668,48.536185],[-71.784294,48.536221],[-71.784967,48.536857],[-71.785776,48.537029],[-71.78627,48.536792],[-71.78715,48.536744],[-71.789019,48.537083],[-71.790258,48.537785],[-71.790797,48.538392],[-71.791121,48.538445],[-71.790995,48.538142],[-71.790698,48.537892],[-71.790609,48.537303],[-71.790833,48.536922],[-71.790609,48.536881],[-71.790779,48.536298],[-71.790564,48.535507],[-71.790815,48.535394],[-71.790842,48.535239],[-71.79069,48.534954],[-71.789998,48.534912],[-71.789288,48.534472],[-71.789252,48.533657],[-71.789674,48.532878],[-71.789513,48.532289],[-71.789405,48.532039],[-71.78901,48.531872],[-71.789073,48.531652],[-71.788561,48.531045],[-71.788084,48.530867],[-71.788273,48.530796],[-71.788246,48.530504],[-71.788075,48.530433],[-71.788758,48.529975],[-71.788084,48.529897],[-71.787896,48.529653],[-71.789243,48.529945],[-71.789306,48.53007],[-71.789135,48.53032],[-71.788875,48.530105],[-71.788623,48.530183],[-71.788453,48.530355],[-71.788399,48.530873],[-71.788632,48.530962],[-71.789099,48.53148],[-71.789378,48.531527],[-71.789701,48.531373],[-71.789782,48.531664],[-71.789674,48.531819],[-71.789504,48.53167],[-71.789342,48.531688],[-71.789207,48.531896],[-71.789603,48.532033],[-71.789998,48.533229],[-71.789665,48.533508],[-71.789414,48.534186],[-71.789585,48.534513],[-71.790788,48.534882],[-71.790887,48.534989],[-71.790986,48.535257],[-71.790761,48.535638],[-71.790923,48.535864],[-71.790797,48.536102],[-71.790959,48.536566],[-71.790824,48.536833],[-71.791067,48.537024],[-71.790779,48.537553],[-71.791462,48.538142],[-71.791516,48.539087],[-71.791175,48.539575],[-71.791372,48.539724],[-71.791318,48.539926],[-71.79095,48.540146],[-71.790231,48.54017],[-71.789414,48.54045],[-71.789046,48.540307]]],[[[-71.789576,48.540182],[-71.790986,48.540027],[-71.791202,48.539724],[-71.790995,48.539403],[-71.791058,48.539242],[-71.791399,48.539064],[-71.791148,48.538522],[-71.790842,48.538469],[-71.790672,48.539438],[-71.790177,48.539766],[-71.790609,48.539421],[-71.790833,48.538641],[-71.790151,48.537844],[-71.789243,48.537339],[-71.789082,48.537678],[-71.788731,48.537904],[-71.788776,48.538255],[-71.788659,48.537898],[-71.789028,48.537654],[-71.789189,48.537309],[-71.788749,48.537095],[-71.78706,48.536798],[-71.786297,48.536839],[-71.785821,48.537059],[-71.786162,48.537565],[-71.788255,48.537553],[-71.78768,48.538076],[-71.787977,48.538154],[-71.788264,48.538564],[-71.788507,48.539468],[-71.788956,48.540093],[-71.789324,48.540301],[-71.789576,48.540182]]],[[[-71.786899,48.538624],[-71.786755,48.538064],[-71.786333,48.538136],[-71.786225,48.538439],[-71.786135,48.538374],[-71.786288,48.537928],[-71.785641,48.537089],[-71.785183,48.537535],[-71.784788,48.537731],[-71.784635,48.5381],[-71.784725,48.538386],[-71.785102,48.538392],[-71.785839,48.539034],[-71.78636,48.53904],[-71.787033,48.539343],[-71.787087,48.539093],[-71.787366,48.538974],[-71.786899,48.538624]]],[[[-71.783494,48.53722],[-71.784931,48.536893],[-71.784276,48.536286],[-71.783638,48.536203],[-71.783494,48.53722]]]]}},{"type":"Feature","properties":{"owner1":"YVON POTVIN INC.","owner2":null,"matricule":"1073-44-8826","street":"DE QUEN","civicLow":"276","civicHigh":"280","valueLand":"57900","valueBuilding":"351200","valueTotal":"409100","mailAddr":"276 RUE DE QUEN","mailCity":null,"mun":null},"geometry":{"type":"MultiPolygon","coordinates":[[[[-71.775454,48.492006],[-71.777026,48.492298],[-71.77682,48.492715],[-71.775274,48.492471],[-71.775454,48.492006]]]]}},{"type":"Feature","properties":{"owner1":"MUNICIPALITE DE SAINT-GEDEON","owner2":null,"matricule":"1073-56-9095","street":"DE QUEN","civicLow":"208","civicHigh":"0","valueLand":"364100","valueBuilding":"1320800","valueTotal":"1684900","mailAddr":"208 RUE DE QUEN","mailCity":null,"mun":null},"geometry":{"type":"MultiPolygon","coordinates":[[[[-71.774655,48.49509],[-71.773765,48.494929],[-71.774574,48.494007],[-71.77487,48.493941],[-71.775481,48.494066],[-71.775283,48.494673],[-71.775876,48.494781],[-71.775364,48.495584],[-71.774466,48.495424],[-71.774655,48.49509]]]]}},{"type":"Feature","properties":{"owner1":"TREMBLAY ERIC","owner2":"DESJARDINS ISABELLE","matricule":"1073-74-4553","street":"LAROUCHE","civicLow":"126","civicHigh":"0","valueLand":"16200","valueBuilding":"179100","valueTotal":"195300","mailAddr":"126 RUE LAROUCHE","mailCity":null,"mun":null},"geometry":{"type":"MultiPolygon","coordinates":[[[[-71.772409,48.492709],[-71.772553,48.492506],[-71.772921,48.49262],[-71.77275,48.492804],[-71.772409,48.492709]]]]}},{"type":"Feature","properties":{"owner1":"AUGER CLAUDE","owner2":"BEDARD NATHALIE","matricule":"0972-86-8386","street":"DE QUEN","civicLow":"0","civicHigh":"0","valueLand":"30200","valueBuilding":"0","valueTotal":"30200","mailAddr":"459 RUE DE QUEN","mailCity":null,"mun":null},"geometry":{"type":"MultiPolygon","coordinates":[[[[-71.782883,48.485993],[-71.783027,48.485588],[-71.78229,48.485213],[-71.782416,48.485082],[-71.783117,48.485338],[-71.783207,48.485094],[-71.783099,48.485058],[-71.783251,48.484969],[-71.783018,48.484915],[-71.783099,48.484862],[-71.786063,48.485404],[-71.785291,48.485737],[-71.785345,48.48644],[-71.782883,48.485993]]]]}},{"type":"Feature","properties":{"owner1":"DECOSTE MARIE-ANNE","owner2":null,"matricule":"0977-84-8558","street":"ADELARD-GAUTHIER","civicLow":"48","civicHigh":"0","valueLand":"167100","valueBuilding":"221000","valueTotal":"388100","mailAddr":"48 CHEMIN ADELARD-GAUTHIER","mailCity":null,"mun":null},"geometry":{"type":"MultiPolygon","coordinates":[[[[-71.78485,48.528886],[-71.785237,48.528148],[-71.785479,48.528184],[-71.785291,48.528904],[-71.78485,48.528886]]]]}},{"type":"Feature","properties":{"owner1":"FERME ELOISE INC.","owner2":null,"matricule":"1272-77-3158","street":"4","civicLow":"0","civicHigh":"0","valueLand":"165200","valueBuilding":"98500","valueTotal":"263700","mailAddr":"280 ROUTE DU LAC OUEST","mailCity":null,"mun":null},"geometry":{"type":"MultiPolygon","coordinates":[[[[-71.750409,48.479848],[-71.744534,48.49378],[-71.741013,48.493155],[-71.746933,48.479205],[-71.748109,48.479425],[-71.747831,48.480092],[-71.748136,48.480152],[-71.748244,48.479902],[-71.749089,48.480057],[-71.749268,48.47964],[-71.750409,48.479848]]]]}},{"type":"Feature","properties":{"owner1":"BOUDREAULT DAVE","owner2":"GIRARD VALERIE","matricule":"1073-59-9233","street":"DE QUEN","civicLow":"173","civicHigh":"0","valueLand":"19300","valueBuilding":"122800","valueTotal":"142100","mailAddr":"173 RUE DE QUEN","mailCity":null,"mun":null},"geometry":{"type":"MultiPolygon","coordinates":[[[[-71.774565,48.496953],[-71.774673,48.496805],[-71.775122,48.496947],[-71.775005,48.497096],[-71.774565,48.496953]]]]}},{"type":"Feature","properties":{"owner1":"LE POTAGER GRANDMONT INC.","owner2":null,"matricule":"1073-01-0622","street":"PLAGE","civicLow":"119","civicHigh":"0","valueLand":"18900","valueBuilding":"30500","valueTotal":"49400","mailAddr":"286 RUE DE QUEN","mailCity":null,"mun":null},"geometry":{"type":"MultiPolygon","coordinates":[[[[-71.785614,48.48894],[-71.785048,48.491155],[-71.779523,48.490203],[-71.779739,48.489792],[-71.778922,48.489643],[-71.779461,48.489691],[-71.779667,48.489059],[-71.779982,48.489113],[-71.780601,48.488327],[-71.780889,48.488381],[-71.781051,48.488154],[-71.785614,48.48894]]]]}},{"type":"Feature","properties":{"owner1":"AUDET PIERRE","owner2":"LESSARD ANDREE","matricule":"0978-55-5128","street":"BOIS-DE-GRANDMONT","civicLow":"27","civicHigh":"29","valueLand":"43000","valueBuilding":"220100","valueTotal":"263100","mailAddr":"171 RUE MONTCALM EST","mailCity":null,"mun":null},"geometry":{"type":"MultiPolygon","coordinates":[[[[-71.789674,48.538082],[-71.789791,48.538106],[-71.789845,48.537797],[-71.790151,48.537844],[-71.790402,48.538088],[-71.789612,48.538421],[-71.789674,48.538082]]]]}},{"type":"Feature","properties":{"owner1":"GAGNON MATHIEU","owner2":"CLOUTIER CHRISTIANE","matricule":"0972-72-2190","street":"DE QUEN","civicLow":"536","civicHigh":"0","valueLand":"20600","valueBuilding":"107800","valueTotal":"128400","mailAddr":"505 BOULEVARD ST-LUC","mailCity":null,"mun":null},"geometry":{"type":"MultiPolygon","coordinates":[[[[-71.786539,48.482057],[-71.786351,48.482218],[-71.785866,48.48198],[-71.786261,48.481926],[-71.786539,48.482057]]]]}},{"type":"Feature","properties":{"owner1":"BRASSARD DANIEL","owner2":"RENAUD ISABELLE","matricule":"0971-29-8148","street":"PONT","civicLow":"624","civicHigh":"0","valueLand":"22000","valueBuilding":"109600","valueTotal":"131600","mailAddr":"624 RUE DU PONT","mailCity":null,"mun":null},"geometry":{"type":"MultiPolygon","coordinates":[[[[-71.792378,48.478806],[-71.792244,48.47908],[-71.791884,48.479015],[-71.792019,48.478741],[-71.792378,48.478806]]]]}},{"type":"Feature","properties":{"owner1":"BOUDREAULT GUY","owner2":"HARVEY SYLVIE","matricule":"0971-39-7211","street":"PONT","civicLow":"606","civicHigh":"0","valueLand":"27900","valueBuilding":"100600","valueTotal":"128500","mailAddr":"606 RUE DU PONT","mailCity":null,"mun":null},"geometry":{"type":"MultiPolygon","coordinates":[[[[-71.791031,48.478556],[-71.790842,48.478824],[-71.790384,48.478633],[-71.79077,48.478604],[-71.790878,48.4783],[-71.791166,48.478377],[-71.791031,48.478556]]]]}},{"type":"Feature","properties":{"owner1":"DESSUREAULT MAXINE","owner2":null,"matricule":"1074-49-9537","street":"BERNACHES","civicLow":"102","civicHigh":"0","valueLand":"40200","valueBuilding":"0","valueTotal":"40200","mailAddr":"239 RANG SAINT-ISIDORE","mailCity":null,"mun":null},"geometry":{"type":"MultiPolygon","coordinates":[[[[-71.776155,48.505864],[-71.776379,48.505846],[-71.776622,48.506048],[-71.776325,48.50609],[-71.776155,48.505864]]]]}},{"type":"Feature","properties":{"owner1":"POTVIN YVON","owner2":null,"matricule":"1077-31-1249","street":"ADELARD-GAUTHIER","civicLow":"112","civicHigh":"0","valueLand":"143500","valueBuilding":"47400","valueTotal":"190900","mailAddr":"276 RUE DE QUEN","mailCity":null,"mun":null},"geometry":{"type":"MultiPolygon","coordinates":[[[[-71.779029,48.525632],[-71.77911,48.525537],[-71.779685,48.525721],[-71.779461,48.526054],[-71.778895,48.525905],[-71.779182,48.525757],[-71.779029,48.525632]]]]}},{"type":"Feature","properties":{"owner1":"POULIN GERARD","owner2":"BOUDREAULT CARMELLE","matricule":"0974-93-1147","street":"POINTE-DU-LAC","civicLow":"25","civicHigh":"0","valueLand":"119100","valueBuilding":"148300","valueTotal":"267400","mailAddr":"25 CHEMIN DE LA POINTE-DU-LAC","mailCity":null,"mun":null},"geometry":{"type":"MultiPolygon","coordinates":[[[[-71.783584,48.500406],[-71.783674,48.500317],[-71.784716,48.500751],[-71.784617,48.50084],[-71.783584,48.500406]]]]}},{"type":"Feature","properties":{"owner1":"9179-0337 QUEBEC INC","owner2":null,"matricule":"1073-12-9146","street":"PLAGE","civicLow":"120","civicHigh":"0","valueLand":"46700","valueBuilding":"691100","valueTotal":"737800","mailAddr":"120 RUE DE LA PLAGE","mailCity":null,"mun":null},"geometry":{"type":"MultiPolygon","coordinates":[[[[-71.780287,48.490774],[-71.780179,48.49103],[-71.779811,48.490965],[-71.780035,48.490399],[-71.780404,48.490464],[-71.780287,48.490774]]]]}},{"type":"Feature","properties":{"owner1":"MUNICIPALITE DE SAINT-GEDEON","owner2":null,"matricule":"1073-13-9106","street":"PLAGE","civicLow":"124","civicHigh":"0","valueLand":"164600","valueBuilding":"313800","valueTotal":"478400","mailAddr":"208 RUE DE QUEN","mailCity":null,"mun":null},"geometry":{"type":"MultiPolygon","coordinates":[[[[-71.778724,48.491691],[-71.777574,48.491477],[-71.777619,48.491393],[-71.778374,48.491536],[-71.778472,48.491334],[-71.779164,48.491465],[-71.779371,48.490929],[-71.7792,48.490738],[-71.779317,48.490756],[-71.779407,48.490292],[-71.780035,48.490399],[-71.779811,48.490965],[-71.780179,48.49103],[-71.780404,48.490464],[-71.781392,48.490631],[-71.780853,48.491739],[-71.779766,48.491542],[-71.779416,48.492042],[-71.77876,48.492614],[-71.778975,48.492155],[-71.778535,48.492078],[-71.778724,48.491691]]]]}},{"type":"Feature","properties":{"owner1":"HARVEY ANNY-KIM","owner2":"DESSUREAULT JOSHUA","matricule":"1074-49-5398","street":"BERNACHES","civicLow":"3","civicHigh":"0","valueLand":"80000","valueBuilding":"61600","valueTotal":"141600","mailAddr":"215 RUE COLLARD OUEST","mailCity":null,"mun":null},"geometry":{"type":"MultiPolygon","coordinates":[[[[-71.776909,48.506656],[-71.776954,48.506846],[-71.776658,48.506792],[-71.776703,48.506471],[-71.777242,48.506209],[-71.777332,48.506614],[-71.776909,48.506656]]]]}},{"type":"Feature","properties":{"owner1":"AUDET PATRICK","owner2":null,"matricule":"0971-38-6167","street":"BELLE-RIVIERE","civicLow":"1361","civicHigh":"0","valueLand":"25800","valueBuilding":"135400","valueTotal":"161200","mailAddr":"1361 RANG BELLE-RIVIERE","mailCity":null,"mun":null},"geometry":{"type":"MultiPolygon","coordinates":[[[[-71.790878,48.4783],[-71.790663,48.47824],[-71.790914,48.477984],[-71.791354,48.478163],[-71.791175,48.478383],[-71.790878,48.4783]]]]}},{"type":"Feature","properties":{"owner1":"S.I.A.L.","owner2":null,"matricule":"1075-51-6354","street":"TOUR","civicLow":"0","civicHigh":"0","valueLand":"73400","valueBuilding":"11600","valueTotal":"85000","mailAddr":"116 CHEMIN DE LA TOUR","mailCity":null,"mun":null},"geometry":{"type":"MultiPolygon","coordinates":[[[[-71.774798,48.507828],[-71.774888,48.507673],[-71.775751,48.507828],[-71.775562,48.508286],[-71.775104,48.508191],[-71.775319,48.507971],[-71.774798,48.507828]]]]}},{"type":"Feature","properties":{"owner1":"S.I.A.L.","owner2":null,"matricule":"1079-23-5053","street":"ILES","civicLow":"0","civicHigh":"0","valueLand":"54100","valueBuilding":"0","valueTotal":"54100","mailAddr":"340 RANG DES ILES","mailCity":null,"mun":null},"geometry":{"type":"MultiPolygon","coordinates":[[[[-71.78044,48.546046],[-71.780071,48.545933],[-71.780062,48.545404],[-71.781087,48.545225],[-71.781868,48.545368],[-71.780943,48.545879],[-71.780673,48.546147],[-71.78044,48.546046]]]]}},{"type":"Feature","properties":{"owner1":"LALANCETTE MATHIEU","owner2":"GAGNON AUDREY","matricule":"1069-85-7242","street":"BELLE-RIVIERE","civicLow":"1186","civicHigh":"0","valueLand":"28900","valueBuilding":"124600","valueTotal":"153500","mailAddr":"1186 RANG BELLE-RIVIERE","mailCity":null,"mun":null},"geometry":{"type":"MultiPolygon","coordinates":[[[[-71.770406,48.457429],[-71.77028,48.457733],[-71.769732,48.457602],[-71.769858,48.457298],[-71.770406,48.457429]]]]}},{"type":"Feature","properties":{"owner1":"FERME DES PAPINAS INC","owner2":null,"matricule":"1070-80-5949","street":"BELLE-RIVIERE","civicLow":"0","civicHigh":"0","valueLand":"186400","valueBuilding":"0","valueTotal":"186400","mailAddr":"1231 RANG BELLE-RIVIERE","mailCity":null,"mun":null},"geometry":{"type":"MultiPolygon","coordinates":[[[[-71.770459,48.457298],[-71.771708,48.454248],[-71.772948,48.454653],[-71.773325,48.454933],[-71.774942,48.455285],[-71.773595,48.458561],[-71.772058,48.457835],[-71.770459,48.457298]]],[[[-71.766399,48.467163],[-71.770406,48.457429],[-71.772445,48.458156],[-71.771888,48.458639],[-71.773136,48.458966],[-71.773379,48.458609],[-71.773541,48.458686],[-71.769813,48.467794],[-71.766399,48.467163]]]]}},{"type":"Feature","properties":{"owner1":"MURRAY ODILON","owner2":null,"matricule":"1073-46-4520","street":"DE QUEN","civicLow":"237","civicHigh":"0","valueLand":"25800","valueBuilding":"113100","valueTotal":"138900","mailAddr":"237 RUE DE QUEN","mailCity":null,"mun":null},"geometry":{"type":"MultiPolygon","coordinates":[[[[-71.777152,48.494114],[-71.777089,48.494281],[-71.776316,48.494114],[-71.776397,48.493929],[-71.777152,48.494114]]]]}},{"type":"Feature","properties":{"owner1":"NERON ODILON","owner2":null,"matricule":"1073-46-3445","street":"DE QUEN","civicLow":"0","civicHigh":"0","valueLand":"6600","valueBuilding":"0","valueTotal":"6600","mailAddr":"227 RUE DE QUEN","mailCity":null,"mun":null},"geometry":{"type":"MultiPolygon","coordinates":[[[[-71.776739,48.494412],[-71.77682,48.494221],[-71.777089,48.494281],[-71.777035,48.494447],[-71.776739,48.494412]]]]}},{"type":"Feature","properties":{"owner1":"CAUCHON HELENE","owner2":null,"matricule":"1073-46-6336","street":"DE QUEN","civicLow":"233","civicHigh":"235","valueLand":"21400","valueBuilding":"120200","valueTotal":"141600","mailAddr":"233 RUE DE QUEN","mailCity":null,"mun":null},"geometry":{"type":"MultiPolygon","coordinates":[[[[-71.776236,48.494298],[-71.776316,48.494114],[-71.77682,48.494221],[-71.776739,48.494412],[-71.776236,48.494298]]]]}},{"type":"Feature","properties":{"owner1":"S.I.A.L.","owner2":null,"matricule":"0972-39-0336","street":"SAINT-GEDEON-SUR-LE-LAC","civicLow":"19","civicHigh":"0","valueLand":"183600","valueBuilding":"284300","valueTotal":"467900","mailAddr":"118 RUE DES VINGT-ET-UN","mailCity":null,"mun":null},"geometry":{"type":"MultiPolygon","coordinates":[[[[-71.792585,48.487732],[-71.79272,48.488071],[-71.791489,48.487857],[-71.791453,48.487535],[-71.792585,48.487732]]]]}},{"type":"Feature","properties":{"owner1":"MINISTRE DU DEVELOPPEMENT DURABLE DE","owner2":null,"matricule":"0879-01-5909","street":"LAC-ST-JEAN","civicLow":"0","civicHigh":"0","valueLand":"500","valueBuilding":"0","valueTotal":"500","mailAddr":"675 BOUL. RENE-LEVESQUE EST,  29E ETAGE","mailCity":null,"mun":null},"geometry":{"type":"MultiPolygon","coordinates":[[[[-71.810372,48.543269],[-71.809842,48.54334],[-71.809518,48.543233],[-71.809392,48.543066],[-71.809419,48.542805],[-71.810174,48.542478],[-71.810991,48.542739],[-71.811414,48.543215],[-71.81145,48.543471],[-71.811216,48.543649],[-71.811,48.543655],[-71.810372,48.543269]]],[[[-71.810425,48.542823],[-71.81012,48.542811],[-71.809887,48.543043],[-71.810363,48.542953],[-71.810776,48.543168],[-71.810857,48.543096],[-71.810677,48.542918],[-71.810425,48.542823]]]]}},{"type":"Feature","properties":{"owner1":"MINISTRE DU DEVELOPPEMENT DURABLE DE","owner2":null,"matricule":"0879-26-0033","street":"LAC-ST-JEAN","civicLow":"0","civicHigh":"0","valueLand":"500","valueBuilding":"0","valueTotal":"500","mailAddr":"675 BOUL. RENE-LEVESQUE EST,  29E ETAGE","mailCity":null,"mun":null},"geometry":{"type":"MultiPolygon","coordinates":[[[[-71.81454,48.551071],[-71.81365,48.550589],[-71.813228,48.550655],[-71.812824,48.550601],[-71.811818,48.550072],[-71.811539,48.549662],[-71.809779,48.549727],[-71.807731,48.550084],[-71.807057,48.549917],[-71.806787,48.549311],[-71.806087,48.549566],[-71.805637,48.549358],[-71.803365,48.549061],[-71.802538,48.548811],[-71.80235,48.548561],[-71.802314,48.548092],[-71.801676,48.548133],[-71.801209,48.547747],[-71.800724,48.547937],[-71.800023,48.547895],[-71.799619,48.547473],[-71.798945,48.547295],[-71.798837,48.54717],[-71.80093,48.546361],[-71.801353,48.545951],[-71.801308,48.545695],[-71.801541,48.545059],[-71.803859,48.545463],[-71.804119,48.545731],[-71.804919,48.54601],[-71.807964,48.546076],[-71.809195,48.545862],[-71.809904,48.545606],[-71.810524,48.545552],[-71.811216,48.544952],[-71.811881,48.545041],[-71.812384,48.545344],[-71.812357,48.545624],[-71.812689,48.546052],[-71.813246,48.546135],[-71.813785,48.546468],[-71.814405,48.546343],[-71.815007,48.546444],[-71.815196,48.547128],[-71.815465,48.547134],[-71.815824,48.547319],[-71.815735,48.547545],[-71.815115,48.54802],[-71.815169,48.548133],[-71.817262,48.549025],[-71.817558,48.5494],[-71.817549,48.550429],[-71.816893,48.550399],[-71.816381,48.550863],[-71.814827,48.551107],[-71.81454,48.551071]]],[[[-71.814953,48.550732],[-71.815438,48.550607],[-71.815797,48.550708],[-71.816866,48.550036],[-71.817046,48.550119],[-71.816947,48.549929],[-71.8171,48.549882],[-71.816956,48.549864],[-71.816938,48.549644],[-71.817127,48.549263],[-71.816426,48.549043],[-71.81542,48.548532],[-71.814576,48.548276],[-71.813821,48.548205],[-71.813848,48.547866],[-71.814594,48.548038],[-71.814881,48.547812],[-71.814737,48.547313],[-71.814019,48.547325],[-71.81348,48.546914],[-71.812788,48.546783],[-71.811998,48.546236],[-71.812007,48.545921],[-71.811845,48.545814],[-71.811935,48.545487],[-71.811396,48.545231],[-71.811189,48.545535],[-71.810291,48.545838],[-71.810497,48.546218],[-71.810551,48.54676],[-71.810228,48.5472],[-71.810183,48.547646],[-71.809815,48.547967],[-71.808809,48.548163],[-71.809222,48.548413],[-71.809895,48.548567],[-71.810443,48.549257],[-71.811171,48.549418],[-71.811315,48.549376],[-71.811521,48.548823],[-71.811494,48.548746],[-71.811225,48.548782],[-71.811081,48.548538],[-71.811468,48.548347],[-71.811423,48.54849],[-71.811656,48.548597],[-71.811863,48.548906],[-71.811683,48.549364],[-71.812303,48.550007],[-71.813085,48.550381],[-71.813237,48.550274],[-71.813839,48.550292],[-71.81418,48.550607],[-71.81471,48.550756],[-71.814737,48.550869],[-71.814953,48.550732]]],[[[-71.808252,48.549453],[-71.807982,48.549436],[-71.807802,48.549103],[-71.807335,48.548787],[-71.807192,48.548906],[-71.807201,48.549287],[-71.807389,48.549757],[-71.807829,48.549727],[-71.807892,48.549525],[-71.808377,48.549727],[-71.808476,48.549572],[-71.808252,48.549453]]],[[[-71.803886,48.54849],[-71.804083,48.548151],[-71.804586,48.547878],[-71.805242,48.547194],[-71.805,48.546867],[-71.804721,48.546783],[-71.804613,48.546605],[-71.804092,48.546284],[-71.804182,48.546099],[-71.804371,48.546064],[-71.804245,48.545951],[-71.803931,48.546082],[-71.803347,48.5456],[-71.80296,48.545642],[-71.801748,48.545374],[-71.801685,48.546076],[-71.80129,48.546444],[-71.800436,48.546879],[-71.79952,48.547164],[-71.799951,48.547241],[-71.800149,48.547616],[-71.800346,48.547527],[-71.800742,48.547646],[-71.800894,48.547521],[-71.801505,48.547467],[-71.801811,48.547717],[-71.802718,48.547818],[-71.802808,48.548514],[-71.803482,48.548758],[-71.803859,48.548692],[-71.803886,48.54849]]],[[[-71.80659,48.546801],[-71.806536,48.547116],[-71.805817,48.547634],[-71.806158,48.547681],[-71.806437,48.5483],[-71.806805,48.548336],[-71.807192,48.548074],[-71.807093,48.547652],[-71.806823,48.547396],[-71.807281,48.547188],[-71.807515,48.547313],[-71.808099,48.546914],[-71.808036,48.546694],[-71.807614,48.546688],[-71.807443,48.546581],[-71.807434,48.546385],[-71.806608,48.546373],[-71.806464,48.546664],[-71.80659,48.546801]]]]}},{"type":"Feature","properties":{"owner1":"BOILY DANY","owner2":null,"matricule":"1377-05-0158","street":"10","civicLow":"490","civicHigh":"0","valueLand":"10800","valueBuilding":"11400","valueTotal":"22200","mailAddr":"460 10E RANG","mailCity":null,"mun":null},"geometry":{"type":"MultiPolygon","coordinates":[[[[-71.73883,48.529808],[-71.737635,48.529606],[-71.738201,48.528475],[-71.748433,48.530207],[-71.747957,48.531349],[-71.73883,48.529808]]]]}},{"type":"Feature","properties":{"owner1":"BOILY DANY","owner2":null,"matricule":"1277-27-3267","street":"10","civicLow":"0","civicHigh":"0","valueLand":"11200","valueBuilding":"0","valueTotal":"11200","mailAddr":"460 10E RANG","mailCity":null,"mun":null},"geometry":{"type":"MultiPolygon","coordinates":[[[[-71.747957,48.531349],[-71.748433,48.530207],[-71.759051,48.531991],[-71.758575,48.533139],[-71.747957,48.531349]]]]}},{"type":"Feature","properties":{"owner1":"LESPERANCE SEBASTIEN","owner2":"PILOTE ISABELLE","matricule":"1175-07-0463","street":"DOMAINE-GRANDMONT","civicLow":"101","civicHigh":"0","valueLand":"59000","valueBuilding":"344900","valueTotal":"403900","mailAddr":"101 CHEMIN DU DOMAINE-GRANDMONT","mailCity":null,"mun":null},"geometry":{"type":"MultiPolygon","coordinates":[[[[-71.77001,48.513083],[-71.769786,48.513975],[-71.769615,48.513952],[-71.769337,48.513255],[-71.769687,48.512976],[-71.77001,48.513083]]]]}},{"type":"Feature","properties":{"owner1":"BOUCHARD ROBIN","owner2":"BILODEAU HELENE","matricule":"1175-07-4683","street":"ILES","civicLow":"0","civicHigh":"0","valueLand":"43400","valueBuilding":"0","valueTotal":"43400","mailAddr":"1292 CHEMIN DE VILLEBOIS","mailCity":null,"mun":null},"geometry":{"type":"MultiPolygon","coordinates":[[[[-71.769337,48.513255],[-71.769615,48.513952],[-71.768618,48.513809],[-71.768483,48.513595],[-71.768878,48.513511],[-71.769337,48.513255]]]]}},{"type":"Feature","properties":{"owner1":"MINISTERE DE L'ENERGIE ET RESSOURCES","owner2":null,"matricule":"0979-64-6808","street":"LAC-ST-JEAN","civicLow":"0","civicHigh":"0","valueLand":"500","valueBuilding":"0","valueTotal":"500","mailAddr":"5700 4IEME AVENUE OUEST","mailCity":null,"mun":null},"geometry":{"type":"MultiPolygon","coordinates":[[[[-71.788623,48.546099],[-71.788435,48.54601],[-71.788552,48.545963],[-71.788803,48.546099],[-71.788623,48.546099]]]]}},{"type":"Feature","properties":{"owner1":"MINISTRE DU DEVELOPPEMENT DURABLE DE","owner2":null,"matricule":"0979-74-0643","street":"LAC-ST-JEAN","civicLow":"0","civicHigh":"0","valueLand":"500","valueBuilding":"0","valueTotal":"500","mailAddr":"675 BOUL. RENE-LEVESQUE EST,  29E ETAGE","mailCity":null,"mun":null},"geometry":{"type":"MultiPolygon","coordinates":[[[[-71.78697,48.546736],[-71.786845,48.54645],[-71.787204,48.546218],[-71.788093,48.545975],[-71.788327,48.545766],[-71.788929,48.545778],[-71.789198,48.545939],[-71.789126,48.546343],[-71.788219,48.546867],[-71.787833,48.546932],[-71.78697,48.546736]]],[[[-71.787815,48.546409],[-71.787653,48.546486],[-71.788013,48.546611],[-71.788084,48.546456],[-71.787815,48.546409]]],[[[-71.788668,48.546016],[-71.788435,48.54601],[-71.788803,48.546099],[-71.788668,48.546016]]]]}},{"type":"Feature","properties":{"owner1":"MINISTERE DE L'ENERGIE ET RESSOURCES","owner2":null,"matricule":"0979-20-8268","street":"LAC-ST-JEAN","civicLow":"0","civicHigh":"0","valueLand":"500","valueBuilding":"0","valueTotal":"500","mailAddr":"5700 4IEME AVENUE OUEST","mailCity":null,"mun":null},"geometry":{"type":"MultiPolygon","coordinates":[[[[-71.793977,48.543049],[-71.793672,48.542995],[-71.793375,48.542739],[-71.793636,48.542733],[-71.793654,48.542852],[-71.79404,48.542936],[-71.794121,48.542995],[-71.793977,48.543049]]]]}},{"type":"Feature","properties":{"owner1":"MINISTRE DU DEVELOPPEMENT DURABLE DE","owner2":null,"matricule":"0979-12-6764","street":"LAC-ST-JEAN","civicLow":"0","civicHigh":"0","valueLand":"500","valueBuilding":"0","valueTotal":"500","mailAddr":"675 BOUL. RENE-LEVESQUE EST,  29E ETAGE","mailCity":null,"mun":null},"geometry":{"type":"MultiPolygon","coordinates":[[[[-71.794759,48.54629],[-71.794283,48.545648],[-71.794355,48.545279],[-71.794876,48.545011],[-71.794813,48.544393],[-71.794561,48.544309],[-71.793753,48.544345],[-71.793214,48.543941],[-71.793456,48.54331],[-71.793097,48.543043],[-71.793016,48.542632],[-71.793474,48.542424],[-71.794364,48.542769],[-71.794498,48.543001],[-71.794166,48.543471],[-71.794705,48.543923],[-71.795073,48.543982],[-71.795621,48.543762],[-71.796771,48.54381],[-71.797166,48.54406],[-71.797193,48.544416],[-71.796466,48.544946],[-71.796017,48.544999],[-71.79572,48.545172],[-71.79599,48.545552],[-71.795873,48.546189],[-71.795675,48.546421],[-71.79501,48.546504],[-71.794759,48.54629]]],[[[-71.795208,48.546064],[-71.795163,48.546153],[-71.795316,48.546153],[-71.795208,48.546064]]],[[[-71.795127,48.545992],[-71.795406,48.546022],[-71.795567,48.545606],[-71.795226,48.545392],[-71.794705,48.545356],[-71.794849,48.545939],[-71.795127,48.545992]]],[[[-71.796807,48.544054],[-71.795882,48.543994],[-71.795397,48.544125],[-71.796079,48.544488],[-71.796205,48.544678],[-71.796807,48.544333],[-71.796807,48.544054]]],[[[-71.794031,48.544048],[-71.794139,48.543911],[-71.793663,48.543786],[-71.794031,48.544048]]],[[[-71.793888,48.542876],[-71.793654,48.542852],[-71.793636,48.542733],[-71.793375,48.542739],[-71.793807,48.543049],[-71.794121,48.542995],[-71.793888,48.542876]]]]}},{"type":"Feature","properties":{"owner1":"MINISTERE DE L'ENERGIE ET RESSOURCES","owner2":null,"matricule":"0979-21-7076","street":"LAC-ST-JEAN","civicLow":"0","civicHigh":"0","valueLand":"500","valueBuilding":"0","valueTotal":"500","mailAddr":"5700 4IEME AVENUE OUEST","mailCity":null,"mun":null},"geometry":{"type":"MultiPolygon","coordinates":[[[[-71.794031,48.544048],[-71.793663,48.543786],[-71.794139,48.543911],[-71.794031,48.544048]]]]}},{"type":"Feature","properties":{"owner1":"MINISTERE DE L'ENERGIE ET RESSOURCES","owner2":null,"matricule":"0979-12-0221","street":"LAC-ST-JEAN","civicLow":"0","civicHigh":"0","valueLand":"500","valueBuilding":"0","valueTotal":"500","mailAddr":"5700 4IEME AVENUE OUEST","mailCity":null,"mun":null},"geometry":{"type":"MultiPolygon","coordinates":[[[[-71.796205,48.544678],[-71.796079,48.544488],[-71.795397,48.544125],[-71.795882,48.543994],[-71.796807,48.544054],[-71.796807,48.544333],[-71.796205,48.544678]]]]}},{"type":"Feature","properties":{"owner1":"MINISTERE DE L'ENERGIE ET RESSOURCES","owner2":null,"matricule":"0979-13-8376","street":"LAC-ST-JEAN","civicLow":"0","civicHigh":"0","valueLand":"500","valueBuilding":"0","valueTotal":"500","mailAddr":"5700 4IEME AVENUE OUEST","mailCity":null,"mun":null},"geometry":{"type":"MultiPolygon","coordinates":[[[[-71.795406,48.546022],[-71.794849,48.545939],[-71.794705,48.545356],[-71.795163,48.545374],[-71.795513,48.545535],[-71.795576,48.545737],[-71.795406,48.546022]]]]}},{"type":"Feature","properties":{"owner1":"GIRARD SIMON","owner2":"HARVEY SABRINA","matricule":"1074-71-9682","street":"DE QUEN","civicLow":"120","civicHigh":"0","valueLand":"29900","valueBuilding":"174100","valueTotal":"204000","mailAddr":"120 RUE DE QUEN","mailCity":null,"mun":null},"geometry":{"type":"MultiPolygon","coordinates":[[[[-71.77257,48.499192],[-71.772373,48.499436],[-71.771699,48.499257],[-71.771897,48.499019],[-71.77257,48.499192]]]]}},{"type":"Feature","properties":{"owner1":"GAGNON SEBASTIEN","owner2":null,"matricule":"1073-03-2424","street":"WILFRID-SIMARD","civicLow":"105","civicHigh":"0","valueLand":"27400","valueBuilding":"113700","valueTotal":"141100","mailAddr":"105 RUE WILFRID-SIMARD","mailCity":null,"mun":null},"geometry":{"type":"MultiPolygon","coordinates":[[[[-71.782766,48.491256],[-71.782398,48.491643],[-71.782075,48.491465],[-71.782353,48.491185],[-71.782766,48.491256]]]]}},{"type":"Feature","properties":{"owner1":"9300-4489 QUEBEC INC","owner2":null,"matricule":"1078-25-5749","street":"CEDRIERE","civicLow":"0","civicHigh":"0","valueLand":"43000","valueBuilding":"0","valueTotal":"43000","mailAddr":"406 RANG DES ILES","mailCity":null,"mun":null},"geometry":{"type":"MultiPolygon","coordinates":[[[[-71.780727,48.538118],[-71.780458,48.538772],[-71.780107,48.538707],[-71.780377,48.538053],[-71.780727,48.538118]]]]}},{"type":"Feature","properties":{"owner1":"9300-4489 QUEBEC INC","owner2":null,"matricule":"1078-25-8344","street":"CEDRIERE","civicLow":"0","civicHigh":"0","valueLand":"44000","valueBuilding":"0","valueTotal":"44000","mailAddr":"406 RANG DES ILES","mailCity":null,"mun":null},"geometry":{"type":"MultiPolygon","coordinates":[[[[-71.77955,48.538415],[-71.779883,48.538493],[-71.779946,48.537975],[-71.780377,48.538053],[-71.780107,48.538707],[-71.779586,48.538677],[-71.77955,48.538415]]]]}},{"type":"Feature","properties":{"owner1":"9300-4489 QUEBEC INC","owner2":null,"matricule":"1078-06-9081","street":"CEDRIERE","civicLow":"0","civicHigh":"0","valueLand":"45300","valueBuilding":"0","valueTotal":"45300","mailAddr":"406 RANG DES ILES","mailCity":null,"mun":null},"geometry":{"type":"MultiPolygon","coordinates":[[[[-71.782569,48.539658],[-71.782371,48.539551],[-71.78238,48.539391],[-71.782739,48.539153],[-71.782964,48.539242],[-71.782766,48.539397],[-71.783072,48.539528],[-71.782838,48.53995],[-71.782542,48.539944],[-71.782569,48.539658]]]]}},{"type":"Feature","properties":{"owner1":"LAMOUREUX ERIC","owner2":"IMBEAULT JOSEE","matricule":"1078-17-1726","street":"CEDRIERE","civicLow":"0","civicHigh":"0","valueLand":"45400","valueBuilding":"0","valueTotal":"45400","mailAddr":"640 AVENUE BERGERON","mailCity":null,"mun":null},"geometry":{"type":"MultiPolygon","coordinates":[[[[-71.782102,48.540331],[-71.782209,48.539599],[-71.782371,48.539551],[-71.782569,48.539658],[-71.782497,48.54036],[-71.782102,48.540331]]]]}},{"type":"Feature","properties":{"owner1":"9300-4489 QUEBEC INC","owner2":null,"matricule":"1078-17-4429","street":"CEDRIERE","civicLow":"0","civicHigh":"0","valueLand":"44200","valueBuilding":"0","valueTotal":"44200","mailAddr":"406 RANG DES ILES","mailCity":null,"mun":null},"geometry":{"type":"MultiPolygon","coordinates":[[[[-71.7822,48.539908],[-71.782102,48.540331],[-71.781697,48.540319],[-71.782003,48.539462],[-71.782209,48.539599],[-71.7822,48.539908]]]]}},{"type":"Feature","properties":{"owner1":"GAGNON ALAIN","owner2":"BOUDREAULT DORYS","matricule":"1078-16-6774","street":"CEDRIERE","civicLow":"0","civicHigh":"0","valueLand":"43100","valueBuilding":"0","valueTotal":"43100","mailAddr":"406 RANG DES ILES","mailCity":null,"mun":null},"geometry":{"type":"MultiPolygon","coordinates":[[[[-71.781985,48.539397],[-71.781841,48.539801],[-71.781347,48.539706],[-71.781509,48.539206],[-71.781985,48.539397]]]]}},{"type":"Feature","properties":{"owner1":"9300-4489 QUEBEC INC","owner2":null,"matricule":"1078-26-0378","street":"CEDRIERE","civicLow":"0","civicHigh":"0","valueLand":"46000","valueBuilding":"0","valueTotal":"46000","mailAddr":"406 RANG DES ILES","mailCity":null,"mun":null},"geometry":{"type":"MultiPolygon","coordinates":[[[[-71.780853,48.540051],[-71.781167,48.539087],[-71.781509,48.539206],[-71.781347,48.539706],[-71.780943,48.540105],[-71.780853,48.540051]]]]}},{"type":"Feature","properties":{"owner1":"9300-4489 QUEBEC INC","owner2":null,"matricule":"1078-26-2771","street":"CEDRIERE","civicLow":"0","civicHigh":"0","valueLand":"49500","valueBuilding":"0","valueTotal":"49500","mailAddr":"406 RANG DES ILES","mailCity":null,"mun":null},"geometry":{"type":"MultiPolygon","coordinates":[[[[-71.780853,48.538986],[-71.781167,48.539087],[-71.780853,48.540051],[-71.780557,48.53989],[-71.780853,48.538986]]]]}},{"type":"Feature","properties":{"owner1":"9300-4489 QUEBEC INC","owner2":null,"matricule":"1078-27-8532","street":"ILES","civicLow":"0","civicHigh":"0","valueLand":"33400","valueBuilding":"0","valueTotal":"33400","mailAddr":"406 RANG DES ILES","mailCity":null,"mun":null},"geometry":{"type":"MultiPolygon","coordinates":[[[[-71.78061,48.540063],[-71.780494,48.540283],[-71.779631,48.540116],[-71.779595,48.539884],[-71.78061,48.540063]]]]}},{"type":"Feature","properties":{"owner1":"9300-4489 QUEBEC INC","owner2":null,"matricule":"1078-26-8489","street":"ILES","civicLow":"0","civicHigh":"0","valueLand":"33400","valueBuilding":"0","valueTotal":"33400","mailAddr":"406 RANG DES ILES","mailCity":null,"mun":null},"geometry":{"type":"MultiPolygon","coordinates":[[[[-71.779577,48.539653],[-71.779568,48.53945],[-71.780628,48.539664],[-71.780557,48.53989],[-71.779577,48.539653]]]]}},{"type":"Feature","properties":{"owner1":"9300-4489 QUEBEC INC","owner2":null,"matricule":"1078-26-8164","street":"ILES","civicLow":"0","civicHigh":"0","valueLand":"34400","valueBuilding":"0","valueTotal":"34400","mailAddr":"406 RANG DES ILES","mailCity":null,"mun":null},"geometry":{"type":"MultiPolygon","coordinates":[[[[-71.779568,48.53945],[-71.779568,48.539212],[-71.7807,48.539444],[-71.780628,48.539664],[-71.779568,48.53945]]]]}},{"type":"Feature","properties":{"owner1":"9300-4489 QUEBEC INC","owner2":null,"matricule":"1078-26-7938","street":"ILES","civicLow":"0","civicHigh":"0","valueLand":"35600","valueBuilding":"0","valueTotal":"35600","mailAddr":"406 RANG DES ILES","mailCity":null,"mun":null},"geometry":{"type":"MultiPolygon","coordinates":[[[[-71.779568,48.539212],[-71.779559,48.538974],[-71.780772,48.539224],[-71.7807,48.539444],[-71.779568,48.539212]]]]}},{"type":"Feature","properties":{"owner1":"TREMBLAY JEAN-LEON","owner2":"LEVESQUE LUCIENNE","matricule":"1080-94-5590","street":"GOLF","civicLow":"127","civicHigh":"0","valueLand":"15100","valueBuilding":"7400","valueTotal":"22500","mailAddr":"175 RUE JACQUES-FERRON","mailCity":null,"mun":null},"geometry":{"type":"MultiPolygon","coordinates":[[[[-71.771897,48.55584],[-71.771537,48.556173],[-71.771178,48.556369],[-71.771088,48.556309],[-71.77125,48.556131],[-71.77107,48.556],[-71.771151,48.555715],[-71.771897,48.55584]]]]}},{"type":"Feature","properties":{"owner1":"TREMBLAY LUCIE","owner2":null,"matricule":"1073-68-9339","street":"LAVOIE","civicLow":"0","civicHigh":"0","valueLand":"29300","valueBuilding":"0","valueTotal":"29300","mailAddr":"115 RUE LEVESQUE","mailCity":null,"mun":null},"geometry":{"type":"MultiPolygon","coordinates":[[[[-71.773711,48.496269],[-71.773622,48.496406],[-71.773029,48.496293],[-71.77319,48.495816],[-71.773945,48.495959],[-71.773711,48.496269]]]]}},{"type":"Feature","properties":{"owner1":"DION CLAUDE","owner2":null,"matricule":"1077-30-1179","street":"ADELARD-GAUTHIER","civicLow":"116","civicHigh":"0","valueLand":"136500","valueBuilding":"209400","valueTotal":"345900","mailAddr":"116 CHEMIN ADELARD-GAUTHIER C.P. 87","mailCity":null,"mun":null},"geometry":{"type":"MultiPolygon","coordinates":[[[[-71.779658,48.525191],[-71.779523,48.525525],[-71.779182,48.525418],[-71.778993,48.524858],[-71.77911,48.524799],[-71.779299,48.524888],[-71.779658,48.525191]]]]}},{"type":"Feature","properties":{"owner1":"POTVIN ROBERT","owner2":"LABONTE LOUISE","matricule":"1078-98-8705","street":"RANCH","civicLow":"0","civicHigh":"0","valueLand":"26800","valueBuilding":"0","valueTotal":"26800","mailAddr":"379 RANG DES ILES","mailCity":null,"mun":null},"geometry":{"type":"MultiPolygon","coordinates":[[[[-71.770909,48.540557],[-71.770675,48.541133],[-71.770271,48.54108],[-71.770513,48.540491],[-71.770909,48.540557]]]]}},{"type":"Feature","properties":{"owner1":"NERON JACQUES","owner2":null,"matricule":"1075-83-9063","street":"DE QUEN","civicLow":"25","civicHigh":"0","valueLand":"16800","valueBuilding":"0","valueTotal":"16800","mailAddr":"1881 RUE GOSSELIN","mailCity":null,"mun":null},"geometry":{"type":"MultiPolygon","coordinates":[[[[-71.770837,48.510072],[-71.771043,48.50956],[-71.771439,48.509637],[-71.771259,48.510089],[-71.771726,48.510244],[-71.770837,48.510072]]]]}},{"type":"Feature","properties":{"owner1":"MONTEMBEAULT BENJAMIN","owner2":"TREMBLAY JOHANNE","matricule":"1078-77-7980","street":"RANCH","civicLow":"17","civicHigh":"0","valueLand":"24500","valueBuilding":"287400","valueTotal":"311900","mailAddr":"17 CHEMIN DU RANCH","mailCity":null,"mun":null},"geometry":{"type":"MultiPolygon","coordinates":[[[[-71.773711,48.540354],[-71.773514,48.540842],[-71.773118,48.540771],[-71.773316,48.540283],[-71.773711,48.540354]]]]}},{"type":"Feature","properties":{"owner1":"TREMBLAY JOCELYN","owner2":null,"matricule":"1075-46-0611","street":"DOMAINE-GRANDMONT","civicLow":"316","civicHigh":"0","valueLand":"100200","valueBuilding":"77300","valueTotal":"177500","mailAddr":"796 RUE DU CAUCASE","mailCity":null,"mun":null},"geometry":{"type":"MultiPolygon","coordinates":[[[[-71.77805,48.512],[-71.777942,48.512149],[-71.777305,48.512006],[-71.777817,48.511916],[-71.77805,48.512]]]]}},{"type":"Feature","properties":{"owner1":"S.I.A.L.","owner2":null,"matricule":"1075-45-1194","street":"DOMAINE-GRANDMONT","civicLow":"0","civicHigh":"0","valueLand":"66600","valueBuilding":"0","valueTotal":"66600","mailAddr":"796 RUE DU CAUCASE","mailCity":null,"mun":null},"geometry":{"type":"MultiPolygon","coordinates":[[[[-71.777556,48.511922],[-71.777278,48.512],[-71.777439,48.51178],[-71.778095,48.511946],[-71.777556,48.511922]]]]}},{"type":"Feature","properties":{"owner1":"S.I.A.L.","owner2":null,"matricule":"1075-45-4394","street":"DOMAINE-GRANDMONT","civicLow":"314","civicHigh":"0","valueLand":"79100","valueBuilding":"75800","valueTotal":"154900","mailAddr":"555 AVENUE FRANCOEUR","mailCity":null,"mun":null},"geometry":{"type":"MultiPolygon","coordinates":[[[[-71.777439,48.51178],[-71.777278,48.512],[-71.777026,48.511952],[-71.77717,48.51175],[-71.777439,48.51178]]]]}},{"type":"Feature","properties":{"owner1":"S.I.A.L.","owner2":null,"matricule":"1075-45-7569","street":"DOMAINE-GRANDMONT","civicLow":"0","civicHigh":"0","valueLand":"47400","valueBuilding":"0","valueTotal":"47400","mailAddr":"310 CHEMIN DU DOMAINE-GRANDMONT","mailCity":null,"mun":null},"geometry":{"type":"MultiPolygon","coordinates":[[[[-71.776703,48.511678],[-71.776748,48.51153],[-71.776972,48.511637],[-71.776793,48.511815],[-71.776703,48.511678]]]]}},{"type":"Feature","properties":{"owner1":"S.I.A.L.","owner2":"S.I.A.L.","matricule":"1076-73-5997","street":"ILES","civicLow":"746","civicHigh":"0","valueLand":"33400","valueBuilding":"238100","valueTotal":"271500","mailAddr":"41 1/2 RUE D'AUTEUIL","mailCity":null,"mun":null},"geometry":{"type":"MultiPolygon","coordinates":[[[[-71.773029,48.519355],[-71.772427,48.519063],[-71.772382,48.518772],[-71.77249,48.519016],[-71.772714,48.519129],[-71.772885,48.519146],[-71.772984,48.518879],[-71.773361,48.51895],[-71.77337,48.519301],[-71.773029,48.519355]]]]}},{"type":"Feature","properties":{"owner1":"TRUCHON ELOI","owner2":"TRUCHON GERALD","matricule":"1370-59-3697","street":"4","civicLow":"0","civicHigh":"0","valueLand":"153200","valueBuilding":"0","valueTotal":"153200","mailAddr":"275 ROUTE DU LAC OUEST","mailCity":null,"mun":null},"geometry":{"type":"MultiPolygon","coordinates":[[[[-71.733907,48.465418],[-71.735515,48.461504],[-71.738956,48.462142],[-71.736907,48.467062],[-71.733907,48.465418]]],[[[-71.73035,48.473935],[-71.733763,48.465698],[-71.738327,48.468187],[-71.734751,48.47668],[-71.731068,48.476001],[-71.731823,48.474209],[-71.73035,48.473935]]]]}},{"type":"Feature","properties":{"owner1":"COTE BERTRAND","owner2":null,"matricule":"1180-14-0794","street":"GOLF","civicLow":"111","civicHigh":"0","valueLand":"111800","valueBuilding":"34900","valueTotal":"146700","mailAddr":"50 RUE DU SERRURIER","mailCity":null,"mun":null},"geometry":{"type":"MultiPolygon","coordinates":[[[[-71.769885,48.555869],[-71.76957,48.555751],[-71.769885,48.555513],[-71.770226,48.555566],[-71.770477,48.554294],[-71.770882,48.554145],[-71.770585,48.55562],[-71.770334,48.555864],[-71.769885,48.555869]]],[[[-71.768986,48.556202],[-71.769516,48.555792],[-71.769696,48.555869],[-71.769166,48.556274],[-71.768986,48.556202]]]]}},{"type":"Feature","properties":{"owner1":"COTE LOUISE","owner2":"COTE LYNDA","matricule":"1075-56-0681","street":"DOMAINE-GRANDMONT","civicLow":"27","civicHigh":"0","valueLand":"46800","valueBuilding":"64000","valueTotal":"110800","mailAddr":"200 RUE BOULANGER OUEST","mailCity":null,"mun":null},"geometry":{"type":"MultiPolygon","coordinates":[[[[-71.776325,48.512952],[-71.776056,48.512285],[-71.776613,48.512601],[-71.776703,48.513023],[-71.776325,48.512952]]]]}},{"type":"Feature","properties":{"owner1":"S.I.A.L.","owner2":"S.I.A.L.","matricule":"1075-56-3250","street":"DOMAINE-GRANDMONT","civicLow":"0","civicHigh":"0","valueLand":"400","valueBuilding":"0","valueTotal":"400","mailAddr":"200 RUE BOULANGER OUEST","mailCity":null,"mun":null},"geometry":{"type":"MultiPolygon","coordinates":[[[[-71.776056,48.512285],[-71.776065,48.5125],[-71.77602,48.512381],[-71.776056,48.512285]]]]}},{"type":"Feature","properties":{"owner1":"LAROUCHE ANNIE","owner2":null,"matricule":"1073-73-8661","street":"TREMBLAY","civicLow":"134","civicHigh":"0","valueLand":"24600","valueBuilding":"224300","valueTotal":"248900","mailAddr":"134 RUE TREMBLAY","mailCity":null,"mun":null},"geometry":{"type":"MultiPolygon","coordinates":[[[[-71.771798,48.491911],[-71.772023,48.491596],[-71.772373,48.491834],[-71.772202,48.492042],[-71.771798,48.491911]]]]}},{"type":"Feature","properties":{"owner1":"PARADIS FREDERIC","owner2":"NERON PATRICIA","matricule":"1073-73-6636","street":"TREMBLAY","civicLow":"138","civicHigh":"0","valueLand":"27900","valueBuilding":"210500","valueTotal":"238400","mailAddr":"138 RUE TREMBLAY","mailCity":null,"mun":null},"geometry":{"type":"MultiPolygon","coordinates":[[[[-71.772023,48.491596],[-71.772148,48.491411],[-71.77266,48.491506],[-71.772606,48.491786],[-71.772373,48.491834],[-71.772023,48.491596]]]]}},{"type":"Feature","properties":{"owner1":"PEDNEAULT CHARLES","owner2":null,"matricule":"1072-26-6067","street":"RUISSEAU","civicLow":"1570","civicHigh":"1570","valueLand":"28700","valueBuilding":"164200","valueTotal":"192900","mailAddr":"220 AVENUE JACQUES-CARTIER","mailCity":null,"mun":null},"geometry":{"type":"MultiPolygon","coordinates":[[[[-71.779308,48.485416],[-71.779191,48.485707],[-71.778787,48.485636],[-71.778913,48.485344],[-71.779308,48.485416]]]]}},{"type":"Feature","properties":{"owner1":"BOUCHARD MARJOLAINE","owner2":null,"matricule":"1072-36-0453","street":"RUISSEAU","civicLow":"1566","civicHigh":"0","valueLand":"31900","valueBuilding":"122200","valueTotal":"154100","mailAddr":"1566 CHEMIN DU RUISSEAU","mailCity":null,"mun":null},"geometry":{"type":"MultiPolygon","coordinates":[[[[-71.778913,48.485344],[-71.778805,48.485606],[-71.778005,48.485463],[-71.778113,48.485201],[-71.778913,48.485344]]]]}},{"type":"Feature","properties":{"owner1":"FORTIN PAQUERETTE","owner2":null,"matricule":"1080-04-6166","street":"BOCAGE","civicLow":"20","civicHigh":"0","valueLand":"98700","valueBuilding":"321600","valueTotal":"420300","mailAddr":"20 CHEMIN DU BOCAGE","mailCity":null,"mun":null},"geometry":{"type":"MultiPolygon","coordinates":[[[[-71.782919,48.555554],[-71.782605,48.555596],[-71.782739,48.555257],[-71.783314,48.555542],[-71.784231,48.555614],[-71.784536,48.555834],[-71.782919,48.555554]]]]}},{"type":"Feature","properties":{"owner1":"SIMARD DORELIEN","owner2":null,"matricule":"1078-78-1294","street":"RANCH","civicLow":"0","civicHigh":"0","valueLand":"2400","valueBuilding":"0","valueTotal":"2400","mailAddr":"391 RANG DES ILES","mailCity":null,"mun":null},"geometry":{"type":"MultiPolygon","coordinates":[[[[-71.774556,48.541217],[-71.774331,48.541764],[-71.773819,48.541681],[-71.773846,48.541609],[-71.774241,48.541675],[-71.774439,48.541199],[-71.774556,48.541217]]]]}},{"type":"Feature","properties":{"owner1":"FORTIN JEAN-DANIEL","owner2":"LEDOUX-HEBERT PASCALE","matricule":"1074-03-5883","street":"POINTE-DU-LAC","civicLow":"36","civicHigh":"0","valueLand":"89800","valueBuilding":"87700","valueTotal":"177500","mailAddr":"1665 RUE SAINT-MALO","mailCity":null,"mun":null},"geometry":{"type":"MultiPolygon","coordinates":[[[[-71.781949,48.500965],[-71.781545,48.500775],[-71.781697,48.500596],[-71.782802,48.501031],[-71.782614,48.501233],[-71.781949,48.500965]]]]}},{"type":"Feature","properties":{"owner1":"FORTIER JACINTHE","owner2":null,"matricule":"1074-03-9991","street":"POINTE-DU-LAC","civicLow":"42","civicHigh":"0","valueLand":"55200","valueBuilding":"163500","valueTotal":"218700","mailAddr":"42 CHEMIN DE LA POINTE-DU-LAC","mailCity":null,"mun":null},"geometry":{"type":"MultiPolygon","coordinates":[[[[-71.781913,48.501001],[-71.78176,48.501174],[-71.781329,48.501007],[-71.781545,48.500775],[-71.781913,48.501001]]]]}},{"type":"Feature","properties":{"owner1":"GIRARD CHARLES-ANTOINE","owner2":"SIMARD PIERETTE","matricule":"1074-04-5715","street":"POINTE-DU-LAC","civicLow":"38","civicHigh":"0","valueLand":"70900","valueBuilding":"263000","valueTotal":"333900","mailAddr":"38 CHEMIN DE LA POINTE-DU-LAC","mailCity":null,"mun":null},"geometry":{"type":"MultiPolygon","coordinates":[[[[-71.782614,48.501233],[-71.782434,48.501442],[-71.78176,48.501174],[-71.781949,48.500965],[-71.782614,48.501233]]]]}},{"type":"Feature","properties":{"owner1":"GIRARD LYNA","owner2":null,"matricule":"1074-04-7039","street":"POINTE-DU-LAC","civicLow":"48","civicHigh":"0","valueLand":"76000","valueBuilding":"235800","valueTotal":"311800","mailAddr":"48 CHEMIN DE LA POINTE-DU-LAC","mailCity":null,"mun":null},"geometry":{"type":"MultiPolygon","coordinates":[[[[-71.782434,48.501442],[-71.782111,48.501745],[-71.781814,48.501549],[-71.781877,48.501483],[-71.781527,48.501382],[-71.781715,48.501192],[-71.782434,48.501442]]]]}},{"type":"Feature","properties":{"owner1":"DUCHESNE MARC","owner2":"BERGERON LISA","matricule":"1074-14-2679","street":"POINTE-DU-LAC","civicLow":"58","civicHigh":"0","valueLand":"91800","valueBuilding":"207600","valueTotal":"299400","mailAddr":"1142 CHEMIN VILLEBOIS","mailCity":null,"mun":null},"geometry":{"type":"MultiPolygon","coordinates":[[[[-71.780736,48.501703],[-71.780655,48.50143],[-71.781913,48.501912],[-71.78159,48.502108],[-71.780736,48.501703]]]]}},{"type":"Feature","properties":{"owner1":"PAGE MICHEL","owner2":"GOBEIL LYNE","matricule":"1075-88-1942","street":"DOMAINE-GRANDMONT","civicLow":"125","civicHigh":"0","valueLand":"45900","valueBuilding":"132600","valueTotal":"178500","mailAddr":"125 CHEMIN DU DOMAINE-GRANDMONT","mailCity":null,"mun":null},"geometry":{"type":"MultiPolygon","coordinates":[[[[-71.772544,48.513946],[-71.772319,48.514475],[-71.771843,48.514386],[-71.772094,48.513791],[-71.772544,48.513946]]]]}},{"type":"Feature","properties":{"owner1":"SLIGER GUYLAINE","owner2":null,"matricule":"1075-88-5228","street":"DOMAINE-GRANDMONT","civicLow":"121","civicHigh":"0","valueLand":"51100","valueBuilding":"195800","valueTotal":"246900","mailAddr":"121 CHEMIN DU DOMAINE-GRANDMONT","mailCity":null,"mun":null},"geometry":{"type":"MultiPolygon","coordinates":[[[[-71.772094,48.513791],[-71.771843,48.514386],[-71.771403,48.514303],[-71.77169,48.513654],[-71.772094,48.513791]]]]}},{"type":"Feature","properties":{"owner1":"MURRAY CARL","owner2":"NERON NATHALIE","matricule":"1075-88-8213","street":"DOMAINE-GRANDMONT","civicLow":"117","civicHigh":"0","valueLand":"53200","valueBuilding":"323800","valueTotal":"377000","mailAddr":"117 CHEMIN DU DOMAINE-GRANDMONT","mailCity":null,"mun":null},"geometry":{"type":"MultiPolygon","coordinates":[[[[-71.77169,48.513654],[-71.771403,48.514303],[-71.771034,48.514231],[-71.771214,48.513493],[-71.77169,48.513654]]]]}},{"type":"Feature","properties":{"owner1":"TREMBLAY CARL","owner2":null,"matricule":"1075-98-1502","street":"DOMAINE-GRANDMONT","civicLow":"0","civicHigh":"0","valueLand":"43200","valueBuilding":"0","valueTotal":"43200","mailAddr":"2600 DU PLUVIER","mailCity":null,"mun":null},"geometry":{"type":"MultiPolygon","coordinates":[[[[-71.771214,48.513493],[-71.771034,48.514231],[-71.770576,48.514136],[-71.770774,48.513345],[-71.771214,48.513493]]]]}},{"type":"Feature","properties":{"owner1":"STRUTT KYLE","owner2":"BOUCHARD MARIE-EVE","matricule":"1079-12-5322","street":"QUAI","civicLow":"108","civicHigh":"110","valueLand":"44400","valueBuilding":"91800","valueTotal":"136200","mailAddr":"1430 RUE LEVEILLEE","mailCity":null,"mun":null},"geometry":{"type":"MultiPolygon","coordinates":[[[[-71.782236,48.544755],[-71.781617,48.54444],[-71.781643,48.54425],[-71.782362,48.544244],[-71.782236,48.544755]]]]}},{"type":"Feature","properties":{"owner1":"GAUDREAULT LOLA","owner2":null,"matricule":"1079-12-7048","street":"QUAI","civicLow":"102","civicHigh":"104","valueLand":"50700","valueBuilding":"109300","valueTotal":"160000","mailAddr":"102 CHEMIN DU QUAI","mailCity":null,"mun":null},"geometry":{"type":"MultiPolygon","coordinates":[[[[-71.781787,48.544952],[-71.781221,48.544458],[-71.781266,48.54422],[-71.781643,48.54425],[-71.781617,48.54444],[-71.782093,48.544755],[-71.781994,48.545326],[-71.781787,48.544952]]]]}},{"type":"Feature","properties":{"owner1":"TRUCHON GERALD","owner2":null,"matricule":"1372-45-1375","street":"4","civicLow":"0","civicHigh":"0","valueLand":"120300","valueBuilding":"0","valueTotal":"120300","mailAddr":"385 ROUTE DU LAC OUEST","mailCity":null,"mun":null},"geometry":{"type":"MultiPolygon","coordinates":[[[[-71.737195,48.480188],[-71.738246,48.477603],[-71.739198,48.477782],[-71.738956,48.478359],[-71.739809,48.478514],[-71.739917,48.478538],[-71.74015,48.47796],[-71.740573,48.478038],[-71.734796,48.492048],[-71.732434,48.491619],[-71.737195,48.480188]]]]}},{"type":"Feature","properties":{"owner1":"FERME DOMAINE CEREALES S.E.N.C.","owner2":null,"matricule":"1376-20-6908","street":"5","civicLow":"0","civicHigh":"0","valueLand":"313000","valueBuilding":"69400","valueTotal":"382400","mailAddr":"10 CHEMIN DE QUEN","mailCity":null,"mun":null},"geometry":{"type":"MultiPolygon","coordinates":[[[[-71.733817,48.522841],[-71.732946,48.522681],[-71.736386,48.513583],[-71.738587,48.508197],[-71.739935,48.508441],[-71.739845,48.508679],[-71.741929,48.50906],[-71.742019,48.508822],[-71.743348,48.509066],[-71.743016,48.509887],[-71.743393,48.509941],[-71.743456,48.50978],[-71.743869,48.509857],[-71.74413,48.509215],[-71.74537,48.509578],[-71.744274,48.512089],[-71.740078,48.522937],[-71.738488,48.522645],[-71.738084,48.523633],[-71.733817,48.522841]]]]}},{"type":"Feature","properties":{"owner1":"CLAVEAU CAROLINE","owner2":"CORRIVEAU ERIC","matricule":"1073-76-6258","street":"MURRAY","civicLow":"104","civicHigh":"0","valueLand":"18000","valueBuilding":"134300","valueTotal":"152300","mailAddr":"104 RUE MURRAY","mailCity":null,"mun":null},"geometry":{"type":"MultiPolygon","coordinates":[[[[-71.772732,48.494489],[-71.772624,48.494632],[-71.772238,48.494542],[-71.772364,48.49437],[-71.772732,48.494489]]]]}},{"type":"Feature","properties":{"owner1":"CLAVEAU SIMON","owner2":null,"matricule":"1073-76-7279","street":"MURRAY","civicLow":"100","civicHigh":"0","valueLand":"21300","valueBuilding":"115100","valueTotal":"136400","mailAddr":"100 RUE MURRAY","mailCity":null,"mun":null},"geometry":{"type":"MultiPolygon","coordinates":[[[[-71.772624,48.494632],[-71.772472,48.494846],[-71.772076,48.494775],[-71.772238,48.494542],[-71.772624,48.494632]]]]}},{"type":"Feature","properties":{"owner1":"SAINT-LAURENT BERTRANDE","owner2":null,"matricule":"1073-77-8302","street":"LEVESQUE","civicLow":"135","civicHigh":"0","valueLand":"19400","valueBuilding":"98300","valueTotal":"117700","mailAddr":"135 RUE LEVESQUE","mailCity":null,"mun":null},"geometry":{"type":"MultiPolygon","coordinates":[[[[-71.772472,48.494846],[-71.772346,48.495037],[-71.771942,48.494965],[-71.772076,48.494775],[-71.772472,48.494846]]]]}},{"type":"Feature","properties":{"owner1":"MINISTERE DE L'ENERGIE ET RESSOURCES","owner2":null,"matricule":"0878-59-6170","street":"LAC-ST-JEAN","civicLow":"0","civicHigh":"0","valueLand":"500","valueBuilding":"0","valueTotal":"500","mailAddr":"5700 4IEME AVENUE OUEST","mailCity":null,"mun":null},"geometry":{"type":"MultiPolygon","coordinates":[[[[-71.803473,48.542073],[-71.803329,48.542061],[-71.803464,48.54177],[-71.80367,48.541913],[-71.803473,48.542073]]]]}},{"type":"Feature","properties":{"owner1":"MINISTERE DE L'ENERGIE ET RESSOURCES","owner2":null,"matricule":"0879-00-5585","street":"LAC-ST-JEAN","civicLow":"0","civicHigh":"0","valueLand":"500","valueBuilding":"0","valueTotal":"500","mailAddr":"5700 4IEME AVENUE OUEST","mailCity":null,"mun":null},"geometry":{"type":"MultiPolygon","coordinates":[[[[-71.810614,48.543126],[-71.810363,48.542953],[-71.810003,48.543049],[-71.809878,48.542959],[-71.81012,48.542811],[-71.810425,48.542823],[-71.810857,48.543096],[-71.810614,48.543126]]]]}},{"type":"Feature","properties":{"owner1":"MINISTERE DE L'ENERGIE ET RESSOURCES","owner2":null,"matricule":"0879-65-2133","street":"LAC-ST-JEAN","civicLow":"0","civicHigh":"0","valueLand":"2000","valueBuilding":"0","valueTotal":"2000","mailAddr":"5700 4IEME AVENUE OUEST","mailCity":null,"mun":null},"geometry":{"type":"MultiPolygon","coordinates":[[[[-71.802799,48.548008],[-71.802718,48.547818],[-71.801811,48.547717],[-71.801505,48.547467],[-71.800894,48.547521],[-71.800742,48.547646],[-71.800346,48.547527],[-71.800149,48.547616],[-71.799951,48.547241],[-71.79952,48.547164],[-71.800436,48.546879],[-71.80129,48.546444],[-71.801685,48.546076],[-71.801748,48.545374],[-71.80296,48.545642],[-71.803347,48.5456],[-71.803931,48.546082],[-71.804245,48.545951],[-71.804371,48.546064],[-71.804182,48.546099],[-71.804092,48.546284],[-71.804613,48.546605],[-71.804721,48.546783],[-71.805,48.546867],[-71.805242,48.547194],[-71.804586,48.547878],[-71.804083,48.548151],[-71.803859,48.548692],[-71.803697,48.548758],[-71.802808,48.548514],[-71.802799,48.548008]]]]}},{"type":"Feature","properties":{"owner1":"MINISTERE DE L'ENERGIE ET RESSOURCES","owner2":null,"matricule":"0879-35-2960","street":"LAC-ST-JEAN","civicLow":"0","civicHigh":"0","valueLand":"1000","valueBuilding":"0","valueTotal":"1000","mailAddr":"5700 4IEME AVENUE OUEST","mailCity":null,"mun":null},"geometry":{"type":"MultiPolygon","coordinates":[[[[-71.808099,48.546914],[-71.807515,48.547313],[-71.807281,48.547188],[-71.806976,48.547259],[-71.806823,48.547396],[-71.807093,48.547652],[-71.807192,48.548074],[-71.806967,48.548288],[-71.806437,48.5483],[-71.806158,48.547681],[-71.805817,48.547634],[-71.806536,48.547116],[-71.80659,48.546801],[-71.806464,48.546664],[-71.806608,48.546373],[-71.807434,48.546385],[-71.807443,48.546581],[-71.807614,48.546688],[-71.808036,48.546694],[-71.808099,48.546914]]]]}},{"type":"Feature","properties":{"owner1":"MINISTERE DE L'ENERGIE ET RESSOURCES","owner2":null,"matricule":"0779-87-7005","street":"LAC-ST-JEAN","civicLow":"0","civicHigh":"0","valueLand":"3000","valueBuilding":"0","valueTotal":"3000","mailAddr":"5700 4IEME AVENUE OUEST","mailCity":null,"mun":null},"geometry":{"type":"MultiPolygon","coordinates":[[[[-71.81039,48.547063],[-71.810551,48.54676],[-71.810497,48.546218],[-71.810291,48.545838],[-71.811189,48.545535],[-71.811396,48.545231],[-71.811935,48.545487],[-71.811845,48.545814],[-71.812007,48.545921],[-71.811998,48.546236],[-71.812788,48.546783],[-71.81348,48.546914],[-71.814019,48.547325],[-71.814737,48.547313],[-71.814881,48.547812],[-71.814594,48.548038],[-71.813848,48.547866],[-71.813821,48.548205],[-71.814576,48.548276],[-71.81542,48.548532],[-71.816426,48.549043],[-71.817127,48.549263],[-71.816938,48.549644],[-71.816956,48.549864],[-71.8171,48.549882],[-71.816947,48.549929],[-71.817109,48.550072],[-71.816768,48.550078],[-71.815797,48.550708],[-71.815438,48.550607],[-71.814737,48.550869],[-71.81471,48.550756],[-71.81418,48.550607],[-71.813839,48.550292],[-71.813237,48.550274],[-71.813085,48.550381],[-71.812303,48.550007],[-71.811683,48.549364],[-71.811863,48.548906],[-71.811656,48.548597],[-71.811423,48.54849],[-71.811468,48.548347],[-71.811081,48.548538],[-71.811225,48.548782],[-71.811494,48.548746],[-71.811521,48.548823],[-71.811315,48.549376],[-71.811063,48.549406],[-71.810443,48.549257],[-71.809895,48.548567],[-71.809222,48.548413],[-71.808809,48.548163],[-71.809815,48.547967],[-71.810264,48.547521],[-71.810228,48.5472],[-71.81039,48.547063]]]]}},{"type":"Feature","properties":{"owner1":"GAGNON LEONCE","owner2":null,"matricule":"1075-96-7812","street":"DOMAINE-GRANDMONT","civicLow":"0","civicHigh":"0","valueLand":"100","valueBuilding":"0","valueTotal":"100","mailAddr":"396 RUE DE QUEN","mailCity":null,"mun":null},"geometry":{"type":"MultiPolygon","coordinates":[[[[-71.770208,48.512077],[-71.769795,48.512143],[-71.77019,48.512065],[-71.770208,48.512077]]]]}},{"type":"Feature","properties":{"owner1":"MUNICIPALITE DE SAINT-GEDEON","owner2":null,"matricule":"1075-94-8273","street":"DE QUEN","civicLow":"0","civicHigh":"0","valueLand":"800","valueBuilding":"0","valueTotal":"800","mailAddr":"208 RUE DE QUEN","mailCity":null,"mun":null},"geometry":{"type":"MultiPolygon","coordinates":[[[[-71.769965,48.510804],[-71.769867,48.510917],[-71.76992,48.510798],[-71.769965,48.510804]]]]}},{"type":"Feature","properties":{"owner1":"SIMARD GASTON","owner2":"LABRECQUE MANON","matricule":"1074-24-5699","street":"POINTE-DU-LAC","civicLow":"99","civicHigh":"0","valueLand":"48800","valueBuilding":"119700","valueTotal":"168500","mailAddr":"99 CHEMIN DE LA POINTE-DU-LAC","mailCity":null,"mun":null},"geometry":{"type":"MultiPolygon","coordinates":[[[[-71.779245,48.501959],[-71.779577,48.501834],[-71.779784,48.502013],[-71.779488,48.502168],[-71.779245,48.501959]]]]}},{"type":"Feature","properties":{"owner1":"GUERIN LOUIS","owner2":"FOURNIER DANIELLE","matricule":"1080-26-7869","street":"DOMAINE-DES-CEDRES","civicLow":"12","civicHigh":"0","valueLand":"196000","valueBuilding":"150600","valueTotal":"346600","mailAddr":"12 CHEMIN DU DOMAINE-DES-CEDRES","mailCity":null,"mun":null},"geometry":{"type":"MultiPolygon","coordinates":[[[[-71.780503,48.557623],[-71.77982,48.557439],[-71.780044,48.557243],[-71.781563,48.557457],[-71.781626,48.557612],[-71.780503,48.557623]]]]}},{"type":"Feature","properties":{"owner1":"SIMARD SYLVAIN","owner2":"BEAUDRY JULIE","matricule":"1073-85-0065","street":"LAROUCHE","civicLow":"112","civicHigh":"0","valueLand":"20800","valueBuilding":"143700","valueTotal":"164500","mailAddr":"112 RUE LAROUCHE","mailCity":null,"mun":null},"geometry":{"type":"MultiPolygon","coordinates":[[[[-71.772202,48.493632],[-71.772067,48.493828],[-71.771672,48.493751],[-71.771834,48.493519],[-71.772202,48.493632]]]]}},{"type":"Feature","properties":{"owner1":"THERIAULT GHISLAIN","owner2":"JULIEN NATHALIE","matricule":"1073-85-2855","street":"TREMBLAY","civicLow":"109","civicHigh":"0","valueLand":"22000","valueBuilding":"143300","valueTotal":"165300","mailAddr":"109 RUE TREMBLAY","mailCity":null,"mun":null},"geometry":{"type":"MultiPolygon","coordinates":[[[[-71.771825,48.49353],[-71.771672,48.493751],[-71.771277,48.493679],[-71.771457,48.493417],[-71.771825,48.49353]]]]}},{"type":"Feature","properties":{"owner1":"IMBEAU FRANCE","owner2":null,"matricule":"1180-53-8139","street":"GOLF","civicLow":"44","civicHigh":"0","valueLand":"72800","valueBuilding":"48600","valueTotal":"121400","mailAddr":"4660 ROUTE SAINT-LEONARD","mailCity":null,"mun":null},"geometry":{"type":"MultiPolygon","coordinates":[[[[-71.763246,48.554472],[-71.762968,48.55496],[-71.762599,48.554841],[-71.762833,48.554419],[-71.763246,48.554472]]]]}},{"type":"Feature","properties":{"owner1":"S.I.A.L.","owner2":"S.I.A.L.","matricule":"1074-39-3196","street":"BERNACHES","civicLow":"0","civicHigh":"0","valueLand":"35400","valueBuilding":"0","valueTotal":"35400","mailAddr":"260 AVENUE CHARLES-PELLETIER","mailCity":null,"mun":null},"geometry":{"type":"MultiPolygon","coordinates":[[[[-71.778526,48.506286],[-71.77894,48.506554],[-71.778589,48.506608],[-71.778526,48.506286]]]]}},{"type":"Feature","properties":{"owner1":"ASSOCIATION DES PROPRIETAIRES DE CHALETS","owner2":null,"matricule":"1078-31-5183","street":"BOIS-DE-GRANDMONT","civicLow":"0","civicHigh":"0","valueLand":"2900","valueBuilding":"0","valueTotal":"2900","mailAddr":"27 CHEMIN DU BOIS-DE-GRANDMONT","mailCity":null,"mun":null},"geometry":{"type":"MultiPolygon","coordinates":[[[[-71.779074,48.535263],[-71.778922,48.534864],[-71.779272,48.535299],[-71.779074,48.535263]]]]}},{"type":"Feature","properties":{"owner1":"S.I.A.L.","owner2":null,"matricule":"1076-61-5424","street":"ETANG","civicLow":"0","civicHigh":"0","valueLand":"11400","valueBuilding":"0","valueTotal":"11400","mailAddr":"1655 RUE POWELL","mailCity":null,"mun":null},"geometry":{"type":"MultiPolygon","coordinates":[[[[-71.774565,48.516606],[-71.774601,48.516832],[-71.774448,48.516814],[-71.774385,48.516451],[-71.774565,48.516606]]]]}},{"type":"Feature","properties":{"owner1":"GAUTHIER CAROLINE","owner2":null,"matricule":"1077-35-8392","street":"CROIX","civicLow":"0","civicHigh":"0","valueLand":"44700","valueBuilding":"0","valueTotal":"44700","mailAddr":"43 ALLEE DU LEVANT 83130","mailCity":null,"mun":null},"geometry":{"type":"MultiPolygon","coordinates":[[[[-71.77929,48.529594],[-71.779002,48.53029],[-71.7777,48.530046],[-71.777987,48.529356],[-71.77929,48.529594]]]]}},{"type":"Feature","properties":{"owner1":"TREMBLAY FABIEN","owner2":"GODIN-BARRETTE ANNIE","matricule":"0977-95-4826","street":"ADELARD-GAUTHIER","civicLow":"0","civicHigh":"0","valueLand":"6200","valueBuilding":"0","valueTotal":"6200","mailAddr":"47 CHEMIN ADELARD-GAUTHIER","mailCity":null,"mun":null},"geometry":{"type":"MultiPolygon","coordinates":[[[[-71.784276,48.528892],[-71.78485,48.529005],[-71.784482,48.52935],[-71.784015,48.529528],[-71.784276,48.528892]]]]}},{"type":"Feature","properties":{"owner1":"JOMPHE PATRICK","owner2":null,"matricule":"1073-84-4786","street":"TREMBLAY","civicLow":"118","civicHigh":"0","valueLand":"23500","valueBuilding":"252600","valueTotal":"276100","mailAddr":"118 RUE TREMBLAY","mailCity":null,"mun":null},"geometry":{"type":"MultiPolygon","coordinates":[[[[-71.771007,48.493036],[-71.771178,48.492792],[-71.771591,48.492917],[-71.771421,48.493161],[-71.771007,48.493036]]]]}},{"type":"Feature","properties":{"owner1":"GODERRE MELISSA","owner2":null,"matricule":"1073-64-7308","street":"LAROUCHE","civicLow":"141","civicHigh":"0","valueLand":"25400","valueBuilding":"207100","valueTotal":"232500","mailAddr":"141 RUE LAROUCHE","mailCity":null,"mun":null},"geometry":{"type":"MultiPolygon","coordinates":[[[[-71.773334,48.492352],[-71.773541,48.492072],[-71.773936,48.492125],[-71.773702,48.492465],[-71.773334,48.492352]]]]}},{"type":"Feature","properties":{"owner1":"LAROUCHE STYVE","owner2":"MALTAIS MELISSA","matricule":"1175-07-4102","street":"DOMAINE-GRANDMONT","civicLow":"7","civicHigh":"0","valueLand":"43800","valueBuilding":"332700","valueTotal":"376500","mailAddr":"7 CHEMIN DU DOMAINE-GRANDMONT","mailCity":null,"mun":null},"geometry":{"type":"MultiPolygon","coordinates":[[[[-71.769337,48.513255],[-71.769211,48.513327],[-71.768789,48.512666],[-71.769112,48.512482],[-71.769355,48.512863],[-71.769687,48.512976],[-71.769337,48.513255]]]]}},{"type":"Feature","properties":{"owner1":"DORE ISABELLE","owner2":null,"matricule":"1075-78-4669","street":"DOMAINE-GRANDMONT","civicLow":"213","civicHigh":"0","valueLand":"48100","valueBuilding":"173000","valueTotal":"221100","mailAddr":"213 CHEMIN DU DOMAINE-GRANDMONT","mailCity":null,"mun":null},"geometry":{"type":"MultiPolygon","coordinates":[[[[-71.773262,48.514636],[-71.772849,48.514577],[-71.773065,48.514089],[-71.773541,48.514214],[-71.773397,48.514618],[-71.773262,48.514636]]]]}},{"type":"Feature","properties":{"owner1":"MURRAY ANDRE","owner2":null,"matricule":"1076-61-7047","street":"ETANG","civicLow":"103","civicHigh":"0","valueLand":"35600","valueBuilding":"65000","valueTotal":"100600","mailAddr":"103 CHEMIN DE L'ETANG","mailCity":null,"mun":null},"geometry":{"type":"MultiPolygon","coordinates":[[[[-71.774116,48.516927],[-71.774169,48.516784],[-71.774448,48.516814],[-71.774475,48.516992],[-71.774116,48.516927]]]]}},{"type":"Feature","properties":{"owner1":"TURCOTTE J. ARTHUR","owner2":null,"matricule":"1076-61-9717","street":"ETANG","civicLow":"105","civicHigh":"0","valueLand":"112000","valueBuilding":"274800","valueTotal":"386800","mailAddr":"105 CHEMIN DE L'ETANG","mailCity":null,"mun":null},"geometry":{"type":"MultiPolygon","coordinates":[[[[-71.774035,48.516915],[-71.773442,48.516778],[-71.773379,48.516582],[-71.773568,48.516385],[-71.774349,48.516368],[-71.774448,48.516814],[-71.774169,48.516784],[-71.774035,48.516915]]]]}},{"type":"Feature","properties":{"owner1":"FORTIN GHISLAIN","owner2":null,"matricule":"0970-59-1804","street":"BELLE-RIVIERE","civicLow":"1303","civicHigh":"0","valueLand":"63200","valueBuilding":"89200","valueTotal":"152400","mailAddr":"112 RUE DU MEUNIER","mailCity":null,"mun":null},"geometry":{"type":"MultiPolygon","coordinates":[[[[-71.79157,48.47085],[-71.791884,48.471797],[-71.787743,48.471052],[-71.787563,48.471284],[-71.78724,48.470999],[-71.787429,48.47079],[-71.787447,48.47048],[-71.787159,48.470522],[-71.786836,48.470046],[-71.786288,48.470064],[-71.786135,48.469676],[-71.786108,48.469033],[-71.786566,48.467443],[-71.791246,48.46836],[-71.791157,48.468735],[-71.791417,48.469587],[-71.791237,48.469676],[-71.790788,48.469605],[-71.790618,48.469706],[-71.790618,48.470546],[-71.790977,48.470838],[-71.79139,48.470725],[-71.79157,48.47085]]]]}},{"type":"Feature","properties":{"owner1":"NADEAU MARIE-BERTHE","owner2":null,"matricule":"1074-60-2622","street":"DE QUEN","civicLow":"153","civicHigh":"0","valueLand":"35800","valueBuilding":"105800","valueTotal":"141600","mailAddr":"153 RUE DE QUEN","mailCity":null,"mun":null},"geometry":{"type":"MultiPolygon","coordinates":[[[[-71.774897,48.497692],[-71.774744,48.497989],[-71.773873,48.497834],[-71.774125,48.497519],[-71.774897,48.497692]]]]}},{"type":"Feature","properties":{"owner1":"ROY SABIN","owner2":"ASSELIN AUDREY","matricule":"1077-25-9341","street":"BOISE","civicLow":"33","civicHigh":"0","valueLand":"43900","valueBuilding":"200800","valueTotal":"244700","mailAddr":"33 CHEMIN DU BOISE","mailCity":null,"mun":null},"geometry":{"type":"MultiPolygon","coordinates":[[[[-71.780053,48.529047],[-71.779757,48.529689],[-71.779371,48.529612],[-71.779622,48.529053],[-71.780053,48.529047]]]]}},{"type":"Feature","properties":{"owner1":"LEGAULT PHILLIPPE","owner2":null,"matricule":"1073-43-2468","street":"DE QUEN","civicLow":"286","civicHigh":"0","valueLand":"27600","valueBuilding":"224400","valueTotal":"252000","mailAddr":"286 RUE DE QUEN","mailCity":null,"mun":null},"geometry":{"type":"MultiPolygon","coordinates":[[[[-71.776667,48.491965],[-71.776829,48.491643],[-71.777305,48.491727],[-71.777143,48.492048],[-71.776667,48.491965]]]]}},{"type":"Feature","properties":{"owner1":"S.I.A.L.","owner2":null,"matricule":"1079-37-3722","street":"ILES","civicLow":"0","civicHigh":"0","valueLand":"10600","valueBuilding":"0","valueTotal":"10600","mailAddr":"266 RANG DES ILES","mailCity":null,"mun":null},"geometry":{"type":"MultiPolygon","coordinates":[[[[-71.779532,48.54899],[-71.779532,48.548877],[-71.779802,48.549013],[-71.779532,48.54899]]]]}},{"type":"Feature","properties":{"owner1":"AUDY DANIEL","owner2":null,"matricule":"1073-21-5903","street":"DE QUEN","civicLow":"345","civicHigh":"0","valueLand":"42500","valueBuilding":"93200","valueTotal":"135700","mailAddr":"345 RUE DE QUEN","mailCity":null,"mun":null},"geometry":{"type":"MultiPolygon","coordinates":[[[[-71.778553,48.489518],[-71.778787,48.489178],[-71.77929,48.489268],[-71.779479,48.489024],[-71.779667,48.489059],[-71.779461,48.489691],[-71.778553,48.489518]]]]}},{"type":"Feature","properties":{"owner1":"AUDET GHISLAIN","owner2":null,"matricule":"1073-21-9428","street":"DE QUEN","civicLow":"341","civicHigh":"0","valueLand":"20800","valueBuilding":"99700","valueTotal":"120500","mailAddr":"341 RUE DE QUEN","mailCity":null,"mun":null},"geometry":{"type":"MultiPolygon","coordinates":[[[[-71.778922,48.489643],[-71.778832,48.489827],[-71.778436,48.489738],[-71.778553,48.489518],[-71.778922,48.489643]]]]}},{"type":"Feature","properties":{"owner1":"GAGNON DOMINIQUE","owner2":null,"matricule":"1073-31-0353","street":"DE QUEN","civicLow":"335","civicHigh":"337","valueLand":"31300","valueBuilding":"94200","valueTotal":"125500","mailAddr":"625 5E RANG","mailCity":null,"mun":null},"geometry":{"type":"MultiPolygon","coordinates":[[[[-71.778832,48.489827],[-71.778706,48.49006],[-71.77832,48.48997],[-71.778436,48.489738],[-71.778832,48.489827]]]]}},{"type":"Feature","properties":{"owner1":"SIMARD DANY","owner2":null,"matricule":"1073-21-7452","street":"PLAGE","civicLow":"103","civicHigh":"109","valueLand":"25500","valueBuilding":"164600","valueTotal":"190100","mailAddr":"319 3IEME CHEMIN","mailCity":null,"mun":null},"geometry":{"type":"MultiPolygon","coordinates":[[[[-71.779245,48.489702],[-71.779029,48.490113],[-71.778706,48.49006],[-71.778922,48.489643],[-71.779245,48.489702]]]]}},{"type":"Feature","properties":{"owner1":"S.I.A.L.","owner2":null,"matricule":"1077-10-8980","street":"ADELARD-GAUTHIER","civicLow":"0","civicHigh":"0","valueLand":"87800","valueBuilding":"0","valueTotal":"87800","mailAddr":"1655 RUE POWELL","mailCity":null,"mun":null},"geometry":{"type":"MultiPolygon","coordinates":[[[[-71.780727,48.525144],[-71.780628,48.525203],[-71.780251,48.525078],[-71.78008,48.525233],[-71.779658,48.525191],[-71.779856,48.525013],[-71.780125,48.525108],[-71.780287,48.524924],[-71.781185,48.525186],[-71.781823,48.525798],[-71.781239,48.525429],[-71.780943,48.525364],[-71.780961,48.525239],[-71.780727,48.525144]]]]}},{"type":"Feature","properties":{"owner1":"TREMBLAY FABIEN","owner2":"GODIN-BARRETTE ANNIE","matricule":"0977-95-0238","street":"ADELARD-GAUTHIER","civicLow":"47","civicHigh":"0","valueLand":"73000","valueBuilding":"265800","valueTotal":"338800","mailAddr":"47 CHEMIN ADELARD-GAUTHIER","mailCity":null,"mun":null},"geometry":{"type":"MultiPolygon","coordinates":[[[[-71.784868,48.529612],[-71.784617,48.529713],[-71.783943,48.5296],[-71.784078,48.529457],[-71.784482,48.52935],[-71.78485,48.529005],[-71.78583,48.529207],[-71.785632,48.529677],[-71.785291,48.529463],[-71.784868,48.529612]]]]}},{"type":"Feature","properties":{"owner1":"CLUB DE LA PLAGE","owner2":null,"matricule":"1077-03-5356","street":"ADELARD-GAUTHIER","civicLow":"211","civicHigh":"0","valueLand":"454400","valueBuilding":"399600","valueTotal":"854000","mailAddr":"1820 RUE BELLO","mailCity":null,"mun":null},"geometry":{"type":"MultiPolygon","coordinates":[[[[-71.781266,48.528243],[-71.781832,48.527381],[-71.781823,48.525769],[-71.782407,48.525804],[-71.783449,48.526899],[-71.784078,48.527226],[-71.784563,48.527202],[-71.784886,48.527803],[-71.784554,48.528059],[-71.784042,48.528017],[-71.784033,48.528226],[-71.783377,48.528648],[-71.781266,48.528243]]]]}},{"type":"Feature","properties":{"owner1":"MINISTERE DE L'ENERGIE ET RESSOURCES","owner2":null,"matricule":"0980-30-9611","street":"LAC-ST-JEAN","civicLow":"0","civicHigh":"0","valueLand":"600","valueBuilding":"0","valueTotal":"600","mailAddr":"5700 4IEME AVENUE OUEST","mailCity":null,"mun":null},"geometry":{"type":"MultiPolygon","coordinates":[[[[-71.792378,48.551975],[-71.792208,48.551648],[-71.791875,48.551446],[-71.792504,48.550952],[-71.793097,48.551],[-71.793277,48.551249],[-71.792765,48.551386],[-71.792962,48.551547],[-71.792953,48.551838],[-71.792819,48.551814],[-71.792783,48.551903],[-71.792423,48.551838],[-71.792378,48.551975]]]]}},{"type":"Feature","properties":{"owner1":"DUCHESNE LISE","owner2":null,"matricule":"1076-55-4193","street":"CHENES","civicLow":"25","civicHigh":"0","valueLand":"194400","valueBuilding":"264600","valueTotal":"459000","mailAddr":"25 CHEMIN DES CHENES","mailCity":null,"mun":null},"geometry":{"type":"MultiPolygon","coordinates":[[[[-71.776586,48.520688],[-71.776559,48.521074],[-71.775688,48.521074],[-71.775885,48.520027],[-71.775768,48.520628],[-71.776586,48.520688]]]]}},{"type":"Feature","properties":{"owner1":"BLAIS GHISLAIN","owner2":null,"matricule":"1076-56-3943","street":"CHENES","civicLow":"23","civicHigh":"0","valueLand":"211000","valueBuilding":"187800","valueTotal":"398800","mailAddr":"3699 RUE DES COMPAGNONS, APP. 613","mailCity":null,"mun":null},"geometry":{"type":"MultiPolygon","coordinates":[[[[-71.77558,48.521503],[-71.775777,48.521396],[-71.775688,48.521074],[-71.776559,48.521074],[-71.776622,48.521443],[-71.775858,48.521645],[-71.77558,48.521503]]]]}},{"type":"Feature","properties":{"owner1":"S.I.A.L.","owner2":"S.I.A.L.","matricule":"1076-53-5283","street":"ETANG","civicLow":"216","civicHigh":"0","valueLand":"143400","valueBuilding":"112800","valueTotal":"256200","mailAddr":"2135 RUE DE CALAIS","mailCity":null,"mun":null},"geometry":{"type":"MultiPolygon","coordinates":[[[[-71.775589,48.518908],[-71.77549,48.518766],[-71.775993,48.518772],[-71.776218,48.519033],[-71.776155,48.519301],[-71.776011,48.519319],[-71.776047,48.51917],[-71.775589,48.518908]]]]}},{"type":"Feature","properties":{"owner1":"FERME ELOISE INC","owner2":null,"matricule":"1371-22-5609","street":"4","civicLow":"0","civicHigh":"0","valueLand":"234700","valueBuilding":"40900","valueTotal":"275600","mailAddr":"280 ROUTE DU LAC OUEST","mailCity":null,"mun":null},"geometry":{"type":"MultiPolygon","coordinates":[[[[-71.736907,48.467062],[-71.738956,48.462142],[-71.743896,48.463059],[-71.741471,48.469551],[-71.736907,48.467062]]],[[[-71.736575,48.476734],[-71.736413,48.476704],[-71.736306,48.476966],[-71.736207,48.476948],[-71.736341,48.476579],[-71.734877,48.476376],[-71.738327,48.468187],[-71.741336,48.469831],[-71.738183,48.477317],[-71.736943,48.477085],[-71.737051,48.476823],[-71.736575,48.476734]]]]}},{"type":"Feature","properties":{"owner1":"THIBEAULT ERIC","owner2":"BOIVIN KATIA","matricule":"1075-92-2508","street":"TOUR","civicLow":"1","civicHigh":"0","valueLand":"25000","valueBuilding":"243700","valueTotal":"268700","mailAddr":"633 RUE DEQUEN","mailCity":null,"mun":null},"geometry":{"type":"MultiPolygon","coordinates":[[[[-71.770927,48.508375],[-71.77081,48.508637],[-71.770316,48.508554],[-71.770441,48.508292],[-71.770927,48.508375]]]]}},{"type":"Feature","properties":{"owner1":"BEGIN LAROUCHE JULIE","owner2":null,"matricule":"1079-37-4249","street":"ILES","civicLow":"266","civicHigh":"0","valueLand":"122900","valueBuilding":"463100","valueTotal":"586000","mailAddr":"266 RANG DES ILES","mailCity":null,"mun":null},"geometry":{"type":"MultiPolygon","coordinates":[[[[-71.779775,48.549275],[-71.779721,48.549465],[-71.779191,48.549317],[-71.779416,48.548823],[-71.779532,48.54899],[-71.780062,48.549138],[-71.779775,48.549275]]]]}},{"type":"Feature","properties":{"owner1":"2553-7333 QUEBEC INC","owner2":null,"matricule":"1079-11-5860","street":"QUAI","civicLow":"12","civicHigh":"0","valueLand":"46600","valueBuilding":"58800","valueTotal":"105400","mailAddr":"11 RUE MELANCON EST","mailCity":null,"mun":null},"geometry":{"type":"MultiPolygon","coordinates":[[[[-71.781715,48.543572],[-71.782111,48.543596],[-71.782164,48.543435],[-71.78212,48.544202],[-71.781634,48.544167],[-71.781715,48.543572]]]]}},{"type":"Feature","properties":{"owner1":"TREMBLAY GUYLAINE","owner2":null,"matricule":"1074-04-9377","street":"POINTE-DU-LAC","civicLow":"54","civicHigh":"0","valueLand":"37600","valueBuilding":"87800","valueTotal":"125400","mailAddr":"54 CHEMIN DE LA POINTE-DU-LAC","mailCity":null,"mun":null},"geometry":{"type":"MultiPolygon","coordinates":[[[[-71.781446,48.501709],[-71.781527,48.501632],[-71.781994,48.501834],[-71.781913,48.501912],[-71.781446,48.501709]]]]}},{"type":"Feature","properties":{"owner1":"BERGERON VALERIE","owner2":null,"matricule":"1074-15-4019","street":"POINTE-DU-LAC","civicLow":"62","civicHigh":"0","valueLand":"46200","valueBuilding":"49700","valueTotal":"95900","mailAddr":"1878 RUE DES CAMELIAS","mailCity":null,"mun":null},"geometry":{"type":"MultiPolygon","coordinates":[[[[-71.780808,48.50209],[-71.780916,48.501971],[-71.781392,48.502209],[-71.781203,48.502317],[-71.780808,48.50209]]]]}},{"type":"Feature","properties":{"owner1":"SIMARD LANGIS","owner2":null,"matricule":"1074-15-5431","street":"POINTE-DU-LAC","civicLow":"64","civicHigh":"0","valueLand":"49100","valueBuilding":"223600","valueTotal":"272700","mailAddr":"6537 AVENUE LOUIS-RIEL","mailCity":null,"mun":null},"geometry":{"type":"MultiPolygon","coordinates":[[[[-71.780682,48.502263],[-71.780808,48.50209],[-71.781203,48.502317],[-71.780979,48.502436],[-71.780682,48.502263]]]]}},{"type":"Feature","properties":{"owner1":"S.I.A.L.","owner2":"S.I.A.L.","matricule":"0977-68-4329","street":"CROIX","civicLow":"90","civicHigh":"0","valueLand":"151800","valueBuilding":"307000","valueTotal":"458800","mailAddr":"90 CHEMIN DE LA CROIX","mailCity":null,"mun":null},"geometry":{"type":"MultiPolygon","coordinates":[[[[-71.78839,48.531777],[-71.789073,48.531652],[-71.78901,48.531872],[-71.788453,48.531956],[-71.78839,48.531777]]],[[[-71.787842,48.531854],[-71.788327,48.531783],[-71.78839,48.531961],[-71.78795,48.532063],[-71.787842,48.531854]]]]}},{"type":"Feature","properties":{"owner1":"DESSUREAULT PAUL","owner2":"BERNIER RACHELLE","matricule":"1077-05-0431","street":"BOISE","civicLow":"0","civicHigh":"0","valueLand":"47400","valueBuilding":"0","valueTotal":"47400","mailAddr":"179 CHEMIN DES BOIS-FRANCS","mailCity":null,"mun":null},"geometry":{"type":"MultiPolygon","coordinates":[[[[-71.783952,48.528826],[-71.783602,48.529659],[-71.783305,48.529606],[-71.783629,48.528767],[-71.783952,48.528826]]]]}},{"type":"Feature","properties":{"owner1":"2425-6521 QUEBEC INC","owner2":null,"matricule":"0977-95-8036","street":"BOISE","civicLow":"0","civicHigh":"0","valueLand":"45800","valueBuilding":"0","valueTotal":"45800","mailAddr":"631 CHEMIN DU PONT-TACHE NORD","mailCity":null,"mun":null},"geometry":{"type":"MultiPolygon","coordinates":[[[[-71.783602,48.529659],[-71.783952,48.528826],[-71.784276,48.528892],[-71.783961,48.529647],[-71.783602,48.529659]]]]}},{"type":"Feature","properties":{"owner1":"GAUTHIER ROBERT","owner2":null,"matricule":"1077-26-9420","street":"CROIX","civicLow":"0","civicHigh":"0","valueLand":"37900","valueBuilding":"0","valueTotal":"37900","mailAddr":"322 RUE NOLIN APP 2","mailCity":null,"mun":null},"geometry":{"type":"MultiPolygon","coordinates":[[[[-71.780071,48.529749],[-71.779775,48.530451],[-71.779389,48.530373],[-71.779676,48.529671],[-71.780071,48.529749]]]]}},{"type":"Feature","properties":{"owner1":"S.I.A.L.","owner2":null,"matricule":"0978-53-2960","street":"MELEZES","civicLow":"14","civicHigh":"0","valueLand":"194800","valueBuilding":"96500","valueTotal":"291300","mailAddr":"600 AVENUE BEGIN","mailCity":null,"mun":null},"geometry":{"type":"MultiPolygon","coordinates":[[[[-71.789773,48.536774],[-71.789845,48.536405],[-71.790752,48.536369],[-71.7906,48.536792],[-71.789773,48.536774]]]]}},{"type":"Feature","properties":{"owner1":"S.I.A.L.","owner2":null,"matricule":"1075-85-7484","street":"DOMAINE-GRANDMONT","civicLow":"13","civicHigh":"0","valueLand":"34000","valueBuilding":"0","valueTotal":"34000","mailAddr":"1655 RUE POWELL","mailCity":null,"mun":null},"geometry":{"type":"MultiPolygon","coordinates":[[[[-71.771151,48.511946],[-71.771106,48.51178],[-71.771744,48.511762],[-71.77169,48.511899],[-71.771151,48.511946]]]]}},{"type":"Feature","properties":{"owner1":"S.I.A.L.","owner2":"S.I.A.L.","matricule":"1075-85-2699","street":"DOMAINE-GRANDMONT","civicLow":"15","civicHigh":"0","valueLand":"19300","valueBuilding":"0","valueTotal":"19300","mailAddr":"15 CHEMIN DU DOMAINE-GRANDMONT","mailCity":null,"mun":null},"geometry":{"type":"MultiPolygon","coordinates":[[[[-71.771879,48.511905],[-71.772355,48.511946],[-71.771825,48.512018],[-71.771879,48.511905]]]]}},{"type":"Feature","properties":{"owner1":"S.I.A.L.","owner2":"S.I.A.L.","matricule":"1076-51-5464","street":"ILES","civicLow":"0","civicHigh":"0","valueLand":"5000","valueBuilding":"0","valueTotal":"5000","mailAddr":"1004 RUE DES AULNIERS","mailCity":null,"mun":null},"geometry":{"type":"MultiPolygon","coordinates":[[[[-71.776164,48.516606],[-71.775993,48.517599],[-71.77549,48.517516],[-71.775724,48.517445],[-71.775418,48.517308],[-71.775939,48.516374],[-71.776218,48.516427],[-71.776164,48.516606]]]]}},{"type":"Feature","properties":{"owner1":"SAVARD LOUIS-GEORGES","owner2":null,"matricule":"1074-70-2162","street":"DE QUEN","civicLow":"144","civicHigh":"0","valueLand":"23700","valueBuilding":"101900","valueTotal":"125600","mailAddr":"144 RUE DE QUEN","mailCity":null,"mun":null},"geometry":{"type":"MultiPolygon","coordinates":[[[[-71.772795,48.498198],[-71.772966,48.497977],[-71.773469,48.498067],[-71.773289,48.498287],[-71.772795,48.498198]]]]}},{"type":"Feature","properties":{"owner1":"COTE MADELEINE","owner2":null,"matricule":"0974-92-9565","street":"POINTE-DU-LAC","civicLow":"0","civicHigh":"0","valueLand":"11600","valueBuilding":"0","valueTotal":"11600","mailAddr":"188 RUE DU PERE-GIROUX","mailCity":null,"mun":null},"geometry":{"type":"MultiPolygon","coordinates":[[[[-71.78282,48.499823],[-71.782955,48.499745],[-71.783162,48.49987],[-71.783027,48.499959],[-71.78282,48.499823]]]]}},{"type":"Feature","properties":{"owner1":"HARVEY DANIEL","owner2":null,"matricule":"1074-02-0777","street":"POINTE-DU-LAC","civicLow":"24","civicHigh":"0","valueLand":"40500","valueBuilding":"57900","valueTotal":"98400","mailAddr":"45 RUE PRINCIPALE","mailCity":null,"mun":null},"geometry":{"type":"MultiPolygon","coordinates":[[[[-71.78265,48.499977],[-71.78282,48.499823],[-71.783009,48.500049],[-71.782919,48.500144],[-71.78265,48.499977]]]]}},{"type":"Feature","properties":{"owner1":"COTE MADELEINE","owner2":null,"matricule":"1074-02-1592","street":"POINTE-DU-LAC","civicLow":"26","civicHigh":"0","valueLand":"32700","valueBuilding":"64200","valueTotal":"96900","mailAddr":"188 RUE PERE-GIROUX","mailCity":null,"mun":null},"geometry":{"type":"MultiPolygon","coordinates":[[[[-71.782533,48.500049],[-71.78265,48.499977],[-71.782919,48.500144],[-71.782811,48.500221],[-71.782533,48.500049]]]]}},{"type":"Feature","properties":{"owner1":"S.I.A.L.","owner2":null,"matricule":"1076-41-9712","street":"TOUR","civicLow":"0","civicHigh":"0","valueLand":"113000","valueBuilding":"0","valueTotal":"113000","mailAddr":"1655 RUE POWELL","mailCity":null,"mun":null},"geometry":{"type":"MultiPolygon","coordinates":[[[[-71.775885,48.515844],[-71.776011,48.515671],[-71.776083,48.515773],[-71.775885,48.515844]]],[[[-71.775634,48.516261],[-71.775724,48.516094],[-71.775939,48.516403],[-71.775418,48.517308],[-71.775724,48.517445],[-71.77549,48.517516],[-71.775292,48.51748],[-71.775634,48.516261]]],[[[-71.774592,48.517361],[-71.77461,48.517034],[-71.774475,48.516992],[-71.77461,48.51701],[-71.774565,48.516606],[-71.774322,48.516356],[-71.773801,48.51632],[-71.773837,48.515874],[-71.773469,48.515826],[-71.772759,48.515981],[-71.772202,48.515552],[-71.771591,48.515427],[-71.771448,48.515195],[-71.771681,48.514904],[-71.77187,48.514868],[-71.773002,48.514934],[-71.773774,48.514755],[-71.773271,48.51466],[-71.773828,48.5146],[-71.77443,48.51469],[-71.774547,48.514374],[-71.773774,48.514291],[-71.773631,48.514184],[-71.774322,48.514243],[-71.774286,48.513493],[-71.775167,48.513202],[-71.775652,48.51322],[-71.776011,48.513363],[-71.776316,48.513726],[-71.776236,48.514493],[-71.776568,48.515207],[-71.776191,48.515219],[-71.77593,48.514124],[-71.77567,48.513922],[-71.775616,48.513642],[-71.775409,48.513571],[-71.774996,48.513618],[-71.774583,48.51388],[-71.774771,48.514344],[-71.774403,48.514797],[-71.772876,48.515029],[-71.771888,48.514957],[-71.771591,48.515201],[-71.771681,48.51535],[-71.772373,48.515535],[-71.772786,48.515892],[-71.773469,48.515731],[-71.773954,48.51582],[-71.7739,48.516243],[-71.774385,48.516308],[-71.774735,48.516838],[-71.774646,48.517998],[-71.774861,48.518081],[-71.774592,48.518052],[-71.774592,48.517361]]],[[[-71.773945,48.518456],[-71.774134,48.518778],[-71.774277,48.518783],[-71.774655,48.518183],[-71.774439,48.518052],[-71.774861,48.518123],[-71.774322,48.518789],[-71.774089,48.518783],[-71.773945,48.518456]]],[[[-71.775849,48.519343],[-71.775948,48.519188],[-71.775598,48.518944],[-71.775185,48.518171],[-71.774996,48.518135],[-71.775149,48.518028],[-71.775274,48.517516],[-71.775194,48.517754],[-71.775454,48.517784],[-71.775328,48.518177],[-71.77549,48.518766],[-71.775724,48.519057],[-71.776047,48.51917],[-71.776011,48.519319],[-71.776128,48.519313],[-71.776218,48.519033],[-71.775993,48.518772],[-71.775903,48.518046],[-71.776406,48.515784],[-71.776981,48.515368],[-71.777233,48.515416],[-71.777781,48.514404],[-71.778275,48.514398],[-71.778176,48.514142],[-71.778005,48.514083],[-71.778436,48.51341],[-71.778176,48.513285],[-71.778347,48.513315],[-71.778706,48.513083],[-71.77947,48.512137],[-71.778742,48.512571],[-71.778428,48.512601],[-71.778428,48.51272],[-71.778005,48.512631],[-71.778086,48.512452],[-71.777835,48.512404],[-71.778266,48.512363],[-71.778095,48.511946],[-71.777826,48.511821],[-71.77717,48.51175],[-71.776065,48.511089],[-71.775355,48.51119],[-71.775454,48.511286],[-71.775373,48.511518],[-71.775077,48.511797],[-71.7762,48.511726],[-71.777942,48.512149],[-71.777224,48.512077],[-71.776182,48.511768],[-71.774969,48.511875],[-71.776083,48.51225],[-71.774691,48.511911],[-71.773774,48.512071],[-71.772355,48.511946],[-71.772427,48.511774],[-71.772822,48.511827],[-71.773253,48.511649],[-71.773307,48.511833],[-71.773729,48.511946],[-71.774053,48.511863],[-71.774178,48.511631],[-71.774286,48.511851],[-71.774834,48.51175],[-71.775167,48.511613],[-71.775328,48.511292],[-71.77434,48.511309],[-71.774152,48.511119],[-71.774996,48.511077],[-71.775418,48.510911],[-71.77726,48.511506],[-71.77841,48.511512],[-71.779488,48.511821],[-71.781563,48.512172],[-71.782218,48.511928],[-71.782587,48.512113],[-71.782102,48.513142],[-71.781877,48.513113],[-71.781545,48.512381],[-71.781096,48.512345],[-71.779479,48.512565],[-71.778913,48.513226],[-71.778463,48.51341],[-71.778221,48.513827],[-71.778338,48.514416],[-71.778239,48.514487],[-71.778041,48.514416],[-71.777727,48.514618],[-71.77664,48.517766],[-71.77637,48.518028],[-71.776083,48.518843],[-71.776281,48.519289],[-71.77602,48.519414],[-71.775849,48.519343]]],[[[-71.773945,48.518456],[-71.773487,48.518819],[-71.773415,48.519319],[-71.773127,48.5197],[-71.7731,48.520003],[-71.772813,48.519968],[-71.773056,48.519593],[-71.773029,48.519355],[-71.77337,48.519301],[-71.773361,48.51895],[-71.773118,48.518902],[-71.773181,48.518754],[-71.773846,48.51823],[-71.773945,48.518456]]],[[[-71.77611,48.519486],[-71.776272,48.51942],[-71.776532,48.519515],[-71.776694,48.51923],[-71.777107,48.519158],[-71.77664,48.518944],[-71.777134,48.518938],[-71.777206,48.519176],[-71.776748,48.519367],[-71.776649,48.519551],[-71.776191,48.519468],[-71.776038,48.519563],[-71.775733,48.520503],[-71.775724,48.521217],[-71.775292,48.521134],[-71.775535,48.520902],[-71.775921,48.519545],[-71.77611,48.519486]]]]}},{"type":"Feature","properties":{"owner1":"COTE ANDRE","owner2":null,"matricule":"0974-93-8206","street":"POINTE-DU-LAC","civicLow":"28","civicHigh":"0","valueLand":"78100","valueBuilding":"49600","valueTotal":"127700","mailAddr":"620 AVENUE ROBERT-JEAN, APP. 1","mailCity":null,"mun":null},"geometry":{"type":"MultiPolygon","coordinates":[[[[-71.783494,48.500299],[-71.783278,48.500519],[-71.782811,48.500221],[-71.783278,48.499799],[-71.783494,48.500299]]]]}},{"type":"Feature","properties":{"owner1":"DESMEULES RAYNALD","owner2":"DUCHESNE MARLENE","matricule":"1074-03-0720","street":"POINTE-DU-LAC","civicLow":"30","civicHigh":"0","valueLand":"63100","valueBuilding":"59000","valueTotal":"122100","mailAddr":"2862 AVENUE DU PONT NORD","mailCity":null,"mun":null},"geometry":{"type":"MultiPolygon","coordinates":[[[[-71.782425,48.500186],[-71.782533,48.500049],[-71.783278,48.500519],[-71.783162,48.500644],[-71.782425,48.500186]]]]}},{"type":"Feature","properties":{"owner1":"EMOND JANICK","owner2":null,"matricule":"1074-03-2339","street":"POINTE-DU-LAC","civicLow":"32","civicHigh":"0","valueLand":"87600","valueBuilding":"97500","valueTotal":"185100","mailAddr":"32 CHEMIN DE LA POINTE-DU-LAC","mailCity":null,"mun":null},"geometry":{"type":"MultiPolygon","coordinates":[[[[-71.782102,48.500501],[-71.782425,48.500186],[-71.783162,48.500644],[-71.782991,48.500811],[-71.782102,48.500501]]]]}},{"type":"Feature","properties":{"owner1":"ROUSSEAU GINA","owner2":null,"matricule":"1074-03-4660","street":"POINTE-DU-LAC","civicLow":"34","civicHigh":"0","valueLand":"88800","valueBuilding":"80800","valueTotal":"169600","mailAddr":"2269 RUE GILBERT","mailCity":null,"mun":null},"geometry":{"type":"MultiPolygon","coordinates":[[[[-71.781697,48.500596],[-71.781724,48.500454],[-71.782012,48.500471],[-71.782991,48.500811],[-71.782802,48.501031],[-71.781697,48.500596]]]]}},{"type":"Feature","properties":{"owner1":"TREMBLAY LUCIE","owner2":"AUDET GERARD","matricule":"1073-67-4334","street":"LEVESQUE","civicLow":"115","civicHigh":"0","valueLand":"22300","valueBuilding":"101700","valueTotal":"124000","mailAddr":"115 RUE LEVESQUE","mailCity":null,"mun":null},"geometry":{"type":"MultiPolygon","coordinates":[[[[-71.774331,48.495031],[-71.774178,48.495376],[-71.773882,48.495322],[-71.774035,48.494977],[-71.774331,48.495031]]]]}},{"type":"Feature","properties":{"owner1":"VILLENEUVE GINETTE","owner2":null,"matricule":"1073-03-6806","street":"WILFRID-SIMARD","civicLow":"104","civicHigh":"0","valueLand":"22000","valueBuilding":"92500","valueTotal":"114500","mailAddr":"104 RUE WILFRID-SIMARD","mailCity":null,"mun":null},"geometry":{"type":"MultiPolygon","coordinates":[[[[-71.782093,48.491113],[-71.781805,48.491405],[-71.781581,48.491387],[-71.781715,48.491048],[-71.782093,48.491113]]]]}},{"type":"Feature","properties":{"owner1":"S.I.A.L.","owner2":null,"matricule":"0972-68-4403","street":"DE QUEN","civicLow":"0","civicHigh":"0","valueLand":"16200","valueBuilding":"0","valueTotal":"16200","mailAddr":"112 1ER CHEMIN","mailCity":null,"mun":null},"geometry":{"type":"MultiPolygon","coordinates":[[[[-71.785848,48.488559],[-71.786027,48.487833],[-71.78803,48.485761],[-71.787168,48.485606],[-71.787824,48.48507],[-71.788327,48.48485],[-71.789234,48.485005],[-71.785848,48.488559]]],[[[-71.785614,48.48894],[-71.78371,48.488613],[-71.785129,48.488815],[-71.7853,48.488738],[-71.78406,48.488125],[-71.784006,48.487904],[-71.784267,48.48769],[-71.784599,48.487577],[-71.785893,48.487809],[-71.785614,48.48894]]]]}},{"type":"Feature","properties":{"owner1":"L'ALLIER JEAN-FRANCOIS","owner2":null,"matricule":"1074-49-0873","street":"BERNACHES","civicLow":"5","civicHigh":"0","valueLand":"66900","valueBuilding":"161500","valueTotal":"228400","mailAddr":"5 CHEMIN DES BERNACHES","mailCity":null,"mun":null},"geometry":{"type":"MultiPolygon","coordinates":[[[[-71.777242,48.506209],[-71.777727,48.506108],[-71.777942,48.506364],[-71.777305,48.506483],[-71.777242,48.506209]]]]}},{"type":"Feature","properties":{"owner1":"S.I.A.L.","owner2":null,"matricule":"1180-64-3144","street":"GOLF","civicLow":"0","civicHigh":"0","valueLand":"1500","valueBuilding":"0","valueTotal":"1500","mailAddr":"1655 RUE POWELL","mailCity":null,"mun":null},"geometry":{"type":"MultiPolygon","coordinates":[[[[-71.760371,48.554508],[-71.762033,48.555358],[-71.762105,48.555578],[-71.762357,48.555626],[-71.762482,48.555554],[-71.762779,48.555733],[-71.763372,48.556196],[-71.763336,48.556333],[-71.762887,48.556363],[-71.762725,48.556476],[-71.761638,48.556238],[-71.761261,48.556286],[-71.761656,48.556191],[-71.762698,48.556428],[-71.76286,48.556309],[-71.763183,48.556351],[-71.763291,48.55622],[-71.762482,48.555644],[-71.762123,48.555709],[-71.76197,48.555394],[-71.761521,48.555233],[-71.760371,48.554508]]]]}},{"type":"Feature","properties":{"owner1":"S.I.A.L.","owner2":"S.I.A.L.","matricule":"1076-50-2327","street":"ILES","civicLow":"0","civicHigh":"0","valueLand":"5400","valueBuilding":"0","valueTotal":"5400","mailAddr":"1004 RUE DES AULNIERS","mailCity":null,"mun":null},"geometry":{"type":"MultiPolygon","coordinates":[[[[-71.776092,48.51532],[-71.776191,48.515219],[-71.776981,48.515368],[-71.776406,48.515784],[-71.776218,48.516427],[-71.775939,48.516374],[-71.775724,48.516094],[-71.776083,48.515773],[-71.776092,48.51532]]]]}},{"type":"Feature","properties":{"owner1":"S.I.A.L.","owner2":null,"matricule":"1079-14-0296","street":"ILE-AUX-STERNES","civicLow":"0","civicHigh":"0","valueLand":"16900","valueBuilding":"0","valueTotal":"16900","mailAddr":"1677 RUE POWELL","mailCity":null,"mun":null},"geometry":{"type":"MultiPolygon","coordinates":[[[[-71.782434,48.546902],[-71.782218,48.546658],[-71.781868,48.546766],[-71.782039,48.546611],[-71.782281,48.546581],[-71.782497,48.546849],[-71.782721,48.546879],[-71.782425,48.546468],[-71.782614,48.546117],[-71.78273,48.546135],[-71.782533,48.546468],[-71.782856,48.546884],[-71.782596,48.546962],[-71.782434,48.546902]]]]}},{"type":"Feature","properties":{"owner1":"MOREL ALEXANDRE","owner2":"BARRETTE MELANIE","matricule":"1076-58-7855","street":"CHENES","civicLow":"98","civicHigh":"0","valueLand":"65000","valueBuilding":"291600","valueTotal":"356600","mailAddr":"98 CHEMIN DES CHENES","mailCity":null,"mun":null},"geometry":{"type":"MultiPolygon","coordinates":[[[[-71.776155,48.522937],[-71.775957,48.523633],[-71.775355,48.523585],[-71.77523,48.523282],[-71.775553,48.522764],[-71.776155,48.522937]]]]}},{"type":"Feature","properties":{"owner1":"BRISSON GILBERT","owner2":"OUELLET GHISLAINE","matricule":"1079-01-8175","street":"QUAI","civicLow":"17","civicHigh":"0","valueLand":"140900","valueBuilding":"75200","valueTotal":"216100","mailAddr":"1405 AVENUE CHARLES-HUOT","mailCity":null,"mun":null},"geometry":{"type":"MultiPolygon","coordinates":[[[[-71.783332,48.543911],[-71.783198,48.544167],[-71.782569,48.544107],[-71.782668,48.543816],[-71.783332,48.543911]]]]}},{"type":"Feature","properties":{"owner1":"LINDSAY LUC","owner2":"LINDSAY CELINE","matricule":"1079-01-7750","street":"QUAI","civicLow":"19","civicHigh":"0","valueLand":"82500","valueBuilding":"47600","valueTotal":"130100","mailAddr":"645 RUE COTE OUEST","mailCity":null,"mun":null},"geometry":{"type":"MultiPolygon","coordinates":[[[[-71.783278,48.543792],[-71.783323,48.543881],[-71.782668,48.543816],[-71.783242,48.543679],[-71.783278,48.543792]]]]}},{"type":"Feature","properties":{"owner1":"S.I.A.L.","owner2":null,"matricule":"1077-74-1702","street":"ILES","civicLow":"0","civicHigh":"0","valueLand":"3400","valueBuilding":"0","valueTotal":"3400","mailAddr":"467 RUE BOURGEOYS OUEST","mailCity":null,"mun":null},"geometry":{"type":"MultiPolygon","coordinates":[[[[-71.773828,48.528172],[-71.77372,48.52813],[-71.773999,48.528059],[-71.774053,48.528261],[-71.773828,48.528172]]]]}},{"type":"Feature","properties":{"owner1":"S.I.A.L.","owner2":null,"matricule":"1180-15-3221","street":"GOLF","civicLow":"0","civicHigh":"0","valueLand":"1900","valueBuilding":"0","valueTotal":"1900","mailAddr":"50 RUE DU SERRURIER","mailCity":null,"mun":null},"geometry":{"type":"MultiPolygon","coordinates":[[[[-71.76886,48.556292],[-71.768986,48.556202],[-71.769166,48.556274],[-71.769067,48.556345],[-71.76886,48.556292]]]]}},{"type":"Feature","properties":{"owner1":"S.I.A.L.","owner2":null,"matricule":"1180-05-1273","street":"GOLF","civicLow":"0","civicHigh":"0","valueLand":"12500","valueBuilding":"0","valueTotal":"12500","mailAddr":"121 CHEMIN DU GOLF","mailCity":null,"mun":null},"geometry":{"type":"MultiPolygon","coordinates":[[[[-71.770352,48.556821],[-71.770244,48.556749],[-71.770954,48.556601],[-71.771088,48.55669],[-71.770352,48.556821]]]]}},{"type":"Feature","properties":{"owner1":"S.I.A.L.","owner2":null,"matricule":"1080-95-7555","street":"GOLF","civicLow":"0","civicHigh":"0","valueLand":"800","valueBuilding":"0","valueTotal":"800","mailAddr":"1707 RUE DES CORMIERS","mailCity":null,"mun":null},"geometry":{"type":"MultiPolygon","coordinates":[[[[-71.77098,48.556625],[-71.771241,48.556411],[-71.77134,48.55647],[-71.771079,48.55669],[-71.77098,48.556625]]]]}},{"type":"Feature","properties":{"owner1":"BOUCHARD ERIC","owner2":"MAROIS LINE","matricule":"1077-34-4933","street":"BOISE","civicLow":"24","civicHigh":"0","valueLand":"60600","valueBuilding":"273100","valueTotal":"333700","mailAddr":"24 CHEMIN DU BOISE","mailCity":null,"mun":null},"geometry":{"type":"MultiPolygon","coordinates":[[[[-71.778544,48.528749],[-71.778868,48.527881],[-71.779362,48.527976],[-71.778966,48.528916],[-71.778544,48.528749]]]]}},{"type":"Feature","properties":{"owner1":"S.I.A.L.","owner2":"S.I.A.L.","matricule":"1080-95-3114","street":"GOLF","civicLow":"0","civicHigh":"0","valueLand":"5600","valueBuilding":"0","valueTotal":"5600","mailAddr":"175 RUE JACQUES-FERRON","mailCity":null,"mun":null},"geometry":{"type":"MultiPolygon","coordinates":[[[[-71.772085,48.555875],[-71.772121,48.556256],[-71.771924,48.556226],[-71.771358,48.556482],[-71.771178,48.556369],[-71.771897,48.55584],[-71.772085,48.555875]]]]}},{"type":"Feature","properties":{"owner1":"S.I.A.L.","owner2":null,"matricule":"1080-84-9297","street":"ILES","civicLow":"0","civicHigh":"0","valueLand":"59800","valueBuilding":"0","valueTotal":"59800","mailAddr":"1655 RUE POWELL","mailCity":null,"mun":null},"geometry":{"type":"MultiPolygon","coordinates":[[[[-71.772005,48.558753],[-71.771564,48.558509],[-71.77125,48.558063],[-71.770882,48.557897],[-71.770846,48.557766],[-71.771897,48.556892],[-71.772166,48.556333],[-71.771933,48.556274],[-71.771537,48.556434],[-71.771106,48.556845],[-71.77072,48.556803],[-71.770109,48.557011],[-71.769552,48.556791],[-71.769067,48.556405],[-71.768402,48.556268],[-71.768537,48.556167],[-71.768789,48.556315],[-71.769085,48.556333],[-71.770118,48.55694],[-71.771088,48.55669],[-71.771924,48.556226],[-71.772121,48.556256],[-71.772085,48.555875],[-71.772615,48.555959],[-71.772238,48.556238],[-71.772265,48.556625],[-71.771978,48.556761],[-71.772032,48.556916],[-71.771681,48.557082],[-71.770998,48.55795],[-71.771313,48.558034],[-71.771663,48.558468],[-71.772283,48.558729],[-71.773109,48.558343],[-71.772481,48.558789],[-71.772005,48.558753]]]]}},{"type":"Feature","properties":{"owner1":"COULOMBE DOMINIQUE","owner2":null,"matricule":"1073-65-3605","street":"MURRAY","civicLow":"127","civicHigh":"0","valueLand":"23800","valueBuilding":"125200","valueTotal":"149000","mailAddr":"127 RUE MURRAY","mailCity":null,"mun":null},"geometry":{"type":"MultiPolygon","coordinates":[[[[-71.773855,48.493173],[-71.774035,48.492923],[-71.774412,48.493042],[-71.774304,48.49331],[-71.773855,48.493173]]]]}},{"type":"Feature","properties":{"owner1":"S.I.A.L.","owner2":"S.I.A.L.","matricule":"1180-44-8135","street":"GOLF","civicLow":"0","civicHigh":"0","valueLand":"16300","valueBuilding":"0","valueTotal":"16300","mailAddr":"2117 RUE SAINT-PHILIPPE","mailCity":null,"mun":null},"geometry":{"type":"MultiPolygon","coordinates":[[[[-71.764189,48.555489],[-71.764369,48.555614],[-71.764324,48.555638],[-71.764189,48.555489]]]]}},{"type":"Feature","properties":{"owner1":"COULOMBE YVON","owner2":"COULOMBE CLAIRE","matricule":"0971-28-5749","street":"BELLE-RIVIERE","civicLow":"0","civicHigh":"0","valueLand":"10000","valueBuilding":"15200","valueTotal":"25200","mailAddr":"505 RUE DE QUEN","mailCity":null,"mun":null},"geometry":{"type":"MultiPolygon","coordinates":[[[[-71.792845,48.478895],[-71.791031,48.478556],[-71.79175,48.477752],[-71.791642,48.477431],[-71.792432,48.477329],[-71.791938,48.477091],[-71.79201,48.47699],[-71.792836,48.477192],[-71.793654,48.477591],[-71.792845,48.478895]]]]}},{"type":"Feature","properties":{"owner1":"MINISTERE DE L'ENERGIE ET RESSOURCES","owner2":null,"matricule":"0879-50-7668","street":"LAC-ST-JEAN","civicLow":"0","civicHigh":"0","valueLand":"500","valueBuilding":"0","valueTotal":"500","mailAddr":"5700 4IEME AVENUE OUEST","mailCity":null,"mun":null},"geometry":{"type":"MultiPolygon","coordinates":[[[[-71.803185,48.543144],[-71.803086,48.542686],[-71.803248,48.542478],[-71.803499,48.54268],[-71.803535,48.54287],[-71.803464,48.54309],[-71.803185,48.543144]]]]}},{"type":"Feature","properties":{"owner1":"DALLAIRE MARIO","owner2":"VILLENEUVE DIANE","matricule":"1078-07-7747","street":"CEDRIERE","civicLow":"28","civicHigh":"30","valueLand":"46000","valueBuilding":"198300","valueTotal":"244300","mailAddr":"28 CHEMIN DE LA CEDRIERE","mailCity":null,"mun":null},"geometry":{"type":"MultiPolygon","coordinates":[[[[-71.782614,48.540366],[-71.782497,48.54036],[-71.782542,48.539944],[-71.78291,48.539902],[-71.783341,48.539997],[-71.78318,48.540354],[-71.782614,48.540366]]]]}},{"type":"Feature","properties":{"owner1":"BLANCHETTE DANIEL","owner2":"SAVARD LOUISE","matricule":"1078-07-1316","street":"CEDRIERE","civicLow":"33","civicHigh":"0","valueLand":"110600","valueBuilding":"98000","valueTotal":"208600","mailAddr":"2891 RANG ST-PIERRE","mailCity":null,"mun":null},"geometry":{"type":"MultiPolygon","coordinates":[[[[-71.783476,48.539902],[-71.783925,48.53973],[-71.783988,48.539873],[-71.783844,48.540081],[-71.783476,48.539902]]]]}},{"type":"Feature","properties":{"owner1":"S.I.A.L.","owner2":"S.I.A.L.","matricule":"0978-97-8327","street":"CEDRIERE","civicLow":"0","civicHigh":"0","valueLand":"72100","valueBuilding":"0","valueTotal":"72100","mailAddr":"2891 RANG ST-PIERRE","mailCity":null,"mun":null},"geometry":{"type":"MultiPolygon","coordinates":[[[[-71.784195,48.540259],[-71.783844,48.540081],[-71.783988,48.539873],[-71.783925,48.53973],[-71.784707,48.539736],[-71.784734,48.539831],[-71.784527,48.539807],[-71.784329,48.540116],[-71.7845,48.540402],[-71.784195,48.540259]]]]}},{"type":"Feature","properties":{"owner1":"BOILY YVAN","owner2":null,"matricule":"1073-69-7245","street":"DE QUEN","civicLow":"168","civicHigh":"170","valueLand":"28900","valueBuilding":"105000","valueTotal":"133900","mailAddr":"119 RUE DE QUEN","mailCity":null,"mun":null},"geometry":{"type":"MultiPolygon","coordinates":[[[[-71.773639,48.497144],[-71.773289,48.497037],[-71.773442,48.49684],[-71.77425,48.497126],[-71.774125,48.497293],[-71.773639,48.497144]]]]}},{"type":"Feature","properties":{"owner1":"COTE JESSICA","owner2":"LAROUCHE CHRISTINE","matricule":"1073-58-5754","street":"DE QUEN","civicLow":"193","civicHigh":"195","valueLand":"21700","valueBuilding":"92800","valueTotal":"114500","mailAddr":"193 RUE DE QUEN","mailCity":null,"mun":null},"geometry":{"type":"MultiPolygon","coordinates":[[[[-71.77505,48.496287],[-71.775194,48.496084],[-71.775643,48.496227],[-71.775535,48.496376],[-71.77505,48.496287]]]]}},{"type":"Feature","properties":{"owner1":"COTE SEBASTIEN","owner2":null,"matricule":"1073-58-5676","street":"DE QUEN","civicLow":"189","civicHigh":"191","valueLand":"18600","valueBuilding":"122600","valueTotal":"141200","mailAddr":"189 RUE DE QUEN","mailCity":null,"mun":null},"geometry":{"type":"MultiPolygon","coordinates":[[[[-71.774978,48.496388],[-71.77505,48.496287],[-71.775607,48.4964],[-71.775499,48.496555],[-71.774978,48.496388]]]]}},{"type":"Feature","properties":{"owner1":"BERGERON GHISLAIN","owner2":null,"matricule":"1075-86-4989","street":"DOMAINE-GRANDMONT","civicLow":"205","civicHigh":"0","valueLand":"46900","valueBuilding":"290800","valueTotal":"337700","mailAddr":"205 CHEMIN DU DOMAINE-GRANDMONT","mailCity":null,"mun":null},"geometry":{"type":"MultiPolygon","coordinates":[[[[-71.771493,48.512928],[-71.771609,48.512452],[-71.772005,48.512589],[-71.771996,48.513101],[-71.771493,48.512928]]]]}},{"type":"Feature","properties":{"owner1":"BEAULIEU PIERRE-LUC","owner2":"BRETON MELANIE","matricule":"1075-86-1398","street":"DOMAINE-GRANDMONT","civicLow":"207","civicHigh":"0","valueLand":"37200","valueBuilding":"50400","valueTotal":"87600","mailAddr":"1687 RUE DES EPINETTES ROUGES","mailCity":null,"mun":null},"geometry":{"type":"MultiPolygon","coordinates":[[[[-71.772032,48.512994],[-71.772005,48.512589],[-71.772427,48.512767],[-71.772606,48.512994],[-71.772032,48.512994]]]]}},{"type":"Feature","properties":{"owner1":"TREMBLAY REMI","owner2":"DUCHESNE MANON","matricule":"1075-86-3840","street":"DOMAINE-GRANDMONT","civicLow":"206","civicHigh":"0","valueLand":"61000","valueBuilding":"170400","valueTotal":"231400","mailAddr":"206 CHEMIN DU DOMAINE-GRANDMONT","mailCity":null,"mun":null},"geometry":{"type":"MultiPolygon","coordinates":[[[[-71.770873,48.512149],[-71.772669,48.512232],[-71.772463,48.512684],[-71.770873,48.512149]]]]}},{"type":"Feature","properties":{"owner1":"PARADIS LAURIER","owner2":null,"matricule":"1180-14-8030","street":"GOLF","civicLow":"22","civicHigh":"0","valueLand":"39100","valueBuilding":"53200","valueTotal":"92300","mailAddr":"139 RUE LEVESQUE","mailCity":null,"mun":null},"geometry":{"type":"MultiPolygon","coordinates":[[[[-71.768142,48.555584],[-71.768232,48.555322],[-71.768591,48.555328],[-71.76833,48.555655],[-71.768142,48.555584]]]]}},{"type":"Feature","properties":{"owner1":"PARADIS LUC","owner2":"ST-PIERRE MARYSE","matricule":"1180-24-0532","street":"GOLF","civicLow":"24","civicHigh":"0","valueLand":"55000","valueBuilding":"74900","valueTotal":"129900","mailAddr":"195 CHEMIN DE LA COLLINE","mailCity":null,"mun":null},"geometry":{"type":"MultiPolygon","coordinates":[[[[-71.767926,48.555221],[-71.767926,48.555204],[-71.768088,48.555233],[-71.767926,48.555221]]],[[[-71.767818,48.555626],[-71.767908,48.555305],[-71.768232,48.555322],[-71.768106,48.555685],[-71.767818,48.555626]]]]}},{"type":"Feature","properties":{"owner1":"TREMBLAY YVAN","owner2":"GAUTHIER LISE","matricule":"1178-11-4573","street":"ILES","civicLow":"0","civicHigh":"0","valueLand":"22200","valueBuilding":"7500","valueTotal":"29700","mailAddr":"670 B AVENUE ST-ALPHONSE","mailCity":null,"mun":null},"geometry":{"type":"MultiPolygon","coordinates":[[[[-71.7792,48.53725],[-71.77929,48.537743],[-71.767486,48.535632],[-71.758287,48.533811],[-71.758718,48.532776],[-71.777502,48.536191],[-71.7792,48.53725]]]]}},{"type":"Feature","properties":{"owner1":"DUPERE REAL","owner2":null,"matricule":"1178-13-8363","street":"ILES","civicLow":"0","civicHigh":"0","valueLand":"65500","valueBuilding":"58100","valueTotal":"123600","mailAddr":"447 RANG DES ILES","mailCity":null,"mun":null},"geometry":{"type":"MultiPolygon","coordinates":[[[[-71.757335,48.536113],[-71.758287,48.533811],[-71.767486,48.535632],[-71.77929,48.537743],[-71.779317,48.538106],[-71.778158,48.537993],[-71.777942,48.539914],[-71.757335,48.536113]]]]}},{"type":"Feature","properties":{"owner1":"POTVIN ROBERT","owner2":"LABONTE LOUISE","matricule":"1178-29-3210","street":"ILES","civicLow":"379","civicHigh":"0","valueLand":"77200","valueBuilding":"156800","valueTotal":"234000","mailAddr":"379 RANG DES ILES","mailCity":null,"mun":null},"geometry":{"type":"MultiPolygon","coordinates":[[[[-71.767648,48.54306],[-71.761916,48.542121],[-71.755341,48.540902],[-71.756239,48.538725],[-71.778167,48.542418],[-71.77814,48.542549],[-71.780098,48.542733],[-71.78017,48.543031],[-71.778751,48.54306],[-71.778697,48.543269],[-71.779236,48.54337],[-71.779002,48.544244],[-71.778805,48.544202],[-71.778679,48.544892],[-71.767648,48.54306]]]]}},{"type":"Feature","properties":{"owner1":"DUPERE REAL","owner2":"LAROCHE LINE","matricule":"1078-35-8122","street":"ILES","civicLow":"447","civicHigh":"0","valueLand":"38200","valueBuilding":"234300","valueTotal":"272500","mailAddr":"447 RANG DES ILES","mailCity":null,"mun":null},"geometry":{"type":"MultiPolygon","coordinates":[[[[-71.778167,48.538267],[-71.778158,48.537993],[-71.779317,48.538106],[-71.779326,48.53838],[-71.778167,48.538267]]]]}},{"type":"Feature","properties":{"owner1":"POTVIN JEAN-PIERRE","owner2":null,"matricule":"1078-35-8260","street":"ILES","civicLow":"445","civicHigh":"0","valueLand":"47600","valueBuilding":"170000","valueTotal":"217600","mailAddr":"445 RANG DES ILES","mailCity":null,"mun":null},"geometry":{"type":"MultiPolygon","coordinates":[[[[-71.778122,48.538677],[-71.778167,48.538267],[-71.779326,48.53838],[-71.779335,48.538796],[-71.778122,48.538677]]]]}},{"type":"Feature","properties":{"owner1":"CARDINAL CLAUDE","owner2":"JOLY HELENE","matricule":"1078-36-8855","street":"ILES","civicLow":"431","civicHigh":"433","valueLand":"53900","valueBuilding":"83800","valueTotal":"137700","mailAddr":"132 RUE DES REMPARTS","mailCity":null,"mun":null},"geometry":{"type":"MultiPolygon","coordinates":[[[[-71.777942,48.539914],[-71.778122,48.538677],[-71.779335,48.538796],[-71.779452,48.540194],[-71.777942,48.539914]]]]}},{"type":"Feature","properties":{"owner1":"S.I.A.L.","owner2":null,"matricule":"1075-48-2713","street":"DOMAINE-GRANDMONT","civicLow":"0","civicHigh":"0","valueLand":"37000","valueBuilding":"0","valueTotal":"37000","mailAddr":"38 CHEMIN DU DOMAINE-GRANDMONT","mailCity":null,"mun":null},"geometry":{"type":"MultiPolygon","coordinates":[[[[-71.777278,48.513999],[-71.777332,48.513595],[-71.777754,48.513678],[-71.777664,48.513975],[-71.777457,48.514053],[-71.777278,48.513999]]]]}},{"type":"Feature","properties":{"owner1":"BERGERON SOPHIE","owner2":null,"matricule":"1075-48-1051","street":"DOMAINE-GRANDMONT","civicLow":"38","civicHigh":"0","valueLand":"220500","valueBuilding":"700300","valueTotal":"920800","mailAddr":"38 CHEMIN DU DOMAINE-GRANDMONT","mailCity":null,"mun":null},"geometry":{"type":"MultiPolygon","coordinates":[[[[-71.778005,48.514089],[-71.778185,48.51416],[-71.77823,48.514422],[-71.777089,48.514219],[-71.777278,48.513999],[-71.777457,48.514053],[-71.777664,48.513975],[-71.777754,48.513678],[-71.77823,48.513767],[-71.778005,48.514089]]]]}},{"type":"Feature","properties":{"owner1":"U3 CANADA INC","owner2":null,"matricule":"1175-07-9530","street":"DOMAINE-GRANDMONT","civicLow":"0","civicHigh":"0","valueLand":"44700","valueBuilding":"0","valueTotal":"44700","mailAddr":"20 COURS DU FLEUVE","mailCity":null,"mun":null},"geometry":{"type":"MultiPolygon","coordinates":[[[[-71.767729,48.512559],[-71.768384,48.512714],[-71.768007,48.512898],[-71.767729,48.512559]]],[[[-71.768223,48.512976],[-71.768465,48.512845],[-71.768878,48.513511],[-71.768483,48.513595],[-71.768106,48.513017],[-71.768223,48.512976]]]]}},{"type":"Feature","properties":{"owner1":"BOLDUC MARIO","owner2":"GAGNON SYLVIE","matricule":"1077-52-6046","street":"ADELARD-GAUTHIER","civicLow":"10","civicHigh":"0","valueLand":"232400","valueBuilding":"342000","valueTotal":"574400","mailAddr":"2383 RUE DE DIEPPE","mailCity":null,"mun":null},"geometry":{"type":"MultiPolygon","coordinates":[[[[-71.776254,48.526833],[-71.775966,48.527268],[-71.775373,48.527125],[-71.776038,48.526108],[-71.776245,48.526143],[-71.776514,48.526399],[-71.776254,48.526833]]]]}},{"type":"Feature","properties":{"owner1":"COULOMBE YVON","owner2":"COULOMBE FRANCE","matricule":"0972-74-6817","street":"DE QUEN","civicLow":"0","civicHigh":"0","valueLand":"21100","valueBuilding":"0","valueTotal":"21100","mailAddr":"505 RUE DE QUEN","mailCity":null,"mun":null},"geometry":{"type":"MultiPolygon","coordinates":[[[[-71.785363,48.483159],[-71.785569,48.483016],[-71.785937,48.483236],[-71.785731,48.483385],[-71.785363,48.483159]]]]}},{"type":"Feature","properties":{"owner1":"BOUCHARD MICHEL","owner2":null,"matricule":"1572-20-8244","street":"170","civicLow":"0","civicHigh":"0","valueLand":"201700","valueBuilding":"19900","valueTotal":"221600","mailAddr":"1136 RANG 4","mailCity":null,"mun":null},"geometry":{"type":"MultiPolygon","coordinates":[[[[-71.715483,48.474233],[-71.709922,48.487613],[-71.706454,48.486993],[-71.71241,48.47291],[-71.713677,48.473149],[-71.713425,48.47375],[-71.715483,48.474233]]]]}},{"type":"Feature","properties":{"owner1":"TREMBLAY JOHANNE","owner2":null,"matricule":"1571-02-4656","street":"4","civicLow":"1136","civicHigh":"0","valueLand":"52200","valueBuilding":"162800","valueTotal":"215000","mailAddr":"1136 RANG 4","mailCity":null,"mun":null},"geometry":{"type":"MultiPolygon","coordinates":[[[[-71.714584,48.473315],[-71.714333,48.473923],[-71.713425,48.47375],[-71.713677,48.473149],[-71.714584,48.473315]]]]}},{"type":"Feature","properties":{"owner1":"TREMBLAY CAROLLE","owner2":null,"matricule":"1076-82-4279","street":"ETANG","civicLow":"0","civicHigh":"0","valueLand":"34000","valueBuilding":"0","valueTotal":"34000","mailAddr":"11 RUE ST-ANDRE","mailCity":null,"mun":null},"geometry":{"type":"MultiPolygon","coordinates":[[[[-71.772544,48.518123],[-71.771789,48.518266],[-71.771573,48.517974],[-71.772049,48.517837],[-71.772094,48.517944],[-71.772409,48.517897],[-71.772544,48.518123]]]]}},{"type":"Feature","properties":{"owner1":"S.I.A.L.","owner2":null,"matricule":"1075-48-8910","street":"DOMAINE-GRANDMONT","civicLow":"0","civicHigh":"0","valueLand":"12200","valueBuilding":"0","valueTotal":"12200","mailAddr":"39 CHEMIN DU DOMAINE-GRANDMONT","mailCity":null,"mun":null},"geometry":{"type":"MultiPolygon","coordinates":[[[[-71.777215,48.513904],[-71.776586,48.513833],[-71.776209,48.513987],[-71.776316,48.513726],[-71.777215,48.513904]]]]}},{"type":"Feature","properties":{"owner1":"MINISTERE DES FORETS DE LA FAUNE","owner2":null,"matricule":"1081-22-1885","street":"LAC-ST-JEAN","civicLow":"0","civicHigh":"0","valueLand":"500","valueBuilding":"0","valueTotal":"500","mailAddr":"880 CHEMIN SAINTE-FOY RC-110","mailCity":null,"mun":null},"geometry":{"type":"MultiPolygon","coordinates":[[[[-71.781572,48.562933],[-71.78167,48.563028],[-71.781536,48.563052],[-71.781572,48.562933]]]]}},{"type":"Feature","properties":{"owner1":"S.I.A.L.","owner2":null,"matricule":"0978-54-3409","street":"MELEZES","civicLow":"16","civicHigh":"0","valueLand":"235900","valueBuilding":"223800","valueTotal":"459700","mailAddr":"16 CHEMIN DES MELEZES","mailCity":null,"mun":null},"geometry":{"type":"MultiPolygon","coordinates":[[[[-71.789513,48.537172],[-71.789773,48.536774],[-71.7906,48.536792],[-71.790609,48.536881],[-71.790833,48.536922],[-71.790609,48.537303],[-71.789513,48.537172]]]]}},{"type":"Feature","properties":{"owner1":"BRASSARD-CARRIER CHLOE","owner2":"DOYLE SIMON","matricule":"1075-71-8712","street":"DE QUEN","civicLow":"0","civicHigh":"0","valueLand":"39000","valueBuilding":"0","valueTotal":"39000","mailAddr":"2693 ROUTE DU LAC OUEST","mailCity":null,"mun":null},"geometry":{"type":"MultiPolygon","coordinates":[[[[-71.771879,48.508018],[-71.770684,48.507834],[-71.770756,48.507685],[-71.771627,48.507834],[-71.771843,48.507263],[-71.773307,48.507542],[-71.77319,48.507876],[-71.772094,48.507721],[-71.771879,48.508018]]]]}},{"type":"Feature","properties":{"owner1":"GAUDREAULT JACQUES","owner2":null,"matricule":"1074-25-7914","street":"POINTE-DU-LAC","civicLow":"97","civicHigh":"0","valueLand":"53000","valueBuilding":"98900","valueTotal":"151900","mailAddr":"97 CHEMIN DE LA POINTE-DU-LAC","mailCity":null,"mun":null},"geometry":{"type":"MultiPolygon","coordinates":[[[[-71.778904,48.502073],[-71.779245,48.501959],[-71.779488,48.502168],[-71.779182,48.502317],[-71.778904,48.502073]]]]}},{"type":"Feature","properties":{"owner1":"TREMBLAY ALAIN","owner2":null,"matricule":"1074-35-0526","street":"POINTE-DU-LAC","civicLow":"95","civicHigh":"0","valueLand":"59500","valueBuilding":"69700","valueTotal":"129200","mailAddr":"3651 ROUTE BRASSARD","mailCity":null,"mun":null},"geometry":{"type":"MultiPolygon","coordinates":[[[[-71.778508,48.502156],[-71.778904,48.502073],[-71.779182,48.502317],[-71.778886,48.502465],[-71.778508,48.502156]]]]}},{"type":"Feature","properties":{"owner1":"TREMBLAY BERNARD","owner2":"GAUVIN ODETTE","matricule":"1074-35-2840","street":"POINTE-DU-LAC","civicLow":"93","civicHigh":"0","valueLand":"56600","valueBuilding":"192400","valueTotal":"249000","mailAddr":"2717 RUE DU DOMAINE-BEAUVOIR","mailCity":null,"mun":null},"geometry":{"type":"MultiPolygon","coordinates":[[[[-71.778248,48.502305],[-71.778508,48.502156],[-71.778886,48.502465],[-71.778598,48.502561],[-71.778248,48.502305]]]]}},{"type":"Feature","properties":{"owner1":"DANBROOK HEIDI","owner2":null,"matricule":"1074-35-5759","street":"POINTE-DU-LAC","civicLow":"91","civicHigh":"0","valueLand":"70500","valueBuilding":"245500","valueTotal":"316000","mailAddr":"91 CHEMIN DE LA POINTE-DU-LAC","mailCity":null,"mun":null},"geometry":{"type":"MultiPolygon","coordinates":[[[[-71.778598,48.502561],[-71.778041,48.502745],[-71.777727,48.50262],[-71.778248,48.502305],[-71.778598,48.502561]]]]}},{"type":"Feature","properties":{"owner1":"GAGNON PIERRE","owner2":null,"matricule":"1074-35-9091","street":"POINTE-DU-LAC","civicLow":"89","civicHigh":"0","valueLand":"54900","valueBuilding":"75000","valueTotal":"129900","mailAddr":"2815 RUE DECELLES APP 1","mailCity":null,"mun":null},"geometry":{"type":"MultiPolygon","coordinates":[[[[-71.777574,48.502817],[-71.777727,48.50262],[-71.778041,48.502745],[-71.777862,48.502858],[-71.777942,48.502995],[-71.777565,48.503013],[-71.777574,48.502817]]]]}},{"type":"Feature","properties":{"owner1":"GAGNON EVA","owner2":null,"matricule":"1074-36-7523","street":"POINTE-DU-LAC","civicLow":"87","civicHigh":"0","valueLand":"62200","valueBuilding":"123500","valueTotal":"185700","mailAddr":"87 CHEMIN DE LA POINTE-DU-LAC","mailCity":null,"mun":null},"geometry":{"type":"MultiPolygon","coordinates":[[[[-71.777565,48.503013],[-71.778419,48.503102],[-71.777996,48.503257],[-71.777682,48.503215],[-71.777565,48.503013]]]]}},{"type":"Feature","properties":{"owner1":"BOUCHARD PATRICE","owner2":null,"matricule":"1074-36-3638","street":"POINTE-DU-LAC","civicLow":"85","civicHigh":"0","valueLand":"53700","valueBuilding":"163100","valueTotal":"216800","mailAddr":"85 CHEMIN DE LA POINTE-DU-LAC","mailCity":null,"mun":null},"geometry":{"type":"MultiPolygon","coordinates":[[[[-71.778419,48.503102],[-71.778715,48.503126],[-71.778499,48.503436],[-71.778194,48.503281],[-71.778419,48.503102]]]]}},{"type":"Feature","properties":{"owner1":"S.I.A.L.","owner2":null,"matricule":"1180-14-9252","street":"GOLF","civicLow":"0","civicHigh":"0","valueLand":"2600","valueBuilding":"1000","valueTotal":"3600","mailAddr":"139 RUE LEVESQUE","mailCity":null,"mun":null},"geometry":{"type":"MultiPolygon","coordinates":[[[[-71.768187,48.555715],[-71.768142,48.555584],[-71.768312,48.555661],[-71.768187,48.555715]]]]}},{"type":"Feature","properties":{"owner1":"S.I.A.L.","owner2":null,"matricule":"1180-14-9469","street":"GOLF","civicLow":"0","civicHigh":"0","valueLand":"3200","valueBuilding":"0","valueTotal":"3200","mailAddr":"20 CHEMIN DU GOLF","mailCity":null,"mun":null},"geometry":{"type":"MultiPolygon","coordinates":[[[[-71.768241,48.555935],[-71.768133,48.555745],[-71.768312,48.555661],[-71.768241,48.555935]]]]}},{"type":"Feature","properties":{"owner1":"BERGERON FABIEN","owner2":"HUDON MONIQUE","matricule":"1471-33-0672","street":"4","civicLow":"1229","civicHigh":"0","valueLand":"29200","valueBuilding":"106700","valueTotal":"135900","mailAddr":"1340 RUE LEVEILLEE","mailCity":null,"mun":null},"geometry":{"type":"MultiPolygon","coordinates":[[[[-71.723765,48.474649],[-71.723981,48.474179],[-71.724322,48.474244],[-71.724142,48.474715],[-71.723765,48.474649]]]]}},{"type":"Feature","properties":{"owner1":"FORTIN ROBERT","owner2":null,"matricule":"1368-43-8426","street":"BELLE-RIVIERE","civicLow":"1056","civicHigh":"0","valueLand":"52900","valueBuilding":"93800","valueTotal":"146700","mailAddr":"1056 RANG BELLE-RIVIERE","mailCity":null,"mun":null},"geometry":{"type":"MultiPolygon","coordinates":[[[[-71.734024,48.447414],[-71.734563,48.446336],[-71.734985,48.446502],[-71.734698,48.447408],[-71.734599,48.447533],[-71.734024,48.447414]]]]}},{"type":"Feature","properties":{"owner1":"DUFOUR RAYNALD","owner2":"BOUDREAULT LYNDA","matricule":"1369-21-8895","street":"BELLE-RIVIERE","civicLow":"0","civicHigh":"0","valueLand":"89500","valueBuilding":"0","valueTotal":"89500","mailAddr":"1137 RANG BELLE-RIVIERE","mailCity":null,"mun":null},"geometry":{"type":"MultiPolygon","coordinates":[[[[-71.739297,48.44773],[-71.739584,48.447027],[-71.741336,48.447337],[-71.74104,48.448052],[-71.740285,48.447831],[-71.739297,48.44773]]],[[[-71.733772,48.461182],[-71.739018,48.448409],[-71.739387,48.448475],[-71.739683,48.44798],[-71.740447,48.448111],[-71.740977,48.448236],[-71.740581,48.449321],[-71.740042,48.450334],[-71.735515,48.461504],[-71.733772,48.461182]]]]}},{"type":"Feature","properties":{"owner1":"QUEBEC LAC-ST-JEAN RAILWAYS","owner2":null,"matricule":"1271-16-0037","street":"4","civicLow":"0","civicHigh":"0","valueLand":"312900","valueBuilding":"0","valueTotal":"312900","mailAddr":"935 DE LA GAUCHETIERE OUEST 8E ETAGE","mailCity":null,"mun":null},"geometry":{"type":"MultiPolygon","coordinates":[[[[-71.77814,48.482623],[-71.77531,48.482581],[-71.77249,48.482385],[-71.769831,48.482063],[-71.766731,48.481533],[-71.762536,48.48045],[-71.758593,48.479026],[-71.755889,48.477782],[-71.721483,48.458984],[-71.722436,48.459157],[-71.75614,48.477562],[-71.759374,48.479026],[-71.762833,48.480241],[-71.766839,48.481301],[-71.769372,48.481772],[-71.772894,48.4822],[-71.77646,48.482397],[-71.779434,48.482373],[-71.782398,48.482182],[-71.792226,48.480855],[-71.792199,48.480759],[-71.792989,48.480646],[-71.793133,48.480861],[-71.792926,48.481075],[-71.792333,48.481158],[-71.792297,48.481069],[-71.783755,48.482266],[-71.780952,48.482516],[-71.77814,48.482623]]]]}},{"type":"Feature","properties":{"owner1":"S.I.A.L.","owner2":"S.I.A.L.","matricule":"1074-48-0148","street":"BERNACHES","civicLow":"306","civicHigh":"0","valueLand":"52700","valueBuilding":"260900","valueTotal":"313600","mailAddr":"306 CHEMIN DES BERNACHES","mailCity":null,"mun":null},"geometry":{"type":"MultiPolygon","coordinates":[[[[-71.777889,48.505191],[-71.777448,48.505251],[-71.777269,48.505025],[-71.777933,48.505084],[-71.777889,48.505191]]]]}},{"type":"Feature","properties":{"owner1":"S.I.A.L.","owner2":null,"matricule":"1074-48-0228","street":"BERNACHES","civicLow":"308","civicHigh":"0","valueLand":"55400","valueBuilding":"265600","valueTotal":"321000","mailAddr":"308 CHEMIN DES BERNACHES","mailCity":null,"mun":null},"geometry":{"type":"MultiPolygon","coordinates":[[[[-71.777996,48.504935],[-71.777933,48.505084],[-71.777269,48.505025],[-71.777287,48.50484],[-71.777996,48.504935]]]]}},{"type":"Feature","properties":{"owner1":"S.I.A.L.","owner2":"S.I.A.L.","matricule":"1074-38-9909","street":"BERNACHES","civicLow":"310","civicHigh":"0","valueLand":"58800","valueBuilding":"168700","valueTotal":"227500","mailAddr":"310 CHEMIN DES BERNACHES","mailCity":null,"mun":null},"geometry":{"type":"MultiPolygon","coordinates":[[[[-71.77805,48.504757],[-71.777996,48.504935],[-71.777287,48.50484],[-71.777314,48.504668],[-71.77805,48.504757]]]]}},{"type":"Feature","properties":{"owner1":"S.I.A.L.","owner2":null,"matricule":"1074-37-9689","street":"BERNACHES","civicLow":"312","civicHigh":"0","valueLand":"58700","valueBuilding":"157400","valueTotal":"216100","mailAddr":"312 CHEMIN DES BERNACHES","mailCity":null,"mun":null},"geometry":{"type":"MultiPolygon","coordinates":[[[[-71.778059,48.504644],[-71.77805,48.504757],[-71.777314,48.504668],[-71.777323,48.504489],[-71.778068,48.504578],[-71.778059,48.504644]]]]}},{"type":"Feature","properties":{"owner1":"MUNICIPALITE DE SAINT-GEDEON","owner2":null,"matricule":"1377-32-4992","street":"10","civicLow":"0","civicHigh":"0","valueLand":"500","valueBuilding":"0","valueTotal":"500","mailAddr":"208 RUE DE QUEN","mailCity":null,"mun":null},"geometry":{"type":"MultiPolygon","coordinates":[[[[-71.738039,48.527857],[-71.738273,48.527298],[-71.738533,48.527339],[-71.738219,48.527886],[-71.738039,48.527857]]]]}},{"type":"Feature","properties":{"owner1":"PARADIS LAURIER","owner2":null,"matricule":"1073-86-1190","street":"LEVESQUE","civicLow":"139","civicHigh":"0","valueLand":"22400","valueBuilding":"109800","valueTotal":"132200","mailAddr":"139 RUE LEVESQUE","mailCity":null,"mun":null},"geometry":{"type":"MultiPolygon","coordinates":[[[[-71.772076,48.494775],[-71.771942,48.494965],[-71.771546,48.494894],[-71.771726,48.494644],[-71.772121,48.494715],[-71.772076,48.494775]]]]}},{"type":"Feature","properties":{"owner1":"S.I.A.L.","owner2":null,"matricule":"0977-69-0851","street":"MELEZES","civicLow":"103","civicHigh":"0","valueLand":"143300","valueBuilding":"274400","valueTotal":"417700","mailAddr":"915 RUE CROISSANT-RABELAIS","mailCity":null,"mun":null},"geometry":{"type":"MultiPolygon","coordinates":[[[[-71.789674,48.532878],[-71.789612,48.533098],[-71.788453,48.533002],[-71.788596,48.532759],[-71.789674,48.532878]]]]}},{"type":"Feature","properties":{"owner1":"S.I.A.L.","owner2":null,"matricule":"0973-44-1651","street":"PLAGE","civicLow":"2","civicHigh":"0","valueLand":"383600","valueBuilding":"181900","valueTotal":"565500","mailAddr":"CP 322","mailCity":null,"mun":null},"geometry":{"type":"MultiPolygon","coordinates":[[[[-71.788893,48.492328],[-71.789073,48.491965],[-71.792414,48.492542],[-71.792217,48.492923],[-71.788893,48.492328]]]]}},{"type":"Feature","properties":{"owner1":"S.I.A.L.","owner2":"S.I.A.L.","matricule":"0973-32-9331","street":"SAINT-GEDEON-SUR-LE-LAC","civicLow":"9","civicHigh":"0","valueLand":"229300","valueBuilding":"251900","valueTotal":"481200","mailAddr":"252 RUE JEANNE-D'ARC","mailCity":null,"mun":null},"geometry":{"type":"MultiPolygon","coordinates":[[[[-71.789719,48.490363],[-71.789809,48.490143],[-71.792091,48.490554],[-71.792019,48.49078],[-71.789719,48.490363]]]]}},{"type":"Feature","properties":{"owner1":"S.I.A.L.","owner2":"S.I.A.L.","matricule":"0973-42-0158","street":"SAINT-GEDEON-SUR-LE-LAC","civicLow":"8","civicHigh":"0","valueLand":"250500","valueBuilding":"292900","valueTotal":"543400","mailAddr":"8 CHEMIN SAINT-GEDEON-SUR-LE-LAC","mailCity":null,"mun":null},"geometry":{"type":"MultiPolygon","coordinates":[[[[-71.789603,48.490637],[-71.789719,48.490363],[-71.792019,48.49078],[-71.791902,48.491042],[-71.789603,48.490637]]]]}},{"type":"Feature","properties":{"owner1":"DESCHENES DENISE","owner2":"LEMAY JOCELYNE","matricule":"1076-47-9737","street":"CHENES","civicLow":"0","civicHigh":"0","valueLand":"41900","valueBuilding":"0","valueTotal":"41900","mailAddr":"1220 AVENUE BRIAND APP 303","mailCity":null,"mun":null},"geometry":{"type":"MultiPolygon","coordinates":[[[[-71.776586,48.522431],[-71.776478,48.522496],[-71.776793,48.521836],[-71.776972,48.521991],[-71.776793,48.522353],[-71.776667,48.5223],[-71.776586,48.522431]]]]}},{"type":"Feature","properties":{"owner1":"LAVOIE JEAN-PIERRE","owner2":null,"matricule":"1072-08-7519","street":"DE QUEN","civicLow":"0","civicHigh":"0","valueLand":"35000","valueBuilding":"39600","valueTotal":"74600","mailAddr":"423 DEQUEN","mailCity":null,"mun":null},"geometry":{"type":"MultiPolygon","coordinates":[[[[-71.781994,48.48669],[-71.781679,48.487041],[-71.780781,48.486874],[-71.780952,48.486708],[-71.781347,48.486809],[-71.781554,48.486606],[-71.781994,48.48669]]]]}},{"type":"Feature","properties":{"owner1":"GIRARD THERESE","owner2":"SAVARD ISABELLE","matricule":"1076-61-6775","street":"ETANG","civicLow":"101","civicHigh":"0","valueLand":"53400","valueBuilding":"99300","valueTotal":"152700","mailAddr":"1600 RUE ST-JACQUES","mailCity":null,"mun":null},"geometry":{"type":"MultiPolygon","coordinates":[[[[-71.774098,48.51723],[-71.774196,48.516963],[-71.774592,48.517028],[-71.774502,48.517296],[-71.774098,48.51723]]]]}},{"type":"Feature","properties":{"owner1":"S.I.A.L.","owner2":null,"matricule":"1076-61-8672","street":"ETANG","civicLow":"0","civicHigh":"0","valueLand":"5200","valueBuilding":"0","valueTotal":"5200","mailAddr":"1655 RUE POWELL","mailCity":null,"mun":null},"geometry":{"type":"MultiPolygon","coordinates":[[[[-71.774017,48.517266],[-71.773882,48.517242],[-71.774035,48.516915],[-71.774592,48.517028],[-71.774196,48.516963],[-71.774098,48.51723],[-71.774592,48.517361],[-71.774017,48.517266]]]]}},{"type":"Feature","properties":{"owner1":"COTE FRANCIS","owner2":null,"matricule":"1076-71-1862","street":"ETANG","civicLow":"10","civicHigh":"0","valueLand":"35100","valueBuilding":"283500","valueTotal":"318600","mailAddr":"10 CHEMIN DE L'ETANG","mailCity":null,"mun":null},"geometry":{"type":"MultiPolygon","coordinates":[[[[-71.773882,48.517242],[-71.773181,48.517117],[-71.773136,48.516975],[-71.773415,48.516903],[-71.773442,48.516778],[-71.774035,48.516915],[-71.773882,48.517242]]]]}},{"type":"Feature","properties":{"owner1":"S.I.A.L.","owner2":null,"matricule":"1076-61-5351","street":"ETANG","civicLow":"0","civicHigh":"0","valueLand":"9800","valueBuilding":"0","valueTotal":"9800","mailAddr":"103 CHEMIN DE L'ETANG","mailCity":null,"mun":null},"geometry":{"type":"MultiPolygon","coordinates":[[[[-71.77443,48.516933],[-71.774448,48.516814],[-71.774601,48.516832],[-71.77461,48.51701],[-71.77443,48.516933]]]]}},{"type":"Feature","properties":{"owner1":"S.I.A.L.","owner2":"S.I.A.L.","matricule":"0973-30-3986","street":"SAINT-GEDEON-SUR-LE-LAC","civicLow":"14","civicHigh":"0","valueLand":"232000","valueBuilding":"148700","valueTotal":"380700","mailAddr":"315 CHEMIN SAINT-MICHEL","mailCity":null,"mun":null},"geometry":{"type":"MultiPolygon","coordinates":[[[[-71.790402,48.489089],[-71.79077,48.488869],[-71.792603,48.489178],[-71.792585,48.489452],[-71.790402,48.489089]]]]}},{"type":"Feature","properties":{"owner1":"S.I.A.L.","owner2":"S.I.A.L.","matricule":"0973-31-5413","street":"SAINT-GEDEON-SUR-LE-LAC","civicLow":"13","civicHigh":"0","valueLand":"247800","valueBuilding":"231400","valueTotal":"479200","mailAddr":"13 CHEMIN DE SAINT-GEDEON-SUR-LE-LAC","mailCity":null,"mun":null},"geometry":{"type":"MultiPolygon","coordinates":[[[[-71.790124,48.489315],[-71.790402,48.489089],[-71.792585,48.489452],[-71.79254,48.489732],[-71.790124,48.489315]]]]}},{"type":"Feature","properties":{"owner1":"S.I.A.L.","owner2":null,"matricule":"0973-31-6442","street":"SAINT-GEDEON-SUR-LE-LAC","civicLow":"12","civicHigh":"0","valueLand":"255800","valueBuilding":"317400","valueTotal":"573200","mailAddr":"12 CHEMIN DE SAINT-GEDEON-SUR-LE-LAC","mailCity":null,"mun":null},"geometry":{"type":"MultiPolygon","coordinates":[[[[-71.79051,48.489661],[-71.790016,48.489577],[-71.790124,48.489315],[-71.79254,48.489732],[-71.792423,48.49],[-71.79051,48.489661]]]]}},{"type":"Feature","properties":{"owner1":"S.I.A.L.","owner2":null,"matricule":"0973-31-7471","street":"SAINT-GEDEON-SUR-LE-LAC","civicLow":"11","civicHigh":"0","valueLand":"239100","valueBuilding":"209100","valueTotal":"448200","mailAddr":"11 CHEMIN DE SAINT-GEDEON-SUR-LE-LAC","mailCity":null,"mun":null},"geometry":{"type":"MultiPolygon","coordinates":[[[[-71.789971,48.489696],[-71.790016,48.489577],[-71.792423,48.49],[-71.792226,48.49025],[-71.789917,48.489845],[-71.789971,48.489696]]]]}},{"type":"Feature","properties":{"owner1":"S.I.A.L.","owner2":"S.I.A.L.","matricule":"0973-32-8400","street":"SAINT-GEDEON-SUR-LE-LAC","civicLow":"10","civicHigh":"0","valueLand":"247400","valueBuilding":"644400","valueTotal":"891800","mailAddr":"10 CHEMIN SAINT-GEDEON-SUR-LE-LAC","mailCity":null,"mun":null},"geometry":{"type":"MultiPolygon","coordinates":[[[[-71.789827,48.490101],[-71.789917,48.489845],[-71.792226,48.49025],[-71.792109,48.490512],[-71.789827,48.490101]]]]}},{"type":"Feature","properties":{"owner1":"S.I.A.L.","owner2":null,"matricule":"1076-52-7173","street":"ETANG","civicLow":"206","civicHigh":"0","valueLand":"77500","valueBuilding":"51400","valueTotal":"128900","mailAddr":"1042 RUE RICKEN","mailCity":null,"mun":null},"geometry":{"type":"MultiPolygon","coordinates":[[[[-71.775436,48.517927],[-71.775912,48.517939],[-71.775903,48.518046],[-71.775364,48.518058],[-71.775436,48.517927]]]]}},{"type":"Feature","properties":{"owner1":"COTE CONSTANT","owner2":null,"matricule":"1271-59-0087","street":"4","civicLow":"1468","civicHigh":"0","valueLand":"52700","valueBuilding":"205200","valueTotal":"257900","mailAddr":"1468 RANG 4","mailCity":null,"mun":null},"geometry":{"type":"MultiPolygon","coordinates":[[[[-71.748109,48.479425],[-71.749268,48.47964],[-71.749089,48.480057],[-71.748244,48.479902],[-71.748136,48.480152],[-71.747831,48.480092],[-71.748109,48.479425]]]]}},{"type":"Feature","properties":{"owner1":"BOUCHARD LAURIER","owner2":null,"matricule":"1079-34-6850","street":"ILES","civicLow":"315","civicHigh":"0","valueLand":"44600","valueBuilding":"126100","valueTotal":"170700","mailAddr":"315 RANG DES ILES","mailCity":null,"mun":null},"geometry":{"type":"MultiPolygon","coordinates":[[[[-71.778508,48.546575],[-71.778374,48.546551],[-71.778553,48.54626],[-71.779829,48.546492],[-71.779784,48.546807],[-71.778508,48.546575]]]]}},{"type":"Feature","properties":{"owner1":"TREMBLAY SYLVAIN","owner2":"LAVOIE LINE","matricule":"1079-34-6884","street":"ILES","civicLow":"313","civicHigh":"0","valueLand":"40500","valueBuilding":"155200","valueTotal":"195700","mailAddr":"313 RANG DES ILES","mailCity":null,"mun":null},"geometry":{"type":"MultiPolygon","coordinates":[[[[-71.778472,48.546849],[-71.778508,48.546575],[-71.779784,48.546807],[-71.779748,48.547081],[-71.778472,48.546849]]]]}},{"type":"Feature","properties":{"owner1":"LES ENTREPRISES ALFRED BOIVIN INC.","owner2":null,"matricule":"0972-31-2435","street":"GARE","civicLow":"0","civicHigh":"0","valueLand":"12100","valueBuilding":"0","valueTotal":"12100","mailAddr":"2205 RUE DE LA FONDERIE","mailCity":null,"mun":null},"geometry":{"type":"MultiPolygon","coordinates":[[[[-71.791803,48.480593],[-71.791776,48.48067],[-71.791345,48.480575],[-71.791803,48.480593]]]]}},{"type":"Feature","properties":{"owner1":"LES ENTREPRISES ALFRED BOIVIN INC.","owner2":null,"matricule":"0972-31-2327","street":"GARE","civicLow":"0","civicHigh":"0","valueLand":"12300","valueBuilding":"0","valueTotal":"12300","mailAddr":"2205 RUE DE LA FONDERIE","mailCity":null,"mun":null},"geometry":{"type":"MultiPolygon","coordinates":[[[[-71.79183,48.480521],[-71.791803,48.480593],[-71.791372,48.480527],[-71.791399,48.480456],[-71.79183,48.480521]]]]}},{"type":"Feature","properties":{"owner1":"LES ENTREPRISES ALFRED BOIVIN INC.","owner2":null,"matricule":"0972-31-2119","street":"GARE","civicLow":"0","civicHigh":"0","valueLand":"12200","valueBuilding":"0","valueTotal":"12200","mailAddr":"2205 RUE DE LA FONDERIE","mailCity":null,"mun":null},"geometry":{"type":"MultiPolygon","coordinates":[[[[-71.791857,48.480444],[-71.79183,48.480521],[-71.791399,48.480456],[-71.791435,48.480384],[-71.791857,48.480444]]]]}},{"type":"Feature","properties":{"owner1":"LES ENTREPRISES ALFRED BOIVIN INC.","owner2":null,"matricule":"0972-31-1807","street":"GARE","civicLow":"0","civicHigh":"0","valueLand":"16400","valueBuilding":"0","valueTotal":"16400","mailAddr":"2205 RUE DE LA FONDERIE","mailCity":null,"mun":null},"geometry":{"type":"MultiPolygon","coordinates":[[[[-71.791884,48.480366],[-71.791857,48.480444],[-71.791435,48.480384],[-71.791498,48.480235],[-71.791884,48.480366]]]]}},{"type":"Feature","properties":{"owner1":"S.I.A.L.","owner2":null,"matricule":"1080-87-9282","street":"BAIE-FOREST","civicLow":"28","civicHigh":"0","valueLand":"45200","valueBuilding":"3600","valueTotal":"48800","mailAddr":"730 RUE CLOUTIER","mailCity":null,"mun":null},"geometry":{"type":"MultiPolygon","coordinates":[[[[-71.772175,48.558432],[-71.772535,48.558604],[-71.772445,48.558712],[-71.772211,48.558712],[-71.772175,48.558432]]]]}},{"type":"Feature","properties":{"owner1":"S.I.A.L.","owner2":null,"matricule":"1080-97-1177","street":"BAIE-FOREST","civicLow":"30","civicHigh":"0","valueLand":"37900","valueBuilding":"40100","valueTotal":"78000","mailAddr":"2823 RUE ST-DOMINIQUE","mailCity":null,"mun":null},"geometry":{"type":"MultiPolygon","coordinates":[[[[-71.771888,48.558527],[-71.772121,48.55839],[-71.772211,48.558712],[-71.771888,48.558527]]]]}},{"type":"Feature","properties":{"owner1":"S.I.A.L.","owner2":null,"matricule":"1080-97-2263","street":"BAIE-FOREST","civicLow":"32","civicHigh":"0","valueLand":"37800","valueBuilding":"10000","valueTotal":"47800","mailAddr":"24 RUE SAINT-PIERRE","mailCity":null,"mun":null},"geometry":{"type":"MultiPolygon","coordinates":[[[[-71.771663,48.558468],[-71.77196,48.558277],[-71.772121,48.55839],[-71.771888,48.558527],[-71.771663,48.558468]]]]}},{"type":"Feature","properties":{"owner1":"S.I.A.L.","owner2":null,"matricule":"1080-97-3552","street":"BAIE-FOREST","civicLow":"34","civicHigh":"0","valueLand":"19900","valueBuilding":"0","valueTotal":"19900","mailAddr":"1260 AVENUE PAPINEAU","mailCity":null,"mun":null},"geometry":{"type":"MultiPolygon","coordinates":[[[[-71.771627,48.558272],[-71.771816,48.558176],[-71.77196,48.558277],[-71.771663,48.558468],[-71.77151,48.558331],[-71.771627,48.558272]]]]}},{"type":"Feature","properties":{"owner1":"S.I.A.L.","owner2":null,"matricule":"1080-97-1349","street":"BAIE-FOREST","civicLow":"0","civicHigh":"0","valueLand":"100","valueBuilding":"0","valueTotal":"100","mailAddr":"1655 RUE POWELL","mailCity":null,"mun":null},"geometry":{"type":"MultiPolygon","coordinates":[[[[-71.771816,48.558176],[-71.772238,48.55839],[-71.772175,48.558432],[-71.771816,48.558176]]]]}},{"type":"Feature","properties":{"owner1":"S.I.A.L.","owner2":null,"matricule":"1080-97-0641","street":"BAIE-FOREST","civicLow":"0","civicHigh":"0","valueLand":"3800","valueBuilding":"0","valueTotal":"3800","mailAddr":"100 RANG DES ILES","mailCity":null,"mun":null},"geometry":{"type":"MultiPolygon","coordinates":[[[[-71.771879,48.558147],[-71.772427,48.558206],[-71.772175,48.558349],[-71.771879,48.558147]]]]}},{"type":"Feature","properties":{"owner1":"S.I.A.L.","owner2":"S.I.A.L.","matricule":"1080-97-5625","street":"BAIE-FOREST","civicLow":"0","civicHigh":"0","valueLand":"11000","valueBuilding":"0","valueTotal":"11000","mailAddr":"363 RUE DES PYRENEES","mailCity":null,"mun":null},"geometry":{"type":"MultiPolygon","coordinates":[[[[-71.771421,48.558224],[-71.771627,48.558272],[-71.77151,48.558331],[-71.771349,48.557992],[-71.771618,48.558046],[-71.771421,48.558224]]]]}},{"type":"Feature","properties":{"owner1":"S.I.A.L.","owner2":"S.I.A.L.","matricule":"1080-78-8207","street":"BAIE-FOREST","civicLow":"0","civicHigh":"0","valueLand":"8500","valueBuilding":"0","valueTotal":"8500","mailAddr":"3768 CHEMIN SAINT-LOUIS","mailCity":null,"mun":null},"geometry":{"type":"MultiPolygon","coordinates":[[[[-71.773792,48.558658],[-71.773918,48.558658],[-71.773828,48.558914],[-71.773639,48.558872],[-71.773792,48.558658]]]]}},{"type":"Feature","properties":{"owner1":"S.I.A.L.","owner2":null,"matricule":"1080-78-6335","street":"BAIE-FOREST","civicLow":"23","civicHigh":"0","valueLand":"45900","valueBuilding":"53600","valueTotal":"99500","mailAddr":"67 RUE SCOTT OUEST","mailCity":null,"mun":null},"geometry":{"type":"MultiPolygon","coordinates":[[[[-71.773846,48.559134],[-71.773927,48.558937],[-71.774286,48.558943],[-71.774286,48.559146],[-71.773846,48.559134]]]]}},{"type":"Feature","properties":{"owner1":"S.I.A.L.","owner2":null,"matricule":"1080-79-0565","street":"BAIE-FOREST","civicLow":"5","civicHigh":"0","valueLand":"42300","valueBuilding":"16700","valueTotal":"59000","mailAddr":"100 RANG DES ILES","mailCity":null,"mun":null},"geometry":{"type":"MultiPolygon","coordinates":[[[[-71.774699,48.560299],[-71.774861,48.560043],[-71.775095,48.560109],[-71.774933,48.560358],[-71.774699,48.560299]]]]}},{"type":"Feature","properties":{"owner1":"NERON ODILON","owner2":null,"matricule":"1073-36-2351","street":"DE QUEN","civicLow":"0","civicHigh":"0","valueLand":"50800","valueBuilding":"0","valueTotal":"50800","mailAddr":"227 RUE DE QUEN","mailCity":null,"mun":null},"geometry":{"type":"MultiPolygon","coordinates":[[[[-71.780062,48.494084],[-71.779092,48.495102],[-71.777646,48.494828],[-71.77735,48.49459],[-71.776802,48.494453],[-71.777035,48.494447],[-71.777206,48.493959],[-71.777547,48.493614],[-71.780062,48.494084]]]]}},{"type":"Feature","properties":{"owner1":"ALLAIRE ANDRE","owner2":null,"matricule":"1075-55-3446","street":"DOMAINE-GRANDMONT","civicLow":"304","civicHigh":"0","valueLand":"137400","valueBuilding":"100900","valueTotal":"238300","mailAddr":"304 CHEMIN DU DOMAINE-GRANDMONT","mailCity":null,"mun":null},"geometry":{"type":"MultiPolygon","coordinates":[[[[-71.776236,48.511268],[-71.775948,48.511714],[-71.775634,48.511714],[-71.775984,48.511184],[-71.776236,48.511268]]]]}},{"type":"Feature","properties":{"owner1":"COMMISSION SCOLAIRE LAC-ST-JEAN","owner2":null,"matricule":"1073-34-4513","street":"DE QUEN","civicLow":"289","civicHigh":"0","valueLand":"217500","valueBuilding":"3140400","valueTotal":"3357900","mailAddr":"350 BOULEVARD CHAMPLAIN SUD","mailCity":null,"mun":null},"geometry":{"type":"MultiPolygon","coordinates":[[[[-71.777385,48.491864],[-71.778975,48.492155],[-71.77876,48.492614],[-71.777161,48.492316],[-71.777385,48.491864]]]]}},{"type":"Feature","properties":{"owner1":"EXCAVATIONS GILLES DESBIENS INC LES","owner2":null,"matricule":"1077-17-3851","street":"ILES","civicLow":"0","civicHigh":"0","valueLand":"29000","valueBuilding":"0","valueTotal":"29000","mailAddr":"2875 AVENUE DU PONT SUD","mailCity":null,"mun":null},"geometry":{"type":"MultiPolygon","coordinates":[[[[-71.782147,48.531033],[-71.781958,48.531468],[-71.781572,48.531396],[-71.781751,48.530962],[-71.782147,48.531033]]]]}},{"type":"Feature","properties":{"owner1":"PLACEMENT H.D. INC.","owner2":null,"matricule":"1077-27-3921","street":"ILES","civicLow":"0","civicHigh":"0","valueLand":"53400","valueBuilding":"0","valueTotal":"53400","mailAddr":"4 CHEMIN DU BOISE","mailCity":null,"mun":null},"geometry":{"type":"MultiPolygon","coordinates":[[[[-71.7792,48.53095],[-71.779443,48.530528],[-71.781751,48.530962],[-71.781572,48.531396],[-71.7792,48.53095]]]]}},{"type":"Feature","properties":{"owner1":"DROLET ALAIN","owner2":"LAVOIE CHANTALE","matricule":"1075-97-7675","street":"DOMAINE-GRANDMONT","civicLow":"105","civicHigh":"0","valueLand":"51700","valueBuilding":"210900","valueTotal":"262600","mailAddr":"105 CHEMIN DU DOMAINE-GRANDMONT","mailCity":null,"mun":null},"geometry":{"type":"MultiPolygon","coordinates":[[[[-71.770325,48.51319],[-71.770118,48.514041],[-71.769786,48.513975],[-71.77001,48.513083],[-71.770325,48.51319]]]]}},{"type":"Feature","properties":{"owner1":"LEMIEUX YVAN","owner2":"SIMARD LOUISE","matricule":"1075-56-5564","street":"DOMAINE-GRANDMONT","civicLow":"23","civicHigh":"0","valueLand":"58000","valueBuilding":"171800","valueTotal":"229800","mailAddr":"23 CHEMIN DU DOMAINE-GRANDMONT","mailCity":null,"mun":null},"geometry":{"type":"MultiPolygon","coordinates":[[[[-71.77602,48.512381],[-71.775984,48.512886],[-71.775319,48.51275],[-71.775607,48.512083],[-71.776056,48.512285],[-71.77602,48.512381]]]]}},{"type":"Feature","properties":{"owner1":"FORTIN LUDOVIC","owner2":null,"matricule":"1075-56-9949","street":"DOMAINE-GRANDMONT","civicLow":"21","civicHigh":"0","valueLand":"51100","valueBuilding":"193000","valueTotal":"244100","mailAddr":"2345 RUE MATHIAS","mailCity":null,"mun":null},"geometry":{"type":"MultiPolygon","coordinates":[[[[-71.775382,48.512506],[-71.775319,48.51275],[-71.774951,48.512672],[-71.774906,48.512012],[-71.77558,48.512149],[-71.775319,48.512238],[-71.775382,48.512506]]]]}},{"type":"Feature","properties":{"owner1":"S.I.A.L.","owner2":"S.I.A.L.","matricule":"1075-66-6333","street":"DOMAINE-GRANDMONT","civicLow":"19","civicHigh":"0","valueLand":"110000","valueBuilding":"123000","valueTotal":"233000","mailAddr":"19 CHEMIN DU DOMAINE-GRANDMONT","mailCity":null,"mun":null},"geometry":{"type":"MultiPolygon","coordinates":[[[[-71.774511,48.511934],[-71.774807,48.511928],[-71.774538,48.512583],[-71.773747,48.512416],[-71.7739,48.512047],[-71.774511,48.511934]]]]}},{"type":"Feature","properties":{"owner1":"S.I.A.L.","owner2":null,"matricule":"1075-76-3727","street":"DOMAINE-GRANDMONT","civicLow":"0","civicHigh":"0","valueLand":"60000","valueBuilding":"0","valueTotal":"60000","mailAddr":"17 CHEMIN DU DOMAINE-GRANDMONT","mailCity":null,"mun":null},"geometry":{"type":"MultiPolygon","coordinates":[[[[-71.773559,48.512601],[-71.772355,48.511946],[-71.7739,48.512047],[-71.773541,48.51269],[-71.773559,48.512601]]]]}},{"type":"Feature","properties":{"owner1":"SIMARD DOMINIC","owner2":"BELLEY TANIA","matricule":"1078-68-5597","street":"RANCH","civicLow":"0","civicHigh":"0","valueLand":"24300","valueBuilding":"0","valueTotal":"24300","mailAddr":"121 RUE DES CHALETS","mailCity":null,"mun":null},"geometry":{"type":"MultiPolygon","coordinates":[[[[-71.774789,48.541841],[-71.775014,48.5413],[-71.775409,48.541377],[-71.775194,48.541907],[-71.774789,48.541841]]]]}},{"type":"Feature","properties":{"owner1":"BOILY JACQUES","owner2":null,"matricule":"1374-22-4248","street":"5","civicLow":"1541","civicHigh":"0","valueLand":"509100","valueBuilding":"192600","valueTotal":"701700","mailAddr":"1541 RANG 5","mailCity":null,"mun":null},"geometry":{"type":"MultiPolygon","coordinates":[[[[-71.736916,48.507477],[-71.736521,48.507405],[-71.736413,48.507673],[-71.734374,48.507304],[-71.734536,48.506846],[-71.733557,48.506703],[-71.733611,48.506536],[-71.732371,48.50631],[-71.732128,48.506876],[-71.731814,48.50681],[-71.7375,48.492536],[-71.746097,48.49406],[-71.741785,48.504805],[-71.741408,48.5049],[-71.74139,48.505156],[-71.741094,48.505483],[-71.741094,48.505894],[-71.740384,48.506447],[-71.739324,48.508185],[-71.736818,48.507739],[-71.736916,48.507477]]]]}},{"type":"Feature","properties":{"owner1":"ROY CLAIRE","owner2":null,"matricule":"1075-93-6224","street":"DE QUEN","civicLow":"33","civicHigh":"0","valueLand":"26000","valueBuilding":"136600","valueTotal":"162600","mailAddr":"33 CHEMIN DE QUEN","mailCity":null,"mun":null},"geometry":{"type":"MultiPolygon","coordinates":[[[[-71.770513,48.509459],[-71.770397,48.509691],[-71.769804,48.509578],[-71.76992,48.509346],[-71.770513,48.509459]]]]}},{"type":"Feature","properties":{"owner1":"GROLEAU PHILIPPE","owner2":"LEVESQUE VERONIQUE","matricule":"1178-07-3193","street":"RANCH","civicLow":"46","civicHigh":"0","valueLand":"31200","valueBuilding":"316500","valueTotal":"347700","mailAddr":"46 CHEMIN DU RANCH","mailCity":null,"mun":null},"geometry":{"type":"MultiPolygon","coordinates":[[[[-71.770513,48.540491],[-71.770271,48.54108],[-71.769489,48.540943],[-71.769732,48.540348],[-71.770513,48.540491]]]]}},{"type":"Feature","properties":{"owner1":"SIMARD GUY","owner2":null,"matricule":"1077-56-5107","street":"ILES","civicLow":"580","civicHigh":"0","valueLand":"43600","valueBuilding":"200300","valueTotal":"243900","mailAddr":"580 RANG DES ILES","mailCity":null,"mun":null},"geometry":{"type":"MultiPolygon","coordinates":[[[[-71.775849,48.530153],[-71.775589,48.529665],[-71.776981,48.529969],[-71.776972,48.530076],[-71.776532,48.530171],[-71.775849,48.530153]]]]}},{"type":"Feature","properties":{"owner1":"CARRE MARCEL","owner2":"TREMBLAY DENISE","matricule":"0972-38-1935","street":"SAINT-GEDEON-SUR-LE-LAC","civicLow":"23","civicHigh":"0","valueLand":"175100","valueBuilding":"293600","valueTotal":"468700","mailAddr":"23 CHEMIN DE SAINT-GEDEON-SUR-LE-LAC","mailCity":null,"mun":null},"geometry":{"type":"MultiPolygon","coordinates":[[[[-71.792235,48.486809],[-71.792432,48.487136],[-71.791309,48.486946],[-71.791345,48.486666],[-71.792235,48.486809]]]]}},{"type":"Feature","properties":{"owner1":"S.I.A.L.","owner2":null,"matricule":"0972-38-1460","street":"SAINT-GEDEON-SUR-LE-LAC","civicLow":"22","civicHigh":"0","valueLand":"132700","valueBuilding":"114500","valueTotal":"247200","mailAddr":"1386 RUE VICTOR-GUIMOND","mailCity":null,"mun":null},"geometry":{"type":"MultiPolygon","coordinates":[[[[-71.791309,48.487089],[-71.791309,48.486946],[-71.792432,48.487136],[-71.792522,48.487297],[-71.791309,48.487089]]]]}},{"type":"Feature","properties":{"owner1":"BOILY DANY","owner2":null,"matricule":"1374-61-9250","street":"4","civicLow":"0","civicHigh":"0","valueLand":"199100","valueBuilding":"0","valueTotal":"199100","mailAddr":"460 RANG 10","mailCity":null,"mun":null},"geometry":{"type":"MultiPolygon","coordinates":[[[[-71.732892,48.50409],[-71.731814,48.50681],[-71.73079,48.506548],[-71.730898,48.506227],[-71.730493,48.506173],[-71.730386,48.506495],[-71.730242,48.506489],[-71.730754,48.504995],[-71.729901,48.504929],[-71.729532,48.505995],[-71.729029,48.505906],[-71.728885,48.506304],[-71.728391,48.506215],[-71.734105,48.491923],[-71.7375,48.492536],[-71.732892,48.50409]]]]}},{"type":"Feature","properties":{"owner1":"SAVARD ERIC","owner2":"FORTIN KATHIE","matricule":"1374-99-8100","street":"5","civicLow":"1485","civicHigh":"0","valueLand":"31200","valueBuilding":"138600","valueTotal":"169800","mailAddr":"1485 5E RANG","mailCity":null,"mun":null},"geometry":{"type":"MultiPolygon","coordinates":[[[[-71.728885,48.506304],[-71.729029,48.505906],[-71.729532,48.505995],[-71.729379,48.5064],[-71.728885,48.506304]]]]}},{"type":"Feature","properties":{"owner1":"SAVARD JOSEPH","owner2":null,"matricule":"1374-98-5185","street":"5","civicLow":"0","civicHigh":"0","valueLand":"21400","valueBuilding":"0","valueTotal":"21400","mailAddr":"1190 RUE LAPORTE","mailCity":null,"mun":null},"geometry":{"type":"MultiPolygon","coordinates":[[[[-71.729532,48.505995],[-71.729649,48.505644],[-71.729856,48.505685],[-71.729523,48.506417],[-71.729379,48.5064],[-71.729532,48.505995]]]]}},{"type":"Feature","properties":{"owner1":"ROY YVON","owner2":"SIMARD LISE","matricule":"1374-98-1154","street":"5","civicLow":"1491","civicHigh":"0","valueLand":"65000","valueBuilding":"114300","valueTotal":"179300","mailAddr":"1491 RANG 5","mailCity":null,"mun":null},"geometry":{"type":"MultiPolygon","coordinates":[[[[-71.729954,48.506471],[-71.729523,48.506417],[-71.730161,48.504977],[-71.730754,48.504995],[-71.730242,48.506489],[-71.729954,48.506471]]]]}},{"type":"Feature","properties":{"owner1":"GUERIN VALLEY","owner2":null,"matricule":"1074-26-2437","street":"POINTE-DU-LAC","civicLow":"75","civicHigh":"77","valueLand":"152000","valueBuilding":"179100","valueTotal":"331100","mailAddr":"77 CHEMIN DE LA POINTE-DU-LAC","mailCity":null,"mun":null},"geometry":{"type":"MultiPolygon","coordinates":[[[[-71.779676,48.502918],[-71.779919,48.502894],[-71.780368,48.503537],[-71.779955,48.503561],[-71.779676,48.502918]]]]}},{"type":"Feature","properties":{"owner1":"VEILLEUX CLAUDE","owner2":"VEILLEUX MAXIME","matricule":"1180-43-8198","street":"GOLF","civicLow":"205","civicHigh":"0","valueLand":"59500","valueBuilding":"184100","valueTotal":"243600","mailAddr":"629 RUE DU CHEMIN-DU-GOLF","mailCity":null,"mun":null},"geometry":{"type":"MultiPolygon","coordinates":[[[[-71.76401,48.555287],[-71.764252,48.554995],[-71.764575,48.555144],[-71.764207,48.555477],[-71.76401,48.555287]]]]}},{"type":"Feature","properties":{"owner1":"TURCOTTE MARCEL","owner2":null,"matricule":"1371-08-2035","street":"4","civicLow":"1386","civicHigh":"0","valueLand":"33400","valueBuilding":"75900","valueTotal":"109300","mailAddr":"1386 RANG 4","mailCity":null,"mun":null},"geometry":{"type":"MultiPolygon","coordinates":[[[[-71.741363,48.478181],[-71.741884,48.478282],[-71.741704,48.478711],[-71.741183,48.478616],[-71.741363,48.478181]]]]}},{"type":"Feature","properties":{"owner1":"BOUCHARD MARCELLINE","owner2":null,"matricule":"1371-18-6600","street":"4","civicLow":"1372","civicHigh":"0","valueLand":"52300","valueBuilding":"85900","valueTotal":"138200","mailAddr":"1372 RANG 4","mailCity":null,"mun":null},"geometry":{"type":"MultiPolygon","coordinates":[[[[-71.738956,48.478359],[-71.739198,48.477782],[-71.74015,48.47796],[-71.739917,48.478538],[-71.738956,48.478359]]]]}},{"type":"Feature","properties":{"owner1":"TRUCHON GERALD","owner2":null,"matricule":"1272-48-7327","street":"4","civicLow":"0","civicHigh":"0","valueLand":"164600","valueBuilding":"0","valueTotal":"164600","mailAddr":"385 ROUTE DU LAC OUEST","mailCity":null,"mun":null},"geometry":{"type":"MultiPolygon","coordinates":[[[[-71.744534,48.49378],[-71.750409,48.479848],[-71.752538,48.480283],[-71.752439,48.480539],[-71.753634,48.480753],[-71.753751,48.48045],[-71.753895,48.480473],[-71.748038,48.494406],[-71.744534,48.49378]]]]}},{"type":"Feature","properties":{"owner1":"S.I.A.L.","owner2":null,"matricule":"1180-48-7209","street":"GOLF","civicLow":"314","civicHigh":"0","valueLand":"30600","valueBuilding":"4000","valueTotal":"34600","mailAddr":"1646 RUE GAY-LUSSAC","mailCity":null,"mun":null},"geometry":{"type":"MultiPolygon","coordinates":[[[[-71.764234,48.558985],[-71.764333,48.558735],[-71.76471,48.558842],[-71.764611,48.559092],[-71.764234,48.558985]]]]}},{"type":"Feature","properties":{"owner1":"S.I.A.L.","owner2":"S.I.A.L.","matricule":"1180-47-2371","street":"GOLF","civicLow":"317","civicHigh":"0","valueLand":"67300","valueBuilding":"102600","valueTotal":"169900","mailAddr":"280 RUE LOUIS-FRECHETTE","mailCity":null,"mun":null},"geometry":{"type":"MultiPolygon","coordinates":[[[[-71.765034,48.558331],[-71.765258,48.558373],[-71.765321,48.558777],[-71.764845,48.558771],[-71.765034,48.558331]]]]}},{"type":"Feature","properties":{"owner1":"S.I.A.L.","owner2":"S.I.A.L.","matricule":"1180-47-4648","street":"GOLF","civicLow":"318","civicHigh":"0","valueLand":"60400","valueBuilding":"84800","valueTotal":"145200","mailAddr":"2271 RUE DES COUDRIERS","mailCity":null,"mun":null},"geometry":{"type":"MultiPolygon","coordinates":[[[[-71.764746,48.558188],[-71.764836,48.558129],[-71.76507,48.558283],[-71.764764,48.558587],[-71.76454,48.558515],[-71.764746,48.558188]]]]}},{"type":"Feature","properties":{"owner1":"S.I.A.L.","owner2":null,"matricule":"1180-48-3419","street":"GOLF","civicLow":"0","civicHigh":"0","valueLand":"90000","valueBuilding":"0","valueTotal":"90000","mailAddr":"1655 RUE POWELL","mailCity":null,"mun":null},"geometry":{"type":"MultiPolygon","coordinates":[[[[-71.764764,48.558587],[-71.764944,48.55861],[-71.764845,48.558771],[-71.765321,48.558777],[-71.765366,48.559193],[-71.764611,48.559199],[-71.764872,48.558622],[-71.764764,48.558587]]]]}},{"type":"Feature","properties":{"owner1":"PLACEMENT H.D. INC.","owner2":null,"matricule":"1078-31-4286","street":"ILES","civicLow":"0","civicHigh":"0","valueLand":"2100","valueBuilding":"0","valueTotal":"2100","mailAddr":"4 CHEMIN DU BOISE","mailCity":null,"mun":null},"geometry":{"type":"MultiPolygon","coordinates":[[[[-71.779523,48.535305],[-71.779272,48.535299],[-71.778922,48.534864],[-71.779308,48.535257],[-71.779523,48.535305]]]]}},{"type":"Feature","properties":{"owner1":"GOYETTE ANDRE","owner2":"GAGNE ANNIE","matricule":"1078-31-3350","street":"ILES","civicLow":"484","civicHigh":"0","valueLand":"37600","valueBuilding":"258100","valueTotal":"295700","mailAddr":"484 RANG DES ILES","mailCity":null,"mun":null},"geometry":{"type":"MultiPolygon","coordinates":[[[[-71.778922,48.534864],[-71.778814,48.534561],[-71.779658,48.534549],[-71.779604,48.53468],[-71.779757,48.53471],[-71.779523,48.535305],[-71.779308,48.535257],[-71.778922,48.534864]]]]}},{"type":"Feature","properties":{"owner1":"DOLBEC LISE","owner2":null,"matricule":"0974-92-0758","street":"POINTE-DU-LAC","civicLow":"1","civicHigh":"0","valueLand":"10500","valueBuilding":"9300","valueTotal":"19800","mailAddr":"1758 DES ROITELETS","mailCity":null,"mun":null},"geometry":{"type":"MultiPolygon","coordinates":[[[[-71.784024,48.499817],[-71.784114,48.499692],[-71.784356,48.499727],[-71.784258,48.499858],[-71.784024,48.499817]]]]}},{"type":"Feature","properties":{"owner1":"GRIMARD GILBERT","owner2":"DOLBEC LISE","matricule":"0974-92-4072","street":"POINTE-DU-LAC","civicLow":"3","civicHigh":"0","valueLand":"95000","valueBuilding":"57500","valueTotal":"152500","mailAddr":"1758 RUE DES ROITELETS","mailCity":null,"mun":null},"geometry":{"type":"MultiPolygon","coordinates":[[[[-71.78344,48.499995],[-71.783413,48.499799],[-71.78362,48.499608],[-71.784114,48.499692],[-71.784024,48.499817],[-71.784258,48.499858],[-71.783674,48.500317],[-71.78344,48.499995]]]]}},{"type":"Feature","properties":{"owner1":"DOLBEC MICHEL","owner2":"DOLBEC LAVAL","matricule":"0974-83-7909","street":"POINTE-DU-LAC","civicLow":"15","civicHigh":"0","valueLand":"219000","valueBuilding":"136700","valueTotal":"355700","mailAddr":"216 RUE FILLION","mailCity":null,"mun":null},"geometry":{"type":"MultiPolygon","coordinates":[[[[-71.785452,48.500192],[-71.785012,48.500471],[-71.783737,48.500245],[-71.78415,48.499977],[-71.785452,48.500192]]]]}},{"type":"Feature","properties":{"owner1":"BOUCHARD BENOIT","owner2":"TREMBLAY ELIETTE","matricule":"0974-92-8149","street":"POINTE-DU-LAC","civicLow":"2","civicHigh":"0","valueLand":"47400","valueBuilding":"54600","valueTotal":"102000","mailAddr":"1175 RUE PAUL-OMER-GAGNON","mailCity":null,"mun":null},"geometry":{"type":"MultiPolygon","coordinates":[[[[-71.782955,48.499745],[-71.783063,48.49962],[-71.783494,48.49959],[-71.783162,48.49987],[-71.782955,48.499745]]]]}},{"type":"Feature","properties":{"owner1":"POTVIN ISABELLE","owner2":"EMOND FABIEN","matricule":"1074-14-8888","street":"POINTE-DU-LAC","civicLow":"104","civicHigh":"0","valueLand":"52200","valueBuilding":"238500","valueTotal":"290700","mailAddr":"104 CHEMIN DE LA POINTE-DU-LAC","mailCity":null,"mun":null},"geometry":{"type":"MultiPolygon","coordinates":[[[[-71.780628,48.501924],[-71.78044,48.502078],[-71.780152,48.501959],[-71.780476,48.501698],[-71.780628,48.501924]]]]}},{"type":"Feature","properties":{"owner1":"BERTRAND FRANCOIS","owner2":"LAVOIE MARTINE","matricule":"1074-25-1012","street":"POINTE-DU-LAC","civicLow":"102","civicHigh":"0","valueLand":"49800","valueBuilding":"77700","valueTotal":"127500","mailAddr":"1305 AVENUE DU SOMMET","mailCity":null,"mun":null},"geometry":{"type":"MultiPolygon","coordinates":[[[[-71.779865,48.502078],[-71.780152,48.501959],[-71.78044,48.502078],[-71.780107,48.502287],[-71.779865,48.502078]]]]}},{"type":"Feature","properties":{"owner1":"DUFOUR RICHARD","owner2":null,"matricule":"1074-25-3328","street":"POINTE-DU-LAC","civicLow":"100","civicHigh":"0","valueLand":"50400","valueBuilding":"76400","valueTotal":"126800","mailAddr":"100 CHEMIN DE LA POINTE-DU-LAC","mailCity":null,"mun":null},"geometry":{"type":"MultiPolygon","coordinates":[[[[-71.779568,48.502227],[-71.779865,48.502078],[-71.780107,48.502287],[-71.779802,48.50243],[-71.779568,48.502227]]]]}},{"type":"Feature","properties":{"owner1":"THIBAULT MARTIN","owner2":null,"matricule":"1074-25-5545","street":"POINTE-DU-LAC","civicLow":"98","civicHigh":"0","valueLand":"50500","valueBuilding":"235000","valueTotal":"285500","mailAddr":"98 CHEMIN DE LA POINTE-DU-LAC","mailCity":null,"mun":null},"geometry":{"type":"MultiPolygon","coordinates":[[[[-71.779272,48.502376],[-71.779568,48.502227],[-71.779802,48.50243],[-71.779514,48.502584],[-71.779272,48.502376]]]]}},{"type":"Feature","properties":{"owner1":"LAROUCHE STEEVE","owner2":"GIRARD STEPHANIE","matricule":"1074-25-7760","street":"POINTE-DU-LAC","civicLow":"96","civicHigh":"0","valueLand":"50200","valueBuilding":"216100","valueTotal":"266300","mailAddr":"96 CHEMIN DE LA POINTE-DU-LAC","mailCity":null,"mun":null},"geometry":{"type":"MultiPolygon","coordinates":[[[[-71.778975,48.502519],[-71.779272,48.502376],[-71.779514,48.502584],[-71.7792,48.502721],[-71.778975,48.502519]]]]}},{"type":"Feature","properties":{"owner1":"DOLBEC DANIELLE","owner2":"DOLBEC MARIE","matricule":"0974-82-4183","street":"POINTE-DU-LAC","civicLow":"7","civicHigh":"0","valueLand":"221400","valueBuilding":"137400","valueTotal":"358800","mailAddr":"1111 RUE BROUILLETTE","mailCity":null,"mun":null},"geometry":{"type":"MultiPolygon","coordinates":[[[[-71.78432,48.499781],[-71.786027,48.500007],[-71.785794,48.500251],[-71.78415,48.499977],[-71.78432,48.499781]]]]}},{"type":"Feature","properties":{"owner1":"S.I.A.L.","owner2":null,"matricule":"1080-88-7883","street":"BAIE-FOREST","civicLow":"0","civicHigh":"0","valueLand":"3700","valueBuilding":"0","valueTotal":"3700","mailAddr":"1655 RUE POWELL","mailCity":null,"mun":null},"geometry":{"type":"MultiPolygon","coordinates":[[[[-71.772588,48.559401],[-71.772759,48.55955],[-71.772615,48.559603],[-71.772364,48.559473],[-71.772588,48.559401]]]]}},{"type":"Feature","properties":{"owner1":"COTE FRANCOIS","owner2":null,"matricule":"1073-20-5242","street":"DE QUEN","civicLow":"357","civicHigh":"0","valueLand":"18100","valueBuilding":"97600","valueTotal":"115700","mailAddr":"379 RUE VINCENT","mailCity":null,"mun":null},"geometry":{"type":"MultiPolygon","coordinates":[[[[-71.779514,48.488845],[-71.779371,48.489006],[-71.778984,48.488934],[-71.779119,48.488774],[-71.779514,48.488845]]]]}},{"type":"Feature","properties":{"owner1":"BELL CANADA LTEE","owner2":null,"matricule":"1073-20-6065","street":"DE QUEN","civicLow":"353","civicHigh":"0","valueLand":"32200","valueBuilding":"44600","valueTotal":"76800","mailAddr":"C.P. 86 SUCC. ST-JACQUES","mailCity":null,"mun":null},"geometry":{"type":"MultiPolygon","coordinates":[[[[-71.778984,48.488934],[-71.779479,48.489024],[-71.77929,48.489268],[-71.778787,48.489178],[-71.778984,48.488934]]]]}},{"type":"Feature","properties":{"owner1":"S.I.A.L.","owner2":null,"matricule":"0977-77-2792","street":"CROIX","civicLow":"85","civicHigh":"0","valueLand":"74100","valueBuilding":"93100","valueTotal":"167200","mailAddr":"2227 RUE SAINT-DENIS","mailCity":null,"mun":null},"geometry":{"type":"MultiPolygon","coordinates":[[[[-71.786584,48.531718],[-71.786791,48.531248],[-71.7875,48.531343],[-71.787465,48.53126],[-71.787995,48.531147],[-71.7883,48.531497],[-71.787626,48.531605],[-71.787752,48.531747],[-71.787536,48.53189],[-71.786584,48.531718]]]]}},{"type":"Feature","properties":{"owner1":"ASSOCIATION DE SERVICES NEUF ET DIX","owner2":null,"matricule":"0977-78-8118","street":"CROIX","civicLow":"0","civicHigh":"0","valueLand":"4000","valueBuilding":"0","valueTotal":"4000","mailAddr":"2900 RUE DU BOCAGE","mailCity":null,"mun":null},"geometry":{"type":"MultiPolygon","coordinates":[[[[-71.787842,48.531854],[-71.787941,48.532039],[-71.785174,48.531503],[-71.787536,48.53189],[-71.787752,48.531747],[-71.787842,48.531854]]]]}},{"type":"Feature","properties":{"owner1":"GAUTHIER PAUL","owner2":null,"matricule":"1077-38-9965","street":"ILES","civicLow":"520","civicHigh":"0","valueLand":"21400","valueBuilding":"132600","valueTotal":"154000","mailAddr":"520 RANG DES ILES","mailCity":null,"mun":null},"geometry":{"type":"MultiPolygon","coordinates":[[[[-71.77938,48.532652],[-71.77814,48.532889],[-71.777134,48.531759],[-71.777996,48.531682],[-71.778661,48.531819],[-71.778949,48.532152],[-71.779532,48.532312],[-71.77938,48.532652]]]]}},{"type":"Feature","properties":{"owner1":"RATTHE JEAN-MARC","owner2":null,"matricule":"1080-59-2949","street":"BAIE-DES-GIRARD","civicLow":"8","civicHigh":"0","valueLand":"104400","valueBuilding":"153700","valueTotal":"258100","mailAddr":"8 CHEMIN DE LA BAIE-DES-GIRARD","mailCity":null,"mun":null},"geometry":{"type":"MultiPolygon","coordinates":[[[[-71.777556,48.55999],[-71.777484,48.560186],[-71.777008,48.560067],[-71.77708,48.559871],[-71.777556,48.55999]]]]}},{"type":"Feature","properties":{"owner1":"S.I.A.L.","owner2":"S.I.A.L.","matricule":"1080-04-6599","street":"BOCAGE","civicLow":"0","civicHigh":"0","valueLand":"83800","valueBuilding":"0","valueTotal":"83800","mailAddr":"24 CHEMIN DU BOCAGE","mailCity":null,"mun":null},"geometry":{"type":"MultiPolygon","coordinates":[[[[-71.784177,48.556411],[-71.783341,48.555899],[-71.782901,48.555988],[-71.782191,48.555709],[-71.782919,48.555644],[-71.783503,48.555887],[-71.78406,48.556345],[-71.784464,48.556363],[-71.784698,48.55628],[-71.78459,48.555846],[-71.784716,48.556369],[-71.784177,48.556411]]]]}},{"type":"Feature","properties":{"owner1":"TREMBLAY PIERRE-LUC","owner2":"PELLETIER MITSOU ANNABELLE","matricule":"1078-87-0772","street":"RANCH","civicLow":"21","civicHigh":"0","valueLand":"24600","valueBuilding":"197000","valueTotal":"221600","mailAddr":"21 CHEMIN DU RANCH","mailCity":null,"mun":null},"geometry":{"type":"MultiPolygon","coordinates":[[[[-71.773316,48.540283],[-71.773118,48.540771],[-71.772732,48.540699],[-71.77293,48.540212],[-71.773316,48.540283]]]]}},{"type":"Feature","properties":{"owner1":"JUNEAU HELAINE","owner2":null,"matricule":"1078-87-9346","street":"RANCH","civicLow":"0","civicHigh":"0","valueLand":"24900","valueBuilding":"0","valueTotal":"24900","mailAddr":"2717 RUE DU GAZODUC","mailCity":null,"mun":null},"geometry":{"type":"MultiPolygon","coordinates":[[[[-71.771555,48.540491],[-71.771762,48.539986],[-71.772148,48.540063],[-71.771942,48.540563],[-71.771555,48.540491]]]]}},{"type":"Feature","properties":{"owner1":"LESSARD GENEVIEVE","owner2":"LESSARD EMILIE","matricule":"1076-82-6137","street":"ETANG","civicLow":"0","civicHigh":"0","valueLand":"31100","valueBuilding":"0","valueTotal":"31100","mailAddr":"2398 RUE SAINT-JEAN-BAPTISTE","mailCity":null,"mun":null},"geometry":{"type":"MultiPolygon","coordinates":[[[[-71.772049,48.517837],[-71.771573,48.517974],[-71.771394,48.517582],[-71.771861,48.517439],[-71.772049,48.517837]]]]}},{"type":"Feature","properties":{"owner1":"TREMBLAY ANDRE","owner2":"GODERRE LUCIE","matricule":"1076-82-2727","street":"ETANG","civicLow":"0","civicHigh":"0","valueLand":"34300","valueBuilding":"0","valueTotal":"34300","mailAddr":"782 RANG DES ILES","mailCity":null,"mun":null},"geometry":{"type":"MultiPolygon","coordinates":[[[[-71.772049,48.517837],[-71.771861,48.517439],[-71.772391,48.51729],[-71.772409,48.517897],[-71.772094,48.517944],[-71.772049,48.517837]]]]}},{"type":"Feature","properties":{"owner1":"DUCHESNE JEAN-PIERRE","owner2":null,"matricule":"1178-00-9549","street":"ILES","civicLow":"0","civicHigh":"0","valueLand":"27800","valueBuilding":"0","valueTotal":"27800","mailAddr":"1090 ROUTE 158","mailCity":null,"mun":null},"geometry":{"type":"MultiPolygon","coordinates":[[[[-71.777502,48.536191],[-71.758718,48.532776],[-71.759186,48.53167],[-71.778877,48.535227],[-71.779182,48.536506],[-71.777502,48.536191]]]]}},{"type":"Feature","properties":{"owner1":"SIMARD THERESE","owner2":null,"matricule":"1075-71-2360","street":"TOUR","civicLow":"107","civicHigh":"0","valueLand":"29100","valueBuilding":"32500","valueTotal":"61600","mailAddr":"115 RUE DE QUEN APP B","mailCity":null,"mun":null},"geometry":{"type":"MultiPolygon","coordinates":[[[[-71.773604,48.507905],[-71.77346,48.508161],[-71.773083,48.508072],[-71.773289,48.507893],[-71.773604,48.507905]]]]}},{"type":"Feature","properties":{"owner1":"FERME ROLOI INC.","owner2":null,"matricule":"1176-90-4038","street":"ILES","civicLow":"0","civicHigh":"0","valueLand":"342000","valueBuilding":"4200","valueTotal":"346200","mailAddr":"1565 RANG 5","mailCity":null,"mun":null},"geometry":{"type":"MultiPolygon","coordinates":[[[[-71.770468,48.519759],[-71.770343,48.520235],[-71.743187,48.515624],[-71.744741,48.511964],[-71.769822,48.516493],[-71.771007,48.518992],[-71.770495,48.519093],[-71.770388,48.519539],[-71.771214,48.519521],[-71.771358,48.519938],[-71.770468,48.519759]]]]}},{"type":"Feature","properties":{"owner1":"FERME MORIVAN INC","owner2":null,"matricule":"1369-51-3728","street":"BELLE-RIVIERE","civicLow":"0","civicHigh":"0","valueLand":"273600","valueBuilding":"13200","valueTotal":"286800","mailAddr":"1151 3E RANG OUEST","mailCity":null,"mun":null},"geometry":{"type":"MultiPolygon","coordinates":[[[[-71.734608,48.446139],[-71.739584,48.447027],[-71.739297,48.44773],[-71.738201,48.447468],[-71.734608,48.446139]]],[[[-71.728778,48.460235],[-71.728957,48.459777],[-71.728984,48.460307],[-71.728778,48.460235]]],[[[-71.732865,48.45025],[-71.734024,48.447414],[-71.734599,48.447533],[-71.734985,48.446502],[-71.737042,48.447295],[-71.738587,48.447742],[-71.738363,48.44829],[-71.739018,48.448409],[-71.733772,48.461182],[-71.729092,48.460325],[-71.729056,48.459538],[-71.732865,48.45025]]]]}},{"type":"Feature","properties":{"owner1":"HARVEY MARIO-JULIEN","owner2":"TREMBLAY JUDITH","matricule":"1075-49-7351","street":"DOMAINE-GRANDMONT","civicLow":"50","civicHigh":"0","valueLand":"129500","valueBuilding":"113300","valueTotal":"242800","mailAddr":"1455 RUE FERLAND OUEST","mailCity":null,"mun":null},"geometry":{"type":"MultiPolygon","coordinates":[[[[-71.776451,48.51507],[-71.776424,48.514874],[-71.777359,48.515166],[-71.777305,48.515261],[-71.776451,48.51507]]]]}},{"type":"Feature","properties":{"owner1":"COTE STEPHANE","owner2":null,"matricule":"1069-38-5087","street":"BELLE-RIVIERE","civicLow":"1216","civicHigh":"0","valueLand":"33300","valueBuilding":"144900","valueTotal":"178200","mailAddr":"1210 RANG BELLE-RIVIERE","mailCity":null,"mun":null},"geometry":{"type":"MultiPolygon","coordinates":[[[[-71.77761,48.460527],[-71.777367,48.460777],[-71.777008,48.460646],[-71.776891,48.460754],[-71.776685,48.460664],[-71.777053,48.460289],[-71.77761,48.460527]]]]}},{"type":"Feature","properties":{"owner1":"LAPOINTE MICHEL","owner2":null,"matricule":"1075-61-0264","street":"TOUR","civicLow":"116","civicHigh":"0","valueLand":"27500","valueBuilding":"482200","valueTotal":"509700","mailAddr":"116 CHEMIN DE LA TOUR","mailCity":null,"mun":null},"geometry":{"type":"MultiPolygon","coordinates":[[[[-71.774646,48.508102],[-71.774798,48.507828],[-71.775319,48.507971],[-71.775104,48.508197],[-71.774646,48.508102]]]]}},{"type":"Feature","properties":{"owner1":"BOLDUC GERMAIN","owner2":"GAGNE JACYNTHE","matricule":"1075-92-3836","street":"DE QUEN","civicLow":"43","civicHigh":"0","valueLand":"23200","valueBuilding":"62800","valueTotal":"86000","mailAddr":"43 CHEMIN DE QUEN","mailCity":null,"mun":null},"geometry":{"type":"MultiPolygon","coordinates":[[[[-71.770729,48.508625],[-71.770603,48.508887],[-71.770181,48.50881],[-71.770316,48.508554],[-71.770729,48.508625]]]]}},{"type":"Feature","properties":{"owner1":"SIMARD REAL","owner2":null,"matricule":"1075-92-4663","street":"DE QUEN","civicLow":"41","civicHigh":"0","valueLand":"23400","valueBuilding":"48700","valueTotal":"72100","mailAddr":"41 CHEMIN DE QUEN","mailCity":null,"mun":null},"geometry":{"type":"MultiPolygon","coordinates":[[[[-71.770181,48.50881],[-71.77081,48.508923],[-71.770199,48.509078],[-71.770064,48.509054],[-71.770181,48.50881]]]]}},{"type":"Feature","properties":{"owner1":"ROY YVES","owner2":"BOILY CHANTALE","matricule":"1075-67-8666","street":"DOMAINE-GRANDMONT","civicLow":"157","civicHigh":"0","valueLand":"58500","valueBuilding":"117600","valueTotal":"176100","mailAddr":"670 RUE BERNARD","mailCity":null,"mun":null},"geometry":{"type":"MultiPolygon","coordinates":[[[[-71.774286,48.513493],[-71.774259,48.51366],[-71.773559,48.513553],[-71.773864,48.513244],[-71.774556,48.513351],[-71.774286,48.513493]]]]}},{"type":"Feature","properties":{"owner1":"LAVOIE CLAUDINE","owner2":null,"matricule":"1080-85-7190","street":"ILES","civicLow":"0","civicHigh":"0","valueLand":"85900","valueBuilding":"0","valueTotal":"85900","mailAddr":"399 RUE LEJEUNE","mailCity":null,"mun":null},"geometry":{"type":"MultiPolygon","coordinates":[[[[-71.77213,48.557558],[-71.771906,48.557469],[-71.771789,48.557534],[-71.772391,48.556749],[-71.773487,48.556238],[-71.77213,48.557558]]]]}},{"type":"Feature","properties":{"owner1":"TRUCHON ELOI","owner2":null,"matricule":"1470-64-7455","street":"170","civicLow":"0","civicHigh":"0","valueLand":"379100","valueBuilding":"0","valueTotal":"379100","mailAddr":"275 ROUTE DU LAC OUEST","mailCity":null,"mun":null},"geometry":{"type":"MultiPolygon","coordinates":[[[[-71.722957,48.459437],[-71.722588,48.459235],[-71.725427,48.459747],[-71.725104,48.460605],[-71.722957,48.459437]]],[[[-71.71842,48.472821],[-71.717171,48.472601],[-71.716812,48.473429],[-71.715456,48.473196],[-71.715581,48.472904],[-71.714099,48.47263],[-71.714153,48.472511],[-71.713758,48.47244],[-71.713587,48.472833],[-71.712581,48.472648],[-71.718555,48.458514],[-71.721627,48.459062],[-71.724951,48.460879],[-71.719345,48.473863],[-71.71807,48.473655],[-71.71842,48.472821]]]]}},{"type":"Feature","properties":{"owner1":"HARVEY GERTRUDE","owner2":null,"matricule":"1078-07-3252","street":"CEDRIERE","civicLow":"31","civicHigh":"0","valueLand":"35300","valueBuilding":"274400","valueTotal":"309700","mailAddr":"31 CHEMIN DE LA CEDRIERE","mailCity":null,"mun":null},"geometry":{"type":"MultiPolygon","coordinates":[[[[-71.783377,48.540402],[-71.783072,48.540461],[-71.783287,48.540342],[-71.783476,48.539902],[-71.783844,48.540081],[-71.783377,48.540402]]]]}},{"type":"Feature","properties":{"owner1":"S.I.A.L.","owner2":null,"matricule":"1080-04-5260","street":"BOCAGE","civicLow":"0","civicHigh":"0","valueLand":"48000","valueBuilding":"0","valueTotal":"48000","mailAddr":"20 CHEMIN DU BOCAGE","mailCity":null,"mun":null},"geometry":{"type":"MultiPolygon","coordinates":[[[[-71.7845,48.555733],[-71.78459,48.555846],[-71.784231,48.555614],[-71.783314,48.555542],[-71.782739,48.555257],[-71.7845,48.555733]]]]}},{"type":"Feature","properties":{"owner1":"S.I.A.L.","owner2":"S.I.A.L.","matricule":"0978-52-1629","street":"MELEZES","civicLow":"8","civicHigh":"0","valueLand":"165400","valueBuilding":"51000","valueTotal":"216400","mailAddr":"225 RUE ALYRE-GINGRAS","mailCity":null,"mun":null},"geometry":{"type":"MultiPolygon","coordinates":[[[[-71.790564,48.535507],[-71.790564,48.535638],[-71.789971,48.535644],[-71.789926,48.535418],[-71.79033,48.535257],[-71.790842,48.535239],[-71.790815,48.535394],[-71.790564,48.535507]]]]}},{"type":"Feature","properties":{"owner1":"S.I.A.L.","owner2":null,"matricule":"0971-44-2276","street":"170","civicLow":"0","civicHigh":"0","valueLand":"2400","valueBuilding":"0","valueTotal":"2400","mailAddr":"1655 RUE POWELL","mailCity":null,"mun":null},"geometry":{"type":"MultiPolygon","coordinates":[[[[-71.793393,48.477407],[-71.79201,48.47699],[-71.791381,48.476382],[-71.791318,48.475096],[-71.789603,48.474697],[-71.788749,48.473911],[-71.788803,48.473851],[-71.789656,48.474441],[-71.791507,48.474626],[-71.791776,48.473804],[-71.793133,48.472291],[-71.792944,48.471993],[-71.793501,48.472154],[-71.793474,48.472464],[-71.793043,48.472595],[-71.792639,48.473333],[-71.792082,48.473673],[-71.791552,48.474786],[-71.791408,48.474864],[-71.790681,48.474852],[-71.790393,48.474763],[-71.790564,48.474882],[-71.791175,48.4749],[-71.791426,48.475078],[-71.791525,48.475459],[-71.791767,48.475632],[-71.791633,48.475823],[-71.791866,48.476406],[-71.792271,48.476823],[-71.793097,48.477032],[-71.793205,48.476615],[-71.794085,48.47702],[-71.794139,48.477091],[-71.793627,48.477026],[-71.793735,48.477228],[-71.793501,48.477466],[-71.793393,48.477407]]]]}},{"type":"Feature","properties":{"owner1":"LE POTAGER GRANDMONT INC.","owner2":null,"matricule":"1172-17-7490","street":"DE QUEN","civicLow":"0","civicHigh":"0","valueLand":"226000","valueBuilding":"0","valueTotal":"226000","mailAddr":"286 RUE DE QUEN","mailCity":null,"mun":null},"geometry":{"type":"MultiPolygon","coordinates":[[[[-71.755017,48.485838],[-71.755934,48.483582],[-71.778886,48.487761],[-71.778652,48.488023],[-71.778931,48.488137],[-71.778472,48.488643],[-71.777933,48.488476],[-71.777439,48.489232],[-71.777583,48.489274],[-71.777475,48.489494],[-71.777906,48.489577],[-71.777817,48.489792],[-71.777601,48.48975],[-71.777511,48.489958],[-71.755017,48.485838]]]]}},{"type":"Feature","properties":{"owner1":"TREMBLAY LUC","owner2":"GAGNON PAULINE","matricule":"1073-78-5731","street":"BOLDUC","civicLow":"120","civicHigh":"0","valueLand":"31200","valueBuilding":"131000","valueTotal":"162200","mailAddr":"120 RUE BOLDUC","mailCity":null,"mun":null},"geometry":{"type":"MultiPolygon","coordinates":[[[[-71.77293,48.495918],[-71.772768,48.496299],[-71.772247,48.496215],[-71.772409,48.495822],[-71.77293,48.495918]]]]}},{"type":"Feature","properties":{"owner1":"SIMARD LAURIER","owner2":null,"matricule":"1080-87-7562","street":"BAIE-FOREST","civicLow":"26","civicHigh":"0","valueLand":"139000","valueBuilding":"137200","valueTotal":"276200","mailAddr":"26 CHEMIN DE LA BAIE-FOREST","mailCity":null,"mun":null},"geometry":{"type":"MultiPolygon","coordinates":[[[[-71.772238,48.55839],[-71.772427,48.558206],[-71.7731,48.558337],[-71.772535,48.558604],[-71.772238,48.55839]]]]}},{"type":"Feature","properties":{"owner1":"LEGAULT DENIS","owner2":null,"matricule":"0972-99-8537","street":"DE QUEN","civicLow":"0","civicHigh":"0","valueLand":"14900","valueBuilding":"0","valueTotal":"14900","mailAddr":"112 1ER CHEMIN","mailCity":null,"mun":null},"geometry":{"type":"MultiPolygon","coordinates":[[[[-71.784599,48.487577],[-71.784078,48.487803],[-71.783997,48.488012],[-71.784213,48.488274],[-71.785273,48.48869],[-71.785129,48.488815],[-71.781051,48.488154],[-71.780682,48.48741],[-71.780422,48.487273],[-71.780709,48.487339],[-71.780817,48.487505],[-71.781688,48.48766],[-71.782057,48.487113],[-71.784599,48.487577]]]]}},{"type":"Feature","properties":{"owner1":"CLUB DE GOLF LAC-SAINT-JEAN INC.","owner2":null,"matricule":"1179-69-6594","street":"GOLF","civicLow":"15","civicHigh":"0","valueLand":"519900","valueBuilding":"4637900","valueTotal":"5157800","mailAddr":"15 CHEMIN DU GOLF","mailCity":null,"mun":null},"geometry":{"type":"MultiPolygon","coordinates":[[[[-71.759554,48.554454],[-71.759922,48.554133],[-71.760596,48.554014],[-71.760389,48.554478],[-71.760273,48.554448],[-71.760371,48.554508],[-71.760273,48.554686],[-71.759518,48.554567],[-71.759554,48.554454]]],[[[-71.749906,48.554151],[-71.752053,48.549281],[-71.752736,48.547325],[-71.763435,48.549418],[-71.767486,48.550137],[-71.768869,48.550244],[-71.771178,48.550881],[-71.773783,48.551333],[-71.773002,48.553289],[-71.770073,48.554353],[-71.769166,48.555019],[-71.768564,48.555227],[-71.766669,48.554989],[-71.766687,48.555144],[-71.766525,48.555132],[-71.765141,48.55468],[-71.760371,48.553955],[-71.759805,48.554109],[-71.759482,48.554401],[-71.75915,48.556173],[-71.749681,48.554888],[-71.749906,48.554151]]]]}},{"type":"Feature","properties":{"owner1":"MINISTERE DES FORETS DE LA FAUNE","owner2":null,"matricule":"1280-08-2778","street":"GOLF","civicLow":"0","civicHigh":"0","valueLand":"34800","valueBuilding":"0","valueTotal":"34800","mailAddr":"880, CHEMIN SAINTE-FOY RC-110","mailCity":null,"mun":null},"geometry":{"type":"MultiPolygon","coordinates":[[[[-71.759105,48.56449],[-71.757173,48.563497],[-71.753005,48.561868],[-71.751613,48.561119],[-71.750598,48.560239],[-71.750499,48.559413],[-71.74969,48.558807],[-71.748612,48.558551],[-71.749681,48.554888],[-71.75915,48.556173],[-71.758826,48.558218],[-71.758943,48.558236],[-71.759311,48.555935],[-71.76136,48.556304],[-71.761036,48.556411],[-71.760955,48.556827],[-71.761467,48.55735],[-71.762662,48.557392],[-71.763192,48.55751],[-71.764791,48.558117],[-71.76454,48.558515],[-71.764333,48.55845],[-71.764234,48.558985],[-71.763291,48.558712],[-71.763381,48.559039],[-71.76489,48.559467],[-71.765025,48.559704],[-71.76524,48.560341],[-71.764423,48.561446],[-71.765061,48.56172],[-71.765025,48.561815],[-71.763695,48.563272],[-71.761063,48.563361],[-71.760937,48.563676],[-71.760704,48.56364],[-71.760713,48.563765],[-71.760201,48.563979],[-71.759877,48.563914],[-71.759886,48.564306],[-71.759105,48.56449]]]]}},{"type":"Feature","properties":{"owner1":"S.I.A.L.","owner2":"S.I.A.L.","matricule":"1075-47-2971","street":"DOMAINE-GRANDMONT","civicLow":"0","civicHigh":"0","valueLand":"39100","valueBuilding":"0","valueTotal":"39100","mailAddr":"34 CHEMIN DU DOMAINE-GRANDMONT","mailCity":null,"mun":null},"geometry":{"type":"MultiPolygon","coordinates":[[[[-71.777736,48.513607],[-71.777754,48.513678],[-71.777332,48.513595],[-71.777134,48.513208],[-71.77752,48.513279],[-71.777736,48.513607]]]]}},{"type":"Feature","properties":{"owner1":"CAOUETTE YVON","owner2":"VEZINA MADELEINE","matricule":"1078-17-9148","street":"CEDRIERE","civicLow":"16","civicHigh":"0","valueLand":"28100","valueBuilding":"56500","valueTotal":"84600","mailAddr":"647 RUE SAINT-WILBROD","mailCity":null,"mun":null},"geometry":{"type":"MultiPolygon","coordinates":[[[[-71.781176,48.540253],[-71.781042,48.540164],[-71.781113,48.540003],[-71.781661,48.540116],[-71.781581,48.540313],[-71.781176,48.540253]]]]}},{"type":"Feature","properties":{"owner1":"S.I.A.L.","owner2":"S.I.A.L.","matricule":"1076-62-6549","street":"ETANG","civicLow":"14","civicHigh":"0","valueLand":"67000","valueBuilding":"182000","valueTotal":"249000","mailAddr":"14 CHEMIN DE L'ETANG","mailCity":null,"mun":null},"geometry":{"type":"MultiPolygon","coordinates":[[[[-71.774098,48.517724],[-71.774035,48.51754],[-71.774592,48.517641],[-71.774592,48.518052],[-71.774098,48.517724]]]]}},{"type":"Feature","properties":{"owner1":"CLAVEAU PIERRE-LUC","owner2":null,"matricule":"1073-65-5038","street":"MURRAY","civicLow":"125","civicHigh":"0","valueLand":"30000","valueBuilding":"132200","valueTotal":"162200","mailAddr":"125 RUE MURRAY","mailCity":null,"mun":null},"geometry":{"type":"MultiPolygon","coordinates":[[[[-71.773613,48.49353],[-71.773855,48.493173],[-71.774304,48.49331],[-71.774169,48.493655],[-71.773613,48.49353]]]]}},{"type":"Feature","properties":{"owner1":"AUDET MARC","owner2":null,"matricule":"1073-65-1445","street":"LAVOIE","civicLow":"125","civicHigh":"0","valueLand":"26200","valueBuilding":"155000","valueTotal":"181200","mailAddr":"125 RUE LAVOIE","mailCity":null,"mun":null},"geometry":{"type":"MultiPolygon","coordinates":[[[[-71.774726,48.493322],[-71.774592,48.493667],[-71.774178,48.493626],[-71.774322,48.493251],[-71.774726,48.493322]]]]}},{"type":"Feature","properties":{"owner1":"ASSOCIATION DES PROPRIETAIRES DU CHEMIN","owner2":null,"matricule":"0977-86-7340","street":"CROIX","civicLow":"0","civicHigh":"0","valueLand":"42500","valueBuilding":"0","valueTotal":"42500","mailAddr":"2227 RUE SAINT-DENIS","mailCity":null,"mun":null},"geometry":{"type":"MultiPolygon","coordinates":[[[[-71.784662,48.529868],[-71.785407,48.529975],[-71.785614,48.52982],[-71.78583,48.529207],[-71.786396,48.529326],[-71.786099,48.530159],[-71.785722,48.53023],[-71.785605,48.530409],[-71.785785,48.530831],[-71.785443,48.531105],[-71.785398,48.530909],[-71.785012,48.530903],[-71.784617,48.530367],[-71.784662,48.529868]]]]}},{"type":"Feature","properties":{"owner1":"BEAUPRE ROGER","owner2":"FORTIN DIANE","matricule":"1076-72-6961","street":"ETANG","civicLow":"58","civicHigh":"0","valueLand":"27800","valueBuilding":"181600","valueTotal":"209400","mailAddr":"58 CHEMIN DE L'ETANG","mailCity":null,"mun":null},"geometry":{"type":"MultiPolygon","coordinates":[[[[-71.773415,48.517843],[-71.772921,48.518105],[-71.772696,48.518028],[-71.772597,48.517831],[-71.773325,48.517748],[-71.773415,48.517843]]]]}},{"type":"Feature","properties":{"owner1":"SIMARD NICK","owner2":null,"matricule":"0972-50-2404","street":"DE QUEN","civicLow":"600","civicHigh":"0","valueLand":"21800","valueBuilding":"95100","valueTotal":"116900","mailAddr":"600 RUE DE QUEN","mailCity":null,"mun":null},"geometry":{"type":"MultiPolygon","coordinates":[[[[-71.788507,48.479425],[-71.788668,48.479265],[-71.789162,48.479491],[-71.789028,48.479622],[-71.788507,48.479425]]]]}},{"type":"Feature","properties":{"owner1":"NUTRINOR","owner2":null,"matricule":"0972-82-8616","street":"COULOMBE","civicLow":"100","civicHigh":"0","valueLand":"214100","valueBuilding":"247500","valueTotal":"461600","mailAddr":"425 RUE MELANCON","mailCity":null,"mun":null},"geometry":{"type":"MultiPolygon","coordinates":[[[[-71.784976,48.481879],[-71.782991,48.482129],[-71.782838,48.482022],[-71.78326,48.48067],[-71.784644,48.48092],[-71.785156,48.481533],[-71.785192,48.481849],[-71.784976,48.481879]]]]}},{"type":"Feature","properties":{"owner1":"DUFOUR CARINE","owner2":"LEMAY FREDERICK","matricule":"1078-16-3501","street":"CEDRIERE","civicLow":"0","civicHigh":"0","valueLand":"43000","valueBuilding":"0","valueTotal":"43000","mailAddr":"334 RUE DES PRES","mailCity":null,"mun":null},"geometry":{"type":"MultiPolygon","coordinates":[[[[-71.782389,48.538552],[-71.782048,48.539248],[-71.781742,48.539141],[-71.782156,48.538439],[-71.782389,48.538552]]]]}},{"type":"Feature","properties":{"owner1":"9300-4489 QUEBEC INC","owner2":null,"matricule":"1078-15-5685","street":"CEDRIERE","civicLow":"0","civicHigh":"0","valueLand":"45500","valueBuilding":"0","valueTotal":"45500","mailAddr":"406 RANG DES ILES","mailCity":null,"mun":null},"geometry":{"type":"MultiPolygon","coordinates":[[[[-71.782156,48.538439],[-71.781742,48.539141],[-71.781446,48.539034],[-71.781823,48.53832],[-71.782156,48.538439]]]]}},{"type":"Feature","properties":{"owner1":"OUELLET HERMAN","owner2":"TREMBLAY JOSEE","matricule":"1078-15-8074","street":"CEDRIERE","civicLow":"0","civicHigh":"0","valueLand":"45200","valueBuilding":"0","valueTotal":"45200","mailAddr":"1560 AVENUE DE LYON","mailCity":null,"mun":null},"geometry":{"type":"MultiPolygon","coordinates":[[[[-71.781823,48.53832],[-71.781446,48.539034],[-71.781149,48.538927],[-71.781428,48.538249],[-71.781823,48.53832]]]]}},{"type":"Feature","properties":{"owner1":"FERME DOMAINE DE LA RIVIERE INC.","owner2":null,"matricule":"1174-79-9754","street":"DE QUEN","civicLow":"0","civicHigh":"0","valueLand":"529200","valueBuilding":"27500","valueTotal":"556700","mailAddr":"10 RUE DE QUEN","mailCity":null,"mun":null},"geometry":{"type":"MultiPolygon","coordinates":[[[[-71.767989,48.510595],[-71.746618,48.506697],[-71.745531,48.509352],[-71.743762,48.509],[-71.749457,48.49465],[-71.75128,48.494971],[-71.748576,48.501811],[-71.770091,48.505763],[-71.770046,48.506322],[-71.770846,48.506465],[-71.770486,48.507638],[-71.769723,48.509161],[-71.769426,48.509102],[-71.769229,48.509488],[-71.768905,48.509423],[-71.768708,48.509959],[-71.769013,48.510089],[-71.768869,48.510363],[-71.768591,48.510322],[-71.768447,48.510685],[-71.767989,48.510595]]]]}},{"type":"Feature","properties":{"owner1":"BOUCHARD RITA","owner2":null,"matricule":"1075-92-2987","street":"TOURELLE","civicLow":"3","civicHigh":"0","valueLand":"24200","valueBuilding":"114100","valueTotal":"138300","mailAddr":"3 CHEMIN DE LA TOURELLE","mailCity":null,"mun":null},"geometry":{"type":"MultiPolygon","coordinates":[[[[-71.770729,48.509167],[-71.770765,48.509298],[-71.770406,48.509232],[-71.770801,48.509006],[-71.770729,48.509167]]]]}},{"type":"Feature","properties":{"owner1":"TREMBLAY JULIE","owner2":"GILBERT-FILLION SABRINA","matricule":"1073-85-9572","street":"TREMBLAY","civicLow":"108","civicHigh":"0","valueLand":"29400","valueBuilding":"247300","valueTotal":"276700","mailAddr":"108 RUE TREMBLAY","mailCity":null,"mun":null},"geometry":{"type":"MultiPolygon","coordinates":[[[[-71.77028,48.493798],[-71.770433,48.493578],[-71.771061,48.493632],[-71.770837,48.493965],[-71.77028,48.493798]]]]}},{"type":"Feature","properties":{"owner1":"MURRAY LAURIER","owner2":null,"matricule":"1073-96-0900","street":"TREMBLAY","civicLow":"106","civicHigh":"0","valueLand":"27500","valueBuilding":"115100","valueTotal":"142600","mailAddr":"106 RUE TREMBLAY","mailCity":null,"mun":null},"geometry":{"type":"MultiPolygon","coordinates":[[[[-71.770118,48.494048],[-71.77028,48.493798],[-71.770837,48.493965],[-71.770675,48.494215],[-71.770118,48.494048]]]]}},{"type":"Feature","properties":{"owner1":"NERON ODILON","owner2":null,"matricule":"1073-46-6859","street":"DE QUEN","civicLow":"225","civicHigh":"229","valueLand":"25200","valueBuilding":"172600","valueTotal":"197800","mailAddr":"227 RUE DE QUEN","mailCity":null,"mun":null},"geometry":{"type":"MultiPolygon","coordinates":[[[[-71.776128,48.494542],[-71.776236,48.494298],[-71.77682,48.494423],[-71.77673,48.494626],[-71.776128,48.494542]]]]}},{"type":"Feature","properties":{"owner1":"QUINCAILLERIE TREMBLAY-LAROCHE","owner2":null,"matricule":"1073-46-2885","street":"DE QUEN","civicLow":"221","civicHigh":"223","valueLand":"44400","valueBuilding":"92100","valueTotal":"136500","mailAddr":"30 RUE DES ERABLES","mailCity":null,"mun":null},"geometry":{"type":"MultiPolygon","coordinates":[[[[-71.777646,48.494828],[-71.777709,48.495013],[-71.776056,48.494703],[-71.776128,48.494542],[-71.77673,48.494626],[-71.776802,48.494453],[-71.77735,48.49459],[-71.777646,48.494828]]]]}},{"type":"Feature","properties":{"owner1":"MURRAY HAROLD","owner2":null,"matricule":"1073-47-8007","street":"DE QUEN","civicLow":"217","civicHigh":"219","valueLand":"29800","valueBuilding":"101500","valueTotal":"131300","mailAddr":"687 RUE DE RABELAIS","mailCity":null,"mun":null},"geometry":{"type":"MultiPolygon","coordinates":[[[[-71.776631,48.494953],[-71.776559,48.495114],[-71.775921,48.494995],[-71.776056,48.494703],[-71.776622,48.49481],[-71.776631,48.494953]]]]}},{"type":"Feature","properties":{"owner1":"9005-0386 QUEBEC INC","owner2":null,"matricule":"1073-56-0835","street":"DE QUEN","civicLow":"0","civicHigh":"0","valueLand":"18300","valueBuilding":"0","valueTotal":"18300","mailAddr":"2675 CHEMIN DE LA RIVE","mailCity":null,"mun":null},"geometry":{"type":"MultiPolygon","coordinates":[[[[-71.775688,48.494316],[-71.775768,48.494126],[-71.776128,48.494203],[-71.776047,48.494394],[-71.775688,48.494316]]]]}},{"type":"Feature","properties":{"owner1":"S.I.A.L.","owner2":"S.I.A.L.","matricule":"1075-62-1129","street":"TOUR","civicLow":"0","civicHigh":"0","valueLand":"51500","valueBuilding":"0","valueTotal":"51500","mailAddr":"113 CHEMIN DE LA TOUR","mailCity":null,"mun":null},"geometry":{"type":"MultiPolygon","coordinates":[[[[-71.774286,48.508548],[-71.774466,48.508435],[-71.775418,48.508649],[-71.775355,48.508798],[-71.774286,48.508548]]]]}},{"type":"Feature","properties":{"owner1":"S.I.A.L.","owner2":"S.I.A.L.","matricule":"1075-52-9914","street":"TOUR","civicLow":"0","civicHigh":"0","valueLand":"48600","valueBuilding":"0","valueTotal":"48600","mailAddr":"2916 RUE DE LA TRAVERSE","mailCity":null,"mun":null},"geometry":{"type":"MultiPolygon","coordinates":[[[[-71.774466,48.508435],[-71.774762,48.508328],[-71.77549,48.508477],[-71.775418,48.508649],[-71.774466,48.508435]]]]}},{"type":"Feature","properties":{"owner1":"S.I.A.L.","owner2":null,"matricule":"1074-38-5662","street":"BERNACHES","civicLow":"305","civicHigh":"0","valueLand":"157500","valueBuilding":"339900","valueTotal":"497400","mailAddr":"1030 RUE ANTOINE-PANET","mailCity":null,"mun":null},"geometry":{"type":"MultiPolygon","coordinates":[[[[-71.77858,48.505084],[-71.778454,48.505501],[-71.777889,48.505465],[-71.77805,48.505049],[-71.77858,48.505084]]]]}},{"type":"Feature","properties":{"owner1":"MINISTERE DES RESSOURCES NATURELLES","owner2":null,"matricule":"0981-89-8799","street":"LAC-ST-JEAN","civicLow":"0","civicHigh":"0","valueLand":"2300","valueBuilding":"0","valueTotal":"2300","mailAddr":"5700 4IEME AVENUE OUEST","mailCity":null,"mun":null},"geometry":{"type":"MultiPolygon","coordinates":[[[[-71.782901,48.571178],[-71.782757,48.570405],[-71.782236,48.570019],[-71.782075,48.569662],[-71.782668,48.569828],[-71.783611,48.569811],[-71.78574,48.568675],[-71.786054,48.568366],[-71.786944,48.568521],[-71.787312,48.568003],[-71.787995,48.567932],[-71.788875,48.568015],[-71.789306,48.567914],[-71.789818,48.567968],[-71.790043,48.568182],[-71.790034,48.568449],[-71.789207,48.569121],[-71.787905,48.569299],[-71.787429,48.569478],[-71.787438,48.570363],[-71.786369,48.570643],[-71.786144,48.570429],[-71.786135,48.570209],[-71.785452,48.569995],[-71.78521,48.570019],[-71.784815,48.570601],[-71.784527,48.570548],[-71.78441,48.57113],[-71.78415,48.57141],[-71.783494,48.571629],[-71.782973,48.571433],[-71.782901,48.571178]]],[[[-71.783952,48.571023],[-71.78379,48.571065],[-71.783898,48.5711],[-71.783952,48.571023]]],[[[-71.783305,48.570827],[-71.783144,48.570869],[-71.783251,48.570898],[-71.783305,48.570827]]]]}},{"type":"Feature","properties":{"owner1":"GODIN CAROLINE","owner2":"ROCHEFORT MARIE-CLAUDE","matricule":"1077-14-1489","street":"BOISE","civicLow":"54","civicHigh":"0","valueLand":"52500","valueBuilding":"318800","valueTotal":"371300","mailAddr":"54 CHEMIN DU BOISE","mailCity":null,"mun":null},"geometry":{"type":"MultiPolygon","coordinates":[[[[-71.782515,48.528559],[-71.782227,48.529237],[-71.781724,48.529154],[-71.782021,48.52847],[-71.782515,48.528559]]]]}},{"type":"Feature","properties":{"owner1":"COTE ANDRE","owner2":null,"matricule":"1074-87-6839","street":"DE QUEN","civicLow":"81","civicHigh":"0","valueLand":"29100","valueBuilding":"119300","valueTotal":"148400","mailAddr":"85 RUE DE QUEN","mailCity":null,"mun":null},"geometry":{"type":"MultiPolygon","coordinates":[[[[-71.771052,48.504061],[-71.771627,48.504043],[-71.771528,48.504424],[-71.771088,48.504441],[-71.771052,48.504061]]]]}},{"type":"Feature","properties":{"owner1":"FORTIN ERROLD","owner2":null,"matricule":"1080-89-3142","street":"BAIE-FOREST","civicLow":"14","civicHigh":"0","valueLand":"110700","valueBuilding":"63100","valueTotal":"173800","mailAddr":"860 RUE GAUTHIER OUEST","mailCity":null,"mun":null},"geometry":{"type":"MultiPolygon","coordinates":[[[[-71.773343,48.560091],[-71.773253,48.560168],[-71.772894,48.56002],[-71.773047,48.559889],[-71.773433,48.559895],[-71.773505,48.559805],[-71.773568,48.559889],[-71.773343,48.560091]]]]}},{"type":"Feature","properties":{"owner1":"GAGNON ANDRE","owner2":"MONTCALM JULIE","matricule":"1080-88-1487","street":"BAIE-FOREST","civicLow":"16","civicHigh":"0","valueLand":"180900","valueBuilding":"313500","valueTotal":"494400","mailAddr":"16 CHEMIN DE LA BAIE-FOREST","mailCity":null,"mun":null},"geometry":{"type":"MultiPolygon","coordinates":[[[[-71.773002,48.559835],[-71.773199,48.55971],[-71.77319,48.559104],[-71.77372,48.559211],[-71.773631,48.559687],[-71.773433,48.559895],[-71.773002,48.559835]]]]}},{"type":"Feature","properties":{"owner1":"TREMBLAY LISE","owner2":null,"matricule":"1079-14-9990","street":"ILE-AUX-STERNES","civicLow":"7","civicHigh":"0","valueLand":"86100","valueBuilding":"78900","valueTotal":"165000","mailAddr":"1989 RUE DES ROITELETS","mailCity":null,"mun":null},"geometry":{"type":"MultiPolygon","coordinates":[[[[-71.781275,48.547051],[-71.781158,48.546997],[-71.781365,48.546581],[-71.781599,48.54667],[-71.781661,48.546867],[-71.781554,48.547021],[-71.781275,48.547051]]]]}},{"type":"Feature","properties":{"owner1":"GIRARD CAROLE","owner2":"BOURQUE PIERRE","matricule":"1079-14-9559","street":"ILE-AUX-STERNES","civicLow":"8","civicHigh":"0","valueLand":"11000","valueBuilding":"83300","valueTotal":"94300","mailAddr":"21 RUE SAMUEL BESSETTE","mailCity":null,"mun":null},"geometry":{"type":"MultiPolygon","coordinates":[[[[-71.781365,48.546581],[-71.78141,48.546486],[-71.781599,48.54667],[-71.781365,48.546581]]]]}},{"type":"Feature","properties":{"owner1":"TURCOTTE SERGE","owner2":"GIRARD GINA","matricule":"1175-05-5043","street":"DE QUEN","civicLow":"11","civicHigh":"0","valueLand":"87000","valueBuilding":"216900","valueTotal":"303900","mailAddr":"11 CHEMIN DE QUEN","mailCity":null,"mun":null},"geometry":{"type":"MultiPolygon","coordinates":[[[[-71.768627,48.51175],[-71.768905,48.511238],[-71.769714,48.511375],[-71.768627,48.51175]]]]}},{"type":"Feature","properties":{"owner1":"S.I.A.L.","owner2":null,"matricule":"0978-66-2115","street":"BOIS-DE-GRANDMONT","civicLow":"305","civicHigh":"0","valueLand":"201100","valueBuilding":"155200","valueTotal":"356300","mailAddr":"305 CHEMIN DU BOIS-DE-GRANDMONT","mailCity":null,"mun":null},"geometry":{"type":"MultiPolygon","coordinates":[[[[-71.788408,48.538879],[-71.789701,48.538629],[-71.789647,48.538951],[-71.788489,48.539177],[-71.788408,48.538879]]]]}},{"type":"Feature","properties":{"owner1":"LESSARD ESTELLE","owner2":null,"matricule":"0978-54-9187","street":"BOIS-DE-GRANDMONT","civicLow":"25","civicHigh":"0","valueLand":"60700","valueBuilding":"263400","valueTotal":"324100","mailAddr":"25 CHEMIN DU BOIS-DE-GRANDMONT","mailCity":null,"mun":null},"geometry":{"type":"MultiPolygon","coordinates":[[[[-71.788722,48.537916],[-71.789082,48.537678],[-71.789243,48.537339],[-71.790151,48.537844],[-71.789845,48.537797],[-71.789791,48.538106],[-71.788722,48.537916]]]]}},{"type":"Feature","properties":{"owner1":"CLUB DE VOILE DES ILES INC.","owner2":null,"matricule":"1079-20-2282","street":"ILES","civicLow":"380","civicHigh":"0","valueLand":"109100","valueBuilding":"56900","valueTotal":"166000","mailAddr":null,"mailCity":null,"mun":null},"geometry":{"type":"MultiPolygon","coordinates":[[[[-71.780431,48.543441],[-71.780332,48.542823],[-71.781167,48.542977],[-71.782066,48.542953],[-71.781841,48.543185],[-71.7815,48.543263],[-71.781302,48.543542],[-71.780431,48.543441]]]]}},{"type":"Feature","properties":{"owner1":"BERGERON ROCK","owner2":null,"matricule":"1079-21-5034","street":"ILES","civicLow":"370","civicHigh":"0","valueLand":"34100","valueBuilding":"102800","valueTotal":"136900","mailAddr":"370 RANG DES ILES","mailCity":null,"mun":null},"geometry":{"type":"MultiPolygon","coordinates":[[[[-71.780323,48.543887],[-71.780431,48.543441],[-71.78097,48.543459],[-71.780898,48.543911],[-71.780323,48.543887]]]]}},{"type":"Feature","properties":{"owner1":"LAPOINTE DAVID","owner2":null,"matricule":"1079-21-0440","street":"QUAI","civicLow":"202","civicHigh":"0","valueLand":"43000","valueBuilding":"0","valueTotal":"43000","mailAddr":"672 CHEMIN SYDENHAM","mailCity":null,"mun":null},"geometry":{"type":"MultiPolygon","coordinates":[[[[-71.781634,48.543679],[-71.78159,48.54403],[-71.781509,48.543911],[-71.780907,48.543869],[-71.780961,48.543524],[-71.781554,48.54356],[-71.781634,48.543679]]]]}},{"type":"Feature","properties":{"owner1":"IMBEAULT LUC","owner2":"FORTIN CHRISTIANE","matricule":"1078-20-5547","street":"ILES","civicLow":"0","civicHigh":"0","valueLand":"22400","valueBuilding":"0","valueTotal":"22400","mailAddr":"RANG DES ILES","mailCity":null,"mun":null},"geometry":{"type":"MultiPolygon","coordinates":[[[[-71.779856,48.534067],[-71.779434,48.533996],[-71.779371,48.533472],[-71.781401,48.533829],[-71.781221,48.534311],[-71.779856,48.534067]]]]}},{"type":"Feature","properties":{"owner1":"GAUTHIER MARTIN","owner2":"LABERGE JACINTHE","matricule":"1474-48-8521","street":"5","civicLow":"1440","civicHigh":"0","valueLand":"56200","valueBuilding":"9800","valueTotal":"66000","mailAddr":"650 RANG DES ILES","mailCity":null,"mun":null},"geometry":{"type":"MultiPolygon","coordinates":[[[[-71.7216,48.505602],[-71.721771,48.505168],[-71.723325,48.505447],[-71.723208,48.505745],[-71.722957,48.505697],[-71.722903,48.505834],[-71.7216,48.505602]]]]}},{"type":"Feature","properties":{"owner1":"FERME DES RUISSEAUX S.E.N.C.","owner2":null,"matricule":"1474-25-1454","street":"5","civicLow":"0","civicHigh":"0","valueLand":"471700","valueBuilding":"15300","valueTotal":"487000","mailAddr":"2920 ROUTE DU LAC OUEST","mailCity":null,"mun":null},"geometry":{"type":"MultiPolygon","coordinates":[[[[-71.728041,48.505685],[-71.726846,48.505471],[-71.726667,48.505906],[-71.723792,48.505382],[-71.723945,48.504983],[-71.723145,48.50484],[-71.722992,48.505239],[-71.722732,48.505191],[-71.722894,48.504799],[-71.721681,48.504578],[-71.727286,48.490703],[-71.734105,48.491923],[-71.728391,48.506215],[-71.727861,48.50612],[-71.728041,48.505685]]],[[[-71.721196,48.510875],[-71.723325,48.505447],[-71.724277,48.505614],[-71.724061,48.506144],[-71.72513,48.506334],[-71.725337,48.505804],[-71.726173,48.505959],[-71.726038,48.506292],[-71.726478,48.50637],[-71.720881,48.520432],[-71.717486,48.519795],[-71.721196,48.510875]]]]}},{"type":"Feature","properties":{"owner1":"OUELLET GAETAN","owner2":null,"matricule":"1072-17-2538","street":"DE QUEN","civicLow":"434","civicHigh":"0","valueLand":"29900","valueBuilding":"90300","valueTotal":"120200","mailAddr":"1581 CHEMIN DU RUISSEAU","mailCity":null,"mun":null},"geometry":{"type":"MultiPolygon","coordinates":[[[[-71.780494,48.486202],[-71.780628,48.48594],[-71.781311,48.486065],[-71.781096,48.48635],[-71.780494,48.486202]]]]}},{"type":"Feature","properties":{"owner1":"S.I.A.L.","owner2":null,"matricule":"1075-45-6286","street":"DOMAINE-GRANDMONT","civicLow":"312","civicHigh":"0","valueLand":"82400","valueBuilding":"159800","valueTotal":"242200","mailAddr":"312 CHEMIN DU DOMAINE-GRANDMONT","mailCity":null,"mun":null},"geometry":{"type":"MultiPolygon","coordinates":[[[[-71.77717,48.51175],[-71.777026,48.511952],[-71.776793,48.511815],[-71.776972,48.511637],[-71.77717,48.51175]]]]}},{"type":"Feature","properties":{"owner1":"BLOUIN MATHIEU","owner2":"NERON MARIE-EVE","matricule":"1180-44-6414","street":"GOLF","civicLow":"207","civicHigh":"0","valueLand":"77600","valueBuilding":"123200","valueTotal":"200800","mailAddr":"2117 RUE SAINT-PHILIPPE","mailCity":null,"mun":null},"geometry":{"type":"MultiPolygon","coordinates":[[[[-71.764225,48.555459],[-71.764575,48.555144],[-71.764791,48.555251],[-71.764369,48.555614],[-71.764225,48.555459]]]]}},{"type":"Feature","properties":{"owner1":"OUELLET MATHIEU","owner2":null,"matricule":"1073-46-4100","street":"DE QUEN","civicLow":"241","civicHigh":"0","valueLand":"24800","valueBuilding":"95600","valueTotal":"120400","mailAddr":"241 RUE DE QUEN","mailCity":null,"mun":null},"geometry":{"type":"MultiPolygon","coordinates":[[[[-71.776397,48.493929],[-71.776469,48.493763],[-71.777215,48.493947],[-71.777152,48.494114],[-71.776397,48.493929]]]]}},{"type":"Feature","properties":{"owner1":"ANGERS FREDERIC","owner2":"TREMBLAY MELANIE","matricule":"1075-86-8767","street":"DOMAINE-GRANDMONT","civicLow":"203","civicHigh":"0","valueLand":"53300","valueBuilding":"264100","valueTotal":"317400","mailAddr":"203 CHEMIN DU DOMAINE-GRANDMONT","mailCity":null,"mun":null},"geometry":{"type":"MultiPolygon","coordinates":[[[[-71.771609,48.512452],[-71.771493,48.512928],[-71.770873,48.51272],[-71.770989,48.51225],[-71.771609,48.512452]]]]}},{"type":"Feature","properties":{"owner1":"AUDET LUC","owner2":"TURCOTTE SANDRA","matricule":"1073-31-5653","street":"DE QUEN","civicLow":"334","civicHigh":"0","valueLand":"24500","valueBuilding":"78000","valueTotal":"102500","mailAddr":"334 RUE DE QUEN","mailCity":null,"mun":null},"geometry":{"type":"MultiPolygon","coordinates":[[[[-71.777538,48.489964],[-71.777601,48.48975],[-71.778194,48.489863],[-71.778113,48.490066],[-71.777538,48.489964]]]]}},{"type":"Feature","properties":{"owner1":"GOUVERNEMENT DU QUEBEC","owner2":null,"matricule":"0971-48-5998","street":"DE QUEN","civicLow":"0","civicHigh":"0","valueLand":"100","valueBuilding":"0","valueTotal":"100","mailAddr":"HOTEL DU GOUVERNEMENT","mailCity":null,"mun":null},"geometry":{"type":"MultiPolygon","coordinates":[[[[-71.789612,48.478294],[-71.789567,48.478401],[-71.790079,48.478514],[-71.789441,48.478485],[-71.789612,48.478294]]]]}},{"type":"Feature","properties":{"owner1":"LECLERC JESSY","owner2":null,"matricule":"1073-13-1850","street":"WILFRID-SIMARD","civicLow":"115","civicHigh":"117","valueLand":"24000","valueBuilding":"221400","valueTotal":"245400","mailAddr":"117 RUE WILFRID-SIMARD","mailCity":null,"mun":null},"geometry":{"type":"MultiPolygon","coordinates":[[[[-71.780853,48.491739],[-71.780952,48.491465],[-71.781392,48.491542],[-71.781284,48.491822],[-71.780853,48.491739]]]]}},{"type":"Feature","properties":{"owner1":"GAUTHIER DANIEL","owner2":"TREMBLAY CAROLINE","matricule":"1073-03-9457","street":"WILFRID-SIMARD","civicLow":"113","civicHigh":"0","valueLand":"18000","valueBuilding":"170700","valueTotal":"188700","mailAddr":"113 RUE WILFRID-SIMARD","mailCity":null,"mun":null},"geometry":{"type":"MultiPolygon","coordinates":[[[[-71.781634,48.491584],[-71.781518,48.491864],[-71.781284,48.491822],[-71.781392,48.491542],[-71.781634,48.491584]]]]}},{"type":"Feature","properties":{"owner1":"9088-2523 QUEBEC INC","owner2":null,"matricule":"1073-03-7564","street":"WILFRID-SIMARD","civicLow":"111","civicHigh":"0","valueLand":"19800","valueBuilding":"125900","valueTotal":"145700","mailAddr":"695 RUE SACRE-COEUR OUEST","mailCity":null,"mun":null},"geometry":{"type":"MultiPolygon","coordinates":[[[[-71.781634,48.491584],[-71.781895,48.491578],[-71.781814,48.491923],[-71.781518,48.491864],[-71.781634,48.491584]]]]}},{"type":"Feature","properties":{"owner1":"TREMBLAY CIMON","owner2":"OUELLET JULIE","matricule":"1073-67-3196","street":"LEVESQUE","civicLow":"108","civicHigh":"0","valueLand":"24700","valueBuilding":"124100","valueTotal":"148800","mailAddr":"108 RUE LEVESQUE","mailCity":null,"mun":null},"geometry":{"type":"MultiPolygon","coordinates":[[[[-71.774448,48.495733],[-71.774358,48.495953],[-71.774008,48.495858],[-71.774241,48.495483],[-71.774529,48.495531],[-71.774448,48.495733]]]]}},{"type":"Feature","properties":{"owner1":"PLACEMENT H.D. INC","owner2":null,"matricule":"1077-24-8299","street":"ILES","civicLow":"0","civicHigh":"0","valueLand":"220800","valueBuilding":"0","valueTotal":"220800","mailAddr":"4 CHEMIN DU BOISE","mailCity":null,"mun":null},"geometry":{"type":"MultiPolygon","coordinates":[[[[-71.784024,48.531248],[-71.780143,48.530516],[-71.780431,48.52982],[-71.780125,48.52976],[-71.780413,48.529112],[-71.780152,48.529053],[-71.779101,48.529058],[-71.778966,48.529534],[-71.777987,48.529356],[-71.7777,48.530046],[-71.778993,48.530302],[-71.775589,48.529665],[-71.775535,48.52957],[-71.776739,48.529844],[-71.776658,48.52913],[-71.777161,48.529106],[-71.777565,48.529225],[-71.777844,48.528416],[-71.776712,48.528351],[-71.774951,48.528707],[-71.774852,48.528583],[-71.775903,48.528362],[-71.775571,48.527797],[-71.775382,48.527708],[-71.775562,48.527268],[-71.775822,48.527315],[-71.776227,48.528297],[-71.777215,48.528226],[-71.777466,48.527625],[-71.777862,48.527696],[-71.777628,48.528255],[-71.778041,48.528315],[-71.778859,48.528898],[-71.779667,48.528916],[-71.780009,48.528095],[-71.780664,48.528214],[-71.780359,48.528951],[-71.780673,48.529023],[-71.780988,48.528279],[-71.78132,48.528339],[-71.780997,48.529094],[-71.78265,48.529308],[-71.783539,48.529659],[-71.784653,48.529713],[-71.785093,48.529475],[-71.78547,48.529511],[-71.785641,48.529731],[-71.785461,48.529951],[-71.785174,48.529998],[-71.784662,48.529868],[-71.784024,48.531248]]],[[[-71.783296,48.530391],[-71.783566,48.529796],[-71.783117,48.529689],[-71.782838,48.530302],[-71.783296,48.530391]]],[[[-71.782129,48.530159],[-71.782461,48.529415],[-71.782138,48.529362],[-71.781805,48.530094],[-71.782129,48.530159]]]]}},{"type":"Feature","properties":{"owner1":"HAMEL FRANCOIS","owner2":"MALTAIS JULIE","matricule":"1077-24-9445","street":"BOISE","civicLow":"0","civicHigh":"0","valueLand":"47700","valueBuilding":"0","valueTotal":"47700","mailAddr":"26 CHEMIN DU BOISE","mailCity":null,"mun":null},"geometry":{"type":"MultiPolygon","coordinates":[[[[-71.779667,48.528916],[-71.779317,48.528922],[-71.779685,48.528035],[-71.780009,48.528095],[-71.779667,48.528916]]]]}},{"type":"Feature","properties":{"owner1":"COTE JEAN-BAPTISTE","owner2":null,"matricule":"0972-50-3724","street":"DE QUEN","civicLow":"598","civicHigh":"0","valueLand":"25200","valueBuilding":"88800","valueTotal":"114000","mailAddr":"598 RUE DE QUEN","mailCity":null,"mun":null},"geometry":{"type":"MultiPolygon","coordinates":[[[[-71.788345,48.47967],[-71.788507,48.479425],[-71.789028,48.479622],[-71.78883,48.479812],[-71.788345,48.47967]]]]}},{"type":"Feature","properties":{"owner1":"SIMARD PIERRE","owner2":"BOUCHARD BRIGITTE","matricule":"0972-50-5743","street":"DE QUEN","civicLow":"594","civicHigh":"0","valueLand":"26200","valueBuilding":"134200","valueTotal":"160400","mailAddr":"594 RUE DE QUEN","mailCity":null,"mun":null},"geometry":{"type":"MultiPolygon","coordinates":[[[[-71.788237,48.47986],[-71.788084,48.479818],[-71.788022,48.479574],[-71.78883,48.479812],[-71.788659,48.479985],[-71.788237,48.47986]]]]}},{"type":"Feature","properties":{"owner1":"S.I.A.L.","owner2":null,"matricule":"1079-29-7734","street":"ILES","civicLow":"0","civicHigh":"0","valueLand":"151600","valueBuilding":"14400","valueTotal":"166000","mailAddr":"1655 RUE POWELL","mailCity":null,"mun":null},"geometry":{"type":"MultiPolygon","coordinates":[[[[-71.782937,48.552546],[-71.782479,48.552308],[-71.782398,48.552005],[-71.781643,48.551963],[-71.781374,48.551719],[-71.781293,48.55144],[-71.779748,48.550512],[-71.779748,48.55025],[-71.779946,48.550012],[-71.779892,48.549561],[-71.780242,48.549352],[-71.780664,48.549299],[-71.780287,48.548996],[-71.78044,48.548383],[-71.780296,48.548288],[-71.780646,48.548062],[-71.780583,48.547681],[-71.780359,48.547527],[-71.780673,48.547586],[-71.780341,48.547194],[-71.780548,48.546795],[-71.780458,48.546724],[-71.781167,48.546974],[-71.781104,48.547105],[-71.780817,48.546908],[-71.780601,48.546873],[-71.780467,48.546986],[-71.78053,48.547372],[-71.780871,48.547717],[-71.780467,48.548692],[-71.780727,48.549311],[-71.780116,48.549537],[-71.780143,48.550054],[-71.779964,48.550381],[-71.780934,48.551029],[-71.780925,48.551172],[-71.781401,48.551457],[-71.781652,48.551874],[-71.781931,48.551993],[-71.782353,48.551826],[-71.782677,48.552016],[-71.782641,48.552326],[-71.783386,48.552653],[-71.783656,48.553182],[-71.783359,48.553765],[-71.783045,48.553681],[-71.78344,48.553556],[-71.783611,48.553229],[-71.783296,48.552665],[-71.782937,48.552546]]]]}},{"type":"Feature","properties":{"owner1":"TREMBLAY JACQUES","owner2":null,"matricule":"1074-87-1283","street":"DE QUEN","civicLow":"77","civicHigh":"0","valueLand":"59800","valueBuilding":"166200","valueTotal":"226000","mailAddr":"77 CHEMIN DE QUEN","mailCity":null,"mun":null},"geometry":{"type":"MultiPolygon","coordinates":[[[[-71.772606,48.504965],[-71.771106,48.504691],[-71.771088,48.504441],[-71.772993,48.504376],[-71.772786,48.504995],[-71.772606,48.504965]]]]}},{"type":"Feature","properties":{"owner1":"COULOMBE GUY","owner2":null,"matricule":"0971-59-1286","street":"DE QUEN","civicLow":"0","civicHigh":"0","valueLand":"24200","valueBuilding":"0","valueTotal":"24200","mailAddr":"1353 RANG BELLE-RIVIERE","mailCity":null,"mun":null},"geometry":{"type":"MultiPolygon","coordinates":[[[[-71.789162,48.479491],[-71.788668,48.479265],[-71.788857,48.479086],[-71.789351,48.479306],[-71.789162,48.479491]]]]}},{"type":"Feature","properties":{"owner1":"COTE PIERRE","owner2":null,"matricule":"1072-07-7261","street":"DE QUEN","civicLow":"431","civicHigh":"0","valueLand":"20600","valueBuilding":"84400","valueTotal":"105000","mailAddr":"431 RUE DE QUEN","mailCity":null,"mun":null},"geometry":{"type":"MultiPolygon","coordinates":[[[[-71.781257,48.486338],[-71.781374,48.486208],[-71.781967,48.486344],[-71.78185,48.486475],[-71.781257,48.486338]]]]}},{"type":"Feature","properties":{"owner1":"SIMARD LUC","owner2":"TREMBLAY ISABELLE","matricule":"1076-56-8674","street":"CHENES","civicLow":"20","civicHigh":"0","valueLand":"69000","valueBuilding":"196500","valueTotal":"265500","mailAddr":"114 RUE GRIVES","mailCity":null,"mun":null},"geometry":{"type":"MultiPolygon","coordinates":[[[[-71.775526,48.521937],[-71.775113,48.521104],[-71.775724,48.521217],[-71.775751,48.521455],[-71.77558,48.521503],[-71.775858,48.521645],[-71.775903,48.521919],[-71.775751,48.522098],[-71.775526,48.521937]]]]}},{"type":"Feature","properties":{"owner1":"COTE KARINA","owner2":"COTE ANDRE","matricule":"1076-86-1329","street":"ILES","civicLow":"0","civicHigh":"0","valueLand":"74100","valueBuilding":"0","valueTotal":"74100","mailAddr":"11836 RUE POINCARE","mailCity":null,"mun":null},"geometry":{"type":"MultiPolygon","coordinates":[[[[-71.772229,48.52177],[-71.771744,48.520485],[-71.773226,48.520753],[-71.77284,48.521009],[-71.773011,48.521318],[-71.772849,48.521794],[-71.773217,48.521979],[-71.772229,48.52177]]]]}},{"type":"Feature","properties":{"owner1":"TREMBLAY PAUL-BENOIT","owner2":null,"matricule":"1077-11-8436","street":"ADELARD-GAUTHIER","civicLow":"120","civicHigh":"0","valueLand":"253200","valueBuilding":"109600","valueTotal":"362800","mailAddr":"1060 RUE PIERRE-BEDARD","mailCity":null,"mun":null},"geometry":{"type":"MultiPolygon","coordinates":[[[[-71.780485,48.525769],[-71.78026,48.525751],[-71.780763,48.525138],[-71.780961,48.525239],[-71.780943,48.525364],[-71.781239,48.525429],[-71.781823,48.525798],[-71.781823,48.526102],[-71.780485,48.525769]]]]}},{"type":"Feature","properties":{"owner1":"S.I.A.L.","owner2":"S.I.A.L.","matricule":"1079-39-1611","street":"ILES","civicLow":"0","civicHigh":"0","valueLand":"107000","valueBuilding":"0","valueTotal":"107000","mailAddr":"2233 34E AVENUE SW SUITE 224","mailCity":null,"mun":null},"geometry":{"type":"MultiPolygon","coordinates":[[[[-71.780548,48.551273],[-71.779559,48.550536],[-71.779407,48.54987],[-71.779928,48.549983],[-71.779748,48.550512],[-71.780997,48.551309],[-71.780548,48.551273]]]]}},{"type":"Feature","properties":{"owner1":"DION LOUIS","owner2":null,"matricule":"1077-33-6723","street":"ADELARD-GAUTHIER","civicLow":"104","civicHigh":"0","valueLand":"76500","valueBuilding":"86600","valueTotal":"163100","mailAddr":"104 CHEMIN ADELARD-GAUTHIER","mailCity":null,"mun":null},"geometry":{"type":"MultiPolygon","coordinates":[[[[-71.778248,48.527702],[-71.778643,48.526994],[-71.779056,48.527083],[-71.778661,48.527779],[-71.778248,48.527702]]]]}},{"type":"Feature","properties":{"owner1":"TREMBLAY NICOLAS","owner2":null,"matricule":"1075-61-6779","street":"TOUR","civicLow":"111","civicHigh":"0","valueLand":"31900","valueBuilding":"199200","valueTotal":"231100","mailAddr":"111 CHEMIN DE LA TOUR","mailCity":null,"mun":null},"geometry":{"type":"MultiPolygon","coordinates":[[[[-71.774367,48.508084],[-71.774241,48.508346],[-71.773846,48.508256],[-71.773981,48.507995],[-71.774367,48.508084]]]]}},{"type":"Feature","properties":{"owner1":"LES ENTREPRISES ALFRED BOIVIN INC.","owner2":null,"matricule":"0972-21-7738","street":"GARE","civicLow":"0","civicHigh":"0","valueLand":"12200","valueBuilding":"0","valueTotal":"12200","mailAddr":"2205 RUE DE LA FONDERIE","mailCity":null,"mun":null},"geometry":{"type":"MultiPolygon","coordinates":[[[[-71.792001,48.480622],[-71.792028,48.480545],[-71.792414,48.480604],[-71.792468,48.480694],[-71.792001,48.480622]]]]}},{"type":"Feature","properties":{"owner1":"LES ENTREPRISES ALFRED BOIVIN INC.","owner2":null,"matricule":"0972-21-7530","street":"GARE","civicLow":"0","civicHigh":"0","valueLand":"12200","valueBuilding":"0","valueTotal":"12200","mailAddr":"2205 RUE DE LA FONDERIE","mailCity":null,"mun":null},"geometry":{"type":"MultiPolygon","coordinates":[[[[-71.792423,48.480593],[-71.792028,48.480545],[-71.792055,48.480473],[-71.792495,48.480539],[-71.792423,48.480593]]]]}},{"type":"Feature","properties":{"owner1":"TREMBLAY JEAN-CLAUDE","owner2":"BOIVIN CLAIRE","matricule":"1078-29-6586","street":"ILES","civicLow":"386","civicHigh":"0","valueLand":"99600","valueBuilding":"227800","valueTotal":"327400","mailAddr":"386 RANG DES ILES","mailCity":null,"mun":null},"geometry":{"type":"MultiPolygon","coordinates":[[[[-71.780404,48.542525],[-71.780197,48.542555],[-71.780027,48.542067],[-71.780691,48.542252],[-71.780718,48.54246],[-71.780404,48.542525]]]]}},{"type":"Feature","properties":{"owner1":"S.I.A.L.","owner2":null,"matricule":"1079-20-4720","street":"ILES","civicLow":"0","civicHigh":"0","valueLand":"59600","valueBuilding":"0","valueTotal":"59600","mailAddr":"384 RANG DES ILES","mailCity":null,"mun":null},"geometry":{"type":"MultiPolygon","coordinates":[[[[-71.780826,48.542478],[-71.780727,48.542834],[-71.780494,48.542793],[-71.780664,48.542495],[-71.780826,48.542478]]]]}},{"type":"Feature","properties":{"owner1":"LEVESQUE HUGUETTE","owner2":null,"matricule":"1079-20-6823","street":"ILES","civicLow":"384","civicHigh":"0","valueLand":"70000","valueBuilding":"141000","valueTotal":"211000","mailAddr":"384 RANG DES ILES","mailCity":null,"mun":null},"geometry":{"type":"MultiPolygon","coordinates":[[[[-71.780332,48.542823],[-71.780197,48.542555],[-71.780664,48.542495],[-71.780494,48.542793],[-71.780646,48.542817],[-71.780332,48.542823]]]]}},{"type":"Feature","properties":{"owner1":"MINISTERE DES RESSOURCES NATURELLES","owner2":null,"matricule":"1181-43-1537","street":"GOLF","civicLow":"0","civicHigh":"0","valueLand":"14500","valueBuilding":"0","valueTotal":"14500","mailAddr":"5700 4IEME AVENUE OUEST","mailCity":null,"mun":null},"geometry":{"type":"MultiPolygon","coordinates":[[[[-71.760937,48.563676],[-71.761063,48.563361],[-71.763695,48.563272],[-71.765025,48.561815],[-71.766076,48.560204],[-71.766354,48.559996],[-71.766794,48.559924],[-71.767423,48.560014],[-71.767953,48.560317],[-71.768519,48.560888],[-71.768825,48.561476],[-71.768753,48.562088],[-71.767405,48.564294],[-71.76701,48.564799],[-71.766642,48.56499],[-71.76524,48.565186],[-71.764288,48.565192],[-71.761593,48.565667],[-71.760596,48.565691],[-71.7595,48.565293],[-71.75879,48.564799],[-71.759096,48.564496],[-71.759886,48.564306],[-71.759877,48.563914],[-71.760201,48.563979],[-71.760713,48.563765],[-71.760704,48.56364],[-71.760937,48.563676]]]]}},{"type":"Feature","properties":{"owner1":"TREMBLAY ROCK","owner2":null,"matricule":"1069-57-8921","street":"BELLE-RIVIERE","civicLow":"1200","civicHigh":"0","valueLand":"52300","valueBuilding":"133200","valueTotal":"185500","mailAddr":"1200 RANG BELLE-RIVIERE","mailCity":null,"mun":null},"geometry":{"type":"MultiPolygon","coordinates":[[[[-71.773541,48.458686],[-71.774897,48.459348],[-71.774637,48.459574],[-71.77372,48.459199],[-71.773226,48.459479],[-71.773541,48.458686]]]]}},{"type":"Feature","properties":{"owner1":"FERME DANIS COTE ET JOSEE OUELLET","owner2":null,"matricule":"0970-85-5506","street":"BELLE-RIVIERE","civicLow":"1242","civicHigh":"0","valueLand":"115700","valueBuilding":"204700","valueTotal":"320400","mailAddr":"1242 RANG BELLE-RIVIERE","mailCity":null,"mun":null},"geometry":{"type":"MultiPolygon","coordinates":[[[[-71.786449,48.462457],[-71.785695,48.462225],[-71.785479,48.462773],[-71.782991,48.462427],[-71.784222,48.459401],[-71.784895,48.459628],[-71.784707,48.459985],[-71.785264,48.459604],[-71.786072,48.459914],[-71.786485,48.459789],[-71.787267,48.460122],[-71.787815,48.460051],[-71.789324,48.460408],[-71.787626,48.464548],[-71.787285,48.463851],[-71.786216,48.463047],[-71.786449,48.462457]]],[[[-71.781724,48.465507],[-71.782901,48.462654],[-71.783027,48.462672],[-71.783072,48.462564],[-71.785039,48.462815],[-71.785749,48.463005],[-71.786378,48.463309],[-71.78724,48.464125],[-71.787411,48.46453],[-71.787375,48.464953],[-71.78512,48.470558],[-71.780035,48.469659],[-71.781724,48.465507]]]]}},{"type":"Feature","properties":{"owner1":"FORTIN ALAIN","owner2":"COTE FRANCINE","matricule":"0970-71-0629","street":"BELLE-RIVIERE","civicLow":"1241","civicHigh":"0","valueLand":"46400","valueBuilding":"118000","valueTotal":"164400","mailAddr":"1241 RANG BELLE-RIVIERE","mailCity":null,"mun":null},"geometry":{"type":"MultiPolygon","coordinates":[[[[-71.785479,48.462773],[-71.785695,48.462225],[-71.786449,48.462457],[-71.786216,48.463047],[-71.785479,48.462773]]]]}},{"type":"Feature","properties":{"owner1":"COTE NICOLAS","owner2":"HUDON LYNDA","matricule":"1070-00-4703","street":"BELLE-RIVIERE","civicLow":"0","civicHigh":"0","valueLand":"40900","valueBuilding":"16200","valueTotal":"57100","mailAddr":"1231 RANG DE LA BELLE-RIVIERE","mailCity":null,"mun":null},"geometry":{"type":"MultiPolygon","coordinates":[[[[-71.78159,48.461665],[-71.781374,48.461915],[-71.780844,48.461713],[-71.781356,48.461129],[-71.781733,48.461278],[-71.781536,48.461504],[-71.781679,48.461558],[-71.78159,48.461665]]]]}},{"type":"Feature","properties":{"owner1":"GIRARD LYNA","owner2":null,"matricule":"1074-04-8515","street":"POINTE-DU-LAC","civicLow":"0","civicHigh":"0","valueLand":"800","valueBuilding":"0","valueTotal":"800","mailAddr":"48 CHEMIN DE LA POINTE-DU-LAC","mailCity":null,"mun":null},"geometry":{"type":"MultiPolygon","coordinates":[[[[-71.781769,48.501209],[-71.781742,48.501168],[-71.781931,48.501245],[-71.781769,48.501209]]]]}},{"type":"Feature","properties":{"owner1":"S.I.A.L.","owner2":null,"matricule":"1080-76-7476","street":"ILES","civicLow":"0","civicHigh":"0","valueLand":"49000","valueBuilding":"0","valueTotal":"49000","mailAddr":"1655 RUE POWELL","mailCity":null,"mun":null},"geometry":{"type":"MultiPolygon","coordinates":[[[[-71.775095,48.557522],[-71.773783,48.557719],[-71.772112,48.557647],[-71.771421,48.55776],[-71.771187,48.557665],[-71.773936,48.557528],[-71.775077,48.557362],[-71.777044,48.557403],[-71.776972,48.55757],[-71.775095,48.557522]]]]}},{"type":"Feature","properties":{"owner1":"LEVESQUE MAURICE","owner2":null,"matricule":"1180-05-4740","street":"GOLF","civicLow":"123","civicHigh":"0","valueLand":"74400","valueBuilding":"56900","valueTotal":"131300","mailAddr":"470 RUE D'AUVERGNE","mailCity":null,"mun":null},"geometry":{"type":"MultiPolygon","coordinates":[[[[-71.7701,48.55666],[-71.769902,48.55688],[-71.769777,48.556797],[-71.770379,48.555935],[-71.770621,48.555959],[-71.7701,48.55666]]]]}},{"type":"Feature","properties":{"owner1":"S.I.A.L.","owner2":null,"matricule":"1180-15-4919","street":"GOLF","civicLow":"0","civicHigh":"0","valueLand":"1700","valueBuilding":"0","valueTotal":"1700","mailAddr":"109 CHEMIN DU GOLF","mailCity":null,"mun":null},"geometry":{"type":"MultiPolygon","coordinates":[[[[-71.768681,48.556244],[-71.768744,48.556173],[-71.768896,48.556262],[-71.768681,48.556244]]]]}},{"type":"Feature","properties":{"owner1":"S.I.A.L.","owner2":null,"matricule":"1180-15-5504","street":"GOLF","civicLow":"0","civicHigh":"0","valueLand":"2000","valueBuilding":"0","valueTotal":"2000","mailAddr":"2113 RUE DABLON","mailCity":null,"mun":null},"geometry":{"type":"MultiPolygon","coordinates":[[[[-71.768744,48.556173],[-71.768663,48.556238],[-71.768537,48.556167],[-71.768735,48.556012],[-71.76886,48.556084],[-71.768744,48.556173]]]]}},{"type":"Feature","properties":{"owner1":"IMMEUBLES NORDEX INC LES","owner2":null,"matricule":"0972-33-5143","street":"DE QUEN","civicLow":"0","civicHigh":"0","valueLand":"258000","valueBuilding":"0","valueTotal":"258000","mailAddr":"200 RUE DES PINS OUEST, BUREAU 201","mailCity":null,"mun":null},"geometry":{"type":"MultiPolygon","coordinates":[[[[-71.788147,48.481754],[-71.788767,48.481664],[-71.794624,48.482736],[-71.794876,48.483469],[-71.788201,48.482212],[-71.788147,48.481754]]]]}},{"type":"Feature","properties":{"owner1":"GILBERT PATRICE","owner2":null,"matricule":"1075-78-0469","street":"DOMAINE-GRANDMONT","civicLow":"0","civicHigh":"0","valueLand":"12700","valueBuilding":"0","valueTotal":"12700","mailAddr":"219 CHEMIN DU DOMAINE-GRANDMONT","mailCity":null,"mun":null},"geometry":{"type":"MultiPolygon","coordinates":[[[[-71.773478,48.514374],[-71.773684,48.514404],[-71.773729,48.514273],[-71.774008,48.514333],[-71.773999,48.514428],[-71.773487,48.514469],[-71.773397,48.514618],[-71.773478,48.514374]]]]}},{"type":"Feature","properties":{"owner1":"LAVOIE EDITH","owner2":null,"matricule":"1271-40-8407","street":"4","civicLow":"0","civicHigh":"0","valueLand":"72600","valueBuilding":"0","valueTotal":"72600","mailAddr":"1479 RANG 4","mailCity":null,"mun":null},"geometry":{"type":"MultiPolygon","coordinates":[[[[-71.746663,48.472392],[-71.750095,48.464191],[-71.752691,48.464673],[-71.748945,48.473637],[-71.746663,48.472392]]],[[[-71.744345,48.478002],[-71.746555,48.472684],[-71.748828,48.473929],[-71.746753,48.478901],[-71.746034,48.47877],[-71.746196,48.478383],[-71.744345,48.478002]]]]}},{"type":"Feature","properties":{"owner1":"GIRARD ERIC","owner2":"EMOND MARIE-COLOMBE","matricule":"1271-78-9818","street":"4","civicLow":"1415","civicHigh":"0","valueLand":"34100","valueBuilding":"109100","valueTotal":"143200","mailAddr":"1415 RANG 4","mailCity":null,"mun":null},"geometry":{"type":"MultiPolygon","coordinates":[[[[-71.744884,48.478145],[-71.744723,48.478526],[-71.744166,48.478425],[-71.744345,48.478002],[-71.744884,48.478145]]]]}},{"type":"Feature","properties":{"owner1":"GAGNE MARTINE","owner2":null,"matricule":"1271-78-3040","street":"4","civicLow":"1427","civicHigh":"0","valueLand":"49900","valueBuilding":"80500","valueTotal":"130400","mailAddr":"1427 RANG 4","mailCity":null,"mun":null},"geometry":{"type":"MultiPolygon","coordinates":[[[[-71.744723,48.478526],[-71.744884,48.478145],[-71.746196,48.478383],[-71.746034,48.47877],[-71.744723,48.478526]]]]}},{"type":"Feature","properties":{"owner1":"GAGNON ALAIN","owner2":"PERREAULT ISABELLE","matricule":"1271-59-2100","street":"4","civicLow":"1461","civicHigh":"1463","valueLand":"37700","valueBuilding":"185400","valueTotal":"223100","mailAddr":"1461 RANG 4","mailCity":null,"mun":null},"geometry":{"type":"MultiPolygon","coordinates":[[[[-71.748217,48.479169],[-71.747867,48.479104],[-71.748046,48.478681],[-71.74872,48.478806],[-71.748541,48.479229],[-71.748217,48.479169]]]]}},{"type":"Feature","properties":{"owner1":"TRUCHON ELOI","owner2":"TRUCHON GERALD","matricule":"1371-03-2972","street":"4","civicLow":"0","civicHigh":"0","valueLand":"98400","valueBuilding":"0","valueTotal":"98400","mailAddr":"275 ROUTE DU LAC OUEST","mailCity":null,"mun":null},"geometry":{"type":"MultiPolygon","coordinates":[[[[-71.738183,48.477317],[-71.741336,48.469831],[-71.744381,48.471493],[-71.741624,48.477955],[-71.738183,48.477317]]]]}},{"type":"Feature","properties":{"owner1":"BOLDUC GERARD","owner2":null,"matricule":"1073-76-1159","street":"MURRAY","civicLow":"111","civicHigh":"0","valueLand":"26300","valueBuilding":"122700","valueTotal":"149000","mailAddr":"111 RUE MURRAY","mailCity":null,"mun":null},"geometry":{"type":"MultiPolygon","coordinates":[[[[-71.773074,48.494298],[-71.773496,48.494412],[-71.773271,48.494715],[-71.772858,48.494614],[-71.773074,48.494298]]]]}},{"type":"Feature","properties":{"owner1":"GAGNON LISE","owner2":null,"matricule":"1080-25-3155","street":"BOCAGE","civicLow":"36","civicHigh":"0","valueLand":"241700","valueBuilding":"149300","valueTotal":"391000","mailAddr":"36 CHEMIN DU BOCAGE","mailCity":null,"mun":null},"geometry":{"type":"MultiPolygon","coordinates":[[[[-71.781176,48.556095],[-71.781563,48.556309],[-71.781805,48.556191],[-71.782129,48.55628],[-71.783332,48.556892],[-71.781536,48.556464],[-71.781356,48.556648],[-71.781356,48.55688],[-71.781078,48.557017],[-71.781122,48.557291],[-71.780404,48.557183],[-71.781176,48.556095]]]]}},{"type":"Feature","properties":{"owner1":"COTE BRUNO","owner2":"MULLEN TANIA","matricule":"1371-56-0985","street":"4","civicLow":"1332","civicHigh":"0","valueLand":"24100","valueBuilding":"86400","valueTotal":"110500","mailAddr":"1332 RANG 4","mailCity":null,"mun":null},"geometry":{"type":"MultiPolygon","coordinates":[[[[-71.734796,48.476966],[-71.735138,48.477032],[-71.734994,48.477377],[-71.734653,48.477311],[-71.734796,48.476966]]]]}},{"type":"Feature","properties":{"owner1":"GAGNON ANDRE","owner2":null,"matricule":"1073-44-6984","street":"DE QUEN","civicLow":"266","civicHigh":"0","valueLand":"20600","valueBuilding":"123200","valueTotal":"143800","mailAddr":"266 RUE DE QUEN","mailCity":null,"mun":null},"geometry":{"type":"MultiPolygon","coordinates":[[[[-71.776739,48.492876],[-71.776667,48.493024],[-71.776074,48.492911],[-71.776137,48.492774],[-71.776739,48.492876]]]]}},{"type":"Feature","properties":{"owner1":"OUELLET LISE","owner2":"2553-7333 QUEBEC INC","matricule":"1079-11-2705","street":"QUAI","civicLow":"0","civicHigh":"0","valueLand":"79500","valueBuilding":"0","valueTotal":"79500","mailAddr":"14 CHEMIN DU QUAI","mailCity":null,"mun":null},"geometry":{"type":"MultiPolygon","coordinates":[[[[-71.782164,48.543435],[-71.782236,48.54309],[-71.782299,48.543239],[-71.782703,48.543441],[-71.782479,48.54353],[-71.782164,48.543435]]]]}},{"type":"Feature","properties":{"owner1":"MINISTRE DU DEVELOPPEMENT DURABLE DE","owner2":null,"matricule":"0879-60-0506","street":"LAC-ST-JEAN","civicLow":"0","civicHigh":"0","valueLand":"500","valueBuilding":"0","valueTotal":"500","mailAddr":"675 BOUL. RENE-LEVESQUE EST,  29E ETAGE","mailCity":null,"mun":null},"geometry":{"type":"MultiPolygon","coordinates":[[[[-71.802826,48.543221],[-71.801883,48.542478],[-71.801775,48.542252],[-71.801865,48.542055],[-71.802341,48.541883],[-71.802978,48.541835],[-71.803374,48.541282],[-71.804065,48.541032],[-71.804362,48.541223],[-71.804371,48.54155],[-71.804012,48.541859],[-71.804038,48.542127],[-71.803697,48.542341],[-71.804029,48.542775],[-71.803832,48.543275],[-71.803464,48.543447],[-71.802826,48.543221]]],[[[-71.803185,48.543144],[-71.803464,48.54309],[-71.803535,48.54287],[-71.803499,48.54268],[-71.803248,48.542478],[-71.803086,48.542686],[-71.803185,48.543144]]],[[[-71.803535,48.541788],[-71.803329,48.542061],[-71.803652,48.541954],[-71.803535,48.541788]]]]}},{"type":"Feature","properties":{"owner1":"MARCOTTE BERNARD","owner2":null,"matricule":"1073-67-7570","street":"LEVESQUE","civicLow":"116","civicHigh":"0","valueLand":"23200","valueBuilding":"95700","valueTotal":"118900","mailAddr":"116 RUE LEVESQUE","mailCity":null,"mun":null},"geometry":{"type":"MultiPolygon","coordinates":[[[[-71.773981,48.495441],[-71.773882,48.495662],[-71.773361,48.495566],[-71.773505,48.495352],[-71.773981,48.495441]]]]}},{"type":"Feature","properties":{"owner1":"COTE JEAN PIERRE","owner2":null,"matricule":"1073-67-4779","street":"LEVESQUE","civicLow":"112","civicHigh":"0","valueLand":"16800","valueBuilding":"91300","valueTotal":"108100","mailAddr":"112 RUE LEVESQUE","mailCity":null,"mun":null},"geometry":{"type":"MultiPolygon","coordinates":[[[[-71.773882,48.495662],[-71.773981,48.495441],[-71.774241,48.495483],[-71.774143,48.495709],[-71.773882,48.495662]]]]}},{"type":"Feature","properties":{"owner1":"TREMBLAY JEAN-SEBASTIEN","owner2":"TREMBLAY ADELE","matricule":"1077-55-7251","street":"ILES","civicLow":"590","civicHigh":"0","valueLand":"35200","valueBuilding":"130700","valueTotal":"165900","mailAddr":"590 RANG DES ILES","mailCity":null,"mun":null},"geometry":{"type":"MultiPolygon","coordinates":[[[[-71.776101,48.529671],[-71.775535,48.52957],[-71.775445,48.529409],[-71.7762,48.529249],[-71.776424,48.529754],[-71.776101,48.529671]]]]}},{"type":"Feature","properties":{"owner1":"GIRARD LUCIEN","owner2":null,"matricule":"1180-48-9241","street":"GOLF","civicLow":"0","civicHigh":"0","valueLand":"13300","valueBuilding":"0","valueTotal":"13300","mailAddr":"2689 RUE DOLBEAU","mailCity":null,"mun":null},"geometry":{"type":"MultiPolygon","coordinates":[[[[-71.763363,48.558991],[-71.764728,48.559217],[-71.76489,48.559467],[-71.763363,48.558991]]]]}},{"type":"Feature","properties":{"owner1":"S.I.A.L.","owner2":null,"matricule":"1076-77-2444","street":"ILES","civicLow":"0","civicHigh":"0","valueLand":"47900","valueBuilding":"0","valueTotal":"47900","mailAddr":"1655 RUE POWELL","mailCity":null,"mun":null},"geometry":{"type":"MultiPolygon","coordinates":[[[[-71.772831,48.521937],[-71.775086,48.522288],[-71.774484,48.522472],[-71.77399,48.522359],[-71.773747,48.522413],[-71.772975,48.522127],[-71.772831,48.521937]]]]}},{"type":"Feature","properties":{"owner1":"S.I.A.L.","owner2":null,"matricule":"1076-56-0241","street":"TOUR","civicLow":"0","civicHigh":"0","valueLand":"31200","valueBuilding":"0","valueTotal":"31200","mailAddr":"1655 RUE POWELL","mailCity":null,"mun":null},"geometry":{"type":"MultiPolygon","coordinates":[[[[-71.776559,48.521074],[-71.776586,48.520688],[-71.776775,48.521265],[-71.776586,48.521622],[-71.776622,48.521883],[-71.776487,48.521913],[-71.776361,48.521723],[-71.776505,48.521681],[-71.776388,48.521509],[-71.776622,48.521443],[-71.776559,48.521074]]]]}},{"type":"Feature","properties":{"owner1":"S.I.A.L.","owner2":"S.I.A.L.","matricule":"1074-38-4825","street":"BERNACHES","civicLow":"309","civicHigh":"0","valueLand":"118300","valueBuilding":"580300","valueTotal":"698600","mailAddr":"309 CHEMIN DES BERNACHES","mailCity":null,"mun":null},"geometry":{"type":"MultiPolygon","coordinates":[[[[-71.778697,48.504882],[-71.77858,48.505084],[-71.77805,48.505049],[-71.778221,48.504769],[-71.778697,48.504882]]]]}},{"type":"Feature","properties":{"owner1":"S.I.A.L.","owner2":null,"matricule":"0973-30-0600","street":"SAINT-GEDEON-SUR-LE-LAC","civicLow":"17","civicHigh":"0","valueLand":"197700","valueBuilding":"512900","valueTotal":"710600","mailAddr":"151 RUE ARSENEAULT","mailCity":null,"mun":null},"geometry":{"type":"MultiPolygon","coordinates":[[[[-71.791291,48.488387],[-71.791444,48.488131],[-71.792783,48.488363],[-71.792648,48.488619],[-71.791291,48.488387]]]]}},{"type":"Feature","properties":{"owner1":"S.I.A.L.","owner2":null,"matricule":"0973-30-1429","street":"SAINT-GEDEON-SUR-LE-LAC","civicLow":"16","civicHigh":"0","valueLand":"205600","valueBuilding":"170700","valueTotal":"376300","mailAddr":"16 CHEMIN DE SAINT-GEDEON-SUR-LE-LAC","mailCity":null,"mun":null},"geometry":{"type":"MultiPolygon","coordinates":[[[[-71.792648,48.488619],[-71.792621,48.488899],[-71.791121,48.488643],[-71.791291,48.488387],[-71.792648,48.488619]]]]}},{"type":"Feature","properties":{"owner1":"S.I.A.L.","owner2":"S.I.A.L.","matricule":"1074-48-8287","street":"BERNACHES","civicLow":"0","civicHigh":"0","valueLand":"57600","valueBuilding":"0","valueTotal":"57600","mailAddr":"1673 RUE CASTNER","mailCity":null,"mun":null},"geometry":{"type":"MultiPolygon","coordinates":[[[[-71.776352,48.50562],[-71.77637,48.505251],[-71.776757,48.505269],[-71.776703,48.505441],[-71.776927,48.50562],[-71.776811,48.505703],[-71.776352,48.50562]]]]}},{"type":"Feature","properties":{"owner1":"LAVOIE MAGELLA","owner2":null,"matricule":"1078-31-9869","street":"ILES","civicLow":"481","civicHigh":"0","valueLand":"30300","valueBuilding":"128400","valueTotal":"158700","mailAddr":"481 RANG DES ILES","mailCity":null,"mun":null},"geometry":{"type":"MultiPolygon","coordinates":[[[[-71.778787,48.53496],[-71.778877,48.535227],[-71.777987,48.535061],[-71.778086,48.534829],[-71.778787,48.53496]]]]}},{"type":"Feature","properties":{"owner1":"LETIEC GERALD","owner2":null,"matricule":"1078-68-8789","street":"RANCH","civicLow":"4","civicHigh":"0","valueLand":"35000","valueBuilding":"234000","valueTotal":"269000","mailAddr":"4 CHEMIN DU RANCH","mailCity":null,"mun":null},"geometry":{"type":"MultiPolygon","coordinates":[[[[-71.774331,48.541764],[-71.774556,48.541217],[-71.775014,48.5413],[-71.774789,48.541841],[-71.774331,48.541764]]]]}},{"type":"Feature","properties":{"owner1":"HAMEL FRANCOIS","owner2":"MALTAIS JULIE","matricule":"1077-34-1942","street":"BOISE","civicLow":"26","civicHigh":"0","valueLand":"49400","valueBuilding":"278300","valueTotal":"327700","mailAddr":"26 CHEMIN DU BOISE","mailCity":null,"mun":null},"geometry":{"type":"MultiPolygon","coordinates":[[[[-71.778966,48.528916],[-71.779362,48.527976],[-71.779685,48.528035],[-71.779317,48.528922],[-71.778966,48.528916]]]]}},{"type":"Feature","properties":{"owner1":"BOLDUC CLAUDE","owner2":"TREMBLAY EDITH","matricule":"1076-67-1531","street":"CHENES","civicLow":"14","civicHigh":"0","valueLand":"31800","valueBuilding":"98400","valueTotal":"130200","mailAddr":"14 CHEMIN DES CHENES","mailCity":null,"mun":null},"geometry":{"type":"MultiPolygon","coordinates":[[[[-71.774825,48.522032],[-71.77505,48.521889],[-71.775535,48.522223],[-71.77523,48.522306],[-71.774825,48.522032]]]]}},{"type":"Feature","properties":{"owner1":"S.I.A.L.","owner2":null,"matricule":"0977-68-3168","street":"CROIX","civicLow":"94","civicHigh":"0","valueLand":"160100","valueBuilding":"74700","valueTotal":"234800","mailAddr":"860 RUE FILLION","mailCity":null,"mun":null},"geometry":{"type":"MultiPolygon","coordinates":[[[[-71.788614,48.532223],[-71.788525,48.53214],[-71.789135,48.531967],[-71.789405,48.532039],[-71.788219,48.532544],[-71.788075,48.532295],[-71.788462,48.53217],[-71.788453,48.532247],[-71.788614,48.532223]]]]}},{"type":"Feature","properties":{"owner1":"S.I.A.L.","owner2":null,"matricule":"0978-46-8763","street":"BOIS-DE-GRANDMONT","civicLow":"38","civicHigh":"0","valueLand":"261900","valueBuilding":"360100","valueTotal":"622000","mailAddr":"38 CHEMIN DU BOIS-DE-GRANDMONT","mailCity":null,"mun":null},"geometry":{"type":"MultiPolygon","coordinates":[[[[-71.789594,48.539254],[-71.790707,48.539082],[-71.790609,48.539421],[-71.790402,48.539581],[-71.789567,48.539432],[-71.789594,48.539254]]],[[[-71.790788,48.539052],[-71.790788,48.538957],[-71.791309,48.539052],[-71.790995,48.539403],[-71.791202,48.539724],[-71.790492,48.539599],[-71.790788,48.539052]]]]}},{"type":"Feature","properties":{"owner1":"LAVOIE REGIS","owner2":"COTE MURIEL","matricule":"1180-34-9974","street":"GOLF","civicLow":"220","civicHigh":"0","valueLand":"78500","valueBuilding":"199000","valueTotal":"277500","mailAddr":"220 CHEMIN DU GOLF","mailCity":null,"mun":null},"geometry":{"type":"MultiPolygon","coordinates":[[[[-71.764953,48.555816],[-71.765177,48.555626],[-71.765231,48.555394],[-71.765465,48.555519],[-71.765186,48.555721],[-71.765348,48.555816],[-71.765627,48.555649],[-71.765815,48.555929],[-71.765653,48.556095],[-71.764953,48.555816]]]]}},{"type":"Feature","properties":{"owner1":"S.I.A.L.","owner2":null,"matricule":"1080-26-2001","street":"BOCAGE","civicLow":"0","civicHigh":"0","valueLand":"2800","valueBuilding":"0","valueTotal":"2800","mailAddr":"36 CHEMIN DU BOCAGE","mailCity":null,"mun":null},"geometry":{"type":"MultiPolygon","coordinates":[[[[-71.781976,48.556518],[-71.781464,48.556749],[-71.781275,48.557302],[-71.781122,48.557291],[-71.78106,48.557041],[-71.781356,48.55688],[-71.781446,48.5565],[-71.781976,48.556518]]]]}},{"type":"Feature","properties":{"owner1":"HUDON REMI","owner2":null,"matricule":"1080-26-7946","street":"DOMAINE-DES-CEDRES","civicLow":"10","civicHigh":"0","valueLand":"81600","valueBuilding":"96800","valueTotal":"178400","mailAddr":"118 RUE CHOISY","mailCity":null,"mun":null},"geometry":{"type":"MultiPolygon","coordinates":[[[[-71.780404,48.557183],[-71.781122,48.557291],[-71.781248,48.557409],[-71.780044,48.557243],[-71.780027,48.557142],[-71.780404,48.557183]]]]}},{"type":"Feature","properties":{"owner1":"SIMARD REJEAN","owner2":null,"matricule":"1180-49-1114","street":"GOLF","civicLow":"307","civicHigh":"0","valueLand":"64500","valueBuilding":"99700","valueTotal":"164200","mailAddr":"307 CHEMIN DU GOLF","mailCity":null,"mun":null},"geometry":{"type":"MultiPolygon","coordinates":[[[[-71.765662,48.559907],[-71.765168,48.560067],[-71.765025,48.559704],[-71.765573,48.559681],[-71.765662,48.559907]]]]}},{"type":"Feature","properties":{"owner1":"COULOMBE YVON","owner2":"COULOMBE FRANCE","matricule":"0972-74-5301","street":"DE QUEN","civicLow":"0","civicHigh":"0","valueLand":"20700","valueBuilding":"0","valueTotal":"20700","mailAddr":"505 RUE DE QUEN","mailCity":null,"mun":null},"geometry":{"type":"MultiPolygon","coordinates":[[[[-71.785569,48.483016],[-71.785767,48.482873],[-71.786126,48.483099],[-71.785937,48.483236],[-71.785569,48.483016]]]]}},{"type":"Feature","properties":{"owner1":"L'ALLIER JEAN-FRANCOIS","owner2":null,"matricule":"1075-30-3819","street":"BERNACHES","civicLow":"206","civicHigh":"0","valueLand":"86300","valueBuilding":"172400","valueTotal":"258700","mailAddr":"5 CHEMIN DES BERNACHES","mailCity":null,"mun":null},"geometry":{"type":"MultiPolygon","coordinates":[[[[-71.778221,48.506667],[-71.778778,48.506578],[-71.778895,48.506673],[-71.778185,48.50678],[-71.778221,48.506667]]]]}},{"type":"Feature","properties":{"owner1":"L'ALLIER JEAN-FRANCOIS","owner2":null,"matricule":"1075-30-3630","street":"BERNACHES","civicLow":"208","civicHigh":"0","valueLand":"96200","valueBuilding":"178600","valueTotal":"274800","mailAddr":"5 CHEMIN DES BERNACHES","mailCity":null,"mun":null},"geometry":{"type":"MultiPolygon","coordinates":[[[[-71.778185,48.50678],[-71.778895,48.506673],[-71.779002,48.506763],[-71.778149,48.506894],[-71.778185,48.50678]]]]}},{"type":"Feature","properties":{"owner1":"DALLAIRE DIANE","owner2":"DALLAIRE DENISE","matricule":"1075-30-3948","street":"BERNACHES","civicLow":"210","civicHigh":"0","valueLand":"125700","valueBuilding":"63800","valueTotal":"189500","mailAddr":"1100 AVENUE BEAUVOIR SUD","mailCity":null,"mun":null},"geometry":{"type":"MultiPolygon","coordinates":[[[[-71.778993,48.506852],[-71.778832,48.507025],[-71.778023,48.507036],[-71.778149,48.506894],[-71.778832,48.506792],[-71.778993,48.506852]]]]}},{"type":"Feature","properties":{"owner1":"S.I.A.L.","owner2":null,"matricule":"0971-22-7992","street":"BELLE-RIVIERE","civicLow":"0","civicHigh":"0","valueLand":"6200","valueBuilding":"0","valueTotal":"6200","mailAddr":"1655 RUE POWELL","mailCity":null,"mun":null},"geometry":{"type":"MultiPolygon","coordinates":[[[[-71.791327,48.474131],[-71.791884,48.471797],[-71.792944,48.471993],[-71.793133,48.472291],[-71.791776,48.473804],[-71.791606,48.47456],[-71.791336,48.474643],[-71.791175,48.474632],[-71.791327,48.474131]]]]}},{"type":"Feature","properties":{"owner1":"S.I.A.L.","owner2":null,"matricule":"0971-36-5510","street":"BELLE-RIVIERE","civicLow":"0","civicHigh":"0","valueLand":"3300","valueBuilding":"0","valueTotal":"3300","mailAddr":"1655 RUE POWELL","mailCity":null,"mun":null},"geometry":{"type":"MultiPolygon","coordinates":[[[[-71.790941,48.475287],[-71.79104,48.475013],[-71.791318,48.475096],[-71.791381,48.476382],[-71.791732,48.476656],[-71.790546,48.47643],[-71.790941,48.475287]]]]}},{"type":"Feature","properties":{"owner1":"CLAVEAU LYNE","owner2":null,"matricule":"1075-47-2413","street":"DOMAINE-GRANDMONT","civicLow":"0","civicHigh":"0","valueLand":"4700","valueBuilding":"0","valueTotal":"4700","mailAddr":"23 HORIZON VIEW COURT","mailCity":null,"mun":null},"geometry":{"type":"MultiPolygon","coordinates":[[[[-71.77752,48.51291],[-71.777637,48.512964],[-71.777457,48.512946],[-71.77752,48.51291]]]]}},{"type":"Feature","properties":{"owner1":"S.I.A.L.","owner2":null,"matricule":"1075-37-7709","street":"TOUR","civicLow":"0","civicHigh":"0","valueLand":"500","valueBuilding":"0","valueTotal":"500","mailAddr":"1655 RUE POWELL","mailCity":null,"mun":null},"geometry":{"type":"MultiPolygon","coordinates":[[[[-71.778248,48.513059],[-71.778347,48.513315],[-71.778176,48.513285],[-71.778185,48.513053],[-71.777942,48.513005],[-71.778077,48.513005],[-71.777933,48.512904],[-71.778005,48.512631],[-71.778463,48.512744],[-71.77849,48.51294],[-71.778266,48.51297],[-71.778248,48.513059]]]]}},{"type":"Feature","properties":{"owner1":"S.I.A.L.","owner2":null,"matricule":"0972-10-9271","street":"PONT","civicLow":"0","civicHigh":"0","valueLand":"700","valueBuilding":"0","valueTotal":"700","mailAddr":"1655 RUE POWELL","mailCity":null,"mun":null},"geometry":{"type":"MultiPolygon","coordinates":[[[[-71.793313,48.479872],[-71.793546,48.479955],[-71.793196,48.480205],[-71.793313,48.479872]]]]}},{"type":"Feature","properties":{"owner1":"SIMARD ROGER","owner2":null,"matricule":"1075-61-9569","street":"TOUR","civicLow":"109","civicHigh":"0","valueLand":"31500","valueBuilding":"900","valueTotal":"32400","mailAddr":"2175 RUE BONNEAU","mailCity":null,"mun":null},"geometry":{"type":"MultiPolygon","coordinates":[[[[-71.773981,48.507995],[-71.773846,48.508256],[-71.77346,48.508161],[-71.773604,48.507905],[-71.773981,48.507995]]]]}},{"type":"Feature","properties":{"owner1":"SIMARD DORELIEN","owner2":null,"matricule":"1078-59-6925","street":"ILES","civicLow":"0","civicHigh":"0","valueLand":"107600","valueBuilding":"0","valueTotal":"107600","mailAddr":"8 CHEMIN DU RANCH","mailCity":null,"mun":null},"geometry":{"type":"MultiPolygon","coordinates":[[[[-71.777206,48.542198],[-71.777287,48.542264],[-71.775194,48.541907],[-71.775409,48.541377],[-71.777457,48.541812],[-71.777206,48.542198]]]]}},{"type":"Feature","properties":{"owner1":"S.I.A.L.","owner2":null,"matricule":"1075-78-0385","street":"DOMAINE-GRANDMONT","civicLow":"0","civicHigh":"0","valueLand":"22900","valueBuilding":"0","valueTotal":"22900","mailAddr":"219 CHEMIN DU DOMAINE-GRANDMONT","mailCity":null,"mun":null},"geometry":{"type":"MultiPolygon","coordinates":[[[[-71.773828,48.5146],[-71.773262,48.514636],[-71.773487,48.514606],[-71.773487,48.514469],[-71.773927,48.51441],[-71.774178,48.514654],[-71.773828,48.5146]]]]}},{"type":"Feature","properties":{"owner1":"LESSARD LIGUORI","owner2":null,"matricule":"1073-45-0960","street":"DE QUEN","civicLow":"0","civicHigh":"0","valueLand":"600","valueBuilding":"0","valueTotal":"600","mailAddr":null,"mailCity":null,"mun":null},"geometry":{"type":"MultiPolygon","coordinates":[[[[-71.777215,48.493548],[-71.777305,48.493602],[-71.77699,48.493554],[-71.777215,48.493548]]]]}},{"type":"Feature","properties":{"owner1":"S.I.A.L.","owner2":null,"matricule":"1073-27-3323","street":"DE QUEN","civicLow":"0","civicHigh":"0","valueLand":"5900","valueBuilding":"0","valueTotal":"5900","mailAddr":"1655 RUE POWELL","mailCity":null,"mun":null},"geometry":{"type":"MultiPolygon","coordinates":[[[[-71.778823,48.495388],[-71.776631,48.494953],[-71.776622,48.49481],[-71.777709,48.495013],[-71.777646,48.494828],[-71.779092,48.495102],[-71.780062,48.494084],[-71.781437,48.49434],[-71.781482,48.494542],[-71.781329,48.494465],[-71.781554,48.494804],[-71.780592,48.495382],[-71.780278,48.495322],[-71.780431,48.494864],[-71.779856,48.495245],[-71.779505,48.495179],[-71.778481,48.496245],[-71.778068,48.496174],[-71.778823,48.495388]]]]}},{"type":"Feature","properties":{"owner1":"GAGNON LINA","owner2":null,"matricule":"1474-18-1759","street":"5","civicLow":"1477","civicHigh":"0","valueLand":"50700","valueBuilding":"74000","valueTotal":"124700","mailAddr":"855 AVENUE BEGIN SUD","mailCity":null,"mun":null},"geometry":{"type":"MultiPolygon","coordinates":[[[[-71.726667,48.505906],[-71.726846,48.505471],[-71.728041,48.505685],[-71.727861,48.50612],[-71.726667,48.505906]]]]}},{"type":"Feature","properties":{"owner1":"TREMBLAY SEBASTIEN","owner2":"LAVOIE EMILIE","matricule":"1474-47-0378","street":"5","civicLow":"1455","civicHigh":"0","valueLand":"39500","valueBuilding":"119600","valueTotal":"159100","mailAddr":"1455 RANG 5","mailCity":null,"mun":null},"geometry":{"type":"MultiPolygon","coordinates":[[[[-71.722992,48.505239],[-71.723145,48.50484],[-71.723945,48.504983],[-71.723792,48.505382],[-71.722992,48.505239]]]]}},{"type":"Feature","properties":{"owner1":"BOURGEOIS CLAUDE","owner2":"VENINGA YVONNE","matricule":"1474-47-6860","street":"5","civicLow":"1443","civicHigh":"0","valueLand":"29800","valueBuilding":"76600","valueTotal":"106400","mailAddr":"1443 RANG 5","mailCity":null,"mun":null},"geometry":{"type":"MultiPolygon","coordinates":[[[[-71.722274,48.505114],[-71.722436,48.504715],[-71.722894,48.504799],[-71.722732,48.505191],[-71.722274,48.505114]]]]}},{"type":"Feature","properties":{"owner1":"VILLENEUVE DENISE","owner2":null,"matricule":"1474-57-1347","street":"5","civicLow":"1439","civicHigh":"0","valueLand":"38400","valueBuilding":"136000","valueTotal":"174400","mailAddr":"1439 RANG 5","mailCity":null,"mun":null},"geometry":{"type":"MultiPolygon","coordinates":[[[[-71.722436,48.504715],[-71.722274,48.505114],[-71.721519,48.504977],[-71.721681,48.504578],[-71.722436,48.504715]]]]}},{"type":"Feature","properties":{"owner1":"BOMBARDIER MARTIN","owner2":null,"matricule":"1474-76-2195","street":"5","civicLow":"1413","civicHigh":"0","valueLand":"16100","valueBuilding":"65700","valueTotal":"81800","mailAddr":"1413 RANG 5","mailCity":null,"mun":null},"geometry":{"type":"MultiPolygon","coordinates":[[[[-71.718995,48.504525],[-71.719103,48.504257],[-71.719282,48.504293],[-71.719327,48.504209],[-71.719193,48.50456],[-71.718995,48.504525]]]]}},{"type":"Feature","properties":{"owner1":"SAVARD DENIS","owner2":null,"matricule":"1474-67-9203","street":"5","civicLow":"1417","civicHigh":"0","valueLand":"19700","valueBuilding":"108800","valueTotal":"128500","mailAddr":"1417 RANG 5","mailCity":null,"mun":null},"geometry":{"type":"MultiPolygon","coordinates":[[[[-71.719336,48.504584],[-71.719444,48.504322],[-71.719741,48.504376],[-71.719633,48.504638],[-71.719336,48.504584]]]]}},{"type":"Feature","properties":{"owner1":"GAGNON PIERROT","owner2":null,"matricule":"1474-92-6990","street":"5","civicLow":"1409","civicHigh":"0","valueLand":"49000","valueBuilding":"117500","valueTotal":"166500","mailAddr":"1409 RANG 5","mailCity":null,"mun":null},"geometry":{"type":"MultiPolygon","coordinates":[[[[-71.719327,48.504209],[-71.719282,48.504293],[-71.719103,48.504257],[-71.718995,48.504525],[-71.71118,48.503102],[-71.713542,48.497275],[-71.716974,48.497912],[-71.717944,48.495525],[-71.720163,48.49593],[-71.718447,48.500162],[-71.719669,48.500382],[-71.718681,48.502834],[-71.719947,48.503061],[-71.719336,48.504584],[-71.719193,48.50456],[-71.719327,48.504209]]]]}},{"type":"Feature","properties":{"owner1":"BOUDREAULT YVON","owner2":null,"matricule":"1574-73-8567","street":"5","civicLow":"1295","civicHigh":"0","valueLand":"50600","valueBuilding":"41500","valueTotal":"92100","mailAddr":"1295 RANG 5","mailCity":null,"mun":null},"geometry":{"type":"MultiPolygon","coordinates":[[[[-71.704065,48.501763],[-71.704263,48.501269],[-71.705305,48.501465],[-71.705098,48.501959],[-71.704065,48.501763]]]]}},{"type":"Feature","properties":{"owner1":"FORTIN GHISLAIN","owner2":"LEMIEUX JOSEE","matricule":"1573-57-8059","street":"5","civicLow":"0","civicHigh":"0","valueLand":"17600","valueBuilding":"0","valueTotal":"17600","mailAddr":"112 RUE DU MEUNIER","mailCity":null,"mun":null},"geometry":{"type":"MultiPolygon","coordinates":[[[[-71.708934,48.494507],[-71.705808,48.50209],[-71.705098,48.501959],[-71.705305,48.501465],[-71.704263,48.501269],[-71.708637,48.490655],[-71.710389,48.490959],[-71.708934,48.494507]]]]}},{"type":"Feature","properties":{"owner1":"BOUDREAULT FERNAND","owner2":null,"matricule":"1474-67-1883","street":"5","civicLow":"1432","civicHigh":"0","valueLand":"44100","valueBuilding":"90100","valueTotal":"134200","mailAddr":"1432 RANG 5","mailCity":null,"mun":null},"geometry":{"type":"MultiPolygon","coordinates":[[[[-71.720019,48.505316],[-71.720199,48.504888],[-71.721115,48.505049],[-71.720926,48.505483],[-71.720019,48.505316]]]]}},{"type":"Feature","properties":{"owner1":"GAGNON ANDRE","owner2":null,"matricule":"1574-30-8460","street":"5","civicLow":"0","civicHigh":"0","valueLand":"21500","valueBuilding":"0","valueTotal":"21500","mailAddr":"950 CINQUIEME RANG OUEST","mailCity":null,"mun":null},"geometry":{"type":"MultiPolygon","coordinates":[[[[-71.705808,48.50209],[-71.708934,48.494507],[-71.714261,48.495507],[-71.71118,48.503102],[-71.705808,48.50209]]]]}},{"type":"Feature","properties":{"owner1":"FERME DES RUISSEAUX S.E.N.C.","owner2":null,"matricule":"1473-48-2450","street":"5","civicLow":"0","civicHigh":"0","valueLand":"191000","valueBuilding":"0","valueTotal":"191000","mailAddr":"2920 ROUTE DU LAC OUEST","mailCity":null,"mun":null},"geometry":{"type":"MultiPolygon","coordinates":[[[[-71.719471,48.504233],[-71.719947,48.503061],[-71.718681,48.502834],[-71.723208,48.491608],[-71.722058,48.491399],[-71.722678,48.489875],[-71.727286,48.490703],[-71.721879,48.504108],[-71.720387,48.50384],[-71.720028,48.504709],[-71.719633,48.504638],[-71.719741,48.504376],[-71.719444,48.504322],[-71.719471,48.504233]]]]}},{"type":"Feature","properties":{"owner1":"COTE GUILLAUME","owner2":null,"matricule":"1072-07-7482","street":"DE QUEN","civicLow":"427","civicHigh":"0","valueLand":"25100","valueBuilding":"46800","valueTotal":"71900","mailAddr":"427 RUE DE QUEN","mailCity":null,"mun":null},"geometry":{"type":"MultiPolygon","coordinates":[[[[-71.782057,48.486553],[-71.781949,48.486678],[-71.781131,48.486529],[-71.781239,48.486356],[-71.782057,48.486553]]]]}},{"type":"Feature","properties":{"owner1":"MINISTERE DES RESSOURCES NATURELLES","owner2":null,"matricule":"1081-85-0002","street":"LAC-ST-JEAN","civicLow":"0","civicHigh":"0","valueLand":"3200","valueBuilding":"0","valueTotal":"3200","mailAddr":"5700 4IEME AVENUE OUEST","mailCity":null,"mun":null},"geometry":{"type":"MultiPolygon","coordinates":[[[[-71.778329,48.568099],[-71.778185,48.567522],[-71.777951,48.56726],[-71.777062,48.567231],[-71.776784,48.567136],[-71.775463,48.567361],[-71.774798,48.567249],[-71.774448,48.566898],[-71.773783,48.566541],[-71.773945,48.565852],[-71.773568,48.565537],[-71.771699,48.56534],[-71.770477,48.565501],[-71.76966,48.565822],[-71.76922,48.565804],[-71.768833,48.565554],[-71.768501,48.56452],[-71.768842,48.563569],[-71.769049,48.563414],[-71.770424,48.563426],[-71.771097,48.56361],[-71.772615,48.563759],[-71.773208,48.564139],[-71.774035,48.564407],[-71.774619,48.564752],[-71.77558,48.56499],[-71.776433,48.564728],[-71.77673,48.564324],[-71.777314,48.564562],[-71.777619,48.564972],[-71.777646,48.565602],[-71.777817,48.565852],[-71.779029,48.566393],[-71.779371,48.566797],[-71.779281,48.567665],[-71.779119,48.567896],[-71.778517,48.568176],[-71.778329,48.568099]]]]}},{"type":"Feature","properties":{"owner1":"S.I.A.L.","owner2":"S.I.A.L.","matricule":"0978-87-3152","street":"CEDRIERE","civicLow":"44","civicHigh":"0","valueLand":"101900","valueBuilding":"234000","valueTotal":"335900","mailAddr":"44 CHEMIN DE LA CEDRIERE","mailCity":null,"mun":null},"geometry":{"type":"MultiPolygon","coordinates":[[[[-71.786467,48.540116],[-71.786243,48.540366],[-71.785982,48.540235],[-71.786207,48.539968],[-71.786467,48.540116]]]]}},{"type":"Feature","properties":{"owner1":"CLAVEAU CORRIVEAU MICHAEL","owner2":"CLAVEAU CYNTHIA","matricule":"1073-83-0687","street":"TREMBLAY","civicLow":"130","civicHigh":"0","valueLand":"28100","valueBuilding":"244600","valueTotal":"272700","mailAddr":"130 RUE TREMBLAY","mailCity":null,"mun":null},"geometry":{"type":"MultiPolygon","coordinates":[[[[-71.772202,48.492042],[-71.772032,48.492286],[-71.771448,48.492108],[-71.771627,48.491858],[-71.772202,48.492042]]]]}},{"type":"Feature","properties":{"owner1":"CHOQUETTE PIERRE","owner2":"DESCHENES NATHALIE","matricule":"1076-57-4006","street":"CHENES","civicLow":"19","civicHigh":"0","valueLand":"97500","valueBuilding":"433700","valueTotal":"531200","mailAddr":"19 CHEMIN DES CHENES","mailCity":null,"mun":null},"geometry":{"type":"MultiPolygon","coordinates":[[[[-71.776487,48.521913],[-71.77593,48.52202],[-71.775948,48.521848],[-71.776361,48.521723],[-71.776487,48.521913]]]]}},{"type":"Feature","properties":{"owner1":"S.I.A.L.","owner2":null,"matricule":"1076-52-7026","street":"ETANG","civicLow":"0","civicHigh":"0","valueLand":"500","valueBuilding":"0","valueTotal":"500","mailAddr":"18 CHEMIN DE L'ETANG","mailCity":null,"mun":null},"geometry":{"type":"MultiPolygon","coordinates":[[[[-71.775346,48.517528],[-71.775292,48.51748],[-71.77602,48.517605],[-71.775346,48.517528]]]]}},{"type":"Feature","properties":{"owner1":"HARVEY MARTIN","owner2":"DINGLE DOREEN","matricule":"1075-94-9118","street":"DE QUEN","civicLow":"21","civicHigh":"0","valueLand":"32500","valueBuilding":"117800","valueTotal":"150300","mailAddr":"21 CHEMIN DE QUEN","mailCity":null,"mun":null},"geometry":{"type":"MultiPolygon","coordinates":[[[[-71.770199,48.51028],[-71.770064,48.510583],[-71.769346,48.510453],[-71.76948,48.510149],[-71.770199,48.51028]]]]}},{"type":"Feature","properties":{"owner1":"BOUCHARD PATRICE","owner2":"GAUDREAULT JASMYNE","matricule":"1075-94-2003","street":"DE QUEN","civicLow":"23","civicHigh":"0","valueLand":"149500","valueBuilding":"146600","valueTotal":"296100","mailAddr":"85 CHEMIN DE LA POINTE DU LAC","mailCity":null,"mun":null},"geometry":{"type":"MultiPolygon","coordinates":[[[[-71.770558,48.510566],[-71.770513,48.510274],[-71.770316,48.510328],[-71.76948,48.510149],[-71.769633,48.509887],[-71.771573,48.510214],[-71.771681,48.510453],[-71.77125,48.510691],[-71.770558,48.510566]]]]}},{"type":"Feature","properties":{"owner1":"S.I.A.L.","owner2":"S.I.A.L.","matricule":"1075-84-5447","street":"DE QUEN","civicLow":"0","civicHigh":"0","valueLand":"15700","valueBuilding":"0","valueTotal":"15700","mailAddr":"85 CHEMIN DE LA POINTE-DU-LAC","mailCity":null,"mun":null},"geometry":{"type":"MultiPolygon","coordinates":[[[[-71.772005,48.510566],[-71.771546,48.51075],[-71.77125,48.510691],[-71.771681,48.510453],[-71.772005,48.510566]]]]}},{"type":"Feature","properties":{"owner1":"S.I.A.L.","owner2":"S.I.A.L.","matricule":"1075-94-0177","street":"DE QUEN","civicLow":"0","civicHigh":"0","valueLand":"28500","valueBuilding":"0","valueTotal":"28500","mailAddr":"3631 DES EAUX-VIVES","mailCity":null,"mun":null},"geometry":{"type":"MultiPolygon","coordinates":[[[[-71.770855,48.510851],[-71.77125,48.510691],[-71.771546,48.51075],[-71.770846,48.511095],[-71.770522,48.511036],[-71.770855,48.510851]]]]}},{"type":"Feature","properties":{"owner1":"BEDARD REJEAN","owner2":null,"matricule":"1175-05-0104","street":"DE QUEN","civicLow":"17","civicHigh":"0","valueLand":"92800","valueBuilding":"214000","valueTotal":"306800","mailAddr":"17 CHEMIN DE QUEN","mailCity":null,"mun":null},"geometry":{"type":"MultiPolygon","coordinates":[[[[-71.768905,48.511238],[-71.769157,48.51081],[-71.77063,48.511083],[-71.769956,48.511375],[-71.768905,48.511238]]]]}},{"type":"Feature","properties":{"owner1":"TREMBLAY STEPHANE","owner2":"BEDARD MANON","matricule":"1074-14-1748","street":"POINTE-DU-LAC","civicLow":"50","civicHigh":"0","valueLand":"101100","valueBuilding":"41800","valueTotal":"142900","mailAddr":"4  10E RUE","mailCity":null,"mun":null},"geometry":{"type":"MultiPolygon","coordinates":[[[[-71.781527,48.501632],[-71.781446,48.501709],[-71.781015,48.501561],[-71.781042,48.501436],[-71.780574,48.501168],[-71.781284,48.50137],[-71.781473,48.501102],[-71.781383,48.501025],[-71.781742,48.501168],[-71.781527,48.501382],[-71.781877,48.501483],[-71.781814,48.501549],[-71.782111,48.501745],[-71.781994,48.501834],[-71.781527,48.501632]]]]}},{"type":"Feature","properties":{"owner1":"MORIN ERIK","owner2":null,"matricule":"1074-14-5539","street":"POINTE-DU-LAC","civicLow":"52","civicHigh":"0","valueLand":"35000","valueBuilding":"47800","valueTotal":"82800","mailAddr":"4951 RUE ONTARIO APP #218","mailCity":null,"mun":null},"geometry":{"type":"MultiPolygon","coordinates":[[[[-71.780655,48.50143],[-71.780727,48.501305],[-71.781042,48.501436],[-71.781015,48.501561],[-71.780655,48.50143]]]]}},{"type":"Feature","properties":{"owner1":"NERON DENIS","owner2":null,"matricule":"0971-39-1937","street":"PONT","civicLow":"612","civicHigh":"0","valueLand":"30600","valueBuilding":"113700","valueTotal":"144300","mailAddr":"612 RUE DU PONT","mailCity":null,"mun":null},"geometry":{"type":"MultiPolygon","coordinates":[[[[-71.792019,48.478741],[-71.791884,48.479015],[-71.791202,48.478866],[-71.791327,48.47861],[-71.792019,48.478741]]]]}},{"type":"Feature","properties":{"owner1":"THIBEAULT NATHALIE","owner2":null,"matricule":"1080-15-4835","street":"BOCAGE","civicLow":"28","civicHigh":"30","valueLand":"148500","valueBuilding":"297200","valueTotal":"445700","mailAddr":"30 CHEMIN DU BOCAGE","mailCity":null,"mun":null},"geometry":{"type":"MultiPolygon","coordinates":[[[[-71.782191,48.555709],[-71.782299,48.55559],[-71.782416,48.555667],[-71.782191,48.555709]]],[[[-71.782191,48.555709],[-71.7822,48.556018],[-71.782659,48.556286],[-71.782928,48.55666],[-71.783377,48.556851],[-71.781805,48.556191],[-71.782191,48.555709]]]]}},{"type":"Feature","properties":{"owner1":"S.I.A.L.","owner2":null,"matricule":"1080-15-1828","street":"ILES","civicLow":"0","civicHigh":"0","valueLand":"32500","valueBuilding":"0","valueTotal":"32500","mailAddr":"1655 RUE POWELL","mailCity":null,"mun":null},"geometry":{"type":"MultiPolygon","coordinates":[[[[-71.783611,48.556107],[-71.783485,48.555965],[-71.783305,48.555976],[-71.78273,48.556327],[-71.782991,48.556636],[-71.783278,48.556702],[-71.783377,48.556839],[-71.782928,48.55666],[-71.782578,48.556214],[-71.783171,48.555881],[-71.783494,48.555965],[-71.783611,48.556107]]]]}},{"type":"Feature","properties":{"owner1":"TREMBLAY KARINE","owner2":"AUDET LOUIS","matricule":"1073-32-7307","street":"DE QUEN","civicLow":"322","civicHigh":"0","valueLand":"21500","valueBuilding":"126200","valueTotal":"147700","mailAddr":"322 RUE DE QUEN","mailCity":null,"mun":null},"geometry":{"type":"MultiPolygon","coordinates":[[[[-71.777314,48.490429],[-71.777394,48.490262],[-71.777969,48.490363],[-71.777889,48.490524],[-71.777314,48.490429]]]]}},{"type":"Feature","properties":{"owner1":"GAUTHIER DANIELLE","owner2":null,"matricule":"1073-32-8438","street":"DE QUEN","civicLow":"314","civicHigh":"0","valueLand":"33100","valueBuilding":"140000","valueTotal":"173100","mailAddr":"314 RUE DE QUEN","mailCity":null,"mun":null},"geometry":{"type":"MultiPolygon","coordinates":[[[[-71.777125,48.490822],[-71.777314,48.490429],[-71.777889,48.490524],[-71.7777,48.490917],[-71.777125,48.490822]]]]}},{"type":"Feature","properties":{"owner1":"GRAVEL MARIE-CLAUDE","owner2":null,"matricule":"0974-93-0538","street":"POINTE-DU-LAC","civicLow":"23","civicHigh":"0","valueLand":"111000","valueBuilding":"124100","valueTotal":"235100","mailAddr":"23 CHEMIN DE LA POINTE-DU-LAC","mailCity":null,"mun":null},"geometry":{"type":"MultiPolygon","coordinates":[[[[-71.783674,48.500317],[-71.783737,48.500245],[-71.784815,48.500662],[-71.784716,48.500751],[-71.783674,48.500317]]]]}},{"type":"Feature","properties":{"owner1":"BOUCHER JEAN-PAUL","owner2":"VILLENEUVE ANNE-MARIE","matricule":"0974-83-8933","street":"POINTE-DU-LAC","civicLow":"21","civicHigh":"0","valueLand":"120000","valueBuilding":"256500","valueTotal":"376500","mailAddr":"21 CHEMIN DE LA POINTE-DU-LAC","mailCity":null,"mun":null},"geometry":{"type":"MultiPolygon","coordinates":[[[[-71.783737,48.500245],[-71.785012,48.500471],[-71.784815,48.500662],[-71.783737,48.500245]]]]}},{"type":"Feature","properties":{"owner1":"AUBRY JOSEE","owner2":"SAVARD LUC","matricule":"0974-94-6933","street":"POINTE-DU-LAC","civicLow":"39","civicHigh":"0","valueLand":"163700","valueBuilding":"346200","valueTotal":"509900","mailAddr":"349 RUE EMILE-NELLIGAN","mailCity":null,"mun":null},"geometry":{"type":"MultiPolygon","coordinates":[[[[-71.783144,48.501388],[-71.782802,48.501239],[-71.782964,48.501055],[-71.783979,48.501477],[-71.783772,48.50165],[-71.783144,48.501388]]]]}},{"type":"Feature","properties":{"owner1":"S.I.A.L.","owner2":"S.I.A.L.","matricule":"1074-47-8552","street":"BERNACHES","civicLow":"109","civicHigh":"0","valueLand":"60000","valueBuilding":"2100","valueTotal":"62100","mailAddr":"1248 CHEMIN VILLEBOIS","mailCity":null,"mun":null},"geometry":{"type":"MultiPolygon","coordinates":[[[[-71.776604,48.504638],[-71.776703,48.504757],[-71.776514,48.504727],[-71.776496,48.5044],[-71.776209,48.504084],[-71.776307,48.504001],[-71.776586,48.504066],[-71.776604,48.504638]]]]}},{"type":"Feature","properties":{"owner1":"S.I.A.L.","owner2":null,"matricule":"1074-48-8136","street":"BERNACHES","civicLow":"107","civicHigh":"0","valueLand":"86100","valueBuilding":"67600","valueTotal":"153700","mailAddr":"1905 RUE NELSON","mailCity":null,"mun":null},"geometry":{"type":"MultiPolygon","coordinates":[[[[-71.776909,48.505096],[-71.776757,48.505269],[-71.776038,48.505257],[-71.776514,48.504727],[-71.776703,48.504757],[-71.776909,48.505096]]]]}},{"type":"Feature","properties":{"owner1":"S.I.A.L.","owner2":"S.I.A.L.","matricule":"1074-58-1778","street":"BERNACHES","civicLow":"106","civicHigh":"0","valueLand":"58300","valueBuilding":"38100","valueTotal":"96400","mailAddr":"268 RUE PRICE EST","mailCity":null,"mun":null},"geometry":{"type":"MultiPolygon","coordinates":[[[[-71.775921,48.505543],[-71.775831,48.505584],[-71.775957,48.505304],[-71.776316,48.505251],[-71.776281,48.505596],[-71.775921,48.505543]]]]}},{"type":"Feature","properties":{"owner1":"MURRAY CAROL","owner2":null,"matricule":"1073-67-6630","street":"LEVESQUE","civicLow":"119","civicHigh":"0","valueLand":"22400","valueBuilding":"138100","valueTotal":"160500","mailAddr":"119 RUE LEVESQUE","mailCity":null,"mun":null},"geometry":{"type":"MultiPolygon","coordinates":[[[[-71.774035,48.494977],[-71.773882,48.495322],[-71.773541,48.495257],[-71.773765,48.494929],[-71.774035,48.494977]]]]}},{"type":"Feature","properties":{"owner1":"S.I.A.L.","owner2":null,"matricule":"0972-39-0801","street":"SAINT-GEDEON-SUR-LE-LAC","civicLow":"20","civicHigh":"0","valueLand":"183300","valueBuilding":"156300","valueTotal":"339600","mailAddr":"4472 CHEMIN SAINT-PAUL","mailCity":null,"mun":null},"geometry":{"type":"MultiPolygon","coordinates":[[[[-71.791453,48.487535],[-71.791327,48.487238],[-71.792585,48.48744],[-71.792495,48.487708],[-71.791453,48.487535]]]]}},{"type":"Feature","properties":{"owner1":"S.I.A.L.","owner2":null,"matricule":"1078-08-1165","street":"CEDRIERE","civicLow":"0","civicHigh":"0","valueLand":"10500","valueBuilding":"0","valueTotal":"10500","mailAddr":"105 CHEMIN DE LA CEDRIERE","mailCity":null,"mun":null},"geometry":{"type":"MultiPolygon","coordinates":[[[[-71.783817,48.541128],[-71.784051,48.541246],[-71.783602,48.5413],[-71.783817,48.541128]]]]}},{"type":"Feature","properties":{"owner1":"S.I.A.L.","owner2":null,"matricule":"1080-04-6534","street":"ILES","civicLow":"0","civicHigh":"0","valueLand":"2000","valueBuilding":"0","valueTotal":"2000","mailAddr":"1655 RUE POWELL","mailCity":null,"mun":null},"geometry":{"type":"MultiPolygon","coordinates":[[[[-71.783584,48.555525],[-71.783368,48.555364],[-71.78344,48.555061],[-71.783638,48.554734],[-71.783853,48.554698],[-71.783485,48.555049],[-71.78362,48.555525],[-71.78441,48.555626],[-71.7845,48.555733],[-71.783584,48.555525]]]]}},{"type":"Feature","properties":{"owner1":"JEAN ALBERT","owner2":null,"matricule":"1080-87-9211","street":"ILES","civicLow":"139","civicHigh":"0","valueLand":"173300","valueBuilding":"387200","valueTotal":"560500","mailAddr":"139 RANG DES ILES","mailCity":null,"mun":null},"geometry":{"type":"MultiPolygon","coordinates":[[[[-71.773334,48.558289],[-71.773109,48.558343],[-71.770998,48.55795],[-71.771241,48.557683],[-71.771421,48.55776],[-71.772112,48.557647],[-71.773783,48.557719],[-71.773334,48.558289]]]]}},{"type":"Feature","properties":{"owner1":"S.I.A.L.","owner2":null,"matricule":"1074-48-0596","street":"BERNACHES","civicLow":"0","civicHigh":"0","valueLand":"58900","valueBuilding":"0","valueTotal":"58900","mailAddr":"461 RUE JEANNE D'ARC EST","mailCity":null,"mun":null},"geometry":{"type":"MultiPolygon","coordinates":[[[[-71.777718,48.505834],[-71.777583,48.50584],[-71.777305,48.505519],[-71.777475,48.505394],[-71.777808,48.505513],[-71.777718,48.505834]]]]}},{"type":"Feature","properties":{"owner1":"GAUTHIER CYRILLE","owner2":null,"matricule":"1077-53-6908","street":"ADELARD-GAUTHIER","civicLow":"0","civicHigh":"0","valueLand":"100","valueBuilding":"0","valueTotal":"100","mailAddr":"650 RANG DES ILES","mailCity":null,"mun":null},"geometry":{"type":"MultiPolygon","coordinates":[[[[-71.775822,48.527315],[-71.775562,48.527268],[-71.775571,48.527196],[-71.776352,48.527345],[-71.776325,48.527411],[-71.775822,48.527315]]]]}},{"type":"Feature","properties":{"owner1":"S.I.A.L.","owner2":null,"matricule":"1080-89-1365","street":"BAIE-FOREST","civicLow":"0","civicHigh":"0","valueLand":"31700","valueBuilding":"0","valueTotal":"31700","mailAddr":"1655 RUE POWELL","mailCity":null,"mun":null},"geometry":{"type":"MultiPolygon","coordinates":[[[[-71.773253,48.560168],[-71.773343,48.560091],[-71.773613,48.560263],[-71.773532,48.560346],[-71.773253,48.560168]]]]}},{"type":"Feature","properties":{"owner1":"PERTUISET NOEL","owner2":null,"matricule":"0977-94-3619","street":"ADELARD-GAUTHIER","civicLow":"303","civicHigh":"0","valueLand":"164700","valueBuilding":"114900","valueTotal":"279600","mailAddr":"303 CHEMIN ADELARD-GAUTHIER","mailCity":null,"mun":null},"geometry":{"type":"MultiPolygon","coordinates":[[[[-71.784015,48.528237],[-71.784042,48.528017],[-71.784554,48.528059],[-71.784716,48.527934],[-71.784949,48.528142],[-71.784734,48.528368],[-71.783925,48.528285],[-71.784015,48.528237]]]]}},{"type":"Feature","properties":{"owner1":"FREVE VIOLAINE","owner2":null,"matricule":"0977-94-5060","street":"ADELARD-GAUTHIER","civicLow":"46","civicHigh":"0","valueLand":"206100","valueBuilding":"327400","valueTotal":"533500","mailAddr":"46 CHEMIN ADELARD-GAUTHIER","mailCity":null,"mun":null},"geometry":{"type":"MultiPolygon","coordinates":[[[[-71.785237,48.528148],[-71.78485,48.528886],[-71.783377,48.528648],[-71.783925,48.528285],[-71.784734,48.528368],[-71.784985,48.528113],[-71.785237,48.528148]]]]}},{"type":"Feature","properties":{"owner1":"SIMARD DENISE","owner2":null,"matricule":"1079-24-3553","street":"ILES","civicLow":"318","civicHigh":"0","valueLand":"2900","valueBuilding":"52000","valueTotal":"54900","mailAddr":"1575 CHEMIN DU RUISSEAU","mailCity":null,"mun":null},"geometry":{"type":"MultiPolygon","coordinates":[[[[-71.780862,48.546492],[-71.780961,48.546528],[-71.780925,48.546575],[-71.780862,48.546492]]]]}},{"type":"Feature","properties":{"owner1":"S.I.A.L.","owner2":null,"matricule":"1079-24-5163","street":"ILES","civicLow":"0","civicHigh":"0","valueLand":"105400","valueBuilding":"0","valueTotal":"105400","mailAddr":"1575 CHEMIN DU RUISSEAU","mailCity":null,"mun":null},"geometry":{"type":"MultiPolygon","coordinates":[[[[-71.780646,48.54645],[-71.780925,48.546575],[-71.780754,48.546825],[-71.780458,48.546724],[-71.780646,48.54645]]]]}},{"type":"Feature","properties":{"owner1":"S.I.A.L.","owner2":null,"matricule":"1079-24-7429","street":"ILES","civicLow":"0","civicHigh":"0","valueLand":"46200","valueBuilding":"0","valueTotal":"46200","mailAddr":"63 BRAMPTON ROAD","mailCity":null,"mun":null},"geometry":{"type":"MultiPolygon","coordinates":[[[[-71.780071,48.546129],[-71.780071,48.545975],[-71.780673,48.546195],[-71.780745,48.546314],[-71.78053,48.546623],[-71.780062,48.546433],[-71.780071,48.546129]]]]}},{"type":"Feature","properties":{"owner1":"MURRAY GERVAIS","owner2":null,"matricule":"1079-24-4821","street":"ILES","civicLow":"320","civicHigh":"0","valueLand":"4800","valueBuilding":"34600","valueTotal":"39400","mailAddr":"63 BRAMPTON ROAD","mailCity":null,"mun":null},"geometry":{"type":"MultiPolygon","coordinates":[[[[-71.78079,48.546242],[-71.780745,48.546314],[-71.780673,48.546195],[-71.78079,48.546242]]]]}},{"type":"Feature","properties":{"owner1":"BOUCHARD CHRISTIAN","owner2":"MINIER CYNTHIA","matricule":"1073-54-7530","street":"LAVOIE","civicLow":"139","civicHigh":"0","valueLand":"19900","valueBuilding":"124600","valueTotal":"144500","mailAddr":"139 RUE LAVOIE","mailCity":null,"mun":null},"geometry":{"type":"MultiPolygon","coordinates":[[[[-71.774726,48.492524],[-71.774852,48.492286],[-71.775158,48.492352],[-71.775077,48.492584],[-71.774726,48.492524]]]]}},{"type":"Feature","properties":{"owner1":"MALTAIS RICHARD","owner2":null,"matricule":"1073-64-0124","street":"MURRAY","civicLow":"139","civicHigh":"0","valueLand":"20500","valueBuilding":"145400","valueTotal":"165900","mailAddr":"139 RUE MURRAY","mailCity":null,"mun":null},"geometry":{"type":"MultiPolygon","coordinates":[[[[-71.774367,48.492453],[-71.774538,48.492239],[-71.774852,48.492286],[-71.774708,48.492554],[-71.774367,48.492453]]]]}},{"type":"Feature","properties":{"owner1":"HARVEY GUY","owner2":null,"matricule":"1074-15-0975","street":"POINTE-DU-LAC","civicLow":"63","civicHigh":"0","valueLand":"167700","valueBuilding":"332300","valueTotal":"500000","mailAddr":"63 CHEMIN DE LA POINTE-DU-LAC","mailCity":null,"mun":null},"geometry":{"type":"MultiPolygon","coordinates":[[[[-71.781275,48.502692],[-71.781033,48.502513],[-71.781329,48.502364],[-71.781994,48.502709],[-71.781679,48.502977],[-71.781275,48.502692]]]]}},{"type":"Feature","properties":{"owner1":"HUOT ALAIN","owner2":"PARADIS LINDA","matricule":"0972-72-5023","street":"DE QUEN","civicLow":"542","civicHigh":"0","valueLand":"42300","valueBuilding":"111700","valueTotal":"154000","mailAddr":"542 RUE DE QUEN","mailCity":null,"mun":null},"geometry":{"type":"MultiPolygon","coordinates":[[[[-71.785192,48.481712],[-71.785021,48.481307],[-71.784644,48.48092],[-71.787222,48.48139],[-71.786997,48.481593],[-71.785605,48.481789],[-71.785192,48.481712]]]]}},{"type":"Feature","properties":{"owner1":"COUTURE SERGE","owner2":null,"matricule":"0972-71-4757","street":"COULOMBE","civicLow":"8","civicHigh":"0","valueLand":"32300","valueBuilding":"68600","valueTotal":"100900","mailAddr":"1032 RUE DU TRIANON","mailCity":null,"mun":null},"geometry":{"type":"MultiPolygon","coordinates":[[[[-71.786189,48.480622],[-71.785964,48.481164],[-71.785569,48.481093],[-71.785794,48.480551],[-71.786189,48.480622]]]]}},{"type":"Feature","properties":{"owner1":"LAROCHE MARIELLE","owner2":null,"matricule":"1079-36-1261","street":"ILES","civicLow":"292","civicHigh":"0","valueLand":"40000","valueBuilding":"60000","valueTotal":"100000","mailAddr":"3310 DES POMMETIERS","mailCity":null,"mun":null},"geometry":{"type":"MultiPolygon","coordinates":[[[[-71.779541,48.548544],[-71.779676,48.548187],[-71.780296,48.548341],[-71.780215,48.548544],[-71.779775,48.548621],[-71.779541,48.548544]]]]}},{"type":"Feature","properties":{"owner1":"S.I.A.L.","owner2":"S.I.A.L.","matricule":"0973-30-2458","street":"SAINT-GEDEON-SUR-LE-LAC","civicLow":"15","civicHigh":"0","valueLand":"210400","valueBuilding":"73400","valueTotal":"283800","mailAddr":"657 RUE DES ROSELINS","mailCity":null,"mun":null},"geometry":{"type":"MultiPolygon","coordinates":[[[[-71.791121,48.488643],[-71.792621,48.488899],[-71.792603,48.489178],[-71.79077,48.488869],[-71.791121,48.488643]]]]}},{"type":"Feature","properties":{"owner1":"LES ENTREPRISES ALFRED BOIVIN INC.","owner2":null,"matricule":"0972-40-4463","street":"PHARE","civicLow":"0","civicHigh":"0","valueLand":"6900","valueBuilding":"0","valueTotal":"6900","mailAddr":"2205 RUE DE LA FONDERIE","mailCity":null,"mun":null},"geometry":{"type":"MultiPolygon","coordinates":[[[[-71.78971,48.479979],[-71.789647,48.479896],[-71.790267,48.479866],[-71.790303,48.479938],[-71.789827,48.480116],[-71.78971,48.479979]]]]}},{"type":"Feature","properties":{"owner1":"SAVARD REAL","owner2":null,"matricule":"1474-67-2323","street":"5","civicLow":"1425","civicHigh":"0","valueLand":"32200","valueBuilding":"76600","valueTotal":"108800","mailAddr":"1425 RANG 5","mailCity":null,"mun":null},"geometry":{"type":"MultiPolygon","coordinates":[[[[-71.720028,48.504709],[-71.720136,48.504447],[-71.720935,48.50459],[-71.720828,48.504852],[-71.720028,48.504709]]]]}},{"type":"Feature","properties":{"owner1":"SAVARD JEAN-GUY","owner2":null,"matricule":"1474-56-8382","street":"5","civicLow":"1435","civicHigh":"0","valueLand":"54800","valueBuilding":"161000","valueTotal":"215800","mailAddr":"1435 RANG 5","mailCity":null,"mun":null},"geometry":{"type":"MultiPolygon","coordinates":[[[[-71.721681,48.504578],[-71.721519,48.504977],[-71.720828,48.504852],[-71.720935,48.50459],[-71.720136,48.504447],[-71.720387,48.50384],[-71.721879,48.504108],[-71.721681,48.504578]]]]}},{"type":"Feature","properties":{"owner1":"SAVARD DANIEL","owner2":null,"matricule":"1474-38-1375","street":"5","civicLow":"1458","civicHigh":"0","valueLand":"52600","valueBuilding":"157400","valueTotal":"210000","mailAddr":"1458 RANG 5","mailCity":null,"mun":null},"geometry":{"type":"MultiPolygon","coordinates":[[[[-71.724061,48.506144],[-71.724277,48.505614],[-71.725337,48.505804],[-71.72513,48.506334],[-71.724061,48.506144]]]]}},{"type":"Feature","properties":{"owner1":"MORICE PATRICK","owner2":"SIMARD NATHALIE","matricule":"1474-18-9499","street":"5","civicLow":"1466","civicHigh":"0","valueLand":"26700","valueBuilding":"106700","valueTotal":"133400","mailAddr":"1466 RANG 5","mailCity":null,"mun":null},"geometry":{"type":"MultiPolygon","coordinates":[[[[-71.726613,48.506042],[-71.726478,48.50637],[-71.726038,48.506292],[-71.726173,48.505959],[-71.726613,48.506042]]]]}},{"type":"Feature","properties":{"owner1":"SAVARD ANDRE","owner2":null,"matricule":"1474-19-5921","street":"5","civicLow":"1470","civicHigh":"0","valueLand":"39500","valueBuilding":"100400","valueTotal":"139900","mailAddr":"1470 RANG 5","mailCity":null,"mun":null},"geometry":{"type":"MultiPolygon","coordinates":[[[[-71.726478,48.50637],[-71.726613,48.506042],[-71.727206,48.50615],[-71.72699,48.506679],[-71.726397,48.506572],[-71.726478,48.50637]]]]}},{"type":"Feature","properties":{"owner1":"TREMBLAY MICHEL","owner2":null,"matricule":"1475-28-3322","street":"5","civicLow":"1474","civicHigh":"0","valueLand":"183400","valueBuilding":"173700","valueTotal":"357100","mailAddr":"1474 RANG 5","mailCity":null,"mun":null},"geometry":{"type":"MultiPolygon","coordinates":[[[[-71.725041,48.509905],[-71.726397,48.506572],[-71.72699,48.506679],[-71.727206,48.50615],[-71.729496,48.506554],[-71.729442,48.506703],[-71.730242,48.507292],[-71.730736,48.506882],[-71.731095,48.506798],[-71.730305,48.507382],[-71.729981,48.508304],[-71.731095,48.508614],[-71.726029,48.52139],[-71.720881,48.520432],[-71.725041,48.509905]]]]}},{"type":"Feature","properties":{"owner1":"BOULANGER MAXIME","owner2":null,"matricule":"1374-99-1385","street":"5","civicLow":"1492","civicHigh":"0","valueLand":"49900","valueBuilding":"91400","valueTotal":"141300","mailAddr":"1492 5E RANG","mailCity":null,"mun":null},"geometry":{"type":"MultiPolygon","coordinates":[[[[-71.729442,48.506703],[-71.729496,48.506554],[-71.730934,48.506769],[-71.730242,48.507292],[-71.729442,48.506703]]]]}},{"type":"Feature","properties":{"owner1":"S.I.A.L.","owner2":null,"matricule":"1074-73-2448","street":"DE QUEN","civicLow":"0","civicHigh":"0","valueLand":"15800","valueBuilding":"0","valueTotal":"15800","mailAddr":"93 RUE DE QUEN","mailCity":null,"mun":null},"geometry":{"type":"MultiPolygon","coordinates":[[[[-71.773451,48.50037],[-71.773702,48.500567],[-71.773145,48.501031],[-71.772508,48.500858],[-71.773451,48.50037]]]]}},{"type":"Feature","properties":{"owner1":"LAROUCHE CHRISTIAN","owner2":null,"matricule":"1074-82-4866","street":"DE QUEN","civicLow":"96","civicHigh":"0","valueLand":"32300","valueBuilding":"90400","valueTotal":"122700","mailAddr":"96 RUE DE QUEN","mailCity":null,"mun":null},"geometry":{"type":"MultiPolygon","coordinates":[[[[-71.771789,48.50015],[-71.770945,48.500037],[-71.771142,48.499787],[-71.771951,48.499942],[-71.771789,48.50015]]]]}},{"type":"Feature","properties":{"owner1":"HARVEY LUC","owner2":"GERVAIS LINDA","matricule":"1174-61-4502","street":"DE QUEN","civicLow":"0","civicHigh":"0","valueLand":"110600","valueBuilding":"0","valueTotal":"110600","mailAddr":"70 CHEMIN DE QUEN","mailCity":null,"mun":null},"geometry":{"type":"MultiPolygon","coordinates":[[[[-71.750265,48.497495],[-71.750813,48.496114],[-71.771142,48.499787],[-71.770945,48.500037],[-71.771753,48.500186],[-71.771412,48.500608],[-71.765061,48.499454],[-71.764674,48.500067],[-71.771007,48.501275],[-71.750265,48.497495]]]]}},{"type":"Feature","properties":{"owner1":"S.I.A.L.","owner2":null,"matricule":"0973-68-3711","street":"PLAGE","civicLow":"10","civicHigh":"0","valueLand":"293000","valueBuilding":"7200","valueTotal":"300200","mailAddr":"1495 DE LYON","mailCity":null,"mun":null},"geometry":{"type":"MultiPolygon","coordinates":[[[[-71.788695,48.495632],[-71.788291,48.496072],[-71.786881,48.49581],[-71.78697,48.495287],[-71.788695,48.495632]]]]}},{"type":"Feature","properties":{"owner1":"PELLETIER ALBAN","owner2":null,"matricule":"0971-48-3877","street":"BELLE-RIVIERE","civicLow":"1366","civicHigh":"0","valueLand":"35800","valueBuilding":"90200","valueTotal":"126000","mailAddr":"1366 RANG BELLE-RIVIERE","mailCity":null,"mun":null},"geometry":{"type":"MultiPolygon","coordinates":[[[[-71.789612,48.478294],[-71.789297,48.478234],[-71.789486,48.478062],[-71.790438,48.478264],[-71.790079,48.478514],[-71.789567,48.478401],[-71.789612,48.478294]]]]}},{"type":"Feature","properties":{"owner1":"GAGNON BERNARD","owner2":null,"matricule":"1073-86-8469","street":"LEVESQUE","civicLow":"145","civicHigh":"0","valueLand":"22400","valueBuilding":"114800","valueTotal":"137200","mailAddr":"145 RUE LEVESQUE","mailCity":null,"mun":null},"geometry":{"type":"MultiPolygon","coordinates":[[[[-71.771124,48.494537],[-71.770954,48.494787],[-71.770558,48.494721],[-71.770729,48.494471],[-71.771124,48.494537]]]]}},{"type":"Feature","properties":{"owner1":"FILLION JEANNINE","owner2":null,"matricule":"1073-76-5341","street":"MURRAY","civicLow":"106","civicHigh":"0","valueLand":"17700","valueBuilding":"124200","valueTotal":"141900","mailAddr":"106 RUE MURRAY","mailCity":null,"mun":null},"geometry":{"type":"MultiPolygon","coordinates":[[[[-71.772364,48.49437],[-71.772463,48.494227],[-71.772849,48.494322],[-71.772732,48.494489],[-71.772364,48.49437]]]]}},{"type":"Feature","properties":{"owner1":"VILLENEUVE PATRICE","owner2":"LEGAULT JINNY","matricule":"1073-73-0153","street":"GIRARD","civicLow":"162","civicHigh":"0","valueLand":"22500","valueBuilding":"196700","valueTotal":"219200","mailAddr":"162 RUE GIRARD","mailCity":null,"mun":null},"geometry":{"type":"MultiPolygon","coordinates":[[[[-71.773496,48.491661],[-71.773388,48.491929],[-71.772993,48.491852],[-71.7731,48.49159],[-71.773496,48.491661]]]]}},{"type":"Feature","properties":{"owner1":"COTE STEPHANE","owner2":"COTE SABRINA","matricule":"1073-73-3045","street":"GIRARD","civicLow":"166","civicHigh":"0","valueLand":"23000","valueBuilding":"179400","valueTotal":"202400","mailAddr":"166 RUE GIRARD","mailCity":null,"mun":null},"geometry":{"type":"MultiPolygon","coordinates":[[[[-71.7731,48.49159],[-71.772993,48.491852],[-71.772606,48.491786],[-71.77266,48.491506],[-71.7731,48.49159]]]]}},{"type":"Feature","properties":{"owner1":"MUNICIPALITE DE SAINT-GEDEON","owner2":null,"matricule":"1073-98-3933","street":"LEVESQUE","civicLow":"0","civicHigh":"0","valueLand":"43700","valueBuilding":"5300","valueTotal":"49000","mailAddr":"208 RUE DE QUEN","mailCity":null,"mun":null},"geometry":{"type":"MultiPolygon","coordinates":[[[[-71.768726,48.4944],[-71.769462,48.493346],[-71.770495,48.491107],[-71.772148,48.491411],[-71.771798,48.491911],[-71.771627,48.491858],[-71.771241,48.492411],[-71.771421,48.492447],[-71.771331,48.492572],[-71.771151,48.492536],[-71.770468,48.493524],[-71.77063,48.493614],[-71.770433,48.493578],[-71.769759,48.494584],[-71.768726,48.4944]]],[[[-71.773334,48.497132],[-71.767405,48.49606],[-71.768645,48.494507],[-71.769687,48.494691],[-71.769867,48.494727],[-71.769346,48.495471],[-71.771331,48.495828],[-71.771187,48.496037],[-71.772957,48.496328],[-71.773136,48.49606],[-71.773029,48.496293],[-71.773622,48.496406],[-71.773648,48.496572],[-71.773334,48.497132]]]]}},{"type":"Feature","properties":{"owner1":"PARADIS LOUIS-VINCENT","owner2":"ALLARD MAGALIE","matricule":"1073-85-6711","street":"TREMBLAY","civicLow":"114","civicHigh":"0","valueLand":"29800","valueBuilding":"152500","valueTotal":"182300","mailAddr":"114 RUE TREMBLAY","mailCity":null,"mun":null},"geometry":{"type":"MultiPolygon","coordinates":[[[[-71.770666,48.493227],[-71.770927,48.492858],[-71.771088,48.492911],[-71.771007,48.493036],[-71.771421,48.493161],[-71.771241,48.493405],[-71.770666,48.493227]]]]}},{"type":"Feature","properties":{"owner1":"S.I.A.L.","owner2":null,"matricule":"0978-60-1582","street":"MELEZES","civicLow":"0","civicHigh":"0","valueLand":"164100","valueBuilding":"0","valueTotal":"164100","mailAddr":"600 RUE BEGIN SUD","mailCity":null,"mun":null},"geometry":{"type":"MultiPolygon","coordinates":[[[[-71.789117,48.534805],[-71.78874,48.534287],[-71.788902,48.533425],[-71.789342,48.533502],[-71.789216,48.534139],[-71.789288,48.534472],[-71.789468,48.534591],[-71.789117,48.534805]]]]}},{"type":"Feature","properties":{"owner1":"S.I.A.L.","owner2":null,"matricule":"0978-70-7795","street":"MELEZES","civicLow":"0","civicHigh":"0","valueLand":"52000","valueBuilding":"0","valueTotal":"52000","mailAddr":"600 BEGIN SUD","mailCity":null,"mun":null},"geometry":{"type":"MultiPolygon","coordinates":[[[[-71.788255,48.533336],[-71.788902,48.533425],[-71.78874,48.534287],[-71.789117,48.534912],[-71.788498,48.534841],[-71.788165,48.534519],[-71.788093,48.53418],[-71.788255,48.533336]]],[[[-71.784365,48.535215],[-71.783997,48.535221],[-71.783755,48.535441],[-71.783485,48.5354],[-71.783404,48.535084],[-71.783629,48.53465],[-71.783413,48.534472],[-71.783934,48.534311],[-71.784213,48.534097],[-71.784707,48.534115],[-71.785147,48.533972],[-71.785102,48.533264],[-71.785389,48.532943],[-71.784931,48.532461],[-71.78485,48.532015],[-71.785003,48.53148],[-71.787941,48.532039],[-71.788471,48.532753],[-71.788138,48.533312],[-71.787968,48.53418],[-71.788057,48.534555],[-71.788408,48.5349],[-71.789315,48.535043],[-71.789773,48.535334],[-71.789854,48.535929],[-71.789513,48.537172],[-71.784635,48.536286],[-71.784725,48.536036],[-71.784365,48.535215]]]]}},{"type":"Feature","properties":{"owner1":"FOLLY JEAN-FRANCOIS","owner2":null,"matricule":"1073-77-0620","street":"LEVESQUE","civicLow":"127","civicHigh":"0","valueLand":"22600","valueBuilding":"94100","valueTotal":"116700","mailAddr":"127 RUE LEVESQUE","mailCity":null,"mun":null},"geometry":{"type":"MultiPolygon","coordinates":[[[[-71.773541,48.494971],[-71.77337,48.495221],[-71.772966,48.49515],[-71.773145,48.494894],[-71.773541,48.494971]]]]}},{"type":"Feature","properties":{"owner1":"FRASER DEREK","owner2":"GIRARD VICKY","matricule":"1073-77-3308","street":"MURRAY","civicLow":"101","civicHigh":"0","valueLand":"25600","valueBuilding":"151300","valueTotal":"176900","mailAddr":"101 RUE MURRAY","mailCity":null,"mun":null},"geometry":{"type":"MultiPolygon","coordinates":[[[[-71.773145,48.494894],[-71.772966,48.49515],[-71.772562,48.495078],[-71.772804,48.494745],[-71.773145,48.494894]]]]}},{"type":"Feature","properties":{"owner1":"RIO TINTO ALCAN","owner2":null,"matricule":"1079-38-3426","street":"ILES","civicLow":"0","civicHigh":"0","valueLand":"7200","valueBuilding":"0","valueTotal":"7200","mailAddr":"208 RUE DE QUEN","mailCity":null,"mun":null},"geometry":{"type":"MultiPolygon","coordinates":[[[[-71.779407,48.54987],[-71.779443,48.549834],[-71.779928,48.549983],[-71.779407,48.54987]]]]}},{"type":"Feature","properties":{"owner1":"S.I.A.L.","owner2":null,"matricule":"1080-96-0401","street":"ILES","civicLow":"155","civicHigh":"0","valueLand":"44700","valueBuilding":"56600","valueTotal":"101300","mailAddr":"399 RUE LEJEUNE","mailCity":null,"mun":null},"geometry":{"type":"MultiPolygon","coordinates":[[[[-71.771591,48.557213],[-71.772032,48.556916],[-71.772014,48.556738],[-71.772687,48.556547],[-71.771987,48.557296],[-71.771591,48.557213]]]]}},{"type":"Feature","properties":{"owner1":"POTVIN MYRIAM","owner2":"DESSUREAULT YANN","matricule":"1078-98-5812","street":"RANCH","civicLow":"0","civicHigh":"0","valueLand":"26700","valueBuilding":"0","valueTotal":"26700","mailAddr":"32 CHEMIN DU RANCH","mailCity":null,"mun":null},"geometry":{"type":"MultiPolygon","coordinates":[[[[-71.771304,48.540628],[-71.77107,48.541193],[-71.770675,48.541133],[-71.770909,48.540557],[-71.771304,48.540628]]]]}},{"type":"Feature","properties":{"owner1":"DUFOUR IRENE","owner2":"CLAEYS SYLVAIN","matricule":"0972-95-5929","street":"DE QUEN","civicLow":"480","civicHigh":"0","valueLand":"23900","valueBuilding":"132400","valueTotal":"156300","mailAddr":"480 RUE DE QUEN","mailCity":null,"mun":null},"geometry":{"type":"MultiPolygon","coordinates":[[[[-71.782748,48.484165],[-71.782973,48.484022],[-71.783422,48.484302],[-71.783198,48.484445],[-71.782748,48.484165]]]]}},{"type":"Feature","properties":{"owner1":"S.I.A.L.","owner2":null,"matricule":"1079-15-7807","street":"ILES","civicLow":"0","civicHigh":"0","valueLand":"67700","valueBuilding":"0","valueTotal":"67700","mailAddr":"1989 RUE DES ROITELETS","mailCity":null,"mun":null},"geometry":{"type":"MultiPolygon","coordinates":[[[[-71.781104,48.547105],[-71.781158,48.546997],[-71.781554,48.547021],[-71.781599,48.54667],[-71.781958,48.546801],[-71.781715,48.547081],[-71.781374,48.54717],[-71.781104,48.547105]]]]}},{"type":"Feature","properties":{"owner1":"BERGERON MARTIN","owner2":"BOUDREAULT MICHELE","matricule":"1080-59-3675","street":"BAIE-DES-GIRARD","civicLow":"10","civicHigh":"0","valueLand":"43700","valueBuilding":"7000","valueTotal":"50700","mailAddr":"851 AVENUE DE TOULOUSE","mailCity":null,"mun":null},"geometry":{"type":"MultiPolygon","coordinates":[[[[-71.777484,48.560186],[-71.777421,48.560364],[-71.777583,48.560477],[-71.776981,48.56037],[-71.777008,48.560067],[-71.777484,48.560186]]]]}},{"type":"Feature","properties":{"owner1":"S.I.A.L.","owner2":null,"matricule":"0978-52-2074","street":"MELEZES","civicLow":"10","civicHigh":"0","valueLand":"161300","valueBuilding":"61600","valueTotal":"222900","mailAddr":"1852 CHEMIN VILLEBOIS EST","mailCity":null,"mun":null},"geometry":{"type":"MultiPolygon","coordinates":[[[[-71.78998,48.535929],[-71.789971,48.535644],[-71.790564,48.535638],[-71.790681,48.535763],[-71.790672,48.536078],[-71.78998,48.535929]]]]}},{"type":"Feature","properties":{"owner1":"S.I.A.L.","owner2":null,"matricule":"1074-59-1440","street":"BERNACHES","civicLow":"0","civicHigh":"0","valueLand":"16800","valueBuilding":"0","valueTotal":"16800","mailAddr":"239 RANG SAINT-ISIDORE","mailCity":null,"mun":null},"geometry":{"type":"MultiPolygon","coordinates":[[[[-71.776155,48.505864],[-71.776325,48.50609],[-71.776047,48.506132],[-71.775957,48.505882],[-71.776155,48.505864]]]]}},{"type":"Feature","properties":{"owner1":"GAUDREAULT LOUISETTE","owner2":null,"matricule":"1377-33-7055","street":"10","civicLow":"0","civicHigh":"0","valueLand":"600","valueBuilding":"0","valueTotal":"600","mailAddr":"5000 ROUTE DU LAC OUEST","mailCity":null,"mun":null},"geometry":{"type":"MultiPolygon","coordinates":[[[[-71.737967,48.528029],[-71.738039,48.527857],[-71.738219,48.527886],[-71.737931,48.528434],[-71.737806,48.52841],[-71.737967,48.528029]]]]}},{"type":"Feature","properties":{"owner1":"MUNICIPALITE DE SAINT-GEDEON","owner2":null,"matricule":"1172-81-8066","street":"RUISSEAU","civicLow":"0","civicHigh":"0","valueLand":"500","valueBuilding":"23200","valueTotal":"23700","mailAddr":"208 RUE DE QUEN","mailCity":null,"mun":null},"geometry":{"type":"MultiPolygon","coordinates":[[[[-71.756877,48.48123],[-71.75694,48.481128],[-71.757227,48.481212],[-71.757128,48.481367],[-71.756841,48.481313],[-71.756877,48.48123]]]]}},{"type":"Feature","properties":{"owner1":"S.I.A.L.","owner2":"S.I.A.L.","matricule":"0973-58-6235","street":"PLAGE","civicLow":"10","civicHigh":"0","valueLand":"169600","valueBuilding":"156100","valueTotal":"325700","mailAddr":"1000 RUE THERESE-CASGRAIN","mailCity":null,"mun":null},"geometry":{"type":"MultiPolygon","coordinates":[[[[-71.789198,48.495715],[-71.788848,48.496174],[-71.788291,48.496072],[-71.788695,48.495632],[-71.789198,48.495715]]]]}},{"type":"Feature","properties":{"owner1":"LAROUCHE GILBERT","owner2":null,"matricule":"1074-83-1450","street":"DE QUEN","civicLow":"0","civicHigh":"0","valueLand":"25200","valueBuilding":"4800","valueTotal":"30000","mailAddr":"93 RUE DE QUEN","mailCity":null,"mun":null},"geometry":{"type":"MultiPolygon","coordinates":[[[[-71.771546,48.500846],[-71.771762,48.500561],[-71.772732,48.500739],[-71.772508,48.500858],[-71.77204,48.50084],[-71.771771,48.501001],[-71.771546,48.500846]]]]}},{"type":"Feature","properties":{"owner1":"RENAUD ROCK","owner2":"OUELLET GINETTE","matricule":"1079-25-9652","street":"ILES","civicLow":"314","civicHigh":"0","valueLand":"10500","valueBuilding":"253400","valueTotal":"263900","mailAddr":"314 RANG DES ILES","mailCity":null,"mun":null},"geometry":{"type":"MultiPolygon","coordinates":[[[[-71.780314,48.547438],[-71.780359,48.547527],[-71.779919,48.547449],[-71.779946,48.547229],[-71.780314,48.547438]]]]}},{"type":"Feature","properties":{"owner1":"BOUDREAULT BERTRAND","owner2":null,"matricule":"1371-46-3433","street":"4","civicLow":"1345","civicHigh":"0","valueLand":"30100","valueBuilding":"124800","valueTotal":"154900","mailAddr":"1345 RANG 4","mailCity":null,"mun":null},"geometry":{"type":"MultiPolygon","coordinates":[[[[-71.735425,48.476805],[-71.735578,48.476436],[-71.736341,48.476579],[-71.736207,48.476948],[-71.735425,48.476805]]]]}},{"type":"Feature","properties":{"owner1":"GIRARD LUCIEN","owner2":null,"matricule":"1080-79-6289","street":"BAIE-FOREST","civicLow":"8","civicHigh":"0","valueLand":"169300","valueBuilding":"49400","valueTotal":"218700","mailAddr":"100 RANG DES ILES","mailCity":null,"mun":null},"geometry":{"type":"MultiPolygon","coordinates":[[[[-71.773981,48.560543],[-71.773855,48.560668],[-71.773577,48.560584],[-71.774008,48.560091],[-71.774403,48.560323],[-71.774475,48.560555],[-71.77434,48.560685],[-71.773981,48.560543]]]]}},{"type":"Feature","properties":{"owner1":"TREMBLAY JEAN","owner2":null,"matricule":"1076-58-2786","street":"CHENES","civicLow":"0","civicHigh":"0","valueLand":"170100","valueBuilding":"0","valueTotal":"170100","mailAddr":"112 CHEMIN DES CHENES","mailCity":null,"mun":null},"geometry":{"type":"MultiPolygon","coordinates":[[[[-71.775921,48.523758],[-71.776218,48.522889],[-71.776802,48.523448],[-71.777053,48.523282],[-71.776739,48.52352],[-71.776891,48.523781],[-71.776685,48.523954],[-71.775921,48.523758]]]]}},{"type":"Feature","properties":{"owner1":"CLAVEAU GASTON","owner2":null,"matricule":"1073-96-3555","street":"LEVESQUE","civicLow":"155","civicHigh":"0","valueLand":"27500","valueBuilding":"100800","valueTotal":"128300","mailAddr":"155 RUE LEVESQUE","mailCity":null,"mun":null},"geometry":{"type":"MultiPolygon","coordinates":[[[[-71.769759,48.494584],[-71.769947,48.494304],[-71.770504,48.494465],[-71.770361,48.494685],[-71.769759,48.494584]]]]}},{"type":"Feature","properties":{"owner1":"GUAY DANIEL","owner2":"GAGNON NADINE","matricule":"1073-74-9179","street":"TREMBLAY","civicLow":"121","civicHigh":"0","valueLand":"21700","valueBuilding":"199100","valueTotal":"220800","mailAddr":"121 RUE TREMBLAY","mailCity":null,"mun":null},"geometry":{"type":"MultiPolygon","coordinates":[[[[-71.77178,48.492959],[-71.77196,48.492745],[-71.772319,48.492834],[-71.772148,48.493072],[-71.77178,48.492959]]]]}},{"type":"Feature","properties":{"owner1":"MURRAY LUC","owner2":"BERNARD LISE","matricule":"1073-74-6492","street":"MURRAY","civicLow":"0","civicHigh":"0","valueLand":"8700","valueBuilding":"0","valueTotal":"8700","mailAddr":"118 RUE LAROUCHE","mailCity":null,"mun":null},"geometry":{"type":"MultiPolygon","coordinates":[[[[-71.772148,48.493072],[-71.772319,48.492834],[-71.772651,48.492959],[-71.772517,48.493185],[-71.772148,48.493072]]]]}},{"type":"Feature","properties":{"owner1":"9166-6321 QUEBEC INC","owner2":null,"matricule":"1073-42-0274","street":"DE QUEN","civicLow":"306","civicHigh":"308","valueLand":"32700","valueBuilding":"178200","valueTotal":"210900","mailAddr":"306 RUE DE QUEN","mailCity":null,"mun":null},"geometry":{"type":"MultiPolygon","coordinates":[[[[-71.776837,48.49109],[-71.776945,48.490798],[-71.7777,48.490917],[-71.777556,48.491221],[-71.776837,48.49109]]]]}},{"type":"Feature","properties":{"owner1":"FRASER JEREMIE","owner2":null,"matricule":"1073-43-1100","street":"DE QUEN","civicLow":"302","civicHigh":"0","valueLand":"24500","valueBuilding":"65600","valueTotal":"90100","mailAddr":"300 RUE DE QUEN","mailCity":null,"mun":null},"geometry":{"type":"MultiPolygon","coordinates":[[[[-71.777071,48.491316],[-71.776757,48.491256],[-71.776837,48.49109],[-71.777556,48.491221],[-71.777475,48.491387],[-71.777071,48.491316]]]]}},{"type":"Feature","properties":{"owner1":"CLAVEAU ROSAIRE","owner2":"OUELLET CHANTALE","matricule":"1078-08-6495","street":"CEDRIERE","civicLow":"103","civicHigh":"0","valueLand":"80800","valueBuilding":"217600","valueTotal":"298400","mailAddr":"1017 RUE PARE","mailCity":null,"mun":null},"geometry":{"type":"MultiPolygon","coordinates":[[[[-71.782829,48.541758],[-71.782955,48.541371],[-71.783602,48.5413],[-71.783548,48.54149],[-71.783135,48.541663],[-71.783081,48.541823],[-71.782829,48.541758]]]]}},{"type":"Feature","properties":{"owner1":"MUNICIPALITE DE SAINT-GEDEON","owner2":null,"matricule":"1079-01-4734","street":"QUAI","civicLow":"0","civicHigh":"0","valueLand":"77200","valueBuilding":"158400","valueTotal":"235600","mailAddr":"208 RU DE QUEN","mailCity":null,"mun":null},"geometry":{"type":"MultiPolygon","coordinates":[[[[-71.783225,48.543417],[-71.783476,48.543649],[-71.783386,48.543834],[-71.783251,48.543792],[-71.783341,48.543643],[-71.783225,48.543417]]]]}},{"type":"Feature","properties":{"owner1":"S.I.A.L.","owner2":null,"matricule":"1078-15-8723","street":"ILES","civicLow":"0","civicHigh":"0","valueLand":"24200","valueBuilding":"0","valueTotal":"24200","mailAddr":"450 RANG DES ILES","mailCity":null,"mun":null},"geometry":{"type":"MultiPolygon","coordinates":[[[[-71.780691,48.537999],[-71.782461,48.538374],[-71.782389,48.538469],[-71.781805,48.538243],[-71.780844,48.538142],[-71.780691,48.537999]]]]}},{"type":"Feature","properties":{"owner1":"BOUCHARD ROBIN","owner2":null,"matricule":"1078-35-0703","street":"ILES","civicLow":"450","civicHigh":"0","valueLand":"35000","valueBuilding":"153800","valueTotal":"188800","mailAddr":"450 RANG DES ILES","mailCity":null,"mun":null},"geometry":{"type":"MultiPolygon","coordinates":[[[[-71.779514,48.537779],[-71.780691,48.537999],[-71.780844,48.538142],[-71.779946,48.537975],[-71.779883,48.538493],[-71.77955,48.538415],[-71.779514,48.537779]]]]}},{"type":"Feature","properties":{"owner1":"VALOIS GENEVIEVE","owner2":null,"matricule":"1180-44-1291","street":"GOLF","civicLow":"230","civicHigh":"0","valueLand":"64000","valueBuilding":"300","valueTotal":"64300","mailAddr":"3903 RUE DES POITIERS","mailCity":null,"mun":null},"geometry":{"type":"MultiPolygon","coordinates":[[[[-71.765258,48.556179],[-71.764845,48.556054],[-71.764953,48.555816],[-71.765653,48.556095],[-71.765411,48.556244],[-71.765258,48.556179]]]]}},{"type":"Feature","properties":{"owner1":"BERGERON MAURICE","owner2":null,"matricule":"1180-44-3450","street":"GOLF","civicLow":"211","civicHigh":"0","valueLand":"66100","valueBuilding":"81100","valueTotal":"147200","mailAddr":"464 BOULEVARD ST-JUDE SUD, APP. 3","mailCity":null,"mun":null},"geometry":{"type":"MultiPolygon","coordinates":[[[[-71.764953,48.555816],[-71.764872,48.555994],[-71.764584,48.555774],[-71.764989,48.555441],[-71.765231,48.555394],[-71.765177,48.555626],[-71.764953,48.555816]]]]}},{"type":"Feature","properties":{"owner1":"S.I.A.L.","owner2":null,"matricule":"1076-73-9376","street":"ILES","civicLow":"0","civicHigh":"0","valueLand":"25400","valueBuilding":"0","valueTotal":"25400","mailAddr":"1655 RUE POWELL","mailCity":null,"mun":null},"geometry":{"type":"MultiPolygon","coordinates":[[[[-71.772957,48.519039],[-71.772885,48.519146],[-71.772714,48.519129],[-71.7724,48.518902],[-71.772436,48.518778],[-71.772984,48.518879],[-71.772957,48.519039]]]]}},{"type":"Feature","properties":{"owner1":"JEAN GILLES","owner2":null,"matricule":"1076-73-7541","street":"ETANG","civicLow":"0","civicHigh":"0","valueLand":"36100","valueBuilding":"0","valueTotal":"36100","mailAddr":"1310 AVENUE ANTOINE-CLOUTIER","mailCity":null,"mun":null},"geometry":{"type":"MultiPolygon","coordinates":[[[[-71.773181,48.518754],[-71.773118,48.518902],[-71.772526,48.518795],[-71.772732,48.518337],[-71.772939,48.518302],[-71.773289,48.518605],[-71.773181,48.518754]]]]}},{"type":"Feature","properties":{"owner1":"CLAVEAU LYNE","owner2":null,"matricule":"1075-46-0995","street":"DOMAINE-GRANDMONT","civicLow":"404","civicHigh":"0","valueLand":"38100","valueBuilding":"312600","valueTotal":"350700","mailAddr":"23 HORIZON VIEW COURT","mailCity":null,"mun":null},"geometry":{"type":"MultiPolygon","coordinates":[[[[-71.777987,48.512791],[-71.777475,48.512791],[-71.777484,48.51269],[-71.777987,48.512791]]]]}},{"type":"Feature","properties":{"owner1":"MUNICIPALITE DE SAINT-GEDEON","owner2":null,"matricule":"1075-60-4111","street":"DE QUEN","civicLow":"0","civicHigh":"0","valueLand":"19100","valueBuilding":"0","valueTotal":"19100","mailAddr":"208 RUE DE QUEN","mailCity":null,"mun":null},"geometry":{"type":"MultiPolygon","coordinates":[[[[-71.775688,48.507989],[-71.775751,48.507828],[-71.773163,48.507346],[-71.773109,48.507263],[-71.772894,48.506656],[-71.773065,48.506203],[-71.772867,48.506173],[-71.772714,48.505251],[-71.772993,48.504376],[-71.772966,48.503983],[-71.772912,48.503793],[-71.772642,48.503626],[-71.772885,48.503483],[-71.772894,48.503096],[-71.77328,48.503043],[-71.7731,48.50284],[-71.773172,48.502394],[-71.773487,48.502918],[-71.77302,48.503203],[-71.77293,48.503596],[-71.773056,48.504209],[-71.773747,48.505138],[-71.774753,48.505781],[-71.775391,48.505852],[-71.775876,48.506519],[-71.775858,48.506739],[-71.777565,48.507042],[-71.776927,48.508637],[-71.775912,48.508721],[-71.775903,48.508453],[-71.775562,48.508286],[-71.775688,48.507989]]]]}},{"type":"Feature","properties":{"owner1":"TREMBLAY PHILIPPE","owner2":null,"matricule":"1268-19-6188","street":"BELLE-RIVIERE","civicLow":"1132","civicHigh":"0","valueLand":"35400","valueBuilding":"106600","valueTotal":"142000","mailAddr":"1132 RANG BELLE-RIVIERE","mailCity":null,"mun":null},"geometry":{"type":"MultiPolygon","coordinates":[[[[-71.752897,48.45261],[-71.752655,48.453027],[-71.752134,48.452878],[-71.752358,48.452449],[-71.752897,48.45261]]]]}},{"type":"Feature","properties":{"owner1":"BOUCHARD PIERRE","owner2":"BOUCHARD GILLES","matricule":"1077-06-3624","street":"BOISE","civicLow":"0","civicHigh":"0","valueLand":"47000","valueBuilding":"0","valueTotal":"47000","mailAddr":"50 CHEMIN DU LAC MERRILL","mailCity":null,"mun":null},"geometry":{"type":"MultiPolygon","coordinates":[[[[-71.783117,48.529689],[-71.783566,48.529796],[-71.783296,48.530391],[-71.782838,48.530302],[-71.783117,48.529689]]]]}},{"type":"Feature","properties":{"owner1":"HARVEY NORMAND","owner2":null,"matricule":"1471-63-9945","street":"4","civicLow":"1200","civicHigh":"1204","valueLand":"37400","valueBuilding":"203800","valueTotal":"241200","mailAddr":"1200 RANG 4","mailCity":null,"mun":null},"geometry":{"type":"MultiPolygon","coordinates":[[[[-71.718483,48.474012],[-71.71913,48.474125],[-71.718968,48.47456],[-71.718321,48.474447],[-71.718483,48.474012]]]]}},{"type":"Feature","properties":{"owner1":"ROY CHRISTIAN","owner2":null,"matricule":"1272-10-6977","street":"4","civicLow":"1476","civicHigh":"1478","valueLand":"41000","valueBuilding":"118900","valueTotal":"159900","mailAddr":"1476 RANG 4","mailCity":null,"mun":null},"geometry":{"type":"MultiPolygon","coordinates":[[[[-71.752538,48.480283],[-71.753751,48.48045],[-71.753634,48.480753],[-71.752439,48.480539],[-71.752538,48.480283]]]]}},{"type":"Feature","properties":{"owner1":"GAGNON ALAIN","owner2":"CARON SYLVIE","matricule":"1074-36-1140","street":"POINTE-DU-LAC","civicLow":"83","civicHigh":"0","valueLand":"48400","valueBuilding":"113000","valueTotal":"161400","mailAddr":"2978 RUE ST-PATRICK","mailCity":null,"mun":null},"geometry":{"type":"MultiPolygon","coordinates":[[[[-71.778958,48.503084],[-71.778922,48.503477],[-71.778625,48.503382],[-71.778715,48.503126],[-71.778958,48.503084]]]]}},{"type":"Feature","properties":{"owner1":"LAPOINTE KATHLEEN","owner2":null,"matricule":"1074-26-9142","street":"POINTE-DU-LAC","civicLow":"81","civicHigh":"0","valueLand":"55800","valueBuilding":"133000","valueTotal":"188800","mailAddr":"2785 BOSSUET","mailCity":null,"mun":null},"geometry":{"type":"MultiPolygon","coordinates":[[[[-71.779209,48.503019],[-71.779209,48.503519],[-71.778922,48.503477],[-71.778958,48.503084],[-71.779209,48.503019]]]]}},{"type":"Feature","properties":{"owner1":"CHAYER ALAIN","owner2":"LAVOIE LOUISE","matricule":"1074-26-4939","street":"POINTE-DU-LAC","civicLow":"79","civicHigh":"0","valueLand":"146900","valueBuilding":"67200","valueTotal":"214100","mailAddr":"3925 RUE LYON","mailCity":null,"mun":null},"geometry":{"type":"MultiPolygon","coordinates":[[[[-71.779676,48.502918],[-71.779955,48.503561],[-71.779523,48.503537],[-71.779443,48.502971],[-71.779676,48.502918]]]]}},{"type":"Feature","properties":{"owner1":"COTE MARC","owner2":null,"matricule":"0972-94-0976","street":"DE QUEN","civicLow":"498","civicHigh":"0","valueLand":"33800","valueBuilding":"126800","valueTotal":"160600","mailAddr":"498 RUE DE QUEN","mailCity":null,"mun":null},"geometry":{"type":"MultiPolygon","coordinates":[[[[-71.783413,48.483737],[-71.783198,48.48354],[-71.783584,48.483611],[-71.783728,48.48351],[-71.784267,48.483748],[-71.783871,48.484016],[-71.783413,48.483737]]]]}},{"type":"Feature","properties":{"owner1":"COUTURE MICHEL","owner2":null,"matricule":"0972-71-0766","street":"COULOMBE","civicLow":"4","civicHigh":"0","valueLand":"42200","valueBuilding":"105800","valueTotal":"148000","mailAddr":"134 RUE DE QUEN","mailCity":null,"mun":null},"geometry":{"type":"MultiPolygon","coordinates":[[[[-71.786791,48.480908],[-71.786566,48.481271],[-71.785964,48.481164],[-71.786189,48.480622],[-71.786917,48.4807],[-71.786791,48.480908]]]]}},{"type":"Feature","properties":{"owner1":"9228-2748 QUEBEC INC","owner2":null,"matricule":"1172-06-8710","street":"DE QUEN","civicLow":"0","civicHigh":"0","valueLand":"136600","valueBuilding":"0","valueTotal":"136600","mailAddr":"286 RUE DE QUEN","mailCity":null,"mun":null},"geometry":{"type":"MultiPolygon","coordinates":[[[[-71.755934,48.483582],[-71.756392,48.48245],[-71.779676,48.486648],[-71.780278,48.487238],[-71.780215,48.487309],[-71.779479,48.487089],[-71.778886,48.487761],[-71.755934,48.483582]]]]}},{"type":"Feature","properties":{"owner1":"S.I.A.L.","owner2":null,"matricule":"1080-96-3648","street":"ILES","civicLow":"155","civicHigh":"0","valueLand":"39700","valueBuilding":"30800","valueTotal":"70500","mailAddr":"399 RUE LEJEUNE","mailCity":null,"mun":null},"geometry":{"type":"MultiPolygon","coordinates":[[[[-71.771987,48.557296],[-71.771789,48.557534],[-71.771385,48.557463],[-71.771591,48.557213],[-71.771987,48.557296]]]]}},{"type":"Feature","properties":{"owner1":"S.I.A.L.","owner2":null,"matricule":"0974-70-6914","street":"ST-JUDE","civicLow":"0","civicHigh":"0","valueLand":"100","valueBuilding":"0","valueTotal":"100","mailAddr":"1655 RUE POWELL","mailCity":null,"mun":null},"geometry":{"type":"MultiPolygon","coordinates":[[[[-71.785964,48.497578],[-71.785964,48.4974],[-71.786045,48.497596],[-71.785812,48.497864],[-71.785964,48.497578]]]]}},{"type":"Feature","properties":{"owner1":"MUNICIPALITE DE SAINT-GEDEON","owner2":null,"matricule":"1073-35-5802","street":"DE QUEN","civicLow":"0","civicHigh":"0","valueLand":"14400","valueBuilding":"0","valueTotal":"14400","mailAddr":"208 RUE DE QUEN","mailCity":null,"mun":null},"geometry":{"type":"MultiPolygon","coordinates":[[[[-71.77814,48.493001],[-71.777889,48.493161],[-71.777763,48.493138],[-71.777826,48.492941],[-71.77814,48.493001]]]]}},{"type":"Feature","properties":{"owner1":"MORICE ERIC","owner2":null,"matricule":"0972-50-6267","street":"DE QUEN","civicLow":"588","civicHigh":"592","valueLand":"21300","valueBuilding":"82400","valueTotal":"103700","mailAddr":"427 RUE HOTEL DE VILLE","mailCity":null,"mun":null},"geometry":{"type":"MultiPolygon","coordinates":[[[[-71.788093,48.480039],[-71.788237,48.47986],[-71.788659,48.479985],[-71.788435,48.480194],[-71.788093,48.480039]]]]}},{"type":"Feature","properties":{"owner1":"JEAN JEAN-LUC","owner2":"TREMBLAY DANIELLE","matricule":"0972-50-7788","street":"DE QUEN","civicLow":"574","civicHigh":"576","valueLand":"20700","valueBuilding":"107800","valueTotal":"128500","mailAddr":"884 RUE ARMAND","mailCity":null,"mun":null},"geometry":{"type":"MultiPolygon","coordinates":[[[[-71.787869,48.480259],[-71.788093,48.480039],[-71.788435,48.480194],[-71.788255,48.48036],[-71.787869,48.480259]]]]}},{"type":"Feature","properties":{"owner1":"ANGERS JEAN","owner2":null,"matricule":"1076-66-3466","street":"CHENES","civicLow":"18","civicHigh":"0","valueLand":"107000","valueBuilding":"168800","valueTotal":"275800","mailAddr":"18 CHEMIN DES CHENES","mailCity":null,"mun":null},"geometry":{"type":"MultiPolygon","coordinates":[[[[-71.774825,48.522032],[-71.774547,48.522205],[-71.774304,48.522163],[-71.774726,48.52105],[-71.775122,48.521116],[-71.775526,48.521937],[-71.775751,48.522098],[-71.775679,48.522145],[-71.775149,48.521776],[-71.774825,48.522032]]]]}},{"type":"Feature","properties":{"owner1":"MUNICIPALITE DE SAINT-GEDEON","owner2":null,"matricule":"1074-99-3131","street":"DE QUEN","civicLow":"0","civicHigh":"0","valueLand":"1000","valueBuilding":"0","valueTotal":"1000","mailAddr":"208 RUE DE QUEN","mailCity":null,"mun":null},"geometry":{"type":"MultiPolygon","coordinates":[[[[-71.770882,48.506191],[-71.770064,48.506042],[-71.770091,48.505763],[-71.770909,48.505906],[-71.770882,48.506191]]]]}},{"type":"Feature","properties":{"owner1":"BRISSON GILBERT","owner2":"OUELLET GHISLAINE","matricule":"1079-02-9404","street":"QUAI","civicLow":"15","civicHigh":"0","valueLand":"140900","valueBuilding":"241700","valueTotal":"382600","mailAddr":"1405 AVENUE CHARLES-HUOT","mailCity":null,"mun":null},"geometry":{"type":"MultiPolygon","coordinates":[[[[-71.783198,48.544167],[-71.783045,48.54444],[-71.782335,48.544363],[-71.782569,48.544107],[-71.783198,48.544167]]]]}},{"type":"Feature","properties":{"owner1":"DORE REMI","owner2":"GAGNON NICOLE","matricule":"1079-12-0839","street":"QUAI","civicLow":"302","civicHigh":"0","valueLand":"164500","valueBuilding":"211500","valueTotal":"376000","mailAddr":"302 CHEMIN DU QUAI","mailCity":null,"mun":null},"geometry":{"type":"MultiPolygon","coordinates":[[[[-71.783045,48.54444],[-71.782901,48.544583],[-71.782982,48.544845],[-71.782245,48.544738],[-71.782335,48.544363],[-71.783045,48.54444]]]]}},{"type":"Feature","properties":{"owner1":"TREMBLAY SUZANNE","owner2":null,"matricule":"1079-12-1268","street":"QUAI","civicLow":"304","civicHigh":"0","valueLand":"111000","valueBuilding":"89600","valueTotal":"200600","mailAddr":"1197 AVENUE DU MUGUET SUD","mailCity":null,"mun":null},"geometry":{"type":"MultiPolygon","coordinates":[[[[-71.782191,48.544868],[-71.782147,48.544981],[-71.782012,48.544958],[-71.782039,48.544708],[-71.782218,48.544815],[-71.782245,48.544738],[-71.782982,48.544845],[-71.783099,48.544999],[-71.782191,48.544868]]]]}},{"type":"Feature","properties":{"owner1":"COTE NORMAND","owner2":"DUCHAINE FRANCINE","matricule":"1079-12-1498","street":"QUAI","civicLow":"306","civicHigh":"0","valueLand":"180000","valueBuilding":"139100","valueTotal":"319100","mailAddr":"306 CHEMIN DU QUAI","mailCity":null,"mun":null},"geometry":{"type":"MultiPolygon","coordinates":[[[[-71.783099,48.544999],[-71.782829,48.545225],[-71.782838,48.54538],[-71.782102,48.545267],[-71.782272,48.54488],[-71.783099,48.544999]]]]}},{"type":"Feature","properties":{"owner1":"LAVOIE STEVE","owner2":"PELLETIER NADIA","matricule":"1077-05-5308","street":"BOISE","civicLow":"62","civicHigh":"0","valueLand":"45100","valueBuilding":"255500","valueTotal":"300600","mailAddr":"62 CHEMIN DU BOISE","mailCity":null,"mun":null},"geometry":{"type":"MultiPolygon","coordinates":[[[[-71.782856,48.52938],[-71.782632,48.529302],[-71.78291,48.52863],[-71.783269,48.528702],[-71.782964,48.529439],[-71.782856,48.52938]]]]}},{"type":"Feature","properties":{"owner1":"BOUCHARD COTE FELIX","owner2":null,"matricule":"1077-05-2821","street":"BOISE","civicLow":"70","civicHigh":"0","valueLand":"48000","valueBuilding":"241600","valueTotal":"289600","mailAddr":"70 CHEMIN DU BOISE","mailCity":null,"mun":null},"geometry":{"type":"MultiPolygon","coordinates":[[[[-71.783629,48.528767],[-71.783278,48.5296],[-71.782964,48.529439],[-71.783269,48.528702],[-71.783629,48.528767]]]]}},{"type":"Feature","properties":{"owner1":"TREMBLAY MARIELLE","owner2":null,"matricule":"0974-93-4292","street":"POINTE-DU-LAC","civicLow":"33","civicHigh":"0","valueLand":"165200","valueBuilding":"146300","valueTotal":"311500","mailAddr":"33 CHEMIN DE LA POINTE-DU-LAC","mailCity":null,"mun":null},"geometry":{"type":"MultiPolygon","coordinates":[[[[-71.783548,48.501031],[-71.783144,48.50087],[-71.783314,48.500686],[-71.784347,48.501114],[-71.784132,48.501287],[-71.783548,48.501031]]]]}},{"type":"Feature","properties":{"owner1":"COULOMBE GUY","owner2":null,"matricule":"0971-37-2774","street":"BELLE-RIVIERE","civicLow":"1353","civicHigh":"0","valueLand":"39300","valueBuilding":"96400","valueTotal":"135700","mailAddr":"1353 RANG BELLE-RIVIERE","mailCity":null,"mun":null},"geometry":{"type":"MultiPolygon","coordinates":[[[[-71.791013,48.47746],[-71.791255,48.477425],[-71.791228,48.477043],[-71.791893,48.476877],[-71.791938,48.477091],[-71.792432,48.477329],[-71.791642,48.477431],[-71.79175,48.477752],[-71.791606,48.477865],[-71.791085,48.477698],[-71.791013,48.47746]]]]}},{"type":"Feature","properties":{"owner1":"GIRARD CAROL","owner2":null,"matricule":"0972-20-6799","street":"GARE","civicLow":"145","civicHigh":"0","valueLand":"12300","valueBuilding":"132600","valueTotal":"144900","mailAddr":"196 RUE MAURIAC","mailCity":null,"mun":null},"geometry":{"type":"MultiPolygon","coordinates":[[[[-71.792567,48.480253],[-71.792549,48.480331],[-71.792127,48.480265],[-71.792154,48.480188],[-71.792567,48.480253]]]]}},{"type":"Feature","properties":{"owner1":"LES MAISONS CAROL GIRARD INC","owner2":null,"matricule":"0972-20-6590","street":"GARE","civicLow":"149","civicHigh":"0","valueLand":"12300","valueBuilding":"0","valueTotal":"12300","mailAddr":"196 RUE MAURIAC","mailCity":null,"mun":null},"geometry":{"type":"MultiPolygon","coordinates":[[[[-71.792594,48.480176],[-71.792567,48.480253],[-71.792154,48.480188],[-71.792172,48.480116],[-71.792594,48.480176]]]]}},{"type":"Feature","properties":{"owner1":"GIRARD CAROL","owner2":null,"matricule":"0972-20-6280","street":"GARE","civicLow":"153","civicHigh":"0","valueLand":"14400","valueBuilding":"171700","valueTotal":"186100","mailAddr":"196 RUE MAURIAC","mailCity":null,"mun":null},"geometry":{"type":"MultiPolygon","coordinates":[[[[-71.792666,48.480104],[-71.792594,48.480176],[-71.792172,48.480116],[-71.792208,48.480009],[-71.792666,48.480104]]]]}},{"type":"Feature","properties":{"owner1":"LES ENTREPRISES ALFRED BOIVIN INC.","owner2":null,"matricule":"0972-20-5869","street":"GARE","civicLow":"0","civicHigh":"0","valueLand":"15200","valueBuilding":"0","valueTotal":"15200","mailAddr":"2205 RUE DE LA FONDERIE","mailCity":null,"mun":null},"geometry":{"type":"MultiPolygon","coordinates":[[[[-71.79272,48.479979],[-71.792684,48.48008],[-71.792208,48.480009],[-71.792244,48.479908],[-71.79272,48.479979]]]]}},{"type":"Feature","properties":{"owner1":"S.I.A.L.","owner2":null,"matricule":"1075-37-9018","street":"DOMAINE-GRANDMONT","civicLow":"0","civicHigh":"0","valueLand":"5700","valueBuilding":"0","valueTotal":"5700","mailAddr":"1655 RUE POWELL","mailCity":null,"mun":null},"geometry":{"type":"MultiPolygon","coordinates":[[[[-71.777924,48.513],[-71.77796,48.512904],[-71.778077,48.513005],[-71.777924,48.513]]]]}},{"type":"Feature","properties":{"owner1":"S.I.A.L.","owner2":null,"matricule":"1075-47-1207","street":"DOMAINE-GRANDMONT","civicLow":"0","civicHigh":"0","valueLand":"62200","valueBuilding":"0","valueTotal":"62200","mailAddr":"23 HORIZON VIEW COURT","mailCity":null,"mun":null},"geometry":{"type":"MultiPolygon","coordinates":[[[[-71.777745,48.512934],[-71.777457,48.51291],[-71.777475,48.512791],[-71.777933,48.512827],[-71.777933,48.512946],[-71.777745,48.512934]]]]}},{"type":"Feature","properties":{"owner1":"S.I.A.L.","owner2":null,"matricule":"1075-47-3404","street":"DOMAINE-GRANDMONT","civicLow":"0","civicHigh":"0","valueLand":"4000","valueBuilding":"0","valueTotal":"4000","mailAddr":"2466 DE LA LORRAINE C.P. 52","mailCity":null,"mun":null},"geometry":{"type":"MultiPolygon","coordinates":[[[[-71.777475,48.512791],[-71.777457,48.51291],[-71.777287,48.512875],[-71.777475,48.512791]]]]}},{"type":"Feature","properties":{"owner1":"S.I.A.L.","owner2":null,"matricule":"1076-62-7012","street":"ETANG","civicLow":"12","civicHigh":"0","valueLand":"64700","valueBuilding":"255200","valueTotal":"319900","mailAddr":"12 CHEMIN DE L'ETANG","mailCity":null,"mun":null},"geometry":{"type":"MultiPolygon","coordinates":[[[[-71.774592,48.517361],[-71.774592,48.517641],[-71.774035,48.51754],[-71.774017,48.517266],[-71.774592,48.517361]]]]}},{"type":"Feature","properties":{"owner1":"S.I.A.L.","owner2":null,"matricule":"1076-61-5284","street":"ETANG","civicLow":"0","civicHigh":"0","valueLand":"6300","valueBuilding":"0","valueTotal":"6300","mailAddr":"101 CHEMIN DE L'ETANG","mailCity":null,"mun":null},"geometry":{"type":"MultiPolygon","coordinates":[[[[-71.774502,48.517272],[-71.77461,48.517034],[-71.774583,48.517308],[-71.774502,48.517272]]]]}},{"type":"Feature","properties":{"owner1":"SIMARD BERTRAND","owner2":"TREMBLAY LISETTE","matricule":"1072-06-6914","street":"DE QUEN","civicLow":"450","civicHigh":"0","valueLand":"34700","valueBuilding":"154400","valueTotal":"189100","mailAddr":"450 RUE DE QUEN","mailCity":null,"mun":null},"geometry":{"type":"MultiPolygon","coordinates":[[[[-71.781347,48.485154],[-71.780997,48.485017],[-71.781275,48.484665],[-71.781652,48.484713],[-71.782191,48.485112],[-71.78194,48.485362],[-71.781347,48.485154]]]]}},{"type":"Feature","properties":{"owner1":"GIRARD JOEL","owner2":null,"matricule":"1072-84-1307","street":"RUISSEAU","civicLow":"0","civicHigh":"0","valueLand":"107800","valueBuilding":"38200","valueTotal":"146000","mailAddr":"1585 CHEMIN DU RUISSEAU","mailCity":null,"mun":null},"geometry":{"type":"MultiPolygon","coordinates":[[[[-71.78132,48.485219],[-71.780565,48.485017],[-71.780503,48.485166],[-71.779308,48.484951],[-71.779371,48.484814],[-71.775921,48.484189],[-71.77576,48.484546],[-71.773936,48.484255],[-71.758763,48.481456],[-71.757003,48.480908],[-71.757299,48.48014],[-71.773819,48.483159],[-71.773765,48.482885],[-71.774026,48.48273],[-71.778751,48.482724],[-71.783198,48.48354],[-71.783377,48.48376],[-71.782281,48.484463],[-71.781742,48.484386],[-71.781652,48.484713],[-71.781275,48.484665],[-71.780997,48.485017],[-71.78132,48.485219]]]]}},{"type":"Feature","properties":{"owner1":"S.I.A.L.","owner2":null,"matricule":"1075-55-1816","street":"DOMAINE-GRANDMONT","civicLow":"0","civicHigh":"0","valueLand":"20900","valueBuilding":"0","valueTotal":"20900","mailAddr":"304 CHEMIN DU DOMAINE-GRANDMONT","mailCity":null,"mun":null},"geometry":{"type":"MultiPolygon","coordinates":[[[[-71.776236,48.511268],[-71.775984,48.511184],[-71.776047,48.511089],[-71.776352,48.511268],[-71.776281,48.511351],[-71.776236,48.511268]]]]}},{"type":"Feature","properties":{"owner1":"COUTURE SIMON","owner2":null,"matricule":"1074-71-5512","street":"DE QUEN","civicLow":"134","civicHigh":"0","valueLand":"28800","valueBuilding":"204600","valueTotal":"233400","mailAddr":"134 RUE DE QUEN","mailCity":null,"mun":null},"geometry":{"type":"MultiPolygon","coordinates":[[[[-71.7731,48.498531],[-71.772903,48.498769],[-71.772247,48.49865],[-71.772445,48.498406],[-71.7731,48.498531]]]]}},{"type":"Feature","properties":{"owner1":"GODERRE TREMBLAY OLIVIER","owner2":null,"matricule":"1076-81-7168","street":"ETANG","civicLow":"2","civicHigh":"0","valueLand":"34100","valueBuilding":"225100","valueTotal":"259200","mailAddr":"2 CHEMIN DE L'ETANG","mailCity":null,"mun":null},"geometry":{"type":"MultiPolygon","coordinates":[[[[-71.771555,48.517421],[-71.771421,48.517457],[-71.771448,48.517225],[-71.771178,48.516748],[-71.771753,48.516856],[-71.771807,48.517338],[-71.771555,48.517421]]]]}},{"type":"Feature","properties":{"owner1":"LESSARD MAXIME","owner2":"POTVIN LUCETTE","matricule":"0972-61-4763","street":"DE QUEN","civicLow":"558","civicHigh":"0","valueLand":"28900","valueBuilding":"89600","valueTotal":"118500","mailAddr":"558 RUE DE QUEN","mailCity":null,"mun":null},"geometry":{"type":"MultiPolygon","coordinates":[[[[-71.787698,48.480896],[-71.787509,48.481099],[-71.786791,48.480908],[-71.786917,48.4807],[-71.787698,48.480896]]]]}},{"type":"Feature","properties":{"owner1":"S.I.A.L.","owner2":null,"matricule":"1074-38-9970","street":"BERNACHES","civicLow":"304","civicHigh":"0","valueLand":"44700","valueBuilding":"95200","valueTotal":"139900","mailAddr":"760 AVENUE BOUDREAULT NORD","mailCity":null,"mun":null},"geometry":{"type":"MultiPolygon","coordinates":[[[[-71.777862,48.505257],[-71.777808,48.505513],[-71.777475,48.505394],[-71.777448,48.505251],[-71.777862,48.505257]]]]}},{"type":"Feature","properties":{"owner1":"S.I.A.L.","owner2":"S.I.A.L.","matricule":"1075-45-8951","street":"DOMAINE-GRANDMONT","civicLow":"0","civicHigh":"0","valueLand":"24200","valueBuilding":"0","valueTotal":"24200","mailAddr":"308 CHEMIN DU DOMAINE-GRANDMONT","mailCity":null,"mun":null},"geometry":{"type":"MultiPolygon","coordinates":[[[[-71.776604,48.511518],[-71.776424,48.511488],[-71.776496,48.511411],[-71.776748,48.51153],[-71.776649,48.511595],[-71.776604,48.511518]]]]}},{"type":"Feature","properties":{"owner1":"GIRARD NICOL","owner2":"JEAN NICOLE","matricule":"1075-55-1961","street":"DOMAINE-GRANDMONT","civicLow":"306","civicHigh":"0","valueLand":"91300","valueBuilding":"224800","valueTotal":"316100","mailAddr":"306 CHEMIN DU DOMAINE-GRANDMONT","mailCity":null,"mun":null},"geometry":{"type":"MultiPolygon","coordinates":[[[[-71.7762,48.511726],[-71.775948,48.511714],[-71.776281,48.511351],[-71.776424,48.511488],[-71.7762,48.511726]]]]}},{"type":"Feature","properties":{"owner1":"HARVEY LUC","owner2":null,"matricule":"1075-81-9067","street":"DE QUEN","civicLow":"47","civicHigh":"0","valueLand":"41300","valueBuilding":"156100","valueTotal":"197400","mailAddr":"47 RUE DE QUEN","mailCity":null,"mun":null},"geometry":{"type":"MultiPolygon","coordinates":[[[[-71.770684,48.507834],[-71.771672,48.508007],[-71.771501,48.508358],[-71.770513,48.508185],[-71.770684,48.507834]]]]}},{"type":"Feature","properties":{"owner1":"GILBERT PIERRE","owner2":null,"matricule":"1075-81-1693","street":"TOUR","civicLow":"4","civicHigh":"0","valueLand":"33900","valueBuilding":"162900","valueTotal":"196800","mailAddr":"4 CHEMIN DE LA TOUR","mailCity":null,"mun":null},"geometry":{"type":"MultiPolygon","coordinates":[[[[-71.771879,48.508018],[-71.772499,48.508137],[-71.772409,48.508304],[-71.772804,48.508381],[-71.772696,48.508596],[-71.771681,48.508399],[-71.771879,48.508018]]]]}},{"type":"Feature","properties":{"owner1":"BOILY YVAN","owner2":null,"matricule":"1074-71-2577","street":"DE QUEN","civicLow":"119","civicHigh":"0","valueLand":"22400","valueBuilding":"107900","valueTotal":"130300","mailAddr":"119 RUE DE QUEN","mailCity":null,"mun":null},"geometry":{"type":"MultiPolygon","coordinates":[[[[-71.773388,48.499084],[-71.773199,48.499329],[-71.772804,48.499251],[-71.772984,48.499007],[-71.773388,48.499084]]]]}},{"type":"Feature","properties":{"owner1":"DESGAGNE BERNARD","owner2":"DAIGLE JUDITH","matricule":"1074-72-4004","street":"DE QUEN","civicLow":"115","civicHigh":"115","valueLand":"22300","valueBuilding":"142000","valueTotal":"164300","mailAddr":"305 RUE DE QUEN","mailCity":null,"mun":null},"geometry":{"type":"MultiPolygon","coordinates":[[[[-71.773199,48.499329],[-71.77302,48.499573],[-71.772615,48.499501],[-71.772804,48.499251],[-71.773199,48.499329]]]]}},{"type":"Feature","properties":{"owner1":"DALLAIRE RICHARD","owner2":"BOUDREAULT NATHALIE","matricule":"1072-08-9965","street":"DE QUEN","civicLow":"415","civicHigh":"417","valueLand":"43900","valueBuilding":"131100","valueTotal":"175000","mailAddr":"417 RUE DE QUEN","mailCity":null,"mun":null},"geometry":{"type":"MultiPolygon","coordinates":[[[[-71.780808,48.487482],[-71.780709,48.487339],[-71.780431,48.487267],[-71.780781,48.486874],[-71.782057,48.487113],[-71.781688,48.48766],[-71.780808,48.487482]]]]}},{"type":"Feature","properties":{"owner1":"ROY ERIC","owner2":"SIMARD MYLENE","matricule":"1072-28-2267","street":"DE QUEN","civicLow":"410","civicHigh":"0","valueLand":"32800","valueBuilding":"203400","valueTotal":"236200","mailAddr":"410 RUE DE QUEN","mailCity":null,"mun":null},"geometry":{"type":"MultiPolygon","coordinates":[[[[-71.780215,48.487309],[-71.780044,48.487505],[-71.77973,48.48744],[-71.779577,48.487607],[-71.77911,48.487511],[-71.779479,48.487089],[-71.780215,48.487309]]]]}},{"type":"Feature","properties":{"owner1":"ROY ERIC","owner2":"SIMARD MYLENE","matricule":"1072-28-0794","street":"DE QUEN","civicLow":"402","civicHigh":"0","valueLand":"16600","valueBuilding":"89700","valueTotal":"106300","mailAddr":"410 RUE DE QUEN","mailCity":null,"mun":null},"geometry":{"type":"MultiPolygon","coordinates":[[[[-71.780044,48.487505],[-71.779901,48.487672],[-71.779577,48.487607],[-71.77973,48.48744],[-71.780044,48.487505]]]]}},{"type":"Feature","properties":{"owner1":"GAGNON LEONCE","owner2":null,"matricule":"1072-29-3911","street":"DE QUEN","civicLow":"396","civicHigh":"0","valueLand":"32100","valueBuilding":"135300","valueTotal":"167400","mailAddr":"396 RUE DE QUEN","mailCity":null,"mun":null},"geometry":{"type":"MultiPolygon","coordinates":[[[[-71.778886,48.487761],[-71.77911,48.487511],[-71.779901,48.487672],[-71.779685,48.48791],[-71.778886,48.487761]]]]}},{"type":"Feature","properties":{"owner1":"BERGERON REGINALD","owner2":"GARNEAU SUZANNE","matricule":"1074-49-5935","street":"BERNACHES","civicLow":"101","civicHigh":"0","valueLand":"65900","valueBuilding":"77200","valueTotal":"143100","mailAddr":"3533 RUE CHABOT","mailCity":null,"mun":null},"geometry":{"type":"MultiPolygon","coordinates":[[[[-71.776811,48.505703],[-71.777125,48.505757],[-71.777098,48.506162],[-71.776882,48.506191],[-71.776532,48.505894],[-71.776811,48.505703]]]]}},{"type":"Feature","properties":{"owner1":"S.I.A.L.","owner2":"S.I.A.L.","matricule":"1075-85-5898","street":"DOMAINE-GRANDMONT","civicLow":"13","civicHigh":"0","valueLand":"17100","valueBuilding":"0","valueTotal":"17100","mailAddr":"13 CHEMIN DU DOMAINE-GRANDMONT","mailCity":null,"mun":null},"geometry":{"type":"MultiPolygon","coordinates":[[[[-71.77134,48.511928],[-71.771879,48.511905],[-71.771825,48.512018],[-71.77134,48.511928]]]]}},{"type":"Feature","properties":{"owner1":"VEZINA DENIS","owner2":null,"matricule":"1175-04-4504","street":"DE QUEN","civicLow":"26","civicHigh":"0","valueLand":"44000","valueBuilding":"195100","valueTotal":"239100","mailAddr":"26 CHEMIN DE QUEN","mailCity":null,"mun":null},"geometry":{"type":"MultiPolygon","coordinates":[[[[-71.769238,48.510101],[-71.768896,48.510768],[-71.768447,48.510685],[-71.768591,48.510322],[-71.768869,48.510363],[-71.769013,48.510089],[-71.768708,48.509959],[-71.768807,48.509691],[-71.769381,48.50981],[-71.769238,48.510101]]]]}},{"type":"Feature","properties":{"owner1":"MALTAIS JACQUES","owner2":"TREMBLAY NATHALIE","matricule":"1175-03-3634","street":"DE QUEN","civicLow":"30","civicHigh":"0","valueLand":"27800","valueBuilding":"148600","valueTotal":"176400","mailAddr":"30 CHEMIN DE QUEN","mailCity":null,"mun":null},"geometry":{"type":"MultiPolygon","coordinates":[[[[-71.768807,48.509691],[-71.768905,48.509423],[-71.769525,48.509554],[-71.769381,48.50981],[-71.768807,48.509691]]]]}},{"type":"Feature","properties":{"owner1":"9134-7062 QUEBEC INC","owner2":null,"matricule":"1175-03-1202","street":"DE QUEN","civicLow":"34","civicHigh":"0","valueLand":"24000","valueBuilding":"34500","valueTotal":"58500","mailAddr":"259 CHEMIN DES ILES","mailCity":null,"mun":null},"geometry":{"type":"MultiPolygon","coordinates":[[[[-71.769229,48.509488],[-71.769426,48.509102],[-71.769723,48.509161],[-71.769525,48.509554],[-71.769229,48.509488]]]]}},{"type":"Feature","properties":{"owner1":"GAGNE REJEAN","owner2":"GAGNE MANON","matricule":"1075-99-4080","street":"ILES","civicLow":"800","civicHigh":"0","valueLand":"140100","valueBuilding":"52200","valueTotal":"192300","mailAddr":"1004 RUE DES AULNIERS","mailCity":null,"mun":null},"geometry":{"type":"MultiPolygon","coordinates":[[[[-71.773442,48.516778],[-71.773415,48.516903],[-71.773136,48.516975],[-71.773181,48.517117],[-71.770055,48.516534],[-71.768618,48.513809],[-71.773774,48.514755],[-71.772876,48.51494],[-71.77187,48.514868],[-71.771681,48.514904],[-71.771448,48.515195],[-71.771591,48.515427],[-71.772202,48.515552],[-71.772759,48.515981],[-71.773469,48.515826],[-71.773837,48.515874],[-71.773801,48.51632],[-71.773415,48.516528],[-71.773442,48.516778]]]]}},{"type":"Feature","properties":{"owner1":"SIMARD PIER-LUC","owner2":"GIRARD MARIE-ANNE","matricule":"1074-71-8350","street":"DE QUEN","civicLow":"130","civicHigh":"0","valueLand":"37400","valueBuilding":"142000","valueTotal":"179400","mailAddr":"130 RUE DE QUEN","mailCity":null,"mun":null},"geometry":{"type":"MultiPolygon","coordinates":[[[[-71.771798,48.498989],[-71.772032,48.498686],[-71.772858,48.498828],[-71.77257,48.499192],[-71.771798,48.498989]]]]}},{"type":"Feature","properties":{"owner1":"S.I.A.L.","owner2":null,"matricule":"0978-97-7600","street":"CEDRIERE","civicLow":"0","civicHigh":"0","valueLand":"200","valueBuilding":"0","valueTotal":"200","mailAddr":"1655 RUE POWELL","mailCity":null,"mun":null},"geometry":{"type":"MultiPolygon","coordinates":[[[[-71.785973,48.540741],[-71.786315,48.540491],[-71.785012,48.539736],[-71.783584,48.539795],[-71.783287,48.540342],[-71.783072,48.540461],[-71.783395,48.540759],[-71.782739,48.540372],[-71.78318,48.540354],[-71.783449,48.539771],[-71.783737,48.53967],[-71.785138,48.539712],[-71.785255,48.539587],[-71.78521,48.539742],[-71.786575,48.540545],[-71.786423,48.540681],[-71.78636,48.540539],[-71.785973,48.540741]]]]}},{"type":"Feature","properties":{"owner1":"S.I.A.L.","owner2":null,"matricule":"0978-77-7469","street":"CEDRIERE","civicLow":"0","civicHigh":"0","valueLand":"71500","valueBuilding":"0","valueTotal":"71500","mailAddr":"1655 RUE POWELL","mailCity":null,"mun":null},"geometry":{"type":"MultiPolygon","coordinates":[[[[-71.787536,48.540461],[-71.787617,48.540598],[-71.787366,48.540979],[-71.78724,48.540949],[-71.787563,48.540652],[-71.787447,48.540461],[-71.786809,48.540313],[-71.785255,48.539587],[-71.787536,48.540461]]]]}},{"type":"Feature","properties":{"owner1":"S.I.A.L.","owner2":null,"matricule":"0978-98-2706","street":"CEDRIERE","civicLow":"0","civicHigh":"0","valueLand":"67700","valueBuilding":"0","valueTotal":"67700","mailAddr":"1655 RUE POWELL","mailCity":null,"mun":null},"geometry":{"type":"MultiPolygon","coordinates":[[[[-71.784904,48.540681],[-71.785039,48.540259],[-71.78494,48.539956],[-71.784725,48.539783],[-71.785021,48.53992],[-71.78512,48.540259],[-71.784994,48.540658],[-71.785551,48.540878],[-71.78583,48.541205],[-71.785542,48.541068],[-71.785345,48.540789],[-71.784904,48.540681]]]]}},{"type":"Feature","properties":{"owner1":"S.I.A.L.","owner2":"S.I.A.L.","matricule":"0972-37-3389","street":"SAINT-GEDEON-SUR-LE-LAC","civicLow":"24","civicHigh":"0","valueLand":"222900","valueBuilding":"214200","valueTotal":"437100","mailAddr":"24 CHEMIN DE SAINT-GEDEON-SUR-LE-LAC","mailCity":null,"mun":null},"geometry":{"type":"MultiPolygon","coordinates":[[[[-71.791166,48.486636],[-71.7913,48.486184],[-71.792513,48.486392],[-71.792513,48.486505],[-71.792001,48.486416],[-71.792235,48.486809],[-71.791166,48.486636]]]]}},{"type":"Feature","properties":{"owner1":"VILLENEUVE MARJOLAINE","owner2":null,"matricule":"0972-41-6947","street":"FORTIN","civicLow":"113","civicHigh":"0","valueLand":"25400","valueBuilding":"37500","valueTotal":"62900","mailAddr":"113 RUE FORTIN","mailCity":null,"mun":null},"geometry":{"type":"MultiPolygon","coordinates":[[[[-71.789567,48.48064],[-71.789989,48.480426],[-71.789944,48.480765],[-71.789162,48.480914],[-71.789567,48.48064]]]]}},{"type":"Feature","properties":{"owner1":"TRUDEL RAYMONDE","owner2":null,"matricule":"0972-41-9914","street":"MORISSETTE","civicLow":"109","civicHigh":"0","valueLand":"43600","valueBuilding":"99100","valueTotal":"142700","mailAddr":"109 RUE MORISSETTE","mailCity":null,"mun":null},"geometry":{"type":"MultiPolygon","coordinates":[[[[-71.789567,48.48064],[-71.789162,48.480914],[-71.788857,48.480741],[-71.789073,48.480533],[-71.788902,48.48045],[-71.789414,48.47992],[-71.78971,48.479979],[-71.789414,48.480545],[-71.789567,48.48064]]]]}},{"type":"Feature","properties":{"owner1":"COULOMBE JEAN-PHILIPPE SUCCESSION (5)","owner2":null,"matricule":"0972-73-3987","street":"DE QUEN","civicLow":"0","civicHigh":"0","valueLand":"19700","valueBuilding":"0","valueTotal":"19700","mailAddr":"528 RUE DE QUEN","mailCity":null,"mun":null},"geometry":{"type":"MultiPolygon","coordinates":[[[[-71.785767,48.482873],[-71.785964,48.482754],[-71.786306,48.482968],[-71.786126,48.483099],[-71.785767,48.482873]]]]}},{"type":"Feature","properties":{"owner1":"MINIER DONAVAN","owner2":"GALARNEAU AUDREY","matricule":"1075-86-2815","street":"DOMAINE-GRANDMONT","civicLow":"15","civicHigh":"0","valueLand":"29100","valueBuilding":"202100","valueTotal":"231200","mailAddr":"15 CHEMIN DU DOMAINE-GRANDMONT","mailCity":null,"mun":null},"geometry":{"type":"MultiPolygon","coordinates":[[[[-71.772346,48.511958],[-71.772238,48.512214],[-71.771753,48.51219],[-71.771825,48.512018],[-71.772346,48.511958]]]]}},{"type":"Feature","properties":{"owner1":"S.I.A.L.","owner2":null,"matricule":"1075-85-2584","street":"DOMAINE-GRANDMONT","civicLow":"15","civicHigh":"0","valueLand":"34100","valueBuilding":"0","valueTotal":"34100","mailAddr":"1655 RUE POWELL","mailCity":null,"mun":null},"geometry":{"type":"MultiPolygon","coordinates":[[[[-71.772427,48.511774],[-71.772355,48.511946],[-71.77169,48.511899],[-71.771744,48.511762],[-71.772427,48.511774]]]]}},{"type":"Feature","properties":{"owner1":"S.I.A.L.","owner2":null,"matricule":"1075-56-2789","street":"DOMAINE-GRANDMONT","civicLow":"0","civicHigh":"0","valueLand":"20500","valueBuilding":"0","valueTotal":"20500","mailAddr":"200 RUE BOULANGER OUEST","mailCity":null,"mun":null},"geometry":{"type":"MultiPolygon","coordinates":[[[[-71.776298,48.512833],[-71.776325,48.512952],[-71.775984,48.512886],[-71.77602,48.512381],[-71.776298,48.512833]]]]}},{"type":"Feature","properties":{"owner1":"S.I.A.L.","owner2":null,"matricule":"0978-78-7414","street":"CEDRIERE","civicLow":"50","civicHigh":"0","valueLand":"149200","valueBuilding":"157400","valueTotal":"306600","mailAddr":"51 CHEMIN DE LA CEDRIERE","mailCity":null,"mun":null},"geometry":{"type":"MultiPolygon","coordinates":[[[[-71.787563,48.540652],[-71.78724,48.540949],[-71.786467,48.540646],[-71.786575,48.540545],[-71.787563,48.540652]]]]}},{"type":"Feature","properties":{"owner1":"S.I.A.L.","owner2":null,"matricule":"1075-52-8500","street":"TOUR","civicLow":"0","civicHigh":"0","valueLand":"41400","valueBuilding":"0","valueTotal":"41400","mailAddr":"2916 RUE DE LA TRAVERSE","mailCity":null,"mun":null},"geometry":{"type":"MultiPolygon","coordinates":[[[[-71.774762,48.508328],[-71.775041,48.508227],[-71.775544,48.508334],[-71.77549,48.508477],[-71.774762,48.508328]]]]}},{"type":"Feature","properties":{"owner1":"S.I.A.L.","owner2":"S.I.A.L.","matricule":"1075-62-1739","street":"TOUR","civicLow":"0","civicHigh":"0","valueLand":"20300","valueBuilding":"0","valueTotal":"20300","mailAddr":"494 RUE BECARD","mailCity":null,"mun":null},"geometry":{"type":"MultiPolygon","coordinates":[[[[-71.774232,48.508596],[-71.775355,48.508798],[-71.775337,48.508852],[-71.774232,48.508596]]]]}},{"type":"Feature","properties":{"owner1":"LE POTAGER GRANDMONT INC.","owner2":null,"matricule":"1174-12-2994","street":"DE QUEN","civicLow":"0","civicHigh":"0","valueLand":"16100","valueBuilding":"0","valueTotal":"16100","mailAddr":"286 RUE DEQUEN","mailCity":null,"mun":null},"geometry":{"type":"MultiPolygon","coordinates":[[[[-71.769678,48.500299],[-71.769678,48.500293],[-71.769723,48.500305],[-71.769678,48.500299]]],[[[-71.769902,48.50034],[-71.771412,48.500608],[-71.771223,48.500888],[-71.771088,48.500882],[-71.769902,48.50034]]],[[[-71.764674,48.500067],[-71.765061,48.499454],[-71.769606,48.500281],[-71.770253,48.500721],[-71.77028,48.500858],[-71.770549,48.500882],[-71.7709,48.501198],[-71.764674,48.500067]]],[[[-71.770989,48.501209],[-71.771043,48.501209],[-71.770963,48.501209],[-71.770989,48.501209]]]]}},{"type":"Feature","properties":{"owner1":"S.I.A.L.","owner2":null,"matricule":"1180-58-1816","street":"GOLF","civicLow":"312","civicHigh":"0","valueLand":"46200","valueBuilding":"82500","valueTotal":"128700","mailAddr":"2689 RUE DOLBEAU","mailCity":null,"mun":null},"geometry":{"type":"MultiPolygon","coordinates":[[[[-71.763363,48.558991],[-71.763291,48.558712],[-71.764611,48.559092],[-71.764611,48.559199],[-71.763363,48.558991]]]]}},{"type":"Feature","properties":{"owner1":"MORIN LOUIS","owner2":"MORIN PIERRE","matricule":"1079-39-3483","street":"ILES","civicLow":"0","civicHigh":"0","valueLand":"139700","valueBuilding":"0","valueTotal":"139700","mailAddr":"2303 RUE PREFONTAINE","mailCity":null,"mun":null},"geometry":{"type":"MultiPolygon","coordinates":[[[[-71.780377,48.551618],[-71.779811,48.551446],[-71.77849,48.551327],[-71.77849,48.550982],[-71.780548,48.551273],[-71.781194,48.551576],[-71.78088,48.551553],[-71.780763,48.551826],[-71.780377,48.551618]]]]}},{"type":"Feature","properties":{"owner1":"MORIN PIERRE","owner2":"MORIN LOUIS-G.","matricule":"1080-20-5975","street":"ILES","civicLow":"240","civicHigh":"0","valueLand":"205300","valueBuilding":"123100","valueTotal":"328400","mailAddr":"9130 RUE COURTOIS","mailCity":null,"mun":null},"geometry":{"type":"MultiPolygon","coordinates":[[[[-71.780664,48.55245],[-71.778661,48.552058],[-71.77849,48.551327],[-71.780018,48.551481],[-71.780763,48.551826],[-71.78088,48.551553],[-71.781194,48.551576],[-71.781311,48.552016],[-71.781509,48.552207],[-71.783269,48.552712],[-71.783413,48.552986],[-71.780664,48.55245]]]]}},{"type":"Feature","properties":{"owner1":"MCNICOLL PATRICE","owner2":"MCNICOLL YANNICK","matricule":"1080-31-3924","street":"ILES","civicLow":"0","civicHigh":"0","valueLand":"51700","valueBuilding":"0","valueTotal":"51700","mailAddr":"4390 AVENUE CHATEAUBRIAND","mailCity":null,"mun":null},"geometry":{"type":"MultiPolygon","coordinates":[[[[-71.778832,48.552682],[-71.778661,48.552058],[-71.780664,48.55245],[-71.780404,48.553045],[-71.778832,48.552682]]]]}},{"type":"Feature","properties":{"owner1":"BERGERON LAVAL","owner2":null,"matricule":"1076-85-3806","street":"ILES","civicLow":"730","civicHigh":"0","valueLand":"48900","valueBuilding":"101000","valueTotal":"149900","mailAddr":"730 RANG DES ILES","mailCity":null,"mun":null},"geometry":{"type":"MultiPolygon","coordinates":[[[[-71.772813,48.519968],[-71.772517,48.520253],[-71.772166,48.52036],[-71.772094,48.520551],[-71.771744,48.520485],[-71.771493,48.519825],[-71.772813,48.519968]]]]}},{"type":"Feature","properties":{"owner1":"VOYER MARIE","owner2":null,"matricule":"1079-37-0821","street":"ILES","civicLow":"280","civicHigh":"0","valueLand":"80100","valueBuilding":"82800","valueTotal":"162900","mailAddr":"280 RANG DES ILES","mailCity":null,"mun":null},"geometry":{"type":"MultiPolygon","coordinates":[[[[-71.780548,48.549115],[-71.780592,48.54918],[-71.780359,48.549037],[-71.779937,48.549049],[-71.779649,48.548936],[-71.779847,48.548811],[-71.780296,48.548924],[-71.780548,48.549115]]]]}},{"type":"Feature","properties":{"owner1":"LESSARD ROSAIRE","owner2":null,"matricule":"1078-32-0597","street":"ILES","civicLow":"480","civicHigh":"0","valueLand":"74000","valueBuilding":"91200","valueTotal":"165200","mailAddr":"480 RANG DES ILES","mailCity":null,"mun":null},"geometry":{"type":"MultiPolygon","coordinates":[[[[-71.779317,48.536137],[-71.779092,48.535322],[-71.780062,48.535513],[-71.78017,48.536851],[-71.779416,48.536893],[-71.779317,48.536137]]]]}},{"type":"Feature","properties":{"owner1":"BOUCHARD PIERRE-PATRICK","owner2":null,"matricule":"1180-63-8802","street":"GOLF","civicLow":"52","civicHigh":"0","valueLand":"61000","valueBuilding":"439400","valueTotal":"500400","mailAddr":"865 AVENUE DU PONT SUD","mailCity":null,"mun":null},"geometry":{"type":"MultiPolygon","coordinates":[[[[-71.760973,48.554401],[-71.761009,48.554086],[-71.761997,48.554264],[-71.761782,48.554656],[-71.760955,48.554514],[-71.760973,48.554401]]]]}},{"type":"Feature","properties":{"owner1":"S.I.A.L.","owner2":null,"matricule":"0977-58-9696","street":"MELEZES","civicLow":"107","civicHigh":"0","valueLand":"149300","valueBuilding":"321600","valueTotal":"470900","mailAddr":"1662 DES MARISTES","mailCity":null,"mun":null},"geometry":{"type":"MultiPolygon","coordinates":[[[[-71.788884,48.532574],[-71.788803,48.532503],[-71.788534,48.532657],[-71.788462,48.532521],[-71.788884,48.532324],[-71.789513,48.532289],[-71.789603,48.532598],[-71.788884,48.532574]]]]}},{"type":"Feature","properties":{"owner1":"FORTIN BERNARD","owner2":null,"matricule":"1077-42-9095","street":"ADELARD-GAUTHIER","civicLow":"14","civicHigh":"0","valueLand":"182400","valueBuilding":"557600","valueTotal":"740000","mailAddr":"14 CHEMIN ADELARD-GAUTHIER","mailCity":null,"mun":null},"geometry":{"type":"MultiPolygon","coordinates":[[[[-71.77735,48.526982],[-71.777152,48.527494],[-71.776622,48.527393],[-71.776864,48.52675],[-71.77735,48.526982]]]]}},{"type":"Feature","properties":{"owner1":"POTAGER GRANDMONT INC LE","owner2":null,"matricule":"1074-61-1358","street":"DE QUEN","civicLow":"0","civicHigh":"0","valueLand":"13100","valueBuilding":"0","valueTotal":"13100","mailAddr":"286 RUE DEQUEN","mailCity":null,"mun":null},"geometry":{"type":"MultiPolygon","coordinates":[[[[-71.776209,48.498257],[-71.775616,48.498805],[-71.775499,48.499061],[-71.775221,48.499168],[-71.775023,48.499698],[-71.774771,48.499894],[-71.77302,48.499573],[-71.773388,48.499084],[-71.772984,48.499007],[-71.773029,48.498953],[-71.773406,48.499067],[-71.773981,48.498352],[-71.774484,48.498442],[-71.774834,48.498007],[-71.776209,48.498257]]]]}},{"type":"Feature","properties":{"owner1":"TRUCHON REGIS","owner2":"TREMBLAY THERESE","matricule":"1077-14-7275","street":"BOISE","civicLow":"46","civicHigh":"0","valueLand":"44400","valueBuilding":"216700","valueTotal":"261100","mailAddr":"46 CHEMIN DU BOISE","mailCity":null,"mun":null},"geometry":{"type":"MultiPolygon","coordinates":[[[[-71.78132,48.528339],[-71.781643,48.528398],[-71.781338,48.529124],[-71.780997,48.529094],[-71.78132,48.528339]]]]}},{"type":"Feature","properties":{"owner1":"S.I.A.L.","owner2":null,"matricule":"1075-69-5900","street":"DOMAINE-GRANDMONT","civicLow":"0","civicHigh":"0","valueLand":"3100","valueBuilding":"0","valueTotal":"3100","mailAddr":"219 CHEMIN DU DOMAINE-GRANDMONT","mailCity":null,"mun":null},"geometry":{"type":"MultiPolygon","coordinates":[[[[-71.774412,48.5146],[-71.774484,48.514529],[-71.77443,48.51469],[-71.774205,48.514654],[-71.774412,48.5146]]]]}},{"type":"Feature","properties":{"owner1":"S.I.A.L.","owner2":null,"matricule":"1075-78-0062","street":"DOMAINE-GRANDMONT","civicLow":"0","civicHigh":"0","valueLand":"800","valueBuilding":"0","valueTotal":"800","mailAddr":"219 CHEMIN DU DOMAINE-GRANDMONT","mailCity":null,"mun":null},"geometry":{"type":"MultiPolygon","coordinates":[[[[-71.773774,48.514291],[-71.773927,48.514321],[-71.773801,48.514338],[-71.773774,48.514291]]]]}},{"type":"Feature","properties":{"owner1":"CLAVEAU ROSAIRE","owner2":"OUELLET CHANTALE","matricule":"1078-08-4439","street":"CEDRIERE","civicLow":"0","civicHigh":"0","valueLand":"63700","valueBuilding":"0","valueTotal":"63700","mailAddr":"1017 RUE PARE","mailCity":null,"mun":null},"geometry":{"type":"MultiPolygon","coordinates":[[[[-71.783584,48.541223],[-71.783386,48.541241],[-71.783198,48.541044],[-71.783081,48.54083],[-71.78326,48.540753],[-71.783458,48.540771],[-71.783584,48.541223]]]]}},{"type":"Feature","properties":{"owner1":"S.I.A.L.","owner2":"S.I.A.L.","matricule":"1079-13-6582","street":"ILES","civicLow":"0","civicHigh":"0","valueLand":"8900","valueBuilding":"0","valueTotal":"8900","mailAddr":"21 RUE SAMUEL-BESSETTE","mailCity":null,"mun":null},"geometry":{"type":"MultiPolygon","coordinates":[[[[-71.781886,48.545945],[-71.781733,48.545975],[-71.781823,48.545784],[-71.782057,48.54582],[-71.781886,48.545945]]]]}},{"type":"Feature","properties":{"owner1":"S.I.A.L.","owner2":null,"matricule":"1079-14-9700","street":"ILES","civicLow":"0","civicHigh":"0","valueLand":"21100","valueBuilding":"0","valueTotal":"21100","mailAddr":"340 RANG DES ILES","mailCity":null,"mun":null},"geometry":{"type":"MultiPolygon","coordinates":[[[[-71.781634,48.546177],[-71.781536,48.546397],[-71.781006,48.54629],[-71.781257,48.545915],[-71.781634,48.545725],[-71.782012,48.545713],[-71.782057,48.54582],[-71.781823,48.545784],[-71.781634,48.546177]]]]}},{"type":"Feature","properties":{"owner1":"BERGERON GUY","owner2":null,"matricule":"1079-23-6807","street":"ILES","civicLow":"0","civicHigh":"0","valueLand":"12900","valueBuilding":"0","valueTotal":"12900","mailAddr":"340 RANG DES ILES","mailCity":null,"mun":null},"geometry":{"type":"MultiPolygon","coordinates":[[[[-71.780062,48.545035],[-71.781087,48.545225],[-71.780062,48.545404],[-71.780062,48.545035]]]]}},{"type":"Feature","properties":{"owner1":"GAUDREAULT JIMMY","owner2":"BOUCHARD CAROLINE","matricule":"1072-07-5239","street":"DE QUEN","civicLow":"439","civicHigh":"0","valueLand":"38100","valueBuilding":"100900","valueTotal":"139000","mailAddr":"439 RUE DE QUEN","mailCity":null,"mun":null},"geometry":{"type":"MultiPolygon","coordinates":[[[[-71.781374,48.486208],[-71.781652,48.485898],[-71.782236,48.486047],[-71.782721,48.486035],[-71.782569,48.486213],[-71.782317,48.486154],[-71.78212,48.48638],[-71.781374,48.486208]]]]}},{"type":"Feature","properties":{"owner1":"LAROUCHE CATHERINE","owner2":null,"matricule":"1078-48-1518","street":"ILES","civicLow":"409","civicHigh":"0","valueLand":"56100","valueBuilding":"287600","valueTotal":"343700","mailAddr":"409 RANG DES ILES","mailCity":null,"mun":null},"geometry":{"type":"MultiPolygon","coordinates":[[[[-71.776837,48.540931],[-71.777448,48.540253],[-71.778104,48.540479],[-71.779514,48.540533],[-71.779685,48.541461],[-71.776837,48.540931]]]]}},{"type":"Feature","properties":{"owner1":"GIMAEL JEAN-FRANCOIS","owner2":null,"matricule":"1079-30-1004","street":"ILES","civicLow":"385","civicHigh":"0","valueLand":"29700","valueBuilding":"212900","valueTotal":"242600","mailAddr":"385 RANG DES ILES","mailCity":null,"mun":null},"geometry":{"type":"MultiPolygon","coordinates":[[[[-71.779218,48.542638],[-71.779497,48.542632],[-71.779883,48.542198],[-71.780098,48.542733],[-71.779218,48.542638]]]]}},{"type":"Feature","properties":{"owner1":"TREMBLAY CLAUDINE","owner2":"TREMBLAY ROGER","matricule":"1180-24-5425","street":"GOLF","civicLow":"28","civicHigh":"0","valueLand":"50700","valueBuilding":"202800","valueTotal":"253500","mailAddr":"893 RUE DU BARRAGE","mailCity":null,"mun":null},"geometry":{"type":"MultiPolygon","coordinates":[[[[-71.767261,48.55518],[-71.767261,48.555091],[-71.767513,48.555132],[-71.767261,48.55518]]],[[[-71.767252,48.555346],[-71.767252,48.555263],[-71.767486,48.555275],[-71.767405,48.555649],[-71.767208,48.555608],[-71.767252,48.555346]]]]}},{"type":"Feature","properties":{"owner1":"PEDNEAULT PIERRE-PAUL","owner2":null,"matricule":"1180-43-6057","street":"GOLF","civicLow":"36","civicHigh":"0","valueLand":"46300","valueBuilding":"71100","valueTotal":"117400","mailAddr":"2521 RUE POTVIN","mailCity":null,"mun":null},"geometry":{"type":"MultiPolygon","coordinates":[[[[-71.764126,48.554871],[-71.764028,48.554823],[-71.764171,48.554597],[-71.765114,48.554746],[-71.764755,48.555162],[-71.764126,48.554871]]]]}},{"type":"Feature","properties":{"owner1":"GAGNON RENE","owner2":null,"matricule":"0972-62-6702","street":"DE QUEN","civicLow":"550","civicHigh":"0","valueLand":"24300","valueBuilding":"108300","valueTotal":"132600","mailAddr":"550 RUE DE QUEN","mailCity":null,"mun":null},"geometry":{"type":"MultiPolygon","coordinates":[[[[-71.787357,48.481254],[-71.787222,48.48139],[-71.786566,48.481271],[-71.786683,48.481075],[-71.787357,48.481254]]]]}},{"type":"Feature","properties":{"owner1":"TREMBLAY MATHIEU","owner2":"LAVOIE COTE MARIE-MICHELE","matricule":"0972-72-0080","street":"DE QUEN","civicLow":"538","civicHigh":"0","valueLand":"14300","valueBuilding":"53600","valueTotal":"67900","mailAddr":"136 RUE DE LA PLAGE","mailCity":null,"mun":null},"geometry":{"type":"MultiPolygon","coordinates":[[[[-71.786719,48.481903],[-71.786539,48.482057],[-71.786261,48.481926],[-71.786719,48.481903]]]]}},{"type":"Feature","properties":{"owner1":"9004-2219 QUEBEC INC","owner2":null,"matricule":"0972-22-6878","street":"DE QUEN","civicLow":"551","civicHigh":"0","valueLand":"579000","valueBuilding":"323600","valueTotal":"902600","mailAddr":"551 RUE DE QUEN","mailCity":null,"mun":null},"geometry":{"type":"MultiPolygon","coordinates":[[[[-71.792926,48.481075],[-71.793088,48.481349],[-71.792989,48.481635],[-71.793088,48.481676],[-71.793411,48.481432],[-71.794103,48.481801],[-71.795082,48.48282],[-71.788767,48.481664],[-71.792926,48.481075]]]]}},{"type":"Feature","properties":{"owner1":"COTE REJEAN","owner2":null,"matricule":"0972-62-4781","street":"DE QUEN","civicLow":"547","civicHigh":"0","valueLand":"20000","valueBuilding":"85700","valueTotal":"105700","mailAddr":"547 RUE DE QUEN","mailCity":null,"mun":null},"geometry":{"type":"MultiPolygon","coordinates":[[[[-71.787527,48.481891],[-71.787492,48.482081],[-71.786845,48.481974],[-71.787527,48.481891]]]]}},{"type":"Feature","properties":{"owner1":"S.I.A.L.","owner2":null,"matricule":"1079-23-7597","street":"ILE-AUX-STERNES","civicLow":"0","civicHigh":"0","valueLand":"100","valueBuilding":"0","valueTotal":"100","mailAddr":"1655 RUE POWELL","mailCity":null,"mun":null},"geometry":{"type":"MultiPolygon","coordinates":[[[[-71.780404,48.546076],[-71.780071,48.545933],[-71.780673,48.546195],[-71.780404,48.546076]]]]}},{"type":"Feature","properties":{"owner1":"LEBEL DANIEL","owner2":null,"matricule":"1275-91-9175","street":"5","civicLow":"1571","civicHigh":"0","valueLand":"52900","valueBuilding":"91300","valueTotal":"144200","mailAddr":"1571 RANG 5","mailCity":null,"mun":null},"geometry":{"type":"MultiPolygon","coordinates":[[[[-71.742037,48.508679],[-71.742315,48.508096],[-71.743276,48.508274],[-71.742989,48.508858],[-71.742037,48.508679]]]]}},{"type":"Feature","properties":{"owner1":"MALTAIS LUC","owner2":"SIMARD SYLVIE","matricule":"1371-85-2009","street":"4","civicLow":"1279","civicHigh":"0","valueLand":"52900","valueBuilding":"95000","valueTotal":"147900","mailAddr":"1279 RANG 4","mailCity":null,"mun":null},"geometry":{"type":"MultiPolygon","coordinates":[[[[-71.729999,48.475799],[-71.730224,48.475275],[-71.731293,48.475471],[-71.731068,48.476001],[-71.729999,48.475799]]]]}},{"type":"Feature","properties":{"owner1":"GIRARD REMI","owner2":null,"matricule":"1073-87-3131","street":"LEVESQUE","civicLow":"140","civicHigh":"0","valueLand":"22400","valueBuilding":"130500","valueTotal":"152900","mailAddr":"140 RUE LEVESQUE","mailCity":null,"mun":null},"geometry":{"type":"MultiPolygon","coordinates":[[[[-71.771286,48.495257],[-71.771457,48.495013],[-71.771852,48.495084],[-71.771681,48.495334],[-71.771286,48.495257]]]]}},{"type":"Feature","properties":{"owner1":"GODIN PIERRE","owner2":"NERON JOHANNE","matricule":"1073-87-4356","street":"LAROUCHE","civicLow":"99","civicHigh":"0","valueLand":"20700","valueBuilding":"129600","valueTotal":"150300","mailAddr":"99 RUE LAROUCHE","mailCity":null,"mun":null},"geometry":{"type":"MultiPolygon","coordinates":[[[[-71.771133,48.495471],[-71.771286,48.495257],[-71.771681,48.495334],[-71.771528,48.495543],[-71.771133,48.495471]]]]}},{"type":"Feature","properties":{"owner1":"LEBLANC PIERRE","owner2":"LEBLANC MAUD","matricule":"1075-92-5891","street":"DE QUEN","civicLow":"0","civicHigh":"0","valueLand":"9200","valueBuilding":"0","valueTotal":"9200","mailAddr":"3690 CHEMIN DES VINGT-DEUX","mailCity":null,"mun":null},"geometry":{"type":"MultiPolygon","coordinates":[[[[-71.770046,48.50909],[-71.770441,48.509167],[-71.770352,48.50934],[-71.769956,48.509262],[-71.770046,48.50909]]]]}},{"type":"Feature","properties":{"owner1":"SIMARD GERALD","owner2":null,"matricule":"1374-79-3858","street":"5","civicLow":"1509","civicHigh":"0","valueLand":"38200","valueBuilding":"127900","valueTotal":"166100","mailAddr":"1509 RANG 5","mailCity":null,"mun":null},"geometry":{"type":"MultiPolygon","coordinates":[[[[-71.732137,48.506864],[-71.732371,48.50631],[-71.732883,48.506417],[-71.732685,48.506977],[-71.732137,48.506864]]]]}},{"type":"Feature","properties":{"owner1":"LAVOIE JACQUELINE","owner2":null,"matricule":"1072-06-0074","street":"DE QUEN","civicLow":"447","civicHigh":"0","valueLand":"31200","valueBuilding":"106700","valueTotal":"137900","mailAddr":"447 RUE DE QUEN","mailCity":null,"mun":null},"geometry":{"type":"MultiPolygon","coordinates":[[[[-71.783027,48.485588],[-71.782883,48.485987],[-71.782542,48.485868],[-71.782461,48.48569],[-71.781985,48.485523],[-71.78229,48.485213],[-71.783027,48.485588]]]]}},{"type":"Feature","properties":{"owner1":"CLAVEAU-COTE RAPHAEL","owner2":null,"matricule":"1272-01-0439","street":"4","civicLow":"1488","civicHigh":"0","valueLand":"52900","valueBuilding":"86600","valueTotal":"139500","mailAddr":"1488 RANG 4","mailCity":null,"mun":null},"geometry":{"type":"MultiPolygon","coordinates":[[[[-71.754649,48.481134],[-71.754838,48.48067],[-71.756033,48.480938],[-71.755844,48.481402],[-71.754649,48.481134]]]]}},{"type":"Feature","properties":{"owner1":"LAPRISE JEAN-CLAUDE","owner2":"BOISVERT SYLVIE","matricule":"1075-94-4760","street":"DE QUEN","civicLow":"0","civicHigh":"0","valueLand":"113800","valueBuilding":"0","valueTotal":"113800","mailAddr":"3631 RUE DES EAUX-VIVES","mailCity":null,"mun":null},"geometry":{"type":"MultiPolygon","coordinates":[[[[-71.770855,48.510851],[-71.770522,48.511036],[-71.769911,48.510923],[-71.770199,48.51028],[-71.770513,48.510274],[-71.770558,48.510566],[-71.77125,48.510691],[-71.770855,48.510851]]]]}},{"type":"Feature","properties":{"owner1":"S.I.A.L.","owner2":null,"matricule":"1080-49-8500","street":"BAIE-DES-GIRARD","civicLow":"0","civicHigh":"0","valueLand":"13800","valueBuilding":"0","valueTotal":"13800","mailAddr":"1655 RUE POWELL","mailCity":null,"mun":null},"geometry":{"type":"MultiPolygon","coordinates":[[[[-71.77814,48.559693],[-71.778185,48.5598],[-71.777906,48.559776],[-71.777853,48.559312],[-71.777915,48.559722],[-71.77814,48.559693]]]]}},{"type":"Feature","properties":{"owner1":"9069-0504 QUEBEC INC","owner2":null,"matricule":"1081-50-4685","street":"BAIE-DES-GIRARD","civicLow":"20","civicHigh":"0","valueLand":"120400","valueBuilding":"119600","valueTotal":"240000","mailAddr":"175 RUE LAFONTAINE NORD","mailCity":null,"mun":null},"geometry":{"type":"MultiPolygon","coordinates":[[[[-71.777323,48.56144],[-71.77664,48.561167],[-71.776766,48.561072],[-71.77752,48.561405],[-71.777323,48.56144]]]]}},{"type":"Feature","properties":{"owner1":"THIBEAULT GUYLAINE","owner2":"LAROUCHE PASCAL","matricule":"1072-29-6681","street":"DE QUEN","civicLow":"370","civicHigh":"0","valueLand":"24700","valueBuilding":"148600","valueTotal":"173300","mailAddr":"370 RUE DE QUEN","mailCity":null,"mun":null},"geometry":{"type":"MultiPolygon","coordinates":[[[[-71.778724,48.488375],[-71.778931,48.488137],[-71.779344,48.488315],[-71.779137,48.488553],[-71.778724,48.488375]]]]}},{"type":"Feature","properties":{"owner1":"SIMARD ROBERT","owner2":null,"matricule":"1073-20-7903","street":"DE QUEN","civicLow":"366","civicHigh":"0","valueLand":"19900","valueBuilding":"112500","valueTotal":"132400","mailAddr":"366 RUE DE QUEN","mailCity":null,"mun":null},"geometry":{"type":"MultiPolygon","coordinates":[[[[-71.778589,48.48853],[-71.778724,48.488375],[-71.779137,48.488553],[-71.779002,48.488708],[-71.778589,48.48853]]]]}},{"type":"Feature","properties":{"owner1":"S.I.A.L.","owner2":null,"matricule":"1074-37-0639","street":"BERNACHES","civicLow":"317","civicHigh":"0","valueLand":"101600","valueBuilding":"75700","valueTotal":"177300","mailAddr":"790 AVENUE LAFRANCE","mailCity":null,"mun":null},"geometry":{"type":"MultiPolygon","coordinates":[[[[-71.779272,48.504061],[-71.779146,48.504275],[-71.778526,48.504191],[-71.778544,48.504114],[-71.779272,48.504061]]]]}},{"type":"Feature","properties":{"owner1":"S.I.A.L.","owner2":null,"matricule":"1074-37-1354","street":"BERNACHES","civicLow":"315","civicHigh":"0","valueLand":"90100","valueBuilding":"157400","valueTotal":"247500","mailAddr":"3303 RUE DES OEILLETS","mailCity":null,"mun":null},"geometry":{"type":"MultiPolygon","coordinates":[[[[-71.778526,48.504191],[-71.779146,48.504275],[-71.779029,48.504424],[-71.778508,48.504287],[-71.778526,48.504191]]]]}},{"type":"Feature","properties":{"owner1":"S.I.A.L.","owner2":"S.I.A.L.","matricule":"1074-37-2276","street":"BERNACHES","civicLow":"313","civicHigh":"0","valueLand":"107600","valueBuilding":"240500","valueTotal":"348100","mailAddr":"313 CHEMIN DES BERNACHES","mailCity":null,"mun":null},"geometry":{"type":"MultiPolygon","coordinates":[[[[-71.778993,48.504459],[-71.778823,48.50468],[-71.778401,48.504489],[-71.778508,48.504328],[-71.778993,48.504459]]]]}},{"type":"Feature","properties":{"owner1":"LAVOIE REGIS","owner2":"COTE MURIEL","matricule":"1180-34-9750","street":"GOLF","civicLow":"215","civicHigh":"0","valueLand":"19800","valueBuilding":"44200","valueTotal":"64000","mailAddr":"220 CHEMIN DU GOLF","mailCity":null,"mun":null},"geometry":{"type":"MultiPolygon","coordinates":[[[[-71.765465,48.555519],[-71.765627,48.555649],[-71.765348,48.555816],[-71.765186,48.555721],[-71.765465,48.555519]]]]}},{"type":"Feature","properties":{"owner1":"GUERIN SONIA","owner2":null,"matricule":"1076-92-0179","street":"ILES","civicLow":"780","civicHigh":"0","valueLand":"24900","valueBuilding":"187100","valueTotal":"212000","mailAddr":"780 RANG DES ILES","mailCity":null,"mun":null},"geometry":{"type":"MultiPolygon","coordinates":[[[[-71.7716,48.518022],[-71.771663,48.518159],[-71.771043,48.518188],[-71.770792,48.518123],[-71.770729,48.517986],[-71.7716,48.518022]]]]}},{"type":"Feature","properties":{"owner1":"DORE JULIE","owner2":"TREMBLAY ANNIE","matricule":"1074-61-9827","street":"DE QUEN","civicLow":"133","civicHigh":"0","valueLand":"19300","valueBuilding":"138000","valueTotal":"157300","mailAddr":"133 RUE DE QUEN","mailCity":null,"mun":null},"geometry":{"type":"MultiPolygon","coordinates":[[[[-71.77372,48.498656],[-71.773568,48.498858],[-71.773199,48.498745],[-71.773325,48.498584],[-71.77372,48.498656]]]]}},{"type":"Feature","properties":{"owner1":"FORTIN GUY","owner2":null,"matricule":"1074-71-1048","street":"DE QUEN","civicLow":"127","civicHigh":"0","valueLand":"20700","valueBuilding":"153300","valueTotal":"174000","mailAddr":"127 RUE DE QUEN","mailCity":null,"mun":null},"geometry":{"type":"MultiPolygon","coordinates":[[[[-71.773199,48.498745],[-71.773568,48.498858],[-71.773406,48.499067],[-71.773029,48.498953],[-71.773199,48.498745]]]]}},{"type":"Feature","properties":{"owner1":"LEBRUN-MATHIEU CATHERINE","owner2":"BOUCHARD ADAM","matricule":"1175-07-6619","street":"DOMAINE-GRANDMONT","civicLow":"5","civicHigh":"0","valueLand":"32600","valueBuilding":"418000","valueTotal":"450600","mailAddr":"5 CHEMIN DU DOMAINE-GRANDMONT","mailCity":null,"mun":null},"geometry":{"type":"MultiPolygon","coordinates":[[[[-71.769157,48.512285],[-71.768384,48.512714],[-71.768573,48.512529],[-71.769157,48.512285]]],[[[-71.768465,48.512845],[-71.768789,48.512666],[-71.769211,48.513327],[-71.768878,48.513511],[-71.768465,48.512845]]]]}},{"type":"Feature","properties":{"owner1":"TREMBLAY JEAN","owner2":"BETTEZ MONIQUE","matricule":"1076-59-3592","street":"CHENES","civicLow":"114","civicHigh":"0","valueLand":"120800","valueBuilding":"8500","valueTotal":"129300","mailAddr":"112 CHEMIN DES CHENES","mailCity":null,"mun":null},"geometry":{"type":"MultiPolygon","coordinates":[[[[-71.776272,48.524531],[-71.775751,48.524376],[-71.775822,48.524121],[-71.776379,48.524382],[-71.776829,48.524311],[-71.776963,48.524567],[-71.776272,48.524531]]]]}},{"type":"Feature","properties":{"owner1":"S.I.A.L.","owner2":null,"matricule":"1180-24-3746","street":"GOLF","civicLow":"0","civicHigh":"0","valueLand":"23900","valueBuilding":"0","valueTotal":"23900","mailAddr":"1655 RUE POWELL","mailCity":null,"mun":null},"geometry":{"type":"MultiPolygon","coordinates":[[[[-71.767917,48.555721],[-71.767091,48.555661],[-71.766606,48.555453],[-71.766642,48.555364],[-71.767279,48.555644],[-71.767405,48.555649],[-71.767423,48.555531],[-71.768187,48.555715],[-71.768115,48.556006],[-71.768052,48.555745],[-71.767917,48.555721]]]]}},{"type":"Feature","properties":{"owner1":"LEMIEUX FRANCINE","owner2":null,"matricule":"0977-84-5857","street":"ADELARD-GAUTHIER","civicLow":"50","civicHigh":"0","valueLand":"168300","valueBuilding":"269000","valueTotal":"437300","mailAddr":"50 CHEMIN ADELARD-GAUTHIER","mailCity":null,"mun":null},"geometry":{"type":"MultiPolygon","coordinates":[[[[-71.785363,48.528624],[-71.785479,48.528184],[-71.785812,48.528083],[-71.785749,48.528803],[-71.785291,48.528904],[-71.785363,48.528624]]]]}},{"type":"Feature","properties":{"owner1":"OUELLET LOUIS","owner2":"BOUCHARD SYLVIE","matricule":"1180-24-6922","street":"GOLF","civicLow":"30","civicHigh":"0","valueLand":"51700","valueBuilding":"62500","valueTotal":"114200","mailAddr":"1349 RANG 7 EST","mailCity":null,"mun":null},"geometry":{"type":"MultiPolygon","coordinates":[[[[-71.767001,48.555162],[-71.767019,48.555049],[-71.767261,48.555091],[-71.767261,48.55518],[-71.767001,48.555162]]],[[[-71.767028,48.555352],[-71.767001,48.555245],[-71.767252,48.555263],[-71.767199,48.55562],[-71.767001,48.555566],[-71.767028,48.555352]]]]}},{"type":"Feature","properties":{"owner1":"OUELLET CAROLINE","owner2":null,"matricule":"1180-24-9114","street":"GOLF","civicLow":"32","civicHigh":"0","valueLand":"59900","valueBuilding":"286100","valueTotal":"346000","mailAddr":"32 CHEMIN DU GOLF","mailCity":null,"mun":null},"geometry":{"type":"MultiPolygon","coordinates":[[[[-71.766687,48.555144],[-71.766669,48.554989],[-71.767019,48.555049],[-71.767001,48.555162],[-71.766687,48.555144]]],[[[-71.76666,48.555322],[-71.766704,48.555227],[-71.767001,48.555245],[-71.767001,48.555566],[-71.76666,48.555322]]]]}},{"type":"Feature","properties":{"owner1":"S.I.A.L","owner2":null,"matricule":"0973-36-9310","street":"PLAGE","civicLow":"0","civicHigh":"0","valueLand":"53700","valueBuilding":"0","valueTotal":"53700","mailAddr":"1655 RUE POWELL","mailCity":null,"mun":null},"geometry":{"type":"MultiPolygon","coordinates":[[[[-71.790681,48.493108],[-71.790896,48.492697],[-71.792217,48.492923],[-71.790995,48.495007],[-71.789818,48.494733],[-71.790681,48.493108]]]]}},{"type":"Feature","properties":{"owner1":"S.I.A.L.","owner2":null,"matricule":"0973-57-5143","street":"PLAGE","civicLow":"8","civicHigh":"0","valueLand":"556300","valueBuilding":"451700","valueTotal":"1008000","mailAddr":"1655 RUE POWELL","mailCity":null,"mun":null},"geometry":{"type":"MultiPolygon","coordinates":[[[[-71.787321,48.494394],[-71.787492,48.494191],[-71.790995,48.495007],[-71.790456,48.495935],[-71.78697,48.495287],[-71.787321,48.494394]]]]}},{"type":"Feature","properties":{"owner1":"S.I.A.L.","owner2":null,"matricule":"1080-09-7935","street":"LAC-ST-JEAN","civicLow":"0","civicHigh":"0","valueLand":"500","valueBuilding":"0","valueTotal":"500","mailAddr":"135 RANG DES ILES","mailCity":null,"mun":null},"geometry":{"type":"MultiPolygon","coordinates":[[[[-71.783189,48.559859],[-71.783314,48.559764],[-71.783602,48.5598],[-71.78335,48.559912],[-71.783189,48.559859]]]]}},{"type":"Feature","properties":{"owner1":"S.I.A.L.","owner2":null,"matricule":"1076-63-7510","street":"ETANG","civicLow":"18","civicHigh":"0","valueLand":"60800","valueBuilding":"160100","valueTotal":"220900","mailAddr":"18 CHEMIN DE L'ETANG","mailCity":null,"mun":null},"geometry":{"type":"MultiPolygon","coordinates":[[[[-71.773846,48.51823],[-71.774583,48.518266],[-71.774511,48.518504],[-71.773918,48.518397],[-71.773846,48.51823]]]]}},{"type":"Feature","properties":{"owner1":"S.I.A.L.","owner2":null,"matricule":"1076-62-6986","street":"ETANG","civicLow":"16","civicHigh":"0","valueLand":"51200","valueBuilding":"290300","valueTotal":"341500","mailAddr":"16 CHEMIN DE L'ETANG","mailCity":null,"mun":null},"geometry":{"type":"MultiPolygon","coordinates":[[[[-71.774116,48.518022],[-71.774152,48.517903],[-71.774655,48.518183],[-71.774583,48.518266],[-71.774223,48.518224],[-71.774116,48.518022]]]]}},{"type":"Feature","properties":{"owner1":"2856-7337 QUEBEC INC","owner2":null,"matricule":"1078-49-2261","street":"ILES","civicLow":"391","civicHigh":"0","valueLand":"102300","valueBuilding":"37700","valueTotal":"140000","mailAddr":"391 RANG DES ILES","mailCity":null,"mun":null},"geometry":{"type":"MultiPolygon","coordinates":[[[[-71.779227,48.542585],[-71.77814,48.542549],[-71.778203,48.542222],[-71.777637,48.542323],[-71.777287,48.542264],[-71.777206,48.542198],[-71.777457,48.541812],[-71.777996,48.541817],[-71.778553,48.541657],[-71.778445,48.542174],[-71.77929,48.542246],[-71.779227,48.542585]]]]}},{"type":"Feature","properties":{"owner1":"S.I.A.L.","owner2":"S.I.A.L.","matricule":"1079-13-2194","street":"ILES","civicLow":"0","civicHigh":"0","valueLand":"52100","valueBuilding":"0","valueTotal":"52100","mailAddr":"21 RUE SAMUEL-BESSETTE","mailCity":null,"mun":null},"geometry":{"type":"MultiPolygon","coordinates":[[[[-71.782182,48.545915],[-71.782281,48.54585],[-71.782829,48.545939],[-71.78273,48.546135],[-71.782039,48.546022],[-71.782182,48.545915]]]]}},{"type":"Feature","properties":{"owner1":"TREMBLAY REJEAN","owner2":null,"matricule":"0972-95-8145","street":"DE QUEN","civicLow":"478","civicHigh":"0","valueLand":"29400","valueBuilding":"109900","valueTotal":"139300","mailAddr":"478 RUE DE QUEN","mailCity":null,"mun":null},"geometry":{"type":"MultiPolygon","coordinates":[[[[-71.782281,48.484463],[-71.782748,48.484165],[-71.783198,48.484445],[-71.782919,48.484612],[-71.782281,48.484463]]]]}},{"type":"Feature","properties":{"owner1":"LALANCETTE ANTOINE","owner2":null,"matricule":"1072-05-1960","street":"DE QUEN","civicLow":"470","civicHigh":"0","valueLand":"24400","valueBuilding":"82500","valueTotal":"106900","mailAddr":"405 CHEMIN DU DOMAINE-GRANDMONT","mailCity":null,"mun":null},"geometry":{"type":"MultiPolygon","coordinates":[[[[-71.781715,48.484493],[-71.781742,48.484386],[-71.782919,48.484612],[-71.782793,48.484689],[-71.782515,48.484564],[-71.781715,48.484493]]]]}},{"type":"Feature","properties":{"owner1":"TREMBLAY SABRINA","owner2":null,"matricule":"1079-24-1856","street":"ILE-AUX-STERNES","civicLow":"3","civicHigh":"0","valueLand":"147200","valueBuilding":"302300","valueTotal":"449500","mailAddr":"3 CHEMIN DE L'ILE-AUX-STERNES","mailCity":null,"mun":null},"geometry":{"type":"MultiPolygon","coordinates":[[[[-71.781365,48.546581],[-71.781167,48.546974],[-71.78079,48.546242],[-71.78141,48.546486],[-71.781365,48.546581]]]]}},{"type":"Feature","properties":{"owner1":"S.I.A.L.","owner2":null,"matricule":"1074-49-9279","street":"BERNACHES","civicLow":"2","civicHigh":"0","valueLand":"75400","valueBuilding":"209100","valueTotal":"284500","mailAddr":"2030 RUE BOUCHARD","mailCity":null,"mun":null},"geometry":{"type":"MultiPolygon","coordinates":[[[[-71.776074,48.506203],[-71.776325,48.506227],[-71.776325,48.50609],[-71.776622,48.506048],[-71.776739,48.506292],[-71.776469,48.506507],[-71.7762,48.50656],[-71.776074,48.506203]]]]}},{"type":"Feature","properties":{"owner1":"GIRARD CARL","owner2":"FORTIN MELANIE","matricule":"1076-91-3439","street":"ILES","civicLow":"786","civicHigh":"0","valueLand":"36000","valueBuilding":"168500","valueTotal":"204500","mailAddr":"786 RANG DES ILES","mailCity":null,"mun":null},"geometry":{"type":"MultiPolygon","coordinates":[[[[-71.770055,48.516534],[-71.771178,48.516748],[-71.771322,48.516998],[-71.770307,48.517046],[-71.770055,48.516534]]]]}},{"type":"Feature","properties":{"owner1":"LAVOIE GERALD","owner2":"LAPOINTE GINA","matricule":"1073-97-6124","street":"TREMBLAY","civicLow":"98","civicHigh":"0","valueLand":"17500","valueBuilding":"109000","valueTotal":"126500","mailAddr":"98 RUE TREMBLAY","mailCity":null,"mun":null},"geometry":{"type":"MultiPolygon","coordinates":[[[[-71.769543,48.495168],[-71.769651,48.495019],[-71.770055,48.495096],[-71.769947,48.495245],[-71.769543,48.495168]]]]}},{"type":"Feature","properties":{"owner1":"HARVEY JIMMY","owner2":null,"matricule":"1073-97-7349","street":"TREMBLAY","civicLow":"94","civicHigh":"0","valueLand":"24600","valueBuilding":"87700","valueTotal":"112300","mailAddr":"94 RUE TREMBLAY","mailCity":null,"mun":null},"geometry":{"type":"MultiPolygon","coordinates":[[[[-71.769947,48.495245],[-71.769741,48.495543],[-71.769346,48.495471],[-71.769543,48.495168],[-71.769947,48.495245]]]]}},{"type":"Feature","properties":{"owner1":"LAFOREST ANDRE","owner2":null,"matricule":"1073-97-3165","street":"TREMBLAY","civicLow":"95","civicHigh":"0","valueLand":"22400","valueBuilding":"73300","valueTotal":"95700","mailAddr":"95 RUE TREMBLAY","mailCity":null,"mun":null},"geometry":{"type":"MultiPolygon","coordinates":[[[[-71.770513,48.4954],[-71.770334,48.49565],[-71.769938,48.495578],[-71.770109,48.495328],[-71.770513,48.4954]]]]}},{"type":"Feature","properties":{"owner1":"CLAVEAU LUC","owner2":null,"matricule":"1073-97-0173","street":"LAROUCHE","civicLow":"94","civicHigh":"0","valueLand":"22400","valueBuilding":"119600","valueTotal":"142000","mailAddr":"94 RUE LAROUCHE","mailCity":null,"mun":null},"geometry":{"type":"MultiPolygon","coordinates":[[[[-71.770909,48.495471],[-71.770738,48.495721],[-71.770334,48.49565],[-71.770513,48.4954],[-71.770909,48.495471]]]]}},{"type":"Feature","properties":{"owner1":"HARVEY MICHEL","owner2":null,"matricule":"1073-87-8132","street":"LEVESQUE","civicLow":"146","civicHigh":"0","valueLand":"31700","valueBuilding":"130000","valueTotal":"161700","mailAddr":"146 RUE LEVESQUE","mailCity":null,"mun":null},"geometry":{"type":"MultiPolygon","coordinates":[[[[-71.771259,48.494977],[-71.770909,48.495471],[-71.770513,48.4954],[-71.770864,48.494906],[-71.771259,48.494977]]]]}},{"type":"Feature","properties":{"owner1":"SIMARD  KEVIN","owner2":null,"matricule":"1073-97-0410","street":"LEVESQUE","civicLow":"150","civicHigh":"0","valueLand":"22400","valueBuilding":"72300","valueTotal":"94700","mailAddr":"150 RUE LEVESQUE","mailCity":null,"mun":null},"geometry":{"type":"MultiPolygon","coordinates":[[[[-71.770864,48.494906],[-71.770684,48.495156],[-71.770289,48.495078],[-71.770459,48.494834],[-71.770864,48.494906]]]]}},{"type":"Feature","properties":{"owner1":"MINISTERE DES RESSOURCES NATURELLES","owner2":null,"matricule":"1180-86-6904","street":"GOLF","civicLow":"0","civicHigh":"0","valueLand":"500","valueBuilding":"0","valueTotal":"500","mailAddr":"5700 4IEME AVENUE OUEST","mailCity":null,"mun":null},"geometry":{"type":"MultiPolygon","coordinates":[[[[-71.75915,48.556173],[-71.759186,48.555917],[-71.759311,48.555935],[-71.758943,48.558236],[-71.758826,48.558218],[-71.75915,48.556173]]]]}},{"type":"Feature","properties":{"owner1":"DUCHESNE MICHEL-ANGE","owner2":null,"matricule":"1180-14-6651","street":"GOLF","civicLow":"20","civicHigh":"0","valueLand":"66400","valueBuilding":"132300","valueTotal":"198700","mailAddr":"20 CHEMIN DU GOLF","mailCity":null,"mun":null},"geometry":{"type":"MultiPolygon","coordinates":[[[[-71.768169,48.555846],[-71.768591,48.555328],[-71.768726,48.55534],[-71.768887,48.555513],[-71.768259,48.555923],[-71.768169,48.555846]]]]}},{"type":"Feature","properties":{"owner1":"SAVARD COLOMBE","owner2":null,"matricule":"0977-74-4330","street":"ADELARD-GAUTHIER","civicLow":"57","civicHigh":"0","valueLand":"129600","valueBuilding":"210600","valueTotal":"340200","mailAddr":"57 CHEMIN ADELARD-GAUTHIER","mailCity":null,"mun":null},"geometry":{"type":"MultiPolygon","coordinates":[[[[-71.787024,48.52813],[-71.787536,48.528178],[-71.787114,48.528475],[-71.786809,48.528386],[-71.787024,48.52813]]]]}},{"type":"Feature","properties":{"owner1":"LEMAY JOCELYNE","owner2":"DESCHESNE PIERRE","matricule":"1076-57-6348","street":"CHENES","civicLow":"202","civicHigh":"0","valueLand":"18900","valueBuilding":"0","valueTotal":"18900","mailAddr":"1220 AVENUE BRIAND APP 303","mailCity":null,"mun":null},"geometry":{"type":"MultiPolygon","coordinates":[[[[-71.775813,48.522133],[-71.776128,48.522193],[-71.776038,48.522413],[-71.77549,48.522306],[-71.775813,48.522133]]],[[[-71.775634,48.522389],[-71.775643,48.522371],[-71.77602,48.522461],[-71.775634,48.522389]]]]}},{"type":"Feature","properties":{"owner1":"GEORGIEV SOPHIE","owner2":"LAROUCHE-GEORGIEV CATHERINE","matricule":"1076-57-3131","street":"CHENES","civicLow":"17","civicHigh":"0","valueLand":"151600","valueBuilding":"184800","valueTotal":"336400","mailAddr":"87 RUE DES PARULINES","mailCity":null,"mun":null},"geometry":{"type":"MultiPolygon","coordinates":[[[[-71.776281,48.522246],[-71.775822,48.522127],[-71.77593,48.52202],[-71.776622,48.521883],[-71.776712,48.521985],[-71.77655,48.522306],[-71.776281,48.522246]]]]}},{"type":"Feature","properties":{"owner1":"FORTIN ALEXANDRE","owner2":"GERVAIS LIANE","matricule":"1371-08-8406","street":"4","civicLow":"0","civicHigh":"0","valueLand":"300","valueBuilding":"0","valueTotal":"300","mailAddr":"2637 RANG SCOTT OUEST","mailCity":null,"mun":null},"geometry":{"type":"MultiPolygon","coordinates":[[[[-71.740465,48.4783],[-71.740573,48.478038],[-71.740869,48.478092],[-71.740761,48.478359],[-71.740465,48.4783]]]]}},{"type":"Feature","properties":{"owner1":"SAVARD LAURENT","owner2":null,"matricule":"1374-98-2905","street":"5","civicLow":"0","civicHigh":"0","valueLand":"700","valueBuilding":"0","valueTotal":"700","mailAddr":"ADRESSE INCONNUE","mailCity":null,"mun":null},"geometry":{"type":"MultiPolygon","coordinates":[[[[-71.729649,48.505644],[-71.729901,48.504929],[-71.730161,48.504977],[-71.729856,48.505685],[-71.729649,48.505644]]]]}},{"type":"Feature","properties":{"owner1":"ANGERS FRANCOIS","owner2":"BOIVIN STEPHANIE","matricule":"1076-67-0020","street":"CHENES","civicLow":"16","civicHigh":"0","valueLand":"26100","valueBuilding":"211100","valueTotal":"237200","mailAddr":"16 CHEMIN DES CHENES","mailCity":null,"mun":null},"geometry":{"type":"MultiPolygon","coordinates":[[[[-71.77505,48.521889],[-71.775149,48.521776],[-71.775679,48.522145],[-71.775535,48.522223],[-71.77505,48.521889]]]]}},{"type":"Feature","properties":{"owner1":"TREMBLAY STEEVE","owner2":"CLAVEAU MARLENE","matricule":"1072-16-3838","street":"RUISSEAU","civicLow":"1599","civicHigh":"0","valueLand":"31000","valueBuilding":"192000","valueTotal":"223000","mailAddr":"1599 CHEMIN DU RUISSEAU","mailCity":null,"mun":null},"geometry":{"type":"MultiPolygon","coordinates":[[[[-71.780503,48.485166],[-71.780565,48.485017],[-71.78132,48.485219],[-71.781275,48.485308],[-71.780898,48.485237],[-71.78079,48.485505],[-71.780386,48.485428],[-71.780503,48.485166]]]]}},{"type":"Feature","properties":{"owner1":"NAUD DAVID","owner2":null,"matricule":"1072-16-1357","street":"RUISSEAU","civicLow":"1603","civicHigh":"0","valueLand":"22000","valueBuilding":"151800","valueTotal":"173800","mailAddr":"1603 CHEMIN DU RUISSEAU","mailCity":null,"mun":null},"geometry":{"type":"MultiPolygon","coordinates":[[[[-71.781275,48.485308],[-71.781167,48.48557],[-71.78079,48.485505],[-71.780898,48.485237],[-71.781275,48.485308]]]]}},{"type":"Feature","properties":{"owner1":"OUELLET ALAIN","owner2":null,"matricule":"1073-54-9681","street":"LAVOIE","civicLow":"135","civicHigh":"0","valueLand":"22600","valueBuilding":"109300","valueTotal":"131900","mailAddr":"135 RUE LAVOIE","mailCity":null,"mun":null},"geometry":{"type":"MultiPolygon","coordinates":[[[[-71.774933,48.492792],[-71.774825,48.493054],[-71.77443,48.492989],[-71.774538,48.492721],[-71.774933,48.492792]]]]}},{"type":"Feature","properties":{"owner1":"CLAVEAU DANIEL","owner2":null,"matricule":"1073-54-8456","street":"LAVOIE","civicLow":"137","civicHigh":"0","valueLand":"19800","valueBuilding":"208800","valueTotal":"228600","mailAddr":"137 RUE LAVOIE","mailCity":null,"mun":null},"geometry":{"type":"MultiPolygon","coordinates":[[[[-71.77461,48.492733],[-71.774726,48.492524],[-71.775077,48.492584],[-71.774996,48.492804],[-71.77461,48.492733]]]]}},{"type":"Feature","properties":{"owner1":"TREMBLAY STEEVE","owner2":"TREMBLAY IRMA","matricule":"1075-40-0916","street":"BERNACHES","civicLow":"203","civicHigh":"0","valueLand":"76600","valueBuilding":"93100","valueTotal":"169700","mailAddr":"461 RUE DES ARDENNES","mailCity":null,"mun":null},"geometry":{"type":"MultiPolygon","coordinates":[[[[-71.777898,48.506691],[-71.777619,48.506965],[-71.776954,48.506846],[-71.776909,48.506656],[-71.777332,48.506614],[-71.777305,48.506483],[-71.777942,48.506364],[-71.778086,48.506602],[-71.777898,48.506691]]]]}},{"type":"Feature","properties":{"owner1":"S.I.A.L.","owner2":null,"matricule":"1074-39-4656","street":"BERNACHES","civicLow":"0","civicHigh":"0","valueLand":"35500","valueBuilding":"0","valueTotal":"35500","mailAddr":"202 CHEMIN DES BERNACHES","mailCity":null,"mun":null},"geometry":{"type":"MultiPolygon","coordinates":[[[[-71.778176,48.506019],[-71.778481,48.506001],[-71.778553,48.506281],[-71.778176,48.506019]]]]}},{"type":"Feature","properties":{"owner1":"NORMANDEAU JEAN-MARC","owner2":null,"matricule":"1074-39-6565","street":"BERNACHES","civicLow":"202","civicHigh":"0","valueLand":"106400","valueBuilding":"208900","valueTotal":"315300","mailAddr":"202 CHEMIN DES BERNACHES","mailCity":null,"mun":null},"geometry":{"type":"MultiPolygon","coordinates":[[[[-71.777826,48.506037],[-71.778176,48.506019],[-71.778526,48.506286],[-71.778023,48.506376],[-71.777826,48.506037]]]]}},{"type":"Feature","properties":{"owner1":"TREMBLAY SABIN","owner2":"GAGNE SOPHIE","matricule":"1074-39-5497","street":"BERNACHES","civicLow":"204","civicHigh":"0","valueLand":"114800","valueBuilding":"92300","valueTotal":"207100","mailAddr":"260 AVENUE CHARLES-PELLETIER","mailCity":null,"mun":null},"geometry":{"type":"MultiPolygon","coordinates":[[[[-71.778023,48.506376],[-71.778454,48.506298],[-71.778589,48.506608],[-71.778221,48.506667],[-71.778023,48.506376]]]]}},{"type":"Feature","properties":{"owner1":"S.I.A.L.","owner2":"S.I.A.L.","matricule":"1075-47-3841","street":"DOMAINE-GRANDMONT","civicLow":"0","civicHigh":"0","valueLand":"6900","valueBuilding":"0","valueTotal":"6900","mailAddr":"2352 RUE ROUSSEL","mailCity":null,"mun":null},"geometry":{"type":"MultiPolygon","coordinates":[[[[-71.777439,48.513154],[-71.77752,48.513279],[-71.777134,48.513208],[-71.777439,48.513154]]]]}},{"type":"Feature","properties":{"owner1":"GAUDREAULT JOCELYN","owner2":"BOUDREAULT MICHELE","matricule":"1077-43-0302","street":"ADELARD-GAUTHIER","civicLow":"20","civicHigh":"0","valueLand":"222300","valueBuilding":"436800","valueTotal":"659100","mailAddr":"20 CHEMIN ADELARD-GAUTHIER","mailCity":null,"mun":null},"geometry":{"type":"MultiPolygon","coordinates":[[[[-71.778463,48.527268],[-71.778248,48.527702],[-71.777727,48.527601],[-71.777889,48.527179],[-71.777709,48.526964],[-71.777987,48.526768],[-71.779083,48.527018],[-71.779056,48.527083],[-71.778643,48.526994],[-71.778463,48.527268]]]]}},{"type":"Feature","properties":{"owner1":"TREMBLAY ALICE","owner2":"TREMBLAY CHARLOTTE","matricule":"1077-32-4627","street":"ADELARD-GAUTHIER","civicLow":"106","civicHigh":"0","valueLand":"236900","valueBuilding":"187100","valueTotal":"424000","mailAddr":"106 CHEMIN ADELARD-GAUTHIER","mailCity":null,"mun":null},"geometry":{"type":"MultiPolygon","coordinates":[[[[-71.77849,48.526881],[-71.778203,48.526816],[-71.778975,48.52609],[-71.779119,48.525965],[-71.779461,48.526054],[-71.779083,48.527018],[-71.77849,48.526881]]]]}},{"type":"Feature","properties":{"owner1":"BELANGER NATHALIE","owner2":"LAVOIE YVES","matricule":"1073-69-1364","street":"DE QUEN","civicLow":"165","civicHigh":"167","valueLand":"17500","valueBuilding":"127900","valueTotal":"145400","mailAddr":"1149 RANG 3","mailCity":null,"mun":null},"geometry":{"type":"MultiPolygon","coordinates":[[[[-71.774331,48.497251],[-71.77443,48.497126],[-71.774852,48.497215],[-71.774708,48.497364],[-71.774331,48.497251]]]]}},{"type":"Feature","properties":{"owner1":"IBARZABAL FRANCISCO","owner2":"LAVOIE JOSEE","matricule":"1075-47-1635","street":"DOMAINE-GRANDMONT","civicLow":"403","civicHigh":"0","valueLand":"33900","valueBuilding":"59600","valueTotal":"93500","mailAddr":"2352 RUE ROUSSEL","mailCity":null,"mun":null},"geometry":{"type":"MultiPolygon","coordinates":[[[[-71.777924,48.513],[-71.777736,48.513315],[-71.777269,48.513125],[-71.777403,48.512982],[-71.777924,48.513]]]]}},{"type":"Feature","properties":{"owner1":"LALANCETTE ANTOINE","owner2":"AUDET JOCELYNE","matricule":"1075-37-9144","street":"DOMAINE-GRANDMONT","civicLow":"405","civicHigh":"0","valueLand":"112900","valueBuilding":"213800","valueTotal":"326700","mailAddr":"405 CHEMIN DU DOMAINE-GRANDMONT","mailCity":null,"mun":null},"geometry":{"type":"MultiPolygon","coordinates":[[[[-71.77823,48.513327],[-71.778248,48.513398],[-71.777736,48.513315],[-71.777924,48.513],[-71.778185,48.513053],[-71.77823,48.513327]]]]}},{"type":"Feature","properties":{"owner1":"PANGEA TERRES AGRICOLES S.E.C.","owner2":null,"matricule":"1671-48-0882","street":"4","civicLow":"990","civicHigh":"0","valueLand":"84400","valueBuilding":"102400","valueTotal":"186800","mailAddr":"1091 RANG DU BAS-DE-L'ASSOMPTION SUD","mailCity":null,"mun":null},"geometry":{"type":"MultiPolygon","coordinates":[[[[-71.692692,48.484481],[-71.698513,48.470355],[-71.700247,48.470671],[-71.694417,48.48479],[-71.692692,48.484481]]],[[[-71.698765,48.473518],[-71.697813,48.473345],[-71.697687,48.473661],[-71.698163,48.47375],[-71.698028,48.474066],[-71.698504,48.474155],[-71.698765,48.473518]]]]}},{"type":"Feature","properties":{"owner1":"9037-5320 QUEBEC INC","owner2":null,"matricule":"1671-22-0051","street":"4","civicLow":"980","civicHigh":"0","valueLand":"75700","valueBuilding":"92400","valueTotal":"168100","mailAddr":"980 RANG 4","mailCity":null,"mun":null},"geometry":{"type":"MultiPolygon","coordinates":[[[[-71.698163,48.47375],[-71.697687,48.473661],[-71.697813,48.473345],[-71.698765,48.473518],[-71.698504,48.474155],[-71.698028,48.474066],[-71.698163,48.47375]]]]}},{"type":"Feature","properties":{"owner1":"OUELLET PIERRE","owner2":null,"matricule":"1073-64-2676","street":"MURRAY","civicLow":"131","civicHigh":"0","valueLand":"21500","valueBuilding":"150600","valueTotal":"172100","mailAddr":"131 RUE MURRAY","mailCity":null,"mun":null},"geometry":{"type":"MultiPolygon","coordinates":[[[[-71.774035,48.492923],[-71.774214,48.492673],[-71.77452,48.492768],[-71.774412,48.493042],[-71.774035,48.492923]]]]}},{"type":"Feature","properties":{"owner1":"RIOUX YANNICK","owner2":"IMBEAULT SABRINA","matricule":"1078-30-3687","street":"ILES","civicLow":"490","civicHigh":"492","valueLand":"47500","valueBuilding":"258200","valueTotal":"305700","mailAddr":"490 RANG DES ILES","mailCity":null,"mun":null},"geometry":{"type":"MultiPolygon","coordinates":[[[[-71.779281,48.534496],[-71.778814,48.534537],[-71.778643,48.534139],[-71.779434,48.533996],[-71.779856,48.534067],[-71.779658,48.534549],[-71.779281,48.534496]]]]}},{"type":"Feature","properties":{"owner1":"MINISTRE DU DEVELOPPEMENT DURABLE DE","owner2":null,"matricule":"1082-11-1159","street":"LAC-ST-JEAN","civicLow":"0","civicHigh":"0","valueLand":"500","valueBuilding":"0","valueTotal":"500","mailAddr":"675 BOUL. RENE-LEVESQUE EST,  29E ETAGE","mailCity":null,"mun":null},"geometry":{"type":"MultiPolygon","coordinates":[[[[-71.783189,48.570791],[-71.783305,48.570827],[-71.783251,48.570898],[-71.783189,48.570791]]]]}},{"type":"Feature","properties":{"owner1":"S.I.A.L.","owner2":null,"matricule":"1075-56-7846","street":"DOMAINE-GRANDMONT","civicLow":"0","civicHigh":"0","valueLand":"3400","valueBuilding":"0","valueTotal":"3400","mailAddr":"2345 RUE MATHIAS","mailCity":null,"mun":null},"geometry":{"type":"MultiPolygon","coordinates":[[[[-71.775553,48.512196],[-71.775319,48.51275],[-71.775319,48.512238],[-71.775553,48.512196]]]]}},{"type":"Feature","properties":{"owner1":"COTE JEANNE-MANCE","owner2":null,"matricule":"1075-78-1662","street":"DOMAINE-GRANDMONT","civicLow":"0","civicHigh":"0","valueLand":"3700","valueBuilding":"0","valueTotal":"3700","mailAddr":"356 RUE DUCHARME APP 4","mailCity":null,"mun":null},"geometry":{"type":"MultiPolygon","coordinates":[[[[-71.773541,48.514214],[-71.773729,48.514273],[-71.773684,48.514404],[-71.773478,48.514374],[-71.773541,48.514214]]]]}},{"type":"Feature","properties":{"owner1":"TREPANIER JONATHAN","owner2":null,"matricule":"1076-83-1313","street":"ETANG","civicLow":"0","civicHigh":"0","valueLand":"36400","valueBuilding":"0","valueTotal":"36400","mailAddr":"2580 BOULEVARD AUGER EST","mailCity":null,"mun":null},"geometry":{"type":"MultiPolygon","coordinates":[[[[-71.772732,48.518337],[-71.772526,48.518795],[-71.772364,48.518766],[-71.772337,48.518545],[-71.771789,48.518266],[-71.772544,48.518123],[-71.772732,48.518337]]]]}},{"type":"Feature","properties":{"owner1":"BOUCHARD KEVEN","owner2":"TREMBLAY CAROLINE","matricule":"1076-73-5819","street":"ETANG","civicLow":"0","civicHigh":"0","valueLand":"1200","valueBuilding":"0","valueTotal":"1200","mailAddr":"1080, RUE ETIENNE-DESBIENS","mailCity":null,"mun":null},"geometry":{"type":"MultiPolygon","coordinates":[[[[-71.772966,48.518284],[-71.773343,48.518563],[-71.773289,48.518605],[-71.772966,48.518284]]]]}},{"type":"Feature","properties":{"owner1":"COTE DANIEL","owner2":"HUOT MONIQUE","matricule":"1073-65-0510","street":"LAVOIE","civicLow":"131","civicHigh":"0","valueLand":"22600","valueBuilding":"118700","valueTotal":"141300","mailAddr":"131 RUE LAVOIE","mailCity":null,"mun":null},"geometry":{"type":"MultiPolygon","coordinates":[[[[-71.774825,48.493054],[-71.774726,48.493322],[-71.774322,48.493251],[-71.77443,48.492989],[-71.774825,48.493054]]]]}},{"type":"Feature","properties":{"owner1":"PLOURDE RENE","owner2":"BOUDREAULT CLAUDETTE","matricule":"1081-50-5365","street":"BAIE-DES-GIRARD","civicLow":"18","civicHigh":"0","valueLand":"78900","valueBuilding":"65900","valueTotal":"144800","mailAddr":"880 AVENUE DE LA ROCHELLE","mailCity":null,"mun":null},"geometry":{"type":"MultiPolygon","coordinates":[[[[-71.776766,48.561072],[-71.776927,48.560911],[-71.777179,48.561107],[-71.77708,48.561215],[-71.776766,48.561072]]]]}},{"type":"Feature","properties":{"owner1":"S.I.A.L.","owner2":"S.I.A.L.","matricule":"1075-47-5336","street":"DOMAINE-GRANDMONT","civicLow":"0","civicHigh":"0","valueLand":"3700","valueBuilding":"0","valueTotal":"3700","mailAddr":"365 RUE DU PARC","mailCity":null,"mun":null},"geometry":{"type":"MultiPolygon","coordinates":[[[[-71.77699,48.513119],[-71.777269,48.513125],[-71.777134,48.513208],[-71.77699,48.513119]]]]}},{"type":"Feature","properties":{"owner1":"S.I.A.L.","owner2":"S.I.A.L.","matricule":"0978-51-7465","street":"MELEZES","civicLow":"4","civicHigh":"0","valueLand":"166300","valueBuilding":"257400","valueTotal":"423700","mailAddr":"4 CHEMIN DES MELEZES","mailCity":null,"mun":null},"geometry":{"type":"MultiPolygon","coordinates":[[[[-71.789755,48.535126],[-71.789117,48.534912],[-71.789468,48.534591],[-71.789998,48.534912],[-71.789755,48.535126]]]]}},{"type":"Feature","properties":{"owner1":"FORTIN FRANCE","owner2":null,"matricule":"1571-01-4071","street":"4","civicLow":"1151","civicHigh":"0","valueLand":"37600","valueBuilding":"109200","valueTotal":"146800","mailAddr":"1151 RANG 4","mailCity":null,"mun":null},"geometry":{"type":"MultiPolygon","coordinates":[[[[-71.714557,48.472714],[-71.714432,48.473006],[-71.713587,48.472833],[-71.713758,48.47244],[-71.714557,48.472714]]]]}},{"type":"Feature","properties":{"owner1":"COTE MARCEL","owner2":null,"matricule":"1175-06-4040","street":"DOMAINE-GRANDMONT","civicLow":"0","civicHigh":"0","valueLand":"1000","valueBuilding":"0","valueTotal":"1000","mailAddr":"6 RUE DE QUEN","mailCity":null,"mun":null},"geometry":{"type":"MultiPolygon","coordinates":[[[[-71.770989,48.51225],[-71.770522,48.512095],[-71.769471,48.512285],[-71.769328,48.512464],[-71.769193,48.512434],[-71.768223,48.512976],[-71.768106,48.513017],[-71.768007,48.512898],[-71.769211,48.512268],[-71.770945,48.51194],[-71.771151,48.511946],[-71.770783,48.512024],[-71.770783,48.512113],[-71.772463,48.512684],[-71.772696,48.512946],[-71.772606,48.512994],[-71.772427,48.512767],[-71.770989,48.51225]]]]}},{"type":"Feature","properties":{"owner1":"S.I.A.L.","owner2":"S.I.A.L.","matricule":"1075-55-0539","street":"DOMAINE-GRANDMONT","civicLow":"0","civicHigh":"0","valueLand":"24600","valueBuilding":"0","valueTotal":"24600","mailAddr":"306 CHEMIN DU DOMAINE GRANDMONT","mailCity":null,"mun":null},"geometry":{"type":"MultiPolygon","coordinates":[[[[-71.776496,48.511411],[-71.776388,48.511482],[-71.776352,48.511268],[-71.776496,48.511411]]]]}},{"type":"Feature","properties":{"owner1":"MINISTRE DU DEVELOPPEMENT DURABLE DE","owner2":null,"matricule":"1082-01-6382","street":"LAC-ST-JEAN","civicLow":"0","civicHigh":"0","valueLand":"500","valueBuilding":"0","valueTotal":"500","mailAddr":"675 BOULEVARD RENE-LEVESQUE EST","mailCity":null,"mun":null},"geometry":{"type":"MultiPolygon","coordinates":[[[[-71.783835,48.570988],[-71.783898,48.5711],[-71.78379,48.571065],[-71.783835,48.570988]]]]}},{"type":"Feature","properties":{"owner1":"SOCIETE CANADIENNE D'HYPOTHEQUES","owner2":null,"matricule":"1073-55-0499","street":"DE QUEN","civicLow":"238","civicHigh":"0","valueLand":"23000","valueBuilding":"72800","valueTotal":"95800","mailAddr":"700 CHEMIN MONTREAL","mailCity":null,"mun":null},"geometry":{"type":"MultiPolygon","coordinates":[[[[-71.776272,48.493888],[-71.776173,48.494096],[-71.775661,48.493995],[-71.77576,48.49378],[-71.776272,48.493888]]]]}},{"type":"Feature","properties":{"owner1":"S.I.A.L.","owner2":"S.I.A.L.","matricule":"0978-85-5099","street":"BOIS-DE-GRANDMONT","civicLow":"205","civicHigh":"0","valueLand":"199900","valueBuilding":"96500","valueTotal":"296400","mailAddr":"205 CHEMIN DU BOIS-DE-GRANDMONT","mailCity":null,"mun":null},"geometry":{"type":"MultiPolygon","coordinates":[[[[-71.785839,48.539034],[-71.785434,48.538731],[-71.786135,48.538374],[-71.78636,48.53904],[-71.785839,48.539034]]]]}},{"type":"Feature","properties":{"owner1":"S.I.A.L.","owner2":"S.I.A.L.","matricule":"0978-85-6134","street":"BOIS-DE-GRANDMONT","civicLow":"203","civicHigh":"0","valueLand":"266500","valueBuilding":"470900","valueTotal":"737400","mailAddr":"203 CHEMIN DU BOIS-DE-GRANDMONT","mailCity":null,"mun":null},"geometry":{"type":"MultiPolygon","coordinates":[[[[-71.785839,48.537731],[-71.786054,48.537547],[-71.786288,48.537928],[-71.786198,48.538332],[-71.785434,48.538731],[-71.785228,48.538522],[-71.785839,48.537731]]]]}},{"type":"Feature","properties":{"owner1":"S.I.A.L.","owner2":null,"matricule":"0978-94-0697","street":"BOIS-DE-GRANDMONT","civicLow":"201","civicHigh":"0","valueLand":"240300","valueBuilding":"166700","valueTotal":"407000","mailAddr":"3986 RUE DE LA FABRIQUE","mailCity":null,"mun":null},"geometry":{"type":"MultiPolygon","coordinates":[[[[-71.785102,48.538392],[-71.784725,48.538386],[-71.784635,48.5381],[-71.784788,48.537731],[-71.785183,48.537535],[-71.785641,48.537089],[-71.786054,48.537547],[-71.785542,48.537987],[-71.785228,48.538522],[-71.785102,48.538392]]]]}},{"type":"Feature","properties":{"owner1":"S.I.A.L.","owner2":"S.I.A.L.","matricule":"1078-15-1701","street":"BOIS-DE-GRANDMONT","civicLow":"107","civicHigh":"0","valueLand":"217600","valueBuilding":"297800","valueTotal":"515400","mailAddr":"195 RUE DES CEDRES","mailCity":null,"mun":null},"geometry":{"type":"MultiPolygon","coordinates":[[[[-71.782533,48.538189],[-71.782407,48.53832],[-71.781769,48.538201],[-71.78229,48.537493],[-71.782883,48.53791],[-71.782596,48.538023],[-71.782533,48.538189]]]]}},{"type":"Feature","properties":{"owner1":"COTE CHANTAL","owner2":null,"matricule":"0978-78-7263","street":"CEDRIERE","civicLow":"51","civicHigh":"0","valueLand":"179100","valueBuilding":"424100","valueTotal":"603200","mailAddr":"51 CHEMIN DE LA CEDRIERE","mailCity":null,"mun":null},"geometry":{"type":"MultiPolygon","coordinates":[[[[-71.786899,48.541419],[-71.786701,48.541098],[-71.786836,48.540854],[-71.787366,48.540979],[-71.787429,48.541264],[-71.787006,48.541484],[-71.786899,48.541419]]]]}},{"type":"Feature","properties":{"owner1":"PELLETIER CHRISTINE","owner2":null,"matricule":"0972-85-7322","street":"DE QUEN","civicLow":"487","civicHigh":"0","valueLand":"27700","valueBuilding":"122300","valueTotal":"150000","mailAddr":"487 RUE DE QUEN","mailCity":null,"mun":null},"geometry":{"type":"MultiPolygon","coordinates":[[[[-71.783898,48.484153],[-71.784231,48.483939],[-71.784617,48.484112],[-71.784276,48.484409],[-71.783898,48.484153]]]]}},{"type":"Feature","properties":{"owner1":"NERON ROBIN","owner2":"TREMBLAY LINDA","matricule":"0972-85-9746","street":"DE QUEN","civicLow":"485","civicHigh":"0","valueLand":"25900","valueBuilding":"165200","valueTotal":"191100","mailAddr":"485 RUE DE QUEN","mailCity":null,"mun":null},"geometry":{"type":"MultiPolygon","coordinates":[[[[-71.783593,48.484344],[-71.783898,48.484153],[-71.784276,48.484409],[-71.78397,48.4846],[-71.783593,48.484344]]]]}},{"type":"Feature","properties":{"owner1":"THIBEAULT REAL","owner2":null,"matricule":"0972-95-1865","street":"DE QUEN","civicLow":"483","civicHigh":"0","valueLand":"23700","valueBuilding":"104500","valueTotal":"128200","mailAddr":"483 RUE DE QUEN","mailCity":null,"mun":null},"geometry":{"type":"MultiPolygon","coordinates":[[[[-71.783332,48.484499],[-71.783593,48.484344],[-71.78397,48.4846],[-71.78371,48.484749],[-71.783332,48.484499]]]]}},{"type":"Feature","properties":{"owner1":"OUELLET JEAN-CLAUDE","owner2":null,"matricule":"1072-19-6761","street":"DE QUEN","civicLow":"377","civicHigh":"0","valueLand":"38600","valueBuilding":"61900","valueTotal":"100500","mailAddr":"377 RUE DE QUEN","mailCity":null,"mun":null},"geometry":{"type":"MultiPolygon","coordinates":[[[[-71.78008,48.48822],[-71.779685,48.488113],[-71.779874,48.487892],[-71.781051,48.488154],[-71.780889,48.488381],[-71.78008,48.48822]]]]}},{"type":"Feature","properties":{"owner1":"SIMARD ROGER","owner2":null,"matricule":"1075-71-7475","street":"TOUR","civicLow":"102","civicHigh":"0","valueLand":"41200","valueBuilding":"84900","valueTotal":"126100","mailAddr":"2175 RUE BONNEAU","mailCity":null,"mun":null},"geometry":{"type":"MultiPolygon","coordinates":[[[[-71.772966,48.50812],[-71.772804,48.508381],[-71.772409,48.508304],[-71.772499,48.508137],[-71.771879,48.508018],[-71.771924,48.507917],[-71.772966,48.50812]]]]}},{"type":"Feature","properties":{"owner1":"TREMBLAY JEAN-SEBASTIEN","owner2":"TREMBLAY ADELE","matricule":"1077-55-3047","street":"CROIX","civicLow":"0","civicHigh":"0","valueLand":"44100","valueBuilding":"0","valueTotal":"44100","mailAddr":"590 RANG DES ILES","mailCity":null,"mun":null},"geometry":{"type":"MultiPolygon","coordinates":[[[[-71.776424,48.529754],[-71.776182,48.529154],[-71.776658,48.52913],[-71.776739,48.529844],[-71.776424,48.529754]]]]}},{"type":"Feature","properties":{"owner1":"LACHANCE PASCAL","owner2":null,"matricule":"1075-71-8250","street":"TOUR","civicLow":"104","civicHigh":"0","valueLand":"48700","valueBuilding":"102300","valueTotal":"151000","mailAddr":"104 CHEMIN DE LA TOUR","mailCity":null,"mun":null},"geometry":{"type":"MultiPolygon","coordinates":[[[[-71.771924,48.507917],[-71.772094,48.507721],[-71.77319,48.507876],[-71.772966,48.50812],[-71.771924,48.507917]]]]}},{"type":"Feature","properties":{"owner1":"S.I.A.L.","owner2":null,"matricule":"1074-95-3200","street":"DE QUEN","civicLow":"0","civicHigh":"0","valueLand":"500","valueBuilding":"0","valueTotal":"500","mailAddr":"1655 RUE POWELL","mailCity":null,"mun":null},"geometry":{"type":"MultiPolygon","coordinates":[[[[-71.770441,48.501632],[-71.770927,48.501465],[-71.770855,48.501656],[-71.770558,48.501823],[-71.770549,48.502156],[-71.769579,48.502471],[-71.77028,48.502025],[-71.770441,48.501632]]]]}},{"type":"Feature","properties":{"owner1":"LALANCETTE ANDRE","owner2":"VILLENEUVE LINE","matricule":"1075-55-2894","street":"DOMAINE-GRANDMONT","civicLow":"303","civicHigh":"0","valueLand":"26800","valueBuilding":"167700","valueTotal":"194500","mailAddr":"303 CHEMIN DU DOMAINE-GRANDMONT","mailCity":null,"mun":null},"geometry":{"type":"MultiPolygon","coordinates":[[[[-71.776388,48.511809],[-71.776218,48.512155],[-71.775975,48.511946],[-71.775616,48.511899],[-71.775589,48.511762],[-71.776388,48.511809]]]]}},{"type":"Feature","properties":{"owner1":"S.I.A.L.","owner2":null,"matricule":"0978-61-4271","street":"MELEZES","civicLow":"0","civicHigh":"0","valueLand":"300","valueBuilding":"0","valueTotal":"300","mailAddr":"1655 RUE POWELL","mailCity":null,"mun":null},"geometry":{"type":"MultiPolygon","coordinates":[[[[-71.789629,48.536857],[-71.789854,48.535929],[-71.789773,48.535334],[-71.789315,48.535043],[-71.788381,48.534888],[-71.787986,48.534388],[-71.788138,48.533312],[-71.788471,48.532753],[-71.788354,48.532568],[-71.788462,48.532521],[-71.788534,48.532657],[-71.788803,48.532503],[-71.788866,48.532574],[-71.788632,48.532705],[-71.788255,48.533336],[-71.788111,48.534377],[-71.788462,48.534823],[-71.789369,48.534971],[-71.78989,48.535305],[-71.78998,48.535929],[-71.789755,48.536857],[-71.789629,48.536857]]]]}},{"type":"Feature","properties":{"owner1":"S.I.A.L.","owner2":null,"matricule":"0978-53-2616","street":"MELEZES","civicLow":"12","civicHigh":"0","valueLand":"181900","valueBuilding":"87900","valueTotal":"269800","mailAddr":"2900 RUE DU BOCAGE","mailCity":null,"mun":null},"geometry":{"type":"MultiPolygon","coordinates":[[[[-71.789872,48.536232],[-71.78998,48.535929],[-71.790672,48.536078],[-71.790779,48.536298],[-71.790752,48.536369],[-71.789845,48.536405],[-71.789872,48.536232]]]]}},{"type":"Feature","properties":{"owner1":"BRISSON MARIO","owner2":"SIMARD PATRICIA","matricule":"1073-31-0988","street":"DE QUEN","civicLow":"333","civicHigh":"333","valueLand":"19700","valueBuilding":"165100","valueTotal":"184800","mailAddr":"259 RANG DES ILES","mailCity":null,"mun":null},"geometry":{"type":"MultiPolygon","coordinates":[[[[-71.778778,48.490191],[-71.778751,48.490339],[-71.778176,48.490244],[-71.778338,48.490089],[-71.778778,48.490191]]]]}},{"type":"Feature","properties":{"owner1":"LAVOIE TOMMY","owner2":null,"matricule":"0972-40-8847","street":"DE QUEN","civicLow":"585","civicHigh":"0","valueLand":"21000","valueBuilding":"98800","valueTotal":"119800","mailAddr":"585 RUE DE QUEN","mailCity":null,"mun":null},"geometry":{"type":"MultiPolygon","coordinates":[[[[-71.789683,48.479836],[-71.789621,48.479961],[-71.788983,48.479836],[-71.789135,48.479687],[-71.789683,48.479836]]]]}},{"type":"Feature","properties":{"owner1":"GAGNON JEAN-ROCK","owner2":null,"matricule":"0972-40-7830","street":"DE QUEN","civicLow":"589","civicHigh":"0","valueLand":"21400","valueBuilding":"118800","valueTotal":"140200","mailAddr":"589 RUE DE QUEN","mailCity":null,"mun":null},"geometry":{"type":"MultiPolygon","coordinates":[[[[-71.789135,48.479687],[-71.789288,48.479539],[-71.789764,48.47964],[-71.789683,48.479836],[-71.789135,48.479687]]]]}},{"type":"Feature","properties":{"owner1":"S.I.A.L.","owner2":null,"matricule":"0972-20-0574","street":"PONT","civicLow":"0","civicHigh":"0","valueLand":"14600","valueBuilding":"0","valueTotal":"14600","mailAddr":"1655 RUE POWELL","mailCity":null,"mun":null},"geometry":{"type":"MultiPolygon","coordinates":[[[[-71.793313,48.479872],[-71.793196,48.480205],[-71.793034,48.48017],[-71.793187,48.479824],[-71.793313,48.479872]]]]}},{"type":"Feature","properties":{"owner1":"DUCHESNE FRANCOIS","owner2":"POITRAS NATHALIE","matricule":"1077-15-1589","street":"BOISE","civicLow":"59","civicHigh":"0","valueLand":"44400","valueBuilding":"143200","valueTotal":"187600","mailAddr":"59 CHEMIN DU BOISE","mailCity":null,"mun":null},"geometry":{"type":"MultiPolygon","coordinates":[[[[-71.782461,48.529415],[-71.782129,48.530159],[-71.781805,48.530094],[-71.782138,48.529362],[-71.782461,48.529415]]]]}},{"type":"Feature","properties":{"owner1":"TURCOTTE GAETANE","owner2":null,"matricule":"1073-76-4712","street":"MURRAY","civicLow":"114","civicHigh":"116","valueLand":"33200","valueBuilding":"118000","valueTotal":"151200","mailAddr":"116 RUE MURRAY","mailCity":null,"mun":null},"geometry":{"type":"MultiPolygon","coordinates":[[[[-71.772463,48.494227],[-71.77213,48.494066],[-71.772274,48.493864],[-71.773083,48.49406],[-71.772894,48.494334],[-71.772463,48.494227]]]]}},{"type":"Feature","properties":{"owner1":"CLAVEAU ANDRE","owner2":null,"matricule":"1073-75-2381","street":"MURRAY","civicLow":"120","civicHigh":"0","valueLand":"33700","valueBuilding":"124000","valueTotal":"157700","mailAddr":"120 RUE MURRAY","mailCity":null,"mun":null},"geometry":{"type":"MultiPolygon","coordinates":[[[[-71.773388,48.493614],[-71.773083,48.49406],[-71.772526,48.493876],[-71.772966,48.493519],[-71.773388,48.493614]]]]}},{"type":"Feature","properties":{"owner1":"S.I.A.L.","owner2":null,"matricule":"0978-87-5037","street":"CEDRIERE","civicLow":"42","civicHigh":"0","valueLand":"94300","valueBuilding":"58500","valueTotal":"152800","mailAddr":"835 BOULEVARD AUGER OUEST","mailCity":null,"mun":null},"geometry":{"type":"MultiPolygon","coordinates":[[[[-71.786207,48.539968],[-71.785982,48.540235],[-71.785758,48.540093],[-71.785937,48.539873],[-71.786207,48.539968]]]]}},{"type":"Feature","properties":{"owner1":"S.I.A.L.","owner2":null,"matricule":"0978-87-6824","street":"CEDRIERE","civicLow":"40","civicHigh":"0","valueLand":"85300","valueBuilding":"35700","valueTotal":"121000","mailAddr":"835 BOULEVARD AUGER OUEST","mailCity":null,"mun":null},"geometry":{"type":"MultiPolygon","coordinates":[[[[-71.785937,48.539873],[-71.785758,48.540093],[-71.785524,48.539956],[-71.78565,48.539783],[-71.785937,48.539873]]]]}},{"type":"Feature","properties":{"owner1":"PLACEMENT H.D. INC","owner2":null,"matricule":"1078-10-3719","street":"ILES","civicLow":"0","civicHigh":"0","valueLand":"334000","valueBuilding":"0","valueTotal":"334000","mailAddr":"4 CHEMIN DU BOISE","mailCity":null,"mun":null},"geometry":{"type":"MultiPolygon","coordinates":[[[[-71.781096,48.535632],[-71.779505,48.53534],[-71.779757,48.53471],[-71.779604,48.53468],[-71.779856,48.534067],[-71.781221,48.534311],[-71.781401,48.533829],[-71.779263,48.533455],[-71.778419,48.533585],[-71.778347,48.533401],[-71.779074,48.533336],[-71.779532,48.532312],[-71.778949,48.532152],[-71.778661,48.531819],[-71.77796,48.531682],[-71.777493,48.530825],[-71.777862,48.5307],[-71.779002,48.530915],[-71.779155,48.530492],[-71.776487,48.529832],[-71.785237,48.531474],[-71.78494,48.531539],[-71.784976,48.531801],[-71.784033,48.531646],[-71.78406,48.532045],[-71.78485,48.532027],[-71.784994,48.532562],[-71.785371,48.532854],[-71.785336,48.533098],[-71.785102,48.533264],[-71.785147,48.533972],[-71.784707,48.534115],[-71.784213,48.534097],[-71.783934,48.534311],[-71.783413,48.534472],[-71.783629,48.53465],[-71.783413,48.535037],[-71.783449,48.535352],[-71.783755,48.535441],[-71.784033,48.535209],[-71.784419,48.535257],[-71.784725,48.536036],[-71.784635,48.536286],[-71.781096,48.535632]]],[[[-71.783826,48.531652],[-71.783692,48.53142],[-71.783386,48.531271],[-71.779362,48.530569],[-71.7792,48.53095],[-71.783835,48.531819],[-71.783826,48.531652]]]]}},{"type":"Feature","properties":{"owner1":"DUCHESNE JEAN-MICHEL","owner2":"BERGERON CLAUDIA","matricule":"1076-68-3003","street":"CHENES","civicLow":"210","civicHigh":"0","valueLand":"55300","valueBuilding":"0","valueTotal":"55300","mailAddr":"401 RUE DE MONTPELLIER","mailCity":null,"mun":null},"geometry":{"type":"MultiPolygon","coordinates":[[[[-71.77505,48.5223],[-71.775176,48.522306],[-71.774933,48.522353],[-71.77505,48.5223]]],[[[-71.774879,48.522437],[-71.775041,48.522407],[-71.775553,48.522764],[-71.77523,48.523282],[-71.774547,48.522865],[-71.774475,48.52249],[-71.774879,48.522437]]]]}},{"type":"Feature","properties":{"owner1":"S.I.A.L.","owner2":null,"matricule":"1076-72-2143","street":"ETANG","civicLow":"13","civicHigh":"0","valueLand":"29400","valueBuilding":"33900","valueTotal":"63300","mailAddr":"13 CHEMIN DE L'ETANG","mailCity":null,"mun":null},"geometry":{"type":"MultiPolygon","coordinates":[[[[-71.773415,48.517843],[-71.773127,48.517558],[-71.773918,48.517611],[-71.773891,48.517897],[-71.773496,48.517921],[-71.773415,48.517843]]]]}},{"type":"Feature","properties":{"owner1":"S.I.A.L.","owner2":null,"matricule":"1076-72-0278","street":"ETANG","civicLow":"15","civicHigh":"0","valueLand":"27900","valueBuilding":"88900","valueTotal":"116800","mailAddr":"15 CHEMIN DE L'ETANG","mailCity":null,"mun":null},"geometry":{"type":"MultiPolygon","coordinates":[[[[-71.773496,48.517921],[-71.773891,48.517897],[-71.773918,48.517718],[-71.774017,48.517736],[-71.774143,48.51826],[-71.773846,48.51823],[-71.773496,48.517921]]]]}},{"type":"Feature","properties":{"owner1":"S.I.A.L.","owner2":"S.I.A.L.","matricule":"1076-63-7839","street":"ETANG","civicLow":"20","civicHigh":"0","valueLand":"57200","valueBuilding":"87300","valueTotal":"144500","mailAddr":"280 RUE OUIMET","mailCity":null,"mun":null},"geometry":{"type":"MultiPolygon","coordinates":[[[[-71.773945,48.518456],[-71.773918,48.518397],[-71.774511,48.518504],[-71.774277,48.518783],[-71.774134,48.518778],[-71.773945,48.518456]]]]}},{"type":"Feature","properties":{"owner1":"FRIOLET EDDY","owner2":"SIMARD MYRIAM","matricule":"1371-36-7656","street":"4","civicLow":"1355","civicHigh":"0","valueLand":"28800","valueBuilding":"99900","valueTotal":"128700","mailAddr":"1355 4E RANG","mailCity":null,"mun":null},"geometry":{"type":"MultiPolygon","coordinates":[[[[-71.736306,48.476966],[-71.736413,48.476704],[-71.737051,48.476823],[-71.736943,48.477085],[-71.736306,48.476966]]]]}},{"type":"Feature","properties":{"owner1":"GAGNON LOUIS","owner2":"LAROCHE FRANCE","matricule":"0978-55-3381","street":"BOIS-DE-GRANDMONT","civicLow":"35","civicHigh":"0","valueLand":"46600","valueBuilding":"205700","valueTotal":"252300","mailAddr":"701 RUE DES CRECERELLES","mailCity":null,"mun":null},"geometry":{"type":"MultiPolygon","coordinates":[[[[-71.790824,48.53857],[-71.789665,48.53885],[-71.789692,48.538665],[-71.790609,48.538273],[-71.790824,48.53857]]]]}},{"type":"Feature","properties":{"owner1":"BOILY SYLVAIN","owner2":"BOUCHARD CHANTALE","matricule":"1370-97-7490","street":"4","civicLow":"0","civicHigh":"0","valueLand":"367500","valueBuilding":"0","valueTotal":"367500","mailAddr":"751 3E RANG OUEST","mailCity":null,"mun":null},"geometry":{"type":"MultiPolygon","coordinates":[[[[-71.727924,48.462028],[-71.728652,48.460551],[-71.728634,48.461296],[-71.727924,48.462028]]],[[[-71.729092,48.460331],[-71.735515,48.461504],[-71.733907,48.465418],[-71.727969,48.462177],[-71.728706,48.461385],[-71.728858,48.460599],[-71.729092,48.460331]]],[[[-71.728634,48.474977],[-71.728239,48.474905],[-71.728014,48.475436],[-71.726622,48.475179],[-71.726909,48.474518],[-71.726415,48.474423],[-71.726128,48.475084],[-71.724897,48.474858],[-71.725095,48.474381],[-71.723981,48.474179],[-71.723765,48.474649],[-71.723028,48.474512],[-71.722885,48.47434],[-71.727071,48.464393],[-71.72761,48.463672],[-71.727843,48.462463],[-71.733763,48.465698],[-71.729604,48.475727],[-71.728409,48.475507],[-71.728634,48.474977]]]]}},{"type":"Feature","properties":{"owner1":"S.I.A.L.","owner2":"S.I.A.L.","matricule":"1078-06-0265","street":"CEDRIERE","civicLow":"34","civicHigh":"0","valueLand":"177500","valueBuilding":"307200","valueTotal":"484700","mailAddr":"34 CHEMIN DE LA CEDRIERE","mailCity":null,"mun":null},"geometry":{"type":"MultiPolygon","coordinates":[[[[-71.78371,48.539682],[-71.783395,48.539534],[-71.783916,48.539087],[-71.784428,48.539218],[-71.784078,48.539575],[-71.78371,48.539682]]]]}},{"type":"Feature","properties":{"owner1":"S.I.A.L.","owner2":null,"matricule":"1080-89-1381","street":"BAIE-FOREST","civicLow":"0","civicHigh":"0","valueLand":"13700","valueBuilding":"0","valueTotal":"13700","mailAddr":"1655 RUE POWELL","mailCity":null,"mun":null},"geometry":{"type":"MultiPolygon","coordinates":[[[[-71.773127,48.560132],[-71.773532,48.560346],[-71.773577,48.560584],[-71.773127,48.560132]]]]}},{"type":"Feature","properties":{"owner1":"MINISTERE DES RESSOURCES NATURELLES","owner2":null,"matricule":"1080-43-8924","street":"GOLF","civicLow":"0","civicHigh":"0","valueLand":"500","valueBuilding":"0","valueTotal":"500","mailAddr":"5700 4IEME AVENUE OUEST","mailCity":null,"mun":null},"geometry":{"type":"MultiPolygon","coordinates":[[[[-71.777583,48.554395],[-71.776442,48.554157],[-71.778607,48.554615],[-71.777583,48.554395]]]]}},{"type":"Feature","properties":{"owner1":"LAROUCHE ROBERT","owner2":null,"matricule":"1475-96-7104","street":"5","civicLow":"0","civicHigh":"0","valueLand":"500","valueBuilding":"0","valueTotal":"500","mailAddr":"1910 ROUTE DU LAC OUEST","mailCity":null,"mun":null},"geometry":{"type":"MultiPolygon","coordinates":[[[[-71.716282,48.511863],[-71.716336,48.511875],[-71.71559,48.513374],[-71.716282,48.511863]]]]}},{"type":"Feature","properties":{"owner1":"MUNICIPALITE DE SAINT-GEDEON","owner2":null,"matricule":"0970-91-2624","street":"BELLE-RIVIERE","civicLow":"0","civicHigh":"0","valueLand":"100","valueBuilding":"23200","valueTotal":"23300","mailAddr":"208 RUE DEQUEN","mailCity":null,"mun":null},"geometry":{"type":"MultiPolygon","coordinates":[[[[-71.782946,48.462547],[-71.783072,48.462564],[-71.783027,48.462672],[-71.782901,48.462654],[-71.782946,48.462547]]]]}},{"type":"Feature","properties":{"owner1":"S.I.A.L.","owner2":"S.I.A.L.","matricule":"0973-42-1694","street":"SAINT-GEDEON-SUR-LE-LAC","civicLow":"6","civicHigh":"0","valueLand":"181000","valueBuilding":"372800","valueTotal":"553800","mailAddr":"6 CHEMIN DE SAINT-GEDEON-SUR-LE-LAC","mailCity":null,"mun":null},"geometry":{"type":"MultiPolygon","coordinates":[[[[-71.789522,48.490828],[-71.791776,48.491161],[-71.791642,48.49128],[-71.789495,48.490905],[-71.789522,48.490828]]]]}},{"type":"Feature","properties":{"owner1":"BOILY LUCIENNE","owner2":null,"matricule":"1074-70-0635","street":"DE QUEN","civicLow":"146","civicHigh":"0","valueLand":"26200","valueBuilding":"101100","valueTotal":"127300","mailAddr":"146 RUE DE QUEN","mailCity":null,"mun":null},"geometry":{"type":"MultiPolygon","coordinates":[[[[-71.772966,48.497977],[-71.773181,48.497709],[-71.773675,48.497799],[-71.773469,48.498067],[-71.772966,48.497977]]]]}},{"type":"Feature","properties":{"owner1":"SIMARD ANDRE","owner2":null,"matricule":"1074-60-3956","street":"DE QUEN","civicLow":"149","civicHigh":"0","valueLand":"37700","valueBuilding":"75200","valueTotal":"112900","mailAddr":"149 RUE DE QUEN","mailCity":null,"mun":null},"geometry":{"type":"MultiPolygon","coordinates":[[[[-71.774834,48.498007],[-71.774601,48.498299],[-71.773648,48.49812],[-71.773873,48.497834],[-71.774834,48.498007]]]]}},{"type":"Feature","properties":{"owner1":"MALTAIS LUC","owner2":null,"matricule":"1074-60-5280","street":"DE QUEN","civicLow":"141","civicHigh":"0","valueLand":"26800","valueBuilding":"100500","valueTotal":"127300","mailAddr":"141 RUE DE QUEN","mailCity":null,"mun":null},"geometry":{"type":"MultiPolygon","coordinates":[[[[-71.773532,48.498269],[-71.773648,48.49812],[-71.774601,48.498299],[-71.774484,48.498442],[-71.773532,48.498269]]]]}},{"type":"Feature","properties":{"owner1":"ASSELIN ROBERTO","owner2":"BILODEAU ISABELLE","matricule":"1271-88-7405","street":"4","civicLow":"1401","civicHigh":"0","valueLand":"27900","valueBuilding":"129000","valueTotal":"156900","mailAddr":"1401 RANG 4","mailCity":null,"mun":null},"geometry":{"type":"MultiPolygon","coordinates":[[[[-71.743151,48.478234],[-71.743258,48.477966],[-71.743851,48.47808],[-71.743744,48.478342],[-71.743151,48.478234]]]]}},{"type":"Feature","properties":{"owner1":"COTE MICHEL","owner2":null,"matricule":"1069-76-0353","street":"BELLE-RIVIERE","civicLow":"1190","civicHigh":"0","valueLand":"35800","valueBuilding":"16400","valueTotal":"52200","mailAddr":"117 RUE FORTIN","mailCity":null,"mun":null},"geometry":{"type":"MultiPolygon","coordinates":[[[[-71.771888,48.458639],[-71.772445,48.458156],[-71.772768,48.458311],[-71.7724,48.458806],[-71.771888,48.458639]]]]}},{"type":"Feature","properties":{"owner1":"COTE DANY","owner2":null,"matricule":"1069-66-6372","street":"BELLE-RIVIERE","civicLow":"1196","civicHigh":"0","valueLand":"38900","valueBuilding":"113700","valueTotal":"152600","mailAddr":"1196 RANG BELLE-RIVIERE","mailCity":null,"mun":null},"geometry":{"type":"MultiPolygon","coordinates":[[[[-71.772768,48.458311],[-71.773379,48.458609],[-71.773136,48.458966],[-71.772454,48.45874],[-71.772768,48.458311]]]]}},{"type":"Feature","properties":{"owner1":"GIRARD SEBASTIEN","owner2":null,"matricule":"1073-85-1630","street":"TREMBLAY","civicLow":"113","civicHigh":"0","valueLand":"21500","valueBuilding":"176400","valueTotal":"197900","mailAddr":"113 RUE TREMBLAY","mailCity":null,"mun":null},"geometry":{"type":"MultiPolygon","coordinates":[[[[-71.771457,48.493417],[-71.771618,48.493185],[-71.771987,48.493304],[-71.771825,48.49353],[-71.771457,48.493417]]]]}},{"type":"Feature","properties":{"owner1":"GAUDREAULT FRANCOIS","owner2":"GIRARD MARIE-EVE","matricule":"1073-21-4460","street":"PLAGE","civicLow":"111","civicHigh":"0","valueLand":"31900","valueBuilding":"120700","valueTotal":"152600","mailAddr":"111 RUE DE LA PLAGE","mailCity":null,"mun":null},"geometry":{"type":"MultiPolygon","coordinates":[[[[-71.779739,48.489792],[-71.779523,48.490203],[-71.779029,48.490113],[-71.779245,48.489702],[-71.779739,48.489792]]]]}},{"type":"Feature","properties":{"owner1":"BERGERON GUY","owner2":null,"matricule":"1079-13-7650","street":"ILES","civicLow":"340","civicHigh":"0","valueLand":"148700","valueBuilding":"149600","valueTotal":"298300","mailAddr":"340 RANG DES ILES","mailCity":null,"mun":null},"geometry":{"type":"MultiPolygon","coordinates":[[[[-71.780943,48.545879],[-71.781868,48.545368],[-71.782766,48.545505],[-71.78265,48.545731],[-71.782281,48.54585],[-71.781841,48.545677],[-71.781257,48.545915],[-71.780997,48.546212],[-71.781158,48.546379],[-71.780673,48.546195],[-71.780943,48.545879]]]]}},{"type":"Feature","properties":{"owner1":"GAGNON ROCH","owner2":null,"matricule":"1374-89-7525","street":"5","civicLow":"1495","civicHigh":"0","valueLand":"24800","valueBuilding":"80100","valueTotal":"104900","mailAddr":"1495 RANG 5","mailCity":null,"mun":null},"geometry":{"type":"MultiPolygon","coordinates":[[[[-71.730386,48.506495],[-71.730493,48.506173],[-71.730898,48.506227],[-71.73079,48.506548],[-71.730386,48.506495]]]]}},{"type":"Feature","properties":{"owner1":"BOILY GABRIEL","owner2":null,"matricule":"1375-88-6144","street":"5","civicLow":"1520","civicHigh":"0","valueLand":"240700","valueBuilding":"147300","valueTotal":"388000","mailAddr":"1520 RANG 5","mailCity":null,"mun":null},"geometry":{"type":"MultiPolygon","coordinates":[[[[-71.731095,48.508614],[-71.73176,48.506941],[-71.732263,48.507048],[-71.73211,48.507429],[-71.732506,48.507507],[-71.732649,48.507126],[-71.733745,48.507334],[-71.733673,48.507816],[-71.734176,48.507911],[-71.734248,48.507423],[-71.736027,48.507745],[-71.730368,48.522199],[-71.726029,48.52139],[-71.731095,48.508614]]]]}},{"type":"Feature","properties":{"owner1":"BOILY LISE","owner2":null,"matricule":"1375-60-3270","street":"5","civicLow":"1530","civicHigh":"0","valueLand":"33900","valueBuilding":"104100","valueTotal":"138000","mailAddr":"1530 RANG 5","mailCity":null,"mun":null},"geometry":{"type":"MultiPolygon","coordinates":[[[[-71.733745,48.507334],[-71.734248,48.507423],[-71.734176,48.507911],[-71.733673,48.507816],[-71.733745,48.507334]]]]}},{"type":"Feature","properties":{"owner1":"BEAUMONT LUC","owner2":"BOIVIN MARTINE","matricule":"1375-70-4828","street":"5","civicLow":"1506","civicHigh":"0","valueLand":"27900","valueBuilding":"153200","valueTotal":"181100","mailAddr":"1506 RANG 5","mailCity":null,"mun":null},"geometry":{"type":"MultiPolygon","coordinates":[[[[-71.732649,48.507126],[-71.732506,48.507507],[-71.73211,48.507429],[-71.732263,48.50703],[-71.732649,48.507126]]]]}},{"type":"Feature","properties":{"owner1":"BOILY DANY","owner2":null,"matricule":"1375-68-7196","street":"5","civicLow":"0","civicHigh":"0","valueLand":"54800","valueBuilding":"1600","valueTotal":"56400","mailAddr":"460 RANG 10","mailCity":null,"mun":null},"geometry":{"type":"MultiPolygon","coordinates":[[[[-71.73688,48.507893],[-71.73123,48.522359],[-71.730368,48.522199],[-71.736027,48.507745],[-71.73688,48.507893]]]]}},{"type":"Feature","properties":{"owner1":"COTE LOUISE","owner2":null,"matricule":"0971-29-5057","street":"PONT","civicLow":"626","civicHigh":"630","valueLand":"25400","valueBuilding":"167100","valueTotal":"192500","mailAddr":"626 RUE DU PONT","mailCity":null,"mun":null},"geometry":{"type":"MultiPolygon","coordinates":[[[[-71.792244,48.47908],[-71.792378,48.478806],[-71.792845,48.478895],[-71.792738,48.479169],[-71.792244,48.47908]]]]}},{"type":"Feature","properties":{"owner1":"BERGERON MARTINE","owner2":null,"matricule":"1073-58-6988","street":"DE QUEN","civicLow":"185","civicHigh":"187","valueLand":"21100","valueBuilding":"120200","valueTotal":"141300","mailAddr":"185 RUE DE QUEN","mailCity":null,"mun":null},"geometry":{"type":"MultiPolygon","coordinates":[[[[-71.774852,48.496561],[-71.774978,48.496388],[-71.775445,48.496537],[-71.775319,48.496709],[-71.774852,48.496561]]]]}},{"type":"Feature","properties":{"owner1":"DUFOUR YVON","owner2":null,"matricule":"1073-54-3671","street":"LAVOIE","civicLow":"138","civicHigh":"0","valueLand":"23700","valueBuilding":"142500","valueTotal":"166200","mailAddr":"138 RUE LAVOIE","mailCity":null,"mun":null},"geometry":{"type":"MultiPolygon","coordinates":[[[[-71.775858,48.492762],[-71.775795,48.492941],[-71.775131,48.492828],[-71.775203,48.492649],[-71.775858,48.492762]]]]}},{"type":"Feature","properties":{"owner1":"OUELLET BRUNO","owner2":null,"matricule":"1073-87-1267","street":"BOLDUC","civicLow":"0","civicHigh":"0","valueLand":"20500","valueBuilding":"0","valueTotal":"20500","mailAddr":"134 RUE LEVESQUE","mailCity":null,"mun":null},"geometry":{"type":"MultiPolygon","coordinates":[[[[-71.771573,48.495483],[-71.771681,48.495334],[-71.772014,48.4954],[-71.771996,48.495632],[-71.771843,48.495656],[-71.771573,48.495483]]]]}},{"type":"Feature","properties":{"owner1":"FORTIN MAXIME","owner2":"PARADIS MARIE CLAUDE","matricule":"1073-87-2887","street":"BOLDUC","civicLow":"129","civicHigh":"0","valueLand":"20600","valueBuilding":"239800","valueTotal":"260400","mailAddr":"129 RUE BOLDUC","mailCity":null,"mun":null},"geometry":{"type":"MultiPolygon","coordinates":[[[[-71.771528,48.495543],[-71.771573,48.495483],[-71.771843,48.495656],[-71.771789,48.495781],[-71.771331,48.495828],[-71.771528,48.495543]]]]}},{"type":"Feature","properties":{"owner1":"S.I.A.L.","owner2":null,"matricule":"1077-21-9521","street":"ADELARD-GAUTHIER","civicLow":"0","civicHigh":"0","valueLand":"25800","valueBuilding":"0","valueTotal":"25800","mailAddr":"116 CHEMIN ADELARD-GAUTHIER","mailCity":null,"mun":null},"geometry":{"type":"MultiPolygon","coordinates":[[[[-71.779847,48.52562],[-71.779757,48.525745],[-71.77973,48.52565],[-71.779182,48.525418],[-71.779847,48.52562]]]]}},{"type":"Feature","properties":{"owner1":"BOUCHARD GERMAIN","owner2":null,"matricule":"1571-02-0073","street":"4","civicLow":"1138","civicHigh":"0","valueLand":"35700","valueBuilding":"107600","valueTotal":"143300","mailAddr":"1138 RANG 4","mailCity":null,"mun":null},"geometry":{"type":"MultiPolygon","coordinates":[[[[-71.714979,48.473387],[-71.714701,48.474048],[-71.714333,48.473988],[-71.714584,48.473315],[-71.714979,48.473387]]]]}},{"type":"Feature","properties":{"owner1":"S.I.A.L.","owner2":null,"matricule":"1078-08-8700","street":"ILES","civicLow":"0","civicHigh":"0","valueLand":"79400","valueBuilding":"0","valueTotal":"79400","mailAddr":"101 CHEMIN DE LA CEDRIERE","mailCity":null,"mun":null},"geometry":{"type":"MultiPolygon","coordinates":[[[[-71.782784,48.540854],[-71.782623,48.540705],[-71.782677,48.540408],[-71.78291,48.540438],[-71.782946,48.540753],[-71.783081,48.54083],[-71.782775,48.540967],[-71.782784,48.540854]]]]}},{"type":"Feature","properties":{"owner1":"S.I.A.L.","owner2":null,"matricule":"1078-17-0489","street":"CEDRIERE","civicLow":"0","civicHigh":"0","valueLand":"38400","valueBuilding":"0","valueTotal":"38400","mailAddr":"28 CHEMIN DE LA CEDRIERE","mailCity":null,"mun":null},"geometry":{"type":"MultiPolygon","coordinates":[[[[-71.782677,48.540408],[-71.782623,48.540705],[-71.782425,48.540652],[-71.78247,48.540408],[-71.782677,48.540408]]]]}},{"type":"Feature","properties":{"owner1":"BRASSARD PIERRE","owner2":"VILLENEUVE CAROLINE","matricule":"1073-03-4961","street":"WILFRID-SIMARD","civicLow":"109","civicHigh":"0","valueLand":"27800","valueBuilding":"122000","valueTotal":"149800","mailAddr":"109 RUE WILFRID-SIMARD","mailCity":null,"mun":null},"geometry":{"type":"MultiPolygon","coordinates":[[[[-71.781814,48.491923],[-71.781895,48.491578],[-71.782075,48.491465],[-71.782398,48.491643],[-71.782084,48.491971],[-71.781814,48.491923]]]]}},{"type":"Feature","properties":{"owner1":"S.I.A.L.","owner2":null,"matricule":"0977-67-6444","street":"CROIX","civicLow":"84","civicHigh":"0","valueLand":"118500","valueBuilding":"98000","valueTotal":"216500","mailAddr":"4285 DE CHAMBLY","mailCity":null,"mun":null},"geometry":{"type":"MultiPolygon","coordinates":[[[[-71.788075,48.531152],[-71.788084,48.530867],[-71.788561,48.531045],[-71.788561,48.531158],[-71.788174,48.531248],[-71.788075,48.531152]]]]}},{"type":"Feature","properties":{"owner1":"S.I.A.L.","owner2":"S.I.A.L.","matricule":"0977-67-4972","street":"CROIX","civicLow":"86","civicHigh":"0","valueLand":"117100","valueBuilding":"337100","valueTotal":"454200","mailAddr":"86 CHEMIN DE LA CROIX","mailCity":null,"mun":null},"geometry":{"type":"MultiPolygon","coordinates":[[[[-71.788174,48.531248],[-71.788641,48.531182],[-71.788812,48.531426],[-71.788363,48.531497],[-71.788174,48.531248]]]]}},{"type":"Feature","properties":{"owner1":"MUNICIPALITE DE SAINT-GEDEON","owner2":null,"matricule":"1073-44-8063","street":"DE QUEN","civicLow":"270","civicHigh":"0","valueLand":"40800","valueBuilding":"152200","valueTotal":"193000","mailAddr":"208 RUE DE QUEN","mailCity":null,"mun":null},"geometry":{"type":"MultiPolygon","coordinates":[[[[-71.77682,48.492715],[-71.776739,48.492876],[-71.775688,48.492733],[-71.775777,48.492548],[-71.77682,48.492715]]]]}},{"type":"Feature","properties":{"owner1":"S.I.A.L.","owner2":null,"matricule":"0978-96-5681","street":"CEDRIERE","civicLow":"36","civicHigh":"0","valueLand":"170700","valueBuilding":"343600","valueTotal":"514300","mailAddr":"36 CHEMIN DE LA CEDRIERE","mailCity":null,"mun":null},"geometry":{"type":"MultiPolygon","coordinates":[[[[-71.783943,48.539653],[-71.784428,48.539218],[-71.784518,48.539403],[-71.785255,48.539587],[-71.785138,48.539712],[-71.783943,48.539653]]]]}},{"type":"Feature","properties":{"owner1":"ST-HILAIRE ANNIE","owner2":null,"matricule":"1078-06-5399","street":"CEDRIERE","civicLow":"32","civicHigh":"0","valueLand":"75500","valueBuilding":"205200","valueTotal":"280700","mailAddr":"32 CHEMIN DE LA CEDRIERE","mailCity":null,"mun":null},"geometry":{"type":"MultiPolygon","coordinates":[[[[-71.783449,48.539771],[-71.783341,48.539997],[-71.78291,48.539902],[-71.783072,48.539528],[-71.783395,48.539534],[-71.78371,48.539682],[-71.783449,48.539771]]]]}},{"type":"Feature","properties":{"owner1":"FORTIN LUCA","owner2":null,"matricule":"1180-34-8912","street":"GOLF","civicLow":"214","civicHigh":"0","valueLand":"54900","valueBuilding":"57600","valueTotal":"112500","mailAddr":"1036 RUE ARNOIS","mailCity":null,"mun":null},"geometry":{"type":"MultiPolygon","coordinates":[[[[-71.765384,48.555305],[-71.765635,48.55518],[-71.765653,48.555364],[-71.76551,48.555465],[-71.765312,48.555364],[-71.765384,48.555305]]]]}},{"type":"Feature","properties":{"owner1":"CLAVEAU MICHEL","owner2":"MORIN SYLVIE","matricule":"1469-18-3411","street":"3 OUEST","civicLow":"0","civicHigh":"0","valueLand":"7700","valueBuilding":"0","valueTotal":"7700","mailAddr":"671 RUE SAINT-WILBROD","mailCity":null,"mun":null},"geometry":{"type":"MultiPolygon","coordinates":[[[[-71.727053,48.460033],[-71.726487,48.461361],[-71.725104,48.460605],[-71.725427,48.459747],[-71.727053,48.460033]]]]}},{"type":"Feature","properties":{"owner1":"TRUCHON ELOI","owner2":null,"matricule":"1470-21-6277","street":"BELLE-RIVIERE","civicLow":"0","civicHigh":"0","valueLand":"5800","valueBuilding":"0","valueTotal":"5800","mailAddr":"275 ROUTE DU LAC OUEST","mailCity":null,"mun":null},"geometry":{"type":"MultiPolygon","coordinates":[[[[-71.726011,48.461456],[-71.72381,48.466567],[-71.723298,48.466234],[-71.722669,48.466156],[-71.724951,48.460879],[-71.726011,48.461456]]]]}},{"type":"Feature","properties":{"owner1":"SAVARD YVON","owner2":null,"matricule":"1375-80-6679","street":"5","civicLow":"1496","civicHigh":"0","valueLand":"35900","valueBuilding":"107800","valueTotal":"143700","mailAddr":"1496 RANG 5","mailCity":null,"mun":null},"geometry":{"type":"MultiPolygon","coordinates":[[[[-71.73176,48.506941],[-71.731095,48.508614],[-71.729981,48.508304],[-71.730305,48.507382],[-71.731095,48.506798],[-71.73176,48.506941]]]]}},{"type":"Feature","properties":{"owner1":"CLAVEAU CLEMENT","owner2":"TREMBLAY JOCELYNE","matricule":"1075-77-4705","street":"DOMAINE-GRANDMONT","civicLow":"162","civicHigh":"0","valueLand":"56200","valueBuilding":"134700","valueTotal":"190900","mailAddr":"162 CHEMIN DU DOMAINE-GRANDMONT","mailCity":null,"mun":null},"geometry":{"type":"MultiPolygon","coordinates":[[[[-71.772696,48.512946],[-71.772454,48.512696],[-71.772517,48.512553],[-71.773801,48.513],[-71.773568,48.513178],[-71.772696,48.512946]]]]}},{"type":"Feature","properties":{"owner1":"GOBEIL DANY","owner2":null,"matricule":"1075-87-2147","street":"DOMAINE-GRANDMONT","civicLow":"0","civicHigh":"0","valueLand":"46800","valueBuilding":"0","valueTotal":"46800","mailAddr":"216 CHEMIN DU DOMAINE-GRANDMONT","mailCity":null,"mun":null},"geometry":{"type":"MultiPolygon","coordinates":[[[[-71.772283,48.513452],[-71.772202,48.513678],[-71.77187,48.513565],[-71.772032,48.512994],[-71.772445,48.512994],[-71.772283,48.513452]]]]}},{"type":"Feature","properties":{"owner1":"DESGAGNE MICHEL","owner2":"GAGNON KARINE","matricule":"1075-87-5641","street":"DOMAINE-GRANDMONT","civicLow":"118","civicHigh":"0","valueLand":"47800","valueBuilding":"310200","valueTotal":"358000","mailAddr":"118 CHEMIN DU DOMAINE-GRANDMONT","mailCity":null,"mun":null},"geometry":{"type":"MultiPolygon","coordinates":[[[[-71.771996,48.513101],[-71.77187,48.513565],[-71.771376,48.513392],[-71.771493,48.512928],[-71.771996,48.513101]]]]}},{"type":"Feature","properties":{"owner1":"FORTIN MICHEL","owner2":"STOCK LEE-ANNE","matricule":"1075-87-9719","street":"DOMAINE-GRANDMONT","civicLow":"114","civicHigh":"0","valueLand":"52600","valueBuilding":"268700","valueTotal":"321300","mailAddr":"83 WILLIAM JOSE COURT","mailCity":null,"mun":null},"geometry":{"type":"MultiPolygon","coordinates":[[[[-71.771493,48.512928],[-71.771376,48.513392],[-71.770765,48.51319],[-71.770873,48.51272],[-71.771493,48.512928]]]]}},{"type":"Feature","properties":{"owner1":"COTE FREDERIC","owner2":"DORE ISABELLE","matricule":"1075-96-5595","street":"DOMAINE-GRANDMONT","civicLow":"112","civicHigh":"0","valueLand":"57200","valueBuilding":"407000","valueTotal":"464200","mailAddr":"112 CHEMIN DU DOMAINE-GRANDMONT","mailCity":null,"mun":null},"geometry":{"type":"MultiPolygon","coordinates":[[[[-71.769516,48.512762],[-71.7701,48.512625],[-71.770864,48.512785],[-71.770765,48.51319],[-71.769516,48.512762]]]]}},{"type":"Feature","properties":{"owner1":"S.I.A.L.","owner2":null,"matricule":"1075-96-5271","street":"DOMAINE-GRANDMONT","civicLow":"0","civicHigh":"0","valueLand":"900","valueBuilding":"0","valueTotal":"900","mailAddr":"1655 RUE POWELL","mailCity":null,"mun":null},"geometry":{"type":"MultiPolygon","coordinates":[[[[-71.770136,48.512637],[-71.770325,48.512559],[-71.770702,48.512756],[-71.770136,48.512637]]]]}},{"type":"Feature","properties":{"owner1":"LEGARE BOUCHARD GUILLAUME","owner2":"DUMAIS-PARE JESSICA","matricule":"1075-96-6341","street":"DOMAINE-GRANDMONT","civicLow":"11","civicHigh":"0","valueLand":"80000","valueBuilding":"0","valueTotal":"80000","mailAddr":"461 RUE DUPERRE","mailCity":null,"mun":null},"geometry":{"type":"MultiPolygon","coordinates":[[[[-71.770352,48.512125],[-71.770702,48.512756],[-71.770325,48.512559],[-71.7701,48.512625],[-71.76984,48.512214],[-71.770352,48.512125]]]]}},{"type":"Feature","properties":{"owner1":"LAVOIE FREDERIC","owner2":"LESSARD ISABELLE","matricule":"1075-96-2448","street":"DOMAINE-GRANDMONT","civicLow":"201","civicHigh":"0","valueLand":"80000","valueBuilding":"200500","valueTotal":"280500","mailAddr":"201 CHEMIN DU DOMAINE-GRANDMONT","mailCity":null,"mun":null},"geometry":{"type":"MultiPolygon","coordinates":[[[[-71.770873,48.51272],[-71.770702,48.512756],[-71.770352,48.512125],[-71.770989,48.51225],[-71.770873,48.51272]]]]}},{"type":"Feature","properties":{"owner1":"LABERGE MARYSE","owner2":"LABERGE LOUISE","matricule":"1080-97-4336","street":"BAIE-FOREST","civicLow":"36","civicHigh":"0","valueLand":"41900","valueBuilding":"42400","valueTotal":"84300","mailAddr":"363 RUE DES PYRENEES","mailCity":null,"mun":null},"geometry":{"type":"MultiPolygon","coordinates":[[[[-71.771421,48.558224],[-71.771618,48.558046],[-71.771951,48.558111],[-71.771627,48.558272],[-71.771421,48.558224]]]]}},{"type":"Feature","properties":{"owner1":"ETANG DES ILES INC","owner2":null,"matricule":"1076-71-8276","street":"ETANG","civicLow":"0","civicHigh":"0","valueLand":"700","valueBuilding":"0","valueTotal":"700","mailAddr":"18 CHEMIN DE L'ETANG","mailCity":null,"mun":null},"geometry":{"type":"MultiPolygon","coordinates":[[[[-71.773918,48.517718],[-71.773828,48.517332],[-71.773047,48.517201],[-71.772463,48.517248],[-71.771187,48.517617],[-71.770585,48.517665],[-71.77054,48.517558],[-71.77125,48.517498],[-71.772409,48.517147],[-71.773038,48.517094],[-71.774017,48.517266],[-71.774098,48.517724],[-71.774268,48.517903],[-71.774861,48.518123],[-71.774143,48.517903],[-71.774143,48.51826],[-71.773918,48.517718]]]]}},{"type":"Feature","properties":{"owner1":"COTE DANY","owner2":"GAGNON BEAUMONT JENNY-ANNE","matricule":"1074-60-8499","street":"DE QUEN","civicLow":"137","civicHigh":"139","valueLand":"26800","valueBuilding":"155300","valueTotal":"182100","mailAddr":"137 RUE DE QUEN","mailCity":null,"mun":null},"geometry":{"type":"MultiPolygon","coordinates":[[[[-71.773325,48.498584],[-71.773532,48.498269],[-71.773981,48.498352],[-71.773738,48.498662],[-71.773325,48.498584]]]]}},{"type":"Feature","properties":{"owner1":"DUFOUR MARIE-PAULE","owner2":null,"matricule":"1072-17-0097","street":"DE QUEN","civicLow":"423","civicHigh":"0","valueLand":"20600","valueBuilding":"102900","valueTotal":"123500","mailAddr":"423 RUE DE QUEN","mailCity":null,"mun":null},"geometry":{"type":"MultiPolygon","coordinates":[[[[-71.781131,48.486529],[-71.781554,48.486606],[-71.781347,48.486809],[-71.780952,48.486708],[-71.781131,48.486529]]]]}},{"type":"Feature","properties":{"owner1":"MARION CHRISTINE","owner2":null,"matricule":"1078-27-0287","street":"CEDRIERE","civicLow":"15","civicHigh":"0","valueLand":"165300","valueBuilding":"195200","valueTotal":"360500","mailAddr":"15 CHEMIN DE LA CEDRIERE","mailCity":null,"mun":null},"geometry":{"type":"MultiPolygon","coordinates":[[[[-71.781724,48.540497],[-71.781239,48.540812],[-71.780772,48.540574],[-71.78114,48.540313],[-71.781634,48.540366],[-71.781724,48.540497]]]]}},{"type":"Feature","properties":{"owner1":"ST-JEAN MATHIEU","owner2":"GAGNON GABRIELLE","matricule":"1073-20-9629","street":"DE QUEN","civicLow":"360","civicHigh":"364","valueLand":"29400","valueBuilding":"112500","valueTotal":"141900","mailAddr":"364 RUE DE QUEN","mailCity":null,"mun":null},"geometry":{"type":"MultiPolygon","coordinates":[[[[-71.778472,48.488643],[-71.778571,48.488524],[-71.779002,48.488708],[-71.778733,48.48903],[-71.778293,48.488845],[-71.778472,48.488643]]]]}},{"type":"Feature","properties":{"owner1":"POTVIN MARIE-FRANCE","owner2":null,"matricule":"1073-30-2247","street":"DE QUEN","civicLow":"350","civicHigh":"0","valueLand":"25500","valueBuilding":"104300","valueTotal":"129800","mailAddr":"350 RUE DE QUEN","mailCity":null,"mun":null},"geometry":{"type":"MultiPolygon","coordinates":[[[[-71.778472,48.488643],[-71.778293,48.488845],[-71.778733,48.48903],[-71.778607,48.489173],[-71.778068,48.488946],[-71.778338,48.488571],[-71.778472,48.488643]]]]}},{"type":"Feature","properties":{"owner1":"CLOUTIER ALEXANDRE","owner2":null,"matricule":"1076-55-3651","street":"CHENES","civicLow":"27","civicHigh":"0","valueLand":"85800","valueBuilding":"457300","valueTotal":"543100","mailAddr":"27 CHEMIN DES CHENES","mailCity":null,"mun":null},"geometry":{"type":"MultiPolygon","coordinates":[[[[-71.776604,48.52036],[-71.776586,48.520688],[-71.775768,48.520628],[-71.775849,48.520259],[-71.776604,48.52036]]]]}},{"type":"Feature","properties":{"owner1":"CANTIN SYLVIE","owner2":null,"matricule":"1180-44-5640","street":"GOLF","civicLow":"209","civicHigh":"0","valueLand":"163000","valueBuilding":"255900","valueTotal":"418900","mailAddr":"241 RUE ARSENEAULT","mailCity":null,"mun":null},"geometry":{"type":"MultiPolygon","coordinates":[[[[-71.764809,48.555102],[-71.765114,48.554746],[-71.765609,48.555132],[-71.765312,48.555364],[-71.764863,48.555227],[-71.764809,48.555102]]],[[[-71.764459,48.555542],[-71.764791,48.555251],[-71.764989,48.555441],[-71.764423,48.555905],[-71.764198,48.555697],[-71.764459,48.555542]]]]}},{"type":"Feature","properties":{"owner1":"TRUCHON ELOI","owner2":null,"matricule":"1372-06-2750","street":"4","civicLow":"1418","civicHigh":"0","valueLand":"286500","valueBuilding":"31700","valueTotal":"318200","mailAddr":"275 ROUTE DU LAC OUEST","mailCity":null,"mun":null},"geometry":{"type":"MultiPolygon","coordinates":[[[[-71.736395,48.492334],[-71.742118,48.478604],[-71.742414,48.478663],[-71.742522,48.478395],[-71.744579,48.478776],[-71.744462,48.479038],[-71.745262,48.479181],[-71.74537,48.478919],[-71.746537,48.479134],[-71.746421,48.479396],[-71.746825,48.479473],[-71.741013,48.493155],[-71.736395,48.492334]]]]}},{"type":"Feature","properties":{"owner1":"FERME ELOISE INC.","owner2":null,"matricule":"1372-26-6301","street":"4","civicLow":"0","civicHigh":"0","valueLand":"96100","valueBuilding":"6100","valueTotal":"102200","mailAddr":"280 ROUTE DU LAC OUEST","mailCity":null,"mun":null},"geometry":{"type":"MultiPolygon","coordinates":[[[[-71.742118,48.478604],[-71.736395,48.492334],[-71.734796,48.492048],[-71.740465,48.478306],[-71.740761,48.478359],[-71.740869,48.478092],[-71.741363,48.478181],[-71.741183,48.478616],[-71.741704,48.478711],[-71.741884,48.478282],[-71.742225,48.478342],[-71.742118,48.478604]]]]}},{"type":"Feature","properties":{"owner1":"S.I.A.L.","owner2":null,"matricule":"1080-19-6270","street":"LAC-ST-JEAN","civicLow":"0","civicHigh":"0","valueLand":"500","valueBuilding":"0","valueTotal":"500","mailAddr":"135 RANG DES ILES","mailCity":null,"mun":null},"geometry":{"type":"MultiPolygon","coordinates":[[[[-71.782138,48.560138],[-71.78212,48.560043],[-71.782371,48.560091],[-71.782407,48.560263],[-71.782111,48.560228],[-71.782138,48.560138]]]]}},{"type":"Feature","properties":{"owner1":"LE POTAGER GRANDMONT INC.","owner2":null,"matricule":"1073-43-4497","street":"DE QUEN","civicLow":"282","civicHigh":"0","valueLand":"29400","valueBuilding":"15600","valueTotal":"45000","mailAddr":"286 RUE DE QUEN","mailCity":null,"mun":null},"geometry":{"type":"MultiPolygon","coordinates":[[[[-71.776316,48.492161],[-71.776433,48.491923],[-71.777143,48.492048],[-71.777026,48.492298],[-71.776316,48.492161]]]]}},{"type":"Feature","properties":{"owner1":"MUNICIPALITE DE SAINT-GEDEON","owner2":null,"matricule":"1073-34-3070","street":"DE QUEN","civicLow":"0","civicHigh":"0","valueLand":"31700","valueBuilding":"0","valueTotal":"31700","mailAddr":"208 RUE DE QUEN","mailCity":null,"mun":null},"geometry":{"type":"MultiPolygon","coordinates":[[[[-71.778347,48.492917],[-71.777924,48.492959],[-71.778149,48.492501],[-71.77876,48.492614],[-71.778347,48.492917]]]]}},{"type":"Feature","properties":{"owner1":"NERON FREDERIC","owner2":null,"matricule":"1075-93-5957","street":"DE QUEN","civicLow":"27","civicHigh":"0","valueLand":"28500","valueBuilding":"137900","valueTotal":"166400","mailAddr":"27 CHEMIN DE QUEN","mailCity":null,"mun":null},"geometry":{"type":"MultiPolygon","coordinates":[[[[-71.770855,48.510012],[-71.769633,48.509887],[-71.769804,48.509578],[-71.770747,48.509756],[-71.770657,48.509976],[-71.770855,48.510012]]]]}},{"type":"Feature","properties":{"owner1":"COTE ALAIN","owner2":null,"matricule":"0972-61-0503","street":"DE QUEN","civicLow":"566","civicHigh":"0","valueLand":"28300","valueBuilding":"107700","valueTotal":"136000","mailAddr":"566 RUE DE QUEN","mailCity":null,"mun":null},"geometry":{"type":"MultiPolygon","coordinates":[[[[-71.787393,48.480366],[-71.787465,48.480152],[-71.788255,48.48036],[-71.788057,48.480545],[-71.787393,48.480366]]]]}},{"type":"Feature","properties":{"owner1":"LAROUCHE JEAN-FRANCOIS","owner2":"COTE KARINE","matricule":"0972-61-1927","street":"DE QUEN","civicLow":"562","civicHigh":"564","valueLand":"30300","valueBuilding":"171300","valueTotal":"201600","mailAddr":"562 RUE DE QUEN","mailCity":null,"mun":null},"geometry":{"type":"MultiPolygon","coordinates":[[[[-71.787141,48.480604],[-71.787393,48.480366],[-71.788057,48.480545],[-71.787815,48.480777],[-71.787141,48.480604]]]]}},{"type":"Feature","properties":{"owner1":"FORTIN MARC","owner2":null,"matricule":"0972-51-3281","street":"GARE","civicLow":"100","civicHigh":"102","valueLand":"35200","valueBuilding":"149100","valueTotal":"184300","mailAddr":"100 RUE DE LA GARE","mailCity":null,"mun":null},"geometry":{"type":"MultiPolygon","coordinates":[[[[-71.789243,48.481176],[-71.788498,48.481283],[-71.78848,48.480866],[-71.78865,48.480718],[-71.789108,48.480974],[-71.789243,48.481176]]]]}},{"type":"Feature","properties":{"owner1":"CLAVEAU CAROL","owner2":null,"matricule":"1075-46-6822","street":"DOMAINE-GRANDMONT","civicLow":"28","civicHigh":"0","valueLand":"30900","valueBuilding":"39900","valueTotal":"70800","mailAddr":"2880 RUE VAUDREUIL","mailCity":null,"mun":null},"geometry":{"type":"MultiPolygon","coordinates":[[[[-71.776757,48.512202],[-71.776622,48.51222],[-71.776685,48.511988],[-71.777224,48.512077],[-71.777089,48.512256],[-71.776757,48.512202]]]]}},{"type":"Feature","properties":{"owner1":"GAUTHIER NOELLA","owner2":null,"matricule":"1075-46-5312","street":"DOMAINE-GRANDMONT","civicLow":"0","civicHigh":"0","valueLand":"18900","valueBuilding":"0","valueTotal":"18900","mailAddr":"555 AVENUE FRANCOEUR","mailCity":null,"mun":null},"geometry":{"type":"MultiPolygon","coordinates":[[[[-71.776972,48.51203],[-71.776999,48.511988],[-71.777251,48.512035],[-71.776972,48.51203]]]]}},{"type":"Feature","properties":{"owner1":"BOILY LOUISE","owner2":null,"matricule":"1075-46-7306","street":"DOMAINE-GRANDMONT","civicLow":"0","civicHigh":"0","valueLand":"17800","valueBuilding":"0","valueTotal":"17800","mailAddr":"312 CHEMIN DU DOMAINE-GRANDMONT","mailCity":null,"mun":null},"geometry":{"type":"MultiPolygon","coordinates":[[[[-71.776721,48.511994],[-71.776694,48.511922],[-71.776999,48.511988],[-71.776721,48.511994]]]]}},{"type":"Feature","properties":{"owner1":"CLAVEAU CLAUDE","owner2":null,"matricule":"1075-56-0012","street":"DOMAINE-GRANDMONT","civicLow":"309","civicHigh":"0","valueLand":"33600","valueBuilding":"95800","valueTotal":"129400","mailAddr":"1821 RUE VANIER","mailCity":null,"mun":null},"geometry":{"type":"MultiPolygon","coordinates":[[[[-71.776685,48.511988],[-71.776622,48.51222],[-71.776218,48.512155],[-71.776388,48.511809],[-71.776685,48.511988]]]]}},{"type":"Feature","properties":{"owner1":"BOUDREAULT PIERRE","owner2":null,"matricule":"1073-85-8038","street":"TREMBLAY","civicLow":"110","civicHigh":"0","valueLand":"28800","valueBuilding":"157000","valueTotal":"185800","mailAddr":"110 RUE TREMBLAY","mailCity":null,"mun":null},"geometry":{"type":"MultiPolygon","coordinates":[[[[-71.770666,48.49356],[-71.770468,48.493524],[-71.770666,48.493227],[-71.771241,48.493405],[-71.771079,48.493638],[-71.770666,48.49356]]]]}},{"type":"Feature","properties":{"owner1":"TREMBLAY JUDITH","owner2":null,"matricule":"0972-84-4011","street":"DE QUEN","civicLow":"504","civicHigh":"0","valueLand":"34900","valueBuilding":"125400","valueTotal":"160300","mailAddr":"506 RUE DE QUEN","mailCity":null,"mun":null},"geometry":{"type":"MultiPolygon","coordinates":[[[[-71.784204,48.483171],[-71.784347,48.483016],[-71.784707,48.482921],[-71.785174,48.483099],[-71.784716,48.483427],[-71.784204,48.483171]]]]}},{"type":"Feature","properties":{"owner1":"LAPOINTE MICHEL","owner2":null,"matricule":"1075-70-8943","street":"DE QUEN","civicLow":"0","civicHigh":"0","valueLand":"43000","valueBuilding":"0","valueTotal":"43000","mailAddr":"2015 AVENUE SAINT-ALPHONSE","mailCity":null,"mun":null},"geometry":{"type":"MultiPolygon","coordinates":[[[[-71.773163,48.507346],[-71.773433,48.507566],[-71.771762,48.507251],[-71.771897,48.506709],[-71.771097,48.506572],[-71.771142,48.506292],[-71.772903,48.50656],[-71.773163,48.507346]]]]}},{"type":"Feature","properties":{"owner1":"COTE DAVID","owner2":null,"matricule":"1075-80-6236","street":"DE QUEN","civicLow":"53","civicHigh":"0","valueLand":"44900","valueBuilding":"8800","valueTotal":"53700","mailAddr":"53 CHEMIN DE QUEN","mailCity":null,"mun":null},"geometry":{"type":"MultiPolygon","coordinates":[[[[-71.771897,48.506709],[-71.771762,48.507251],[-71.770963,48.507114],[-71.771097,48.506572],[-71.771897,48.506709]]]]}},{"type":"Feature","properties":{"owner1":"HARVEY ALEXIS","owner2":"TREMBLAY HELENE","matricule":"1075-80-7498","street":"DE QUEN","civicLow":"49","civicHigh":"0","valueLand":"49100","valueBuilding":"92000","valueTotal":"141100","mailAddr":"49 CHEMIN DE QUEN","mailCity":null,"mun":null},"geometry":{"type":"MultiPolygon","coordinates":[[[[-71.770963,48.507114],[-71.771843,48.507263],[-71.771627,48.507834],[-71.770756,48.507685],[-71.770963,48.507114]]]]}},{"type":"Feature","properties":{"owner1":"TREMBLAY CHARLES","owner2":null,"matricule":"0977-98-4628","street":"ILES","civicLow":"0","civicHigh":"0","valueLand":"35300","valueBuilding":"0","valueTotal":"35300","mailAddr":"2332 DE L'EMERAUDE","mailCity":null,"mun":null},"geometry":{"type":"MultiPolygon","coordinates":[[[[-71.78485,48.532027],[-71.78406,48.532045],[-71.784033,48.531646],[-71.784976,48.531801],[-71.78485,48.532027]]]]}},{"type":"Feature","properties":{"owner1":"FORTIN ALAIN ANICK","owner2":null,"matricule":"1077-07-1891","street":"ILES","civicLow":"0","civicHigh":"0","valueLand":"34000","valueBuilding":"0","valueTotal":"34000","mailAddr":"380 RUE BARRETTE","mailCity":null,"mun":null},"geometry":{"type":"MultiPolygon","coordinates":[[[[-71.783314,48.531254],[-71.783728,48.531456],[-71.783835,48.531819],[-71.783135,48.531688],[-71.783314,48.531254]]]]}},{"type":"Feature","properties":{"owner1":"OUELLET SEBASTIEN","owner2":"MCNICOLL STEPHANIE","matricule":"1078-23-9092","street":"ILES","civicLow":"474","civicHigh":"0","valueLand":"25000","valueBuilding":"236000","valueTotal":"261000","mailAddr":"474 RANG DES ILES","mailCity":null,"mun":null},"geometry":{"type":"MultiPolygon","coordinates":[[[[-71.779416,48.536893],[-71.780422,48.536833],[-71.780458,48.537107],[-71.779443,48.537166],[-71.779416,48.536893]]]]}},{"type":"Feature","properties":{"owner1":"S.I.A.L.","owner2":null,"matricule":"0978-75-9994","street":"BOIS-DE-GRANDMONT","civicLow":"207","civicHigh":"0","valueLand":"240100","valueBuilding":"73500","valueTotal":"313600","mailAddr":"860 RUE DE LA PICARDIE","mailCity":null,"mun":null},"geometry":{"type":"MultiPolygon","coordinates":[[[[-71.786557,48.539171],[-71.78636,48.53904],[-71.786225,48.538439],[-71.786333,48.538136],[-71.786755,48.538064],[-71.78697,48.538754],[-71.787366,48.538974],[-71.787087,48.539093],[-71.787033,48.539343],[-71.786557,48.539171]]]]}},{"type":"Feature","properties":{"owner1":"LAVOIE ALAIN","owner2":"BOUCHARD CHANTALE","matricule":"1075-77-6034","street":"DOMAINE-GRANDMONT","civicLow":"158","civicHigh":"0","valueLand":"52000","valueBuilding":"5200","valueTotal":"57200","mailAddr":"1275 BOULEVARD AUGER OUEST","mailCity":null,"mun":null},"geometry":{"type":"MultiPolygon","coordinates":[[[[-71.772382,48.513172],[-71.772445,48.512994],[-71.772696,48.512946],[-71.773568,48.513178],[-71.773388,48.513434],[-71.772382,48.513172]]]]}},{"type":"Feature","properties":{"owner1":"L'ASSOCIATION DES PROPRIETAIRES","owner2":null,"matricule":"1075-71-4573","street":"DE QUEN","civicLow":"0","civicHigh":"0","valueLand":"1300","valueBuilding":"0","valueTotal":"1300","mailAddr":"9 CHEMIN DE LA TOUR","mailCity":null,"mun":null},"geometry":{"type":"MultiPolygon","coordinates":[[[[-71.772633,48.508631],[-71.770468,48.508245],[-71.771501,48.508358],[-71.771672,48.508007],[-71.77187,48.508036],[-71.771681,48.508399],[-71.772696,48.508596],[-71.773262,48.507816],[-71.775104,48.508197],[-71.773343,48.507882],[-71.773083,48.508072],[-71.774223,48.508375],[-71.77319,48.508143],[-71.772984,48.508215],[-71.772759,48.508584],[-71.773954,48.508822],[-71.772633,48.508631]]]]}},{"type":"Feature","properties":{"owner1":"S.I.A.L.","owner2":null,"matricule":"1081-51-9124","street":"BAIE-DES-GIRARD","civicLow":"0","civicHigh":"0","valueLand":"40000","valueBuilding":"0","valueTotal":"40000","mailAddr":"1655 RUE POWELL","mailCity":null,"mun":null},"geometry":{"type":"MultiPolygon","coordinates":[[[[-71.776613,48.561654],[-71.776541,48.561708],[-71.775966,48.561559],[-71.776361,48.561619],[-71.776541,48.561434],[-71.776676,48.5615],[-71.776613,48.561654]]]]}},{"type":"Feature","properties":{"owner1":"S.I.A.L.","owner2":null,"matricule":"0978-55-0318","street":"BOIS-DE-GRANDMONT","civicLow":"30","civicHigh":"0","valueLand":"104800","valueBuilding":"52000","valueTotal":"156800","mailAddr":"25 CHEMIN DU BOIS-DE-GRANDMONT","mailCity":null,"mun":null},"geometry":{"type":"MultiPolygon","coordinates":[[[[-71.790698,48.537892],[-71.790995,48.538142],[-71.790537,48.538136],[-71.79033,48.537892],[-71.790698,48.537892]]]]}},{"type":"Feature","properties":{"owner1":"S.I.A.L.","owner2":null,"matricule":"0978-45-8646","street":"BOIS-DE-GRANDMONT","civicLow":"0","civicHigh":"0","valueLand":"50700","valueBuilding":"0","valueTotal":"50700","mailAddr":"480 RANG DES ILES","mailCity":null,"mun":null},"geometry":{"type":"MultiPolygon","coordinates":[[[[-71.790537,48.538136],[-71.790995,48.538142],[-71.791121,48.538445],[-71.790797,48.538392],[-71.790537,48.538136]]]]}},{"type":"Feature","properties":{"owner1":"S.I.A.L.","owner2":null,"matricule":"0978-46-7307","street":"BOIS-DE-GRANDMONT","civicLow":"36","civicHigh":"0","valueLand":"150100","valueBuilding":"0","valueTotal":"150100","mailAddr":"36 CHEMIN DU BOIS-DE-GRANDMONT","mailCity":null,"mun":null},"geometry":{"type":"MultiPolygon","coordinates":[[[[-71.790788,48.538957],[-71.790842,48.538469],[-71.791148,48.538522],[-71.791399,48.539064],[-71.790788,48.538957]]]]}},{"type":"Feature","properties":{"owner1":"S.I.A.L.","owner2":null,"matricule":"0978-57-0322","street":"BOIS-DE-GRANDMONT","civicLow":"40","civicHigh":"0","valueLand":"184600","valueBuilding":"346800","valueTotal":"531400","mailAddr":"68 RUE CUMMINGS","mailCity":null,"mun":null},"geometry":{"type":"MultiPolygon","coordinates":[[[[-71.790357,48.539992],[-71.790177,48.539766],[-71.790492,48.539599],[-71.791202,48.539724],[-71.790986,48.540027],[-71.79033,48.540057],[-71.790357,48.539992]]]]}},{"type":"Feature","properties":{"owner1":"CLAVEAU RAYMOND","owner2":null,"matricule":"1077-43-5010","street":"ADELARD-GAUTHIER","civicLow":"16","civicHigh":"0","valueLand":"172500","valueBuilding":"200900","valueTotal":"373400","mailAddr":"16 CHEMIN ADELARD-GAUTHIER","mailCity":null,"mun":null},"geometry":{"type":"MultiPolygon","coordinates":[[[[-71.777152,48.527494],[-71.77735,48.526982],[-71.777781,48.527048],[-71.777889,48.527179],[-71.777727,48.527601],[-71.777152,48.527494]]]]}},{"type":"Feature","properties":{"owner1":"S.I.A.L.","owner2":null,"matricule":"1180-34-7702","street":"GOLF","civicLow":"0","civicHigh":"0","valueLand":"3700","valueBuilding":"0","valueTotal":"3700","mailAddr":"1036 RUE ARNOIS","mailCity":null,"mun":null},"geometry":{"type":"MultiPolygon","coordinates":[[[[-71.765662,48.555358],[-71.7656,48.555144],[-71.765689,48.55518],[-71.765662,48.555358]]]]}},{"type":"Feature","properties":{"owner1":"S.I.A.L.","owner2":null,"matricule":"1180-45-0328","street":"GOLF","civicLow":"0","civicHigh":"0","valueLand":"29700","valueBuilding":"0","valueTotal":"29700","mailAddr":"1655 RUE POWELL","mailCity":null,"mun":null},"geometry":{"type":"MultiPolygon","coordinates":[[[[-71.765725,48.556125],[-71.766013,48.555941],[-71.766291,48.555994],[-71.765627,48.555382],[-71.765635,48.555114],[-71.765806,48.555316],[-71.765662,48.555352],[-71.766094,48.555542],[-71.765923,48.555638],[-71.7663,48.555864],[-71.766363,48.556048],[-71.766022,48.555988],[-71.765725,48.556125]]],[[[-71.765725,48.556125],[-71.765698,48.556292],[-71.76524,48.556446],[-71.765114,48.556262],[-71.764791,48.556196],[-71.764423,48.555905],[-71.764575,48.555899],[-71.764809,48.556155],[-71.76524,48.556286],[-71.765249,48.556399],[-71.765725,48.556125]]]]}},{"type":"Feature","properties":{"owner1":"MINISTERE DE L'ENERGIE ET RESSOURCES","owner2":null,"matricule":"0981-75-1718","street":"LAC-ST-JEAN","civicLow":"0","civicHigh":"0","valueLand":"500","valueBuilding":"0","valueTotal":"500","mailAddr":"5700 4IEME AVENUE OUEST","mailCity":null,"mun":null},"geometry":{"type":"MultiPolygon","coordinates":[[[[-71.788444,48.565233],[-71.78821,48.565091],[-71.788255,48.56477],[-71.788641,48.565019],[-71.788444,48.565233]]]]}},{"type":"Feature","properties":{"owner1":"S.I.A.L.","owner2":null,"matricule":"0972-38-1177","street":"SAINT-GEDEON-SUR-LE-LAC","civicLow":"21","civicHigh":"0","valueLand":"135100","valueBuilding":"135700","valueTotal":"270800","mailAddr":"6305 RUE DE L'ASTER APP 110","mailCity":null,"mun":null},"geometry":{"type":"MultiPolygon","coordinates":[[[[-71.791327,48.487238],[-71.791309,48.487089],[-71.792522,48.487297],[-71.792612,48.487446],[-71.791327,48.487238]]]]}},{"type":"Feature","properties":{"owner1":"FORTIN HELENE","owner2":null,"matricule":"1471-91-7293","street":"4","civicLow":"1155","civicHigh":"0","valueLand":"38700","valueBuilding":"166100","valueTotal":"204800","mailAddr":"1155 RANG 4","mailCity":null,"mun":null},"geometry":{"type":"MultiPolygon","coordinates":[[[[-71.714485,48.473018],[-71.714557,48.472714],[-71.715581,48.472904],[-71.715456,48.473196],[-71.714485,48.473018]]]]}},{"type":"Feature","properties":{"owner1":"SAINT-PIERRE ALAIN","owner2":"COTE CELINE","matricule":"1073-96-2228","street":"TREMBLAY","civicLow":"104","civicHigh":"0","valueLand":"27500","valueBuilding":"172400","valueTotal":"199900","mailAddr":"104 RUE TREMBLAY","mailCity":null,"mun":null},"geometry":{"type":"MultiPolygon","coordinates":[[[[-71.769947,48.494304],[-71.770118,48.494048],[-71.770675,48.494215],[-71.770504,48.494465],[-71.769947,48.494304]]]]}},{"type":"Feature","properties":{"owner1":"BERGERON CHRISTIAN","owner2":"ROY ALEXANDRA","matricule":"1076-83-8757","street":"ILES","civicLow":"750","civicHigh":"0","valueLand":"34600","valueBuilding":"133000","valueTotal":"167600","mailAddr":"750 RANG DES ILES","mailCity":null,"mun":null},"geometry":{"type":"MultiPolygon","coordinates":[[[[-71.770971,48.518522],[-71.771753,48.518653],[-71.77178,48.518926],[-71.771196,48.519021],[-71.770971,48.518522]]]]}},{"type":"Feature","properties":{"owner1":"S.I.A.L.","owner2":null,"matricule":"0977-65-3593","street":"ADELARD-GAUTHIER","civicLow":"0","civicHigh":"0","valueLand":"6200","valueBuilding":"0","valueTotal":"6200","mailAddr":"1655 RUE POWELL","mailCity":null,"mun":null},"geometry":{"type":"MultiPolygon","coordinates":[[[[-71.789243,48.529945],[-71.787896,48.529653],[-71.788165,48.529403],[-71.788686,48.529665],[-71.788893,48.529636],[-71.788992,48.529445],[-71.789073,48.529636],[-71.789288,48.529713],[-71.789162,48.529814],[-71.789243,48.529945]]]]}},{"type":"Feature","properties":{"owner1":"FERME RAYLINE S.E.N.C.","owner2":null,"matricule":"1168-99-0029","street":"BELLE-RIVIERE","civicLow":"1137","civicHigh":"0","valueLand":"776100","valueBuilding":"699800","valueTotal":"1475900","mailAddr":"1137 RANG BELLE-RIVIERE","mailCity":null,"mun":null},"geometry":{"type":"MultiPolygon","coordinates":[[[[-71.752322,48.452306],[-71.751092,48.452151],[-71.752296,48.44913],[-71.753895,48.449452],[-71.756006,48.45056],[-71.757335,48.450989],[-71.758233,48.45149],[-71.759985,48.452067],[-71.760946,48.452169],[-71.760093,48.454355],[-71.756266,48.453897],[-71.753302,48.45255],[-71.752322,48.452306]]],[[[-71.743133,48.465239],[-71.743896,48.463059],[-71.746546,48.463541],[-71.751038,48.452336],[-71.75234,48.452491],[-71.752134,48.452878],[-71.752655,48.453027],[-71.752897,48.45261],[-71.753005,48.452645],[-71.75623,48.454117],[-71.76003,48.454534],[-71.755673,48.465215],[-71.750095,48.464191],[-71.746663,48.472392],[-71.741471,48.469551],[-71.743133,48.465239]]],[[[-71.743851,48.47808],[-71.743258,48.477966],[-71.743151,48.478234],[-71.742019,48.478026],[-71.742198,48.477603],[-71.741803,48.477532],[-71.744381,48.471493],[-71.746555,48.472684],[-71.744166,48.478425],[-71.743744,48.478342],[-71.743851,48.47808]]]]}},{"type":"Feature","properties":{"owner1":"POTVIN PAUL-AIME","owner2":null,"matricule":"1073-31-3606","street":"DE QUEN","civicLow":"342","civicHigh":"0","valueLand":"24300","valueBuilding":"115600","valueTotal":"139900","mailAddr":"342 RUE DE QUEN","mailCity":null,"mun":null},"geometry":{"type":"MultiPolygon","coordinates":[[[[-71.777924,48.489548],[-71.777691,48.489536],[-71.777754,48.489417],[-71.777969,48.489464],[-71.778041,48.489304],[-71.778445,48.489381],[-71.778302,48.489619],[-71.777924,48.489548]]]]}},{"type":"Feature","properties":{"owner1":"S.I.A.L.","owner2":"S.I.A.L.","matricule":"0977-69-1685","street":"MELEZES","civicLow":"2","civicHigh":"0","valueLand":"214400","valueBuilding":"376400","valueTotal":"590800","mailAddr":"2 CHEMIN DES MELEZES","mailCity":null,"mun":null},"geometry":{"type":"MultiPolygon","coordinates":[[[[-71.788785,48.533401],[-71.788273,48.533312],[-71.788453,48.533002],[-71.789612,48.533098],[-71.789342,48.533502],[-71.788785,48.533401]]]]}},{"type":"Feature","properties":{"owner1":"FERMAGROUPE SINAI INC.","owner2":null,"matricule":"1471-15-5079","street":"4","civicLow":"1252","civicHigh":"1254","valueLand":"20000","valueBuilding":"289300","valueTotal":"309300","mailAddr":"1252 RANG 4","mailCity":null,"mun":null},"geometry":{"type":"MultiPolygon","coordinates":[[[[-71.727754,48.475971],[-71.727152,48.477407],[-71.724538,48.47693],[-71.725238,48.475209],[-71.72787,48.475686],[-71.727754,48.475971]]]]}},{"type":"Feature","properties":{"owner1":"CHARBONNEAU SARAH","owner2":null,"matricule":"1073-53-8287","street":"GIRARD","civicLow":"146","civicHigh":"0","valueLand":"21400","valueBuilding":"119300","valueTotal":"140700","mailAddr":"146 RUE GIRARD","mailCity":null,"mun":null},"geometry":{"type":"MultiPolygon","coordinates":[[[[-71.775095,48.491941],[-71.774987,48.492209],[-71.774628,48.492143],[-71.774735,48.491881],[-71.775095,48.491941]]]]}},{"type":"Feature","properties":{"owner1":"LANDRY YVON","owner2":"MARCOTTE CAROLINE","matricule":"1073-63-0880","street":"GIRARD","civicLow":"150","civicHigh":"0","valueLand":"21400","valueBuilding":"159800","valueTotal":"181200","mailAddr":"150 RUE GIRARD","mailCity":null,"mun":null},"geometry":{"type":"MultiPolygon","coordinates":[[[[-71.774735,48.491881],[-71.774628,48.492143],[-71.774268,48.492084],[-71.774376,48.491816],[-71.774735,48.491881]]]]}},{"type":"Feature","properties":{"owner1":"LAVOIE KEVIN","owner2":"COMEAU MARIE-PIER","matricule":"1073-63-3472","street":"GIRARD","civicLow":"154","civicHigh":"0","valueLand":"21400","valueBuilding":"280600","valueTotal":"302000","mailAddr":"154 RUE GIRARD","mailCity":null,"mun":null},"geometry":{"type":"MultiPolygon","coordinates":[[[[-71.774268,48.492084],[-71.773909,48.492018],[-71.774017,48.491756],[-71.774376,48.491816],[-71.774268,48.492084]]]]}},{"type":"Feature","properties":{"owner1":"S.I.A.L.","owner2":"S.I.A.L.","matricule":"0973-44-5003","street":"SAINT-GEDEON-SUR-LE-LAC","civicLow":"1","civicHigh":"0","valueLand":"234800","valueBuilding":"71000","valueTotal":"305800","mailAddr":"260 RUE D'AVIGNON","mailCity":null,"mun":null},"geometry":{"type":"MultiPolygon","coordinates":[[[[-71.789189,48.491709],[-71.791273,48.49206],[-71.791184,48.492328],[-71.789099,48.491965],[-71.789189,48.491709]]]]}},{"type":"Feature","properties":{"owner1":"S.I.A.L.","owner2":null,"matricule":"0973-44-8081","street":"PLAGE","civicLow":"9","civicHigh":"0","valueLand":"304900","valueBuilding":"103900","valueTotal":"408800","mailAddr":"935 AVENUE THIBEAULT","mailCity":null,"mun":null},"geometry":{"type":"MultiPolygon","coordinates":[[[[-71.790896,48.492697],[-71.790681,48.493108],[-71.788668,48.492739],[-71.788884,48.492346],[-71.790896,48.492697]]]]}},{"type":"Feature","properties":{"owner1":"JEAN-GAGNON XAVIER","owner2":"BERUBE VALERIE","matricule":"1073-74-0471","street":"LAROUCHE","civicLow":"133","civicHigh":"0","valueLand":"23300","valueBuilding":"214900","valueTotal":"238200","mailAddr":"133 RUE LAROUCHE","mailCity":null,"mun":null},"geometry":{"type":"MultiPolygon","coordinates":[[[[-71.773469,48.492786],[-71.773325,48.493007],[-71.772957,48.492887],[-71.773145,48.49262],[-71.773469,48.492786]]]]}},{"type":"Feature","properties":{"owner1":"CLAVEAU DAVID","owner2":null,"matricule":"1073-75-1903","street":"LAROUCHE","civicLow":"129","civicHigh":"0","valueLand":"17900","valueBuilding":"170200","valueTotal":"188100","mailAddr":"129 RUE LAROUCHE","mailCity":null,"mun":null},"geometry":{"type":"MultiPolygon","coordinates":[[[[-71.772768,48.493149],[-71.772957,48.492887],[-71.773325,48.493007],[-71.773074,48.493358],[-71.772768,48.493149]]]]}},{"type":"Feature","properties":{"owner1":"AUDET LANGIS","owner2":null,"matricule":"1073-65-9321","street":"MURRAY","civicLow":"124","civicHigh":"0","valueLand":"27400","valueBuilding":"153700","valueTotal":"181100","mailAddr":"124 RUE MURRAY","mailCity":null,"mun":null},"geometry":{"type":"MultiPolygon","coordinates":[[[[-71.773711,48.493161],[-71.773478,48.493501],[-71.773074,48.493358],[-71.773298,48.493036],[-71.773711,48.493161]]]]}},{"type":"Feature","properties":{"owner1":"S.I.A.L.","owner2":null,"matricule":"1078-08-0950","street":"CEDRIERE","civicLow":"0","civicHigh":"0","valueLand":"18000","valueBuilding":"0","valueTotal":"18000","mailAddr":"1655 RUE POWELL","mailCity":null,"mun":null},"geometry":{"type":"MultiPolygon","coordinates":[[[[-71.783817,48.541128],[-71.783737,48.540925],[-71.783817,48.540771],[-71.78397,48.540777],[-71.783916,48.541056],[-71.78441,48.541211],[-71.784051,48.541246],[-71.783817,48.541128]]]]}},{"type":"Feature","properties":{"owner1":"S.I.A.L.","owner2":null,"matricule":"1079-27-8555","street":"ILES","civicLow":"0","civicHigh":"0","valueLand":"104500","valueBuilding":"0","valueTotal":"104500","mailAddr":"270 RANG DES ILES","mailCity":null,"mun":null},"geometry":{"type":"MultiPolygon","coordinates":[[[[-71.780134,48.549311],[-71.780062,48.549138],[-71.780449,48.549138],[-71.780664,48.549299],[-71.780404,48.549382],[-71.780134,48.549311]]]]}},{"type":"Feature","properties":{"owner1":"S.I.A.L.","owner2":null,"matricule":"1079-24-8980","street":"ILES","civicLow":"316","civicHigh":"0","valueLand":"80000","valueBuilding":"0","valueTotal":"80000","mailAddr":"33 CHEMIN DU BOISE","mailCity":null,"mun":null},"geometry":{"type":"MultiPolygon","coordinates":[[[[-71.780062,48.546433],[-71.78053,48.546623],[-71.780332,48.547093],[-71.779973,48.547045],[-71.780062,48.546433]]]]}},{"type":"Feature","properties":{"owner1":"FORTIN JEAN-HUGUES","owner2":"BOIVIN HELENE","matricule":"1272-10-2867","street":"4","civicLow":"0","civicHigh":"0","valueLand":"100","valueBuilding":"0","valueTotal":"100","mailAddr":"1160 RUE DOLBEAU","mailCity":null,"mun":null},"geometry":{"type":"MultiPolygon","coordinates":[[[[-71.753912,48.480414],[-71.753895,48.480473],[-71.753194,48.480354],[-71.753912,48.480414]]]]}},{"type":"Feature","properties":{"owner1":"S.I.A.L.","owner2":null,"matricule":"0977-84-6201","street":"ADELARD-GAUTHIER","civicLow":"0","civicHigh":"0","valueLand":"140100","valueBuilding":"0","valueTotal":"140100","mailAddr":"1655 RUE POWELL","mailCity":null,"mun":null},"geometry":{"type":"MultiPolygon","coordinates":[[[[-71.785237,48.528148],[-71.784949,48.528142],[-71.784716,48.527934],[-71.784949,48.52775],[-71.78538,48.527875],[-71.786063,48.527732],[-71.786171,48.528005],[-71.786045,48.52791],[-71.785686,48.528178],[-71.785237,48.528148]]]]}},{"type":"Feature","properties":{"owner1":"BOILY LOUISE","owner2":null,"matricule":"1075-45-7495","street":"DOMAINE-GRANDMONT","civicLow":"0","civicHigh":"0","valueLand":"6700","valueBuilding":"0","valueTotal":"6700","mailAddr":"312 CHEMIN DU DOMAINE-GRANDMONT","mailCity":null,"mun":null},"geometry":{"type":"MultiPolygon","coordinates":[[[[-71.77682,48.511851],[-71.777026,48.511952],[-71.776712,48.511887],[-71.77682,48.511851]]]]}},{"type":"Feature","properties":{"owner1":"GOULET LUCIEN","owner2":null,"matricule":"1075-49-7432","street":"DOMAINE-GRANDMONT","civicLow":"48","civicHigh":"0","valueLand":"132000","valueBuilding":"109000","valueTotal":"241000","mailAddr":"240 AVENUE GAGNON SUD","mailCity":null,"mun":null},"geometry":{"type":"MultiPolygon","coordinates":[[[[-71.776424,48.514874],[-71.776307,48.51469],[-71.777421,48.514957],[-71.777359,48.5151],[-71.776424,48.514874]]]]}},{"type":"Feature","properties":{"owner1":"HOUDE NANCY","owner2":null,"matricule":"1075-48-5199","street":"DOMAINE-GRANDMONT","civicLow":"44","civicHigh":"0","valueLand":"121600","valueBuilding":"134400","valueTotal":"256000","mailAddr":"118 RUE CATHERINA","mailCity":null,"mun":null},"geometry":{"type":"MultiPolygon","coordinates":[[[[-71.776757,48.514565],[-71.776873,48.51444],[-71.777592,48.514594],[-71.777511,48.514803],[-71.776757,48.514565]]]]}},{"type":"Feature","properties":{"owner1":"COTE REGIS","owner2":"TREMBLAY FRANCINE","matricule":"1075-48-4581","street":"DOMAINE-GRANDMONT","civicLow":"42","civicHigh":"0","valueLand":"107400","valueBuilding":"74500","valueTotal":"181900","mailAddr":"42 CHEMIN DU DOMAINE-GRANDMONT","mailCity":null,"mun":null},"geometry":{"type":"MultiPolygon","coordinates":[[[[-71.777188,48.514505],[-71.776873,48.51444],[-71.777044,48.514267],[-71.777691,48.514493],[-71.777592,48.514594],[-71.777188,48.514505]]]]}},{"type":"Feature","properties":{"owner1":"GIRARD ANDREA","owner2":null,"matricule":"1075-49-6614","street":"DOMAINE-GRANDMONT","civicLow":"46","civicHigh":"0","valueLand":"151700","valueBuilding":"371500","valueTotal":"523200","mailAddr":"46 CHEMIN DU DOMAINE-GRANDMONT","mailCity":null,"mun":null},"geometry":{"type":"MultiPolygon","coordinates":[[[[-71.776307,48.51469],[-71.776236,48.514493],[-71.776667,48.5146],[-71.776649,48.514773],[-71.776307,48.51469]]],[[[-71.776721,48.514654],[-71.776757,48.514565],[-71.777511,48.514803],[-71.777421,48.514957],[-71.776721,48.514785],[-71.776721,48.514654]]]]}},{"type":"Feature","properties":{"owner1":"S.I.A.L.","owner2":"S.I.A.L.","matricule":"0977-66-5829","street":"CROIX","civicLow":"76","civicHigh":"0","valueLand":"102500","valueBuilding":"5500","valueTotal":"108000","mailAddr":"1831 RUE DES CAMPANULES","mailCity":null,"mun":null},"geometry":{"type":"MultiPolygon","coordinates":[[[[-71.788587,48.53004],[-71.788309,48.530201],[-71.788075,48.530123],[-71.788228,48.529915],[-71.788758,48.529975],[-71.788587,48.53004]]]]}},{"type":"Feature","properties":{"owner1":"S.I.A.L.","owner2":"S.I.A.L.","matricule":"0977-66-7858","street":"CROIX","civicLow":"80","civicHigh":"0","valueLand":"99500","valueBuilding":"130900","valueTotal":"230400","mailAddr":"80 CHEMIN DE LA CROIX","mailCity":null,"mun":null},"geometry":{"type":"MultiPolygon","coordinates":[[[[-71.78768,48.530343],[-71.788147,48.530147],[-71.788309,48.530201],[-71.788138,48.530439],[-71.78768,48.530343]]]]}},{"type":"Feature","properties":{"owner1":"S.I.A.L.","owner2":"S.I.A.L.","matricule":"0977-86-2479","street":"CROIX","civicLow":"65","civicHigh":"0","valueLand":"50900","valueBuilding":"301300","valueTotal":"352200","mailAddr":"65 CHEMIN DE LA CROIX","mailCity":null,"mun":null},"geometry":{"type":"MultiPolygon","coordinates":[[[[-71.785875,48.530706],[-71.785731,48.530421],[-71.785821,48.53029],[-71.786324,48.530201],[-71.786369,48.530807],[-71.78591,48.530843],[-71.785875,48.530706]]]]}},{"type":"Feature","properties":{"owner1":"S.I.A.L.","owner2":null,"matricule":"0977-76-8876","street":"CROIX","civicLow":"71","civicHigh":"0","valueLand":"40200","valueBuilding":"229700","valueTotal":"269900","mailAddr":"71 CHEMIN DE LA CROIX","mailCity":null,"mun":null},"geometry":{"type":"MultiPolygon","coordinates":[[[[-71.786405,48.530486],[-71.786324,48.530201],[-71.786845,48.530272],[-71.786647,48.530813],[-71.786369,48.530807],[-71.786405,48.530486]]]]}},{"type":"Feature","properties":{"owner1":"S.I.A.L.","owner2":null,"matricule":"0977-76-5376","street":"CROIX","civicLow":"73","civicHigh":"0","valueLand":"51400","valueBuilding":"82400","valueTotal":"133800","mailAddr":"73 CHEMIN DE LA CROIX","mailCity":null,"mun":null},"geometry":{"type":"MultiPolygon","coordinates":[[[[-71.787159,48.530599],[-71.787069,48.530867],[-71.786647,48.530813],[-71.786845,48.530272],[-71.787662,48.530379],[-71.787572,48.530653],[-71.787159,48.530599]]]]}},{"type":"Feature","properties":{"owner1":"S.I.A.L.","owner2":null,"matricule":"0977-77-7138","street":"CROIX","civicLow":"81","civicHigh":"0","valueLand":"104500","valueBuilding":"248500","valueTotal":"353000","mailAddr":"1150 RUE SAINT-DENIS APP 1508","mailCity":null,"mun":null},"geometry":{"type":"MultiPolygon","coordinates":[[[[-71.788138,48.530599],[-71.788066,48.530486],[-71.788246,48.530504],[-71.788273,48.530796],[-71.788102,48.530801],[-71.788138,48.530599]]],[[[-71.785542,48.531515],[-71.78591,48.530843],[-71.787069,48.530867],[-71.787159,48.530599],[-71.787572,48.530653],[-71.787662,48.530379],[-71.788022,48.530504],[-71.78803,48.530801],[-71.787294,48.530879],[-71.7875,48.531343],[-71.786791,48.531248],[-71.786584,48.531718],[-71.785542,48.531515]]]]}},{"type":"Feature","properties":{"owner1":"S.I.A.L.","owner2":"S.I.A.L.","matricule":"0977-77-0937","street":"CROIX","civicLow":"83","civicHigh":"0","valueLand":"154100","valueBuilding":"141100","valueTotal":"295200","mailAddr":"1057 RUE ETIENNE-DUMETZ","mailCity":null,"mun":null},"geometry":{"type":"MultiPolygon","coordinates":[[[[-71.787294,48.530879],[-71.78803,48.530801],[-71.787995,48.531147],[-71.787465,48.53126],[-71.787294,48.530879]]]]}},{"type":"Feature","properties":{"owner1":"JULIEN ARMAND","owner2":null,"matricule":"1073-86-5714","street":"TREMBLAY","civicLow":"105","civicHigh":"0","valueLand":"22300","valueBuilding":"131200","valueTotal":"153500","mailAddr":"105 RUE TREMBLAY","mailCity":null,"mun":null},"geometry":{"type":"MultiPolygon","coordinates":[[[[-71.770891,48.494221],[-71.77107,48.493971],[-71.771475,48.494036],[-71.771295,48.494286],[-71.770891,48.494221]]]]}},{"type":"Feature","properties":{"owner1":"COTE JEAN","owner2":null,"matricule":"1073-85-1393","street":"LAROUCHE","civicLow":"110","civicHigh":"0","valueLand":"23600","valueBuilding":"133700","valueTotal":"157300","mailAddr":"110 RUE LAROUCHE","mailCity":null,"mun":null},"geometry":{"type":"MultiPolygon","coordinates":[[[[-71.772067,48.493828],[-71.77187,48.494108],[-71.771484,48.494025],[-71.771672,48.493751],[-71.772067,48.493828]]]]}},{"type":"Feature","properties":{"owner1":"LAROUCHE MARTIN","owner2":null,"matricule":"1073-85-4385","street":"TREMBLAY","civicLow":"107","civicHigh":"0","valueLand":"24200","valueBuilding":"146000","valueTotal":"170200","mailAddr":"107 RUE TREMBLAY","mailCity":null,"mun":null},"geometry":{"type":"MultiPolygon","coordinates":[[[[-71.77107,48.493971],[-71.771277,48.493679],[-71.771672,48.493751],[-71.771475,48.494036],[-71.77107,48.493971]]]]}},{"type":"Feature","properties":{"owner1":"COUTURE LAVAL","owner2":null,"matricule":"1073-86-2722","street":"LAROUCHE","civicLow":"108","civicHigh":"0","valueLand":"22400","valueBuilding":"127700","valueTotal":"150100","mailAddr":"108 RUE LAROUCHE","mailCity":null,"mun":null},"geometry":{"type":"MultiPolygon","coordinates":[[[[-71.771475,48.494036],[-71.77187,48.494108],[-71.771699,48.494358],[-71.771304,48.494269],[-71.771475,48.494036]]]]}},{"type":"Feature","properties":{"owner1":"TREMBLAY ANDRE","owner2":"DESMEULES LINDA","matricule":"1073-66-4302","street":"LAVOIE","civicLow":"121","civicHigh":"0","valueLand":"29000","valueBuilding":"290700","valueTotal":"319700","mailAddr":"121 RUE LAVOIE","mailCity":null,"mun":null},"geometry":{"type":"MultiPolygon","coordinates":[[[[-71.773711,48.494132],[-71.773972,48.493769],[-71.774448,48.49387],[-71.774161,48.494209],[-71.773711,48.494132]]]]}},{"type":"Feature","properties":{"owner1":"MURRAY MARTIN","owner2":null,"matricule":"1073-66-6936","street":"LAVOIE","civicLow":"113","civicHigh":"0","valueLand":"27400","valueBuilding":"120800","valueTotal":"148200","mailAddr":"113 RUE LAVOIE","mailCity":null,"mun":null},"geometry":{"type":"MultiPolygon","coordinates":[[[[-71.773756,48.494465],[-71.773388,48.494382],[-71.773577,48.494102],[-71.774089,48.494197],[-71.773873,48.494507],[-71.773756,48.494465]]]]}},{"type":"Feature","properties":{"owner1":"BOUCHARD JOCELYN","owner2":null,"matricule":"1073-76-2383","street":"MURRAY","civicLow":"103","civicHigh":"0","valueLand":"16700","valueBuilding":"128000","valueTotal":"144700","mailAddr":"103 RUE MURRAY","mailCity":null,"mun":null},"geometry":{"type":"MultiPolygon","coordinates":[[[[-71.773271,48.494715],[-71.77319,48.49484],[-71.772759,48.494733],[-71.772858,48.494614],[-71.773271,48.494715]]]]}},{"type":"Feature","properties":{"owner1":"S.I.A.L.","owner2":null,"matricule":"1078-18-8004","street":"ILES","civicLow":"0","civicHigh":"0","valueLand":"92900","valueBuilding":"0","valueTotal":"92900","mailAddr":"1655 RUE POWELL","mailCity":null,"mun":null},"geometry":{"type":"MultiPolygon","coordinates":[[[[-71.779883,48.541348],[-71.780107,48.541288],[-71.780521,48.541365],[-71.781015,48.541199],[-71.781239,48.540812],[-71.781724,48.540497],[-71.781796,48.540652],[-71.782075,48.540622],[-71.781985,48.54039],[-71.78291,48.540438],[-71.78247,48.540408],[-71.782425,48.540652],[-71.78132,48.540789],[-71.781284,48.54102],[-71.78061,48.541437],[-71.780368,48.541342],[-71.779928,48.541395],[-71.78008,48.54171],[-71.779946,48.541675],[-71.779883,48.541348]]]]}},{"type":"Feature","properties":{"owner1":"DROLET YVON","owner2":null,"matricule":"1080-49-2808","street":"BAIE-DES-GIRARD","civicLow":"109","civicHigh":"0","valueLand":"88500","valueBuilding":"177600","valueTotal":"266100","mailAddr":"109 CHEMIN DE LA BAIE-DES-GIRARD","mailCity":null,"mun":null},"geometry":{"type":"MultiPolygon","coordinates":[[[[-71.778419,48.559663],[-71.778436,48.559478],[-71.778895,48.559657],[-71.778787,48.55977],[-71.778419,48.559663]]]]}},{"type":"Feature","properties":{"owner1":"ETANG DES ILES INC","owner2":null,"matricule":"1076-81-3467","street":"ETANG","civicLow":"0","civicHigh":"0","valueLand":"23800","valueBuilding":"0","valueTotal":"23800","mailAddr":"18 CHEMIN DE L'ETANG","mailCity":null,"mun":null},"geometry":{"type":"MultiPolygon","coordinates":[[[[-71.772211,48.517207],[-71.771807,48.517338],[-71.771753,48.516856],[-71.773038,48.517094],[-71.772211,48.517207]]]]}},{"type":"Feature","properties":{"owner1":"BOUCHARD ROBIN","owner2":null,"matricule":"1078-15-4440","street":"ILES","civicLow":"0","civicHigh":"0","valueLand":"9100","valueBuilding":"0","valueTotal":"9100","mailAddr":"450 RANG DES ILES","mailCity":null,"mun":null},"geometry":{"type":"MultiPolygon","coordinates":[[[[-71.782389,48.538469],[-71.782389,48.538552],[-71.781985,48.53835],[-71.78132,48.538225],[-71.781805,48.538243],[-71.782389,48.538469]]]]}},{"type":"Feature","properties":{"owner1":"BRASSARD CARL","owner2":"GENEST MELIZA","matricule":"1571-21-7380","street":"4","civicLow":"1106","civicHigh":"0","valueLand":"31700","valueBuilding":"89500","valueTotal":"121200","mailAddr":"1106 RANG 4","mailCity":null,"mun":null},"geometry":{"type":"MultiPolygon","coordinates":[[[[-71.711611,48.472762],[-71.711395,48.473268],[-71.710614,48.473125],[-71.710668,48.473006],[-71.710236,48.472928],[-71.710398,48.472541],[-71.711611,48.472762]]]]}},{"type":"Feature","properties":{"owner1":"ST-PIERRE ERIC","owner2":"LAROUCHE NANCY","matricule":"1571-70-9721","street":"4","civicLow":"1050","civicHigh":"0","valueLand":"44100","valueBuilding":"137000","valueTotal":"181100","mailAddr":"1050 RANG 4","mailCity":null,"mun":null},"geometry":{"type":"MultiPolygon","coordinates":[[[[-71.703391,48.471237],[-71.704388,48.471416],[-71.704227,48.471815],[-71.70323,48.471636],[-71.703391,48.471237]]]]}},{"type":"Feature","properties":{"owner1":"CLUB DE MOTONEIGISTES LAC-ST-JEAN","owner2":null,"matricule":"1571-80-9501","street":"4","civicLow":"0","civicHigh":"0","valueLand":"45500","valueBuilding":"16900","valueTotal":"62400","mailAddr":null,"mailCity":null,"mun":null},"geometry":{"type":"MultiPolygon","coordinates":[[[[-71.702187,48.471022],[-71.702987,48.471165],[-71.702771,48.471695],[-71.701981,48.471553],[-71.702187,48.471022]]]]}},{"type":"Feature","properties":{"owner1":"FABRIQUE DE SAINT-GEDEON","owner2":null,"matricule":"1074-85-1142","street":"ILES","civicLow":"0","civicHigh":"0","valueLand":"59100","valueBuilding":"2300","valueTotal":"61400","mailAddr":"201 RUE DE QUEN","mailCity":null,"mun":null},"geometry":{"type":"MultiPolygon","coordinates":[[[[-71.770963,48.502751],[-71.771079,48.501805],[-71.771268,48.501709],[-71.771546,48.501745],[-71.771735,48.501948],[-71.77257,48.5019],[-71.772741,48.501983],[-71.772984,48.502745],[-71.77328,48.503043],[-71.773092,48.503132],[-71.770963,48.502751]]]]}},{"type":"Feature","properties":{"owner1":"MUNICIPALITE DE SAINT-GEDEON","owner2":null,"matricule":"0973-97-1127","street":"DE QUEN","civicLow":"0","civicHigh":"0","valueLand":"198600","valueBuilding":"180800","valueTotal":"379400","mailAddr":"208 RUE DE QUEN","mailCity":null,"mun":null},"geometry":{"type":"MultiPolygon","coordinates":[[[[-71.787509,48.486821],[-71.790474,48.483695],[-71.791938,48.483338],[-71.791714,48.483606],[-71.791211,48.483826],[-71.791956,48.48457],[-71.791965,48.484725],[-71.791669,48.485648],[-71.79122,48.485826],[-71.791687,48.48582],[-71.791902,48.486118],[-71.792513,48.486392],[-71.7913,48.486184],[-71.7913,48.486297],[-71.790869,48.486219],[-71.790797,48.48691],[-71.791318,48.487511],[-71.790941,48.488655],[-71.790007,48.489286],[-71.789064,48.491685],[-71.788785,48.491911],[-71.785183,48.491179],[-71.785848,48.488559],[-71.787509,48.486821]]],[[[-71.77867,48.501192],[-71.778203,48.501174],[-71.777781,48.50134],[-71.777799,48.501584],[-71.778113,48.501912],[-71.778023,48.502043],[-71.777763,48.502073],[-71.777161,48.501834],[-71.776047,48.50115],[-71.775445,48.50059],[-71.774062,48.500334],[-71.773307,48.50109],[-71.772948,48.501156],[-71.77222,48.501025],[-71.771475,48.501364],[-71.771825,48.50143],[-71.772166,48.501209],[-71.773038,48.501382],[-71.772876,48.501543],[-71.772804,48.502049],[-71.77257,48.5019],[-71.771735,48.501948],[-71.771546,48.501745],[-71.771115,48.501709],[-71.771546,48.500852],[-71.771771,48.501001],[-71.77204,48.50084],[-71.772597,48.500852],[-71.772912,48.501031],[-71.773199,48.501007],[-71.773702,48.500567],[-71.773442,48.500287],[-71.773981,48.500352],[-71.774565,48.500049],[-71.775023,48.499698],[-71.775221,48.499168],[-71.775499,48.499061],[-71.775616,48.498805],[-71.776182,48.49834],[-71.776209,48.498257],[-71.774744,48.497989],[-71.774897,48.497692],[-71.77452,48.497608],[-71.775607,48.4964],[-71.775643,48.496227],[-71.775194,48.496084],[-71.775463,48.495703],[-71.77646,48.495983],[-71.777008,48.495197],[-71.776559,48.495114],[-71.776649,48.494912],[-71.778823,48.495388],[-71.778068,48.496174],[-71.778481,48.496245],[-71.779505,48.495179],[-71.779856,48.495245],[-71.780431,48.494864],[-71.780278,48.495322],[-71.780592,48.495382],[-71.781554,48.494804],[-71.781329,48.494465],[-71.781482,48.494542],[-71.781437,48.49434],[-71.780062,48.494084],[-71.783081,48.490929],[-71.786431,48.491524],[-71.788623,48.492048],[-71.788749,48.49225],[-71.788543,48.492697],[-71.787078,48.494519],[-71.786764,48.495816],[-71.785901,48.497025],[-71.785749,48.497805],[-71.783512,48.49959],[-71.782991,48.499662],[-71.782102,48.500501],[-71.781724,48.500454],[-71.781383,48.501025],[-71.780997,48.501293],[-71.780574,48.501168],[-71.780727,48.501305],[-71.780655,48.50143],[-71.778508,48.502156],[-71.779443,48.50159],[-71.779164,48.501317],[-71.77867,48.501192]]]]}},{"type":"Feature","properties":{"owner1":"TREMBLAY MADELEINE","owner2":null,"matricule":"1073-69-0249","street":"DE QUEN","civicLow":"171","civicHigh":"0","valueLand":"19500","valueBuilding":"140400","valueTotal":"159900","mailAddr":"171 RUE DE QUEN","mailCity":null,"mun":null},"geometry":{"type":"MultiPolygon","coordinates":[[[[-71.77443,48.497126],[-71.774565,48.496953],[-71.775005,48.497096],[-71.774906,48.497227],[-71.77443,48.497126]]]]}},{"type":"Feature","properties":{"owner1":"BOILY JEAN","owner2":null,"matricule":"1372-84-7127","street":"4","civicLow":"1296","civicHigh":"1298","valueLand":"639300","valueBuilding":"317100","valueTotal":"956400","mailAddr":"1310 4E RANG","mailCity":null,"mun":null},"geometry":{"type":"MultiPolygon","coordinates":[[[[-71.722031,48.489762],[-71.727754,48.475971],[-71.727987,48.476013],[-71.728104,48.475727],[-71.730359,48.476144],[-71.73017,48.476591],[-71.730943,48.476734],[-71.731167,48.476359],[-71.731014,48.476263],[-71.734796,48.476966],[-71.734653,48.477311],[-71.734994,48.477377],[-71.735138,48.477032],[-71.738246,48.477603],[-71.732434,48.491619],[-71.722031,48.489762]]]]}},{"type":"Feature","properties":{"owner1":"TREMBLAY LUCETTE","owner2":null,"matricule":"1180-48-1885","street":"GOLF","civicLow":"309","civicHigh":"0","valueLand":"55700","valueBuilding":"36500","valueTotal":"92200","mailAddr":"311 CHEMIN DU GOLF","mailCity":null,"mun":null},"geometry":{"type":"MultiPolygon","coordinates":[[[[-71.765573,48.559681],[-71.765025,48.559704],[-71.764899,48.559478],[-71.765402,48.559467],[-71.765573,48.559681]]]]}},{"type":"Feature","properties":{"owner1":"TREMBLAY LUCETTE","owner2":null,"matricule":"1180-48-3057","street":"GOLF","civicLow":"311","civicHigh":"0","valueLand":"63200","valueBuilding":"320600","valueTotal":"383800","mailAddr":"311 CHEMIN DU GOLF","mailCity":null,"mun":null},"geometry":{"type":"MultiPolygon","coordinates":[[[[-71.765123,48.559205],[-71.765366,48.559193],[-71.765402,48.559467],[-71.764899,48.559478],[-71.764692,48.559223],[-71.765123,48.559205]]]]}},{"type":"Feature","properties":{"owner1":"COTE DANY","owner2":"TREMBLAY LINA","matricule":"1180-47-6681","street":"GOLF","civicLow":"316","civicHigh":"0","valueLand":"34800","valueBuilding":"330700","valueTotal":"365500","mailAddr":"316 CHEMIN DU GOLF","mailCity":null,"mun":null},"geometry":{"type":"MultiPolygon","coordinates":[[[[-71.764333,48.558735],[-71.764333,48.55845],[-71.764872,48.558622],[-71.76471,48.558842],[-71.764333,48.558735]]]]}},{"type":"Feature","properties":{"owner1":"CLAVEAU CAROL","owner2":null,"matricule":"1075-46-9942","street":"DOMAINE-GRANDMONT","civicLow":"24","civicHigh":"0","valueLand":"27600","valueBuilding":"77600","valueTotal":"105200","mailAddr":"2880 RUE VAUDREUIL","mailCity":null,"mun":null},"geometry":{"type":"MultiPolygon","coordinates":[[[[-71.776739,48.512244],[-71.77664,48.512506],[-71.776083,48.51225],[-71.776272,48.512285],[-71.776146,48.512137],[-71.776739,48.512244]]]]}},{"type":"Feature","properties":{"owner1":"CHAVARIE YVES","owner2":"SIMARD CAROLE","matricule":"1075-55-0267","street":"DOMAINE-GRANDMONT","civicLow":"308","civicHigh":"0","valueLand":"83400","valueBuilding":"233800","valueTotal":"317200","mailAddr":"308 CHEMIN DU DOMAINE-GRANDMONT","mailCity":null,"mun":null},"geometry":{"type":"MultiPolygon","coordinates":[[[[-71.776604,48.511518],[-71.776649,48.511595],[-71.776406,48.511768],[-71.7762,48.511726],[-71.776424,48.511488],[-71.776604,48.511518]]]]}},{"type":"Feature","properties":{"owner1":"GAGNON MARIE","owner2":"PILOTE PIERRE","matricule":"1180-34-6552","street":"GOLF","civicLow":"218","civicHigh":"0","valueLand":"66700","valueBuilding":"164000","valueTotal":"230700","mailAddr":"1470 AVENUE DE LYON","mailCity":null,"mun":null},"geometry":{"type":"MultiPolygon","coordinates":[[[[-71.765779,48.555786],[-71.76568,48.555608],[-71.765815,48.555519],[-71.766013,48.55581],[-71.765779,48.555786]]]]}},{"type":"Feature","properties":{"owner1":"DUCHESNE ANTOINE (SUCCESSION)","owner2":null,"matricule":"1180-53-5047","street":"GOLF","civicLow":"42","civicHigh":"0","valueLand":"84300","valueBuilding":"175500","valueTotal":"259800","mailAddr":"42 CHEMIN DU GOLF","mailCity":null,"mun":null},"geometry":{"type":"MultiPolygon","coordinates":[[[[-71.763722,48.554544],[-71.763381,48.555073],[-71.762941,48.555013],[-71.763246,48.554472],[-71.763722,48.554544]]]]}},{"type":"Feature","properties":{"owner1":"BOUCHARD PIERRE-PATRICK","owner2":null,"matricule":"1180-72-4197","street":"GOLF","civicLow":"0","civicHigh":"0","valueLand":"17900","valueBuilding":"0","valueTotal":"17900","mailAddr":"865 AVENUE DU PONT SUD","mailCity":null,"mun":null},"geometry":{"type":"MultiPolygon","coordinates":[[[[-71.760578,48.554115],[-71.760596,48.554014],[-71.761009,48.554086],[-71.760946,48.554591],[-71.760389,48.554478],[-71.760578,48.554115]]]]}},{"type":"Feature","properties":{"owner1":"COTE YVETTE","owner2":null,"matricule":"0971-35-8459","street":"BELLE-RIVIERE","civicLow":"0","civicHigh":"0","valueLand":"3500","valueBuilding":"0","valueTotal":"3500","mailAddr":"9210 RUE DE MONTFERRAND","mailCity":null,"mun":null},"geometry":{"type":"MultiPolygon","coordinates":[[[[-71.790941,48.475287],[-71.790546,48.47643],[-71.790061,48.475936],[-71.790591,48.475721],[-71.790258,48.475376],[-71.789737,48.47559],[-71.789108,48.474953],[-71.790941,48.475287]]]]}},{"type":"Feature","properties":{"owner1":"HARVEY SABIN","owner2":"COTE SARAH","matricule":"0971-45-2084","street":"BELLE-RIVIERE","civicLow":"1333","civicHigh":"0","valueLand":"34200","valueBuilding":"170300","valueTotal":"204500","mailAddr":"1333 RANG BELLE-RIVIERE","mailCity":null,"mun":null},"geometry":{"type":"MultiPolygon","coordinates":[[[[-71.790591,48.475721],[-71.790061,48.475936],[-71.789737,48.47559],[-71.790258,48.475376],[-71.790591,48.475721]]]]}},{"type":"Feature","properties":{"owner1":"LAVOIE EDITH","owner2":null,"matricule":"0971-37-5552","street":"BELLE-RIVIERE","civicLow":"1345","civicHigh":"0","valueLand":"16400","valueBuilding":"97000","valueTotal":"113400","mailAddr":"1345 RANG BELLE-RIVIERE","mailCity":null,"mun":null},"geometry":{"type":"MultiPolygon","coordinates":[[[[-71.790896,48.477103],[-71.791228,48.477049],[-71.791282,48.477222],[-71.79095,48.47727],[-71.790896,48.477103]]]]}},{"type":"Feature","properties":{"owner1":"MURRAY LUC","owner2":"BERNARD LISE","matricule":"1073-75-7718","street":"LAROUCHE","civicLow":"118","civicHigh":"0","valueLand":"22300","valueBuilding":"164000","valueTotal":"186300","mailAddr":"118 RUE LAROUCHE","mailCity":null,"mun":null},"geometry":{"type":"MultiPolygon","coordinates":[[[[-71.771978,48.493316],[-71.772148,48.493072],[-71.772517,48.493185],[-71.772346,48.493429],[-71.771978,48.493316]]]]}},{"type":"Feature","properties":{"owner1":"GUAY KATHLEEN","owner2":null,"matricule":"1079-22-2818","street":"QUAI","civicLow":"103","civicHigh":"0","valueLand":"42900","valueBuilding":"295900","valueTotal":"338800","mailAddr":"103 CHEMIN DU QUAI","mailCity":null,"mun":null},"geometry":{"type":"MultiPolygon","coordinates":[[[[-71.780673,48.544607],[-71.780754,48.544185],[-71.781266,48.54422],[-71.781221,48.544458],[-71.78141,48.544565],[-71.781203,48.544654],[-71.780673,48.544607]]]]}},{"type":"Feature","properties":{"owner1":"LESSARD MICHEL","owner2":null,"matricule":"1079-22-6517","street":"QUAI","civicLow":"3","civicHigh":"0","valueLand":"33400","valueBuilding":"121900","valueTotal":"155300","mailAddr":"3 CHEMIN DU QUAI","mailCity":null,"mun":null},"geometry":{"type":"MultiPolygon","coordinates":[[[[-71.780673,48.544607],[-71.780664,48.544678],[-71.780251,48.544648],[-71.780269,48.544143],[-71.780754,48.544185],[-71.780673,48.544607]]]]}},{"type":"Feature","properties":{"owner1":"THERRIEN DANIEL","owner2":"BOULIANNE CAROLINE","matricule":"1079-22-7467","street":"ILES","civicLow":"358","civicHigh":"0","valueLand":"33400","valueBuilding":"283600","valueTotal":"317000","mailAddr":"358 RANG DES ILES","mailCity":null,"mun":null},"geometry":{"type":"MultiPolygon","coordinates":[[[[-71.780664,48.544678],[-71.780583,48.54513],[-71.780062,48.545035],[-71.780188,48.544428],[-71.780251,48.544648],[-71.780664,48.544678]]]]}},{"type":"Feature","properties":{"owner1":"HARVEY MAXIME","owner2":"BOUCHARD GUYLAINE","matricule":"1079-22-3259","street":"QUAI","civicLow":"105","civicHigh":"0","valueLand":"42900","valueBuilding":"93900","valueTotal":"136800","mailAddr":"105 CHEMIN DU QUAI","mailCity":null,"mun":null},"geometry":{"type":"MultiPolygon","coordinates":[[[[-71.781536,48.544672],[-71.780583,48.54513],[-71.780673,48.544607],[-71.781203,48.544654],[-71.78141,48.544565],[-71.781536,48.544672]]]]}},{"type":"Feature","properties":{"owner1":"JACOB GILLES","owner2":"BLUTEAU GINETTE","matricule":"1079-22-1782","street":"QUAI","civicLow":"107","civicHigh":"0","valueLand":"43000","valueBuilding":"93700","valueTotal":"136700","mailAddr":"2859 BOULEVARD SAINT-JEAN BAPTISTE","mailCity":null,"mun":null},"geometry":{"type":"MultiPolygon","coordinates":[[[[-71.781392,48.544922],[-71.781329,48.545267],[-71.780583,48.54513],[-71.781536,48.544672],[-71.78167,48.544779],[-71.781392,48.544922]]]]}},{"type":"Feature","properties":{"owner1":"GIRARD SYLVIE","owner2":null,"matricule":"1079-12-8096","street":"QUAI","civicLow":"109","civicHigh":"0","valueLand":"43000","valueBuilding":"127600","valueTotal":"170600","mailAddr":"109 CHEMIN DU QUAI","mailCity":null,"mun":null},"geometry":{"type":"MultiPolygon","coordinates":[[[[-71.781868,48.545368],[-71.781329,48.545267],[-71.781392,48.544922],[-71.78167,48.544779],[-71.781994,48.545326],[-71.781868,48.545368]]]]}},{"type":"Feature","properties":{"owner1":"COTE ANDRE","owner2":null,"matricule":"1074-86-5189","street":"DE QUEN","civicLow":"85","civicHigh":"0","valueLand":"43600","valueBuilding":"241700","valueTotal":"285300","mailAddr":"85 CHEMIN DE QUEN","mailCity":null,"mun":null},"geometry":{"type":"MultiPolygon","coordinates":[[[[-71.771025,48.503602],[-71.772032,48.503567],[-71.772058,48.503924],[-71.771052,48.504061],[-71.771025,48.503602]]]]}},{"type":"Feature","properties":{"owner1":"HARVEY MICHELINE","owner2":"FORTIN NATHALIE","matricule":"1075-61-3199","street":"TOUR","civicLow":"0","civicHigh":"0","valueLand":"6700","valueBuilding":"0","valueTotal":"6700","mailAddr":"3880 RUE ST-LEON APP 306","mailCity":null,"mun":null},"geometry":{"type":"MultiPolygon","coordinates":[[[[-71.774762,48.508328],[-71.774466,48.508435],[-71.774223,48.508375],[-71.774484,48.508405],[-71.774619,48.508137],[-71.774583,48.508286],[-71.774762,48.508328]]]]}},{"type":"Feature","properties":{"owner1":"HARVEY MICHELINE","owner2":null,"matricule":"1075-61-4488","street":"TOUR","civicLow":"115","civicHigh":"0","valueLand":"25600","valueBuilding":"79300","valueTotal":"104900","mailAddr":"3880 RUE ST-LEON APP 306","mailCity":null,"mun":null},"geometry":{"type":"MultiPolygon","coordinates":[[[[-71.774367,48.508084],[-71.774619,48.508137],[-71.774484,48.508405],[-71.774241,48.508346],[-71.774367,48.508084]]]]}},{"type":"Feature","properties":{"owner1":"LEBLANC SANDRA","owner2":null,"matricule":"1075-82-7448","street":"TOURELLE","civicLow":"0","civicHigh":"0","valueLand":"4800","valueBuilding":"0","valueTotal":"4800","mailAddr":"431 RUE SCOTT EST","mailCity":null,"mun":null},"geometry":{"type":"MultiPolygon","coordinates":[[[[-71.771241,48.508715],[-71.771475,48.50875],[-71.771403,48.508917],[-71.771169,48.508887],[-71.771241,48.508715]]]]}},{"type":"Feature","properties":{"owner1":"S.I.A.L.","owner2":null,"matricule":"1073-46-4459","street":"DE QUEN","civicLow":"0","civicHigh":"0","valueLand":"200","valueBuilding":"0","valueTotal":"200","mailAddr":"1655 RUE POWELL","mailCity":null,"mun":null},"geometry":{"type":"MultiPolygon","coordinates":[[[[-71.77682,48.494423],[-71.776775,48.494519],[-71.776757,48.494459],[-71.77682,48.494423]]]]}},{"type":"Feature","properties":{"owner1":"S.I.A.L.","owner2":null,"matricule":"0973-41-5405","street":"SAINT-GEDEON-SUR-LE-LAC","civicLow":"0","civicHigh":"0","valueLand":"400","valueBuilding":"0","valueTotal":"400","mailAddr":"1655 RUE POWELL","mailCity":null,"mun":null},"geometry":{"type":"MultiPolygon","coordinates":[[[[-71.789405,48.49081],[-71.790025,48.489268],[-71.790941,48.488655],[-71.791318,48.487511],[-71.790797,48.48691],[-71.790869,48.486219],[-71.791211,48.486279],[-71.791166,48.486636],[-71.791345,48.486666],[-71.79148,48.488047],[-71.791121,48.488643],[-71.790151,48.48928],[-71.789827,48.490101],[-71.792091,48.490554],[-71.789809,48.490143],[-71.789099,48.491965],[-71.788785,48.491911],[-71.789028,48.491756],[-71.789405,48.49081]]]]}},{"type":"Feature","properties":{"owner1":"SIMARD DORELIEN","owner2":null,"matricule":"1078-49-4381","street":"RANCH","civicLow":"0","civicHigh":"0","valueLand":"1400","valueBuilding":"9000","valueTotal":"10400","mailAddr":"8 CHEMIN DU RANCH","mailCity":null,"mun":null},"geometry":{"type":"MultiPolygon","coordinates":[[[[-71.778203,48.542222],[-71.778167,48.542418],[-71.777637,48.542323],[-71.778203,48.542222]]]]}},{"type":"Feature","properties":{"owner1":"9353-3065 QUEBEC INC","owner2":null,"matricule":"1079-76-3612","street":"ILES","civicLow":"0","civicHigh":"0","valueLand":"800","valueBuilding":"0","valueTotal":"800","mailAddr":"248F RANG DES ILES","mailCity":null,"mun":null},"geometry":{"type":"MultiPolygon","coordinates":[[[[-71.773711,48.54758],[-71.774843,48.547741],[-71.774637,48.548478],[-71.773496,48.548341],[-71.773711,48.54758]]]]}},{"type":"Feature","properties":{"owner1":"CAUCHON LUC","owner2":null,"matricule":"1075-84-3719","street":"DE QUEN","civicLow":"27","civicHigh":"0","valueLand":"58800","valueBuilding":"71900","valueTotal":"130700","mailAddr":"27 - B CHEMIN DE QUEN","mailCity":null,"mun":null},"geometry":{"type":"MultiPolygon","coordinates":[[[[-71.771681,48.510453],[-71.771573,48.510214],[-71.772292,48.51028],[-71.771942,48.510494],[-71.772005,48.510566],[-71.771681,48.510453]]]]}},{"type":"Feature","properties":{"owner1":"FORTIN MYRIAM","owner2":"GAGNON POTVIN DAVE","matricule":"1175-04-0555","street":"DE QUEN","civicLow":"19","civicHigh":"0","valueLand":"88100","valueBuilding":"164100","valueTotal":"252200","mailAddr":"19 CHEMIN DE QUEN","mailCity":null,"mun":null},"geometry":{"type":"MultiPolygon","coordinates":[[[[-71.769184,48.510816],[-71.769346,48.510453],[-71.770064,48.510583],[-71.769867,48.510917],[-71.770522,48.511036],[-71.769184,48.510816]]]]}},{"type":"Feature","properties":{"owner1":"BRASSARD MARC","owner2":"BERGERON ISABELLE","matricule":"1081-60-5762","street":"BAIE-DES-GIRARD","civicLow":"30","civicHigh":"0","valueLand":"107200","valueBuilding":"46500","valueTotal":"153700","mailAddr":"1951 RUE DES CHOUETTES","mailCity":null,"mun":null},"geometry":{"type":"MultiPolygon","coordinates":[[[[-71.775301,48.561179],[-71.775616,48.560852],[-71.775876,48.560977],[-71.77549,48.561286],[-71.775454,48.561179],[-71.775301,48.561179]]]]}},{"type":"Feature","properties":{"owner1":"SIMARD CELINE","owner2":null,"matricule":"1081-60-7350","street":"BAIE-DES-GIRARD","civicLow":"32","civicHigh":"0","valueLand":"104400","valueBuilding":"93300","valueTotal":"197700","mailAddr":"32 CHEMIN DE LA BAIE-DES-GIRARD","mailCity":null,"mun":null},"geometry":{"type":"MultiPolygon","coordinates":[[[[-71.775616,48.560852],[-71.775301,48.561179],[-71.775059,48.561042],[-71.775382,48.560763],[-71.775616,48.560852]]]]}},{"type":"Feature","properties":{"owner1":"LEVESQUE GILLES","owner2":null,"matricule":"1080-95-8503","street":"GOLF","civicLow":"0","civicHigh":"0","valueLand":"17600","valueBuilding":"600","valueTotal":"18200","mailAddr":"1707 RUE DES CORMIERS","mailCity":null,"mun":null},"geometry":{"type":"MultiPolygon","coordinates":[[[[-71.771151,48.555715],[-71.77107,48.556],[-71.77125,48.556131],[-71.771088,48.556309],[-71.771241,48.556411],[-71.77098,48.556625],[-71.770774,48.556488],[-71.770927,48.555917],[-71.770334,48.555864],[-71.770549,48.555614],[-71.771151,48.555715]]]]}},{"type":"Feature","properties":{"owner1":"DESGAGNE BERNARD","owner2":null,"matricule":"1073-33-4515","street":"DE QUEN","civicLow":"305","civicHigh":"0","valueLand":"27600","valueBuilding":"148700","valueTotal":"176300","mailAddr":"305 RUE DE QUEN","mailCity":null,"mun":null},"geometry":{"type":"MultiPolygon","coordinates":[[[[-71.777619,48.491393],[-71.777718,48.491191],[-71.778472,48.491334],[-71.778374,48.491536],[-71.777619,48.491393]]]]}},{"type":"Feature","properties":{"owner1":"LEGUNORD INC","owner2":null,"matricule":"1073-33-4561","street":"DE QUEN","civicLow":"295","civicHigh":"301","valueLand":"46700","valueBuilding":"465200","valueTotal":"511900","mailAddr":"295 RUE DE QUEN","mailCity":null,"mun":null},"geometry":{"type":"MultiPolygon","coordinates":[[[[-71.777574,48.491477],[-71.778724,48.491691],[-71.778535,48.492078],[-71.777385,48.491864],[-71.777574,48.491477]]]]}},{"type":"Feature","properties":{"owner1":"COTE JEAN-MARC","owner2":"THIVIERGE CELINE","matricule":"1075-97-4888","street":"DOMAINE-GRANDMONT","civicLow":"0","civicHigh":"0","valueLand":"26900","valueBuilding":"0","valueTotal":"26900","mailAddr":"16 RUE DE QUEN","mailCity":null,"mun":null},"geometry":{"type":"MultiPolygon","coordinates":[[[[-71.770774,48.513345],[-71.770576,48.514136],[-71.770118,48.514041],[-71.770325,48.51319],[-71.770774,48.513345]]]]}},{"type":"Feature","properties":{"owner1":"LAPOINTE GINETTE","owner2":null,"matricule":"1271-78-7198","street":"4","civicLow":"1420","civicHigh":"0","valueLand":"32200","valueBuilding":"131700","valueTotal":"163900","mailAddr":"1420 RANG 4","mailCity":null,"mun":null},"geometry":{"type":"MultiPolygon","coordinates":[[[[-71.744579,48.478776],[-71.74537,48.478919],[-71.745262,48.479181],[-71.744462,48.479038],[-71.744579,48.478776]]]]}},{"type":"Feature","properties":{"owner1":"FORTIN CARL","owner2":"DESGAGNE MELISSA","matricule":"1271-98-6242","street":"4","civicLow":"1390","civicHigh":"0","valueLand":"19700","valueBuilding":"83400","valueTotal":"103100","mailAddr":"1390 RANG 4","mailCity":null,"mun":null},"geometry":{"type":"MultiPolygon","coordinates":[[[[-71.742225,48.478342],[-71.742522,48.478395],[-71.742414,48.478663],[-71.742118,48.478604],[-71.742225,48.478342]]]]}},{"type":"Feature","properties":{"owner1":"S.I.A.L.","owner2":null,"matricule":"1076-75-9235","street":"ILES","civicLow":"0","civicHigh":"0","valueLand":"47400","valueBuilding":"0","valueTotal":"47400","mailAddr":"730 RANG DES ILES","mailCity":null,"mun":null},"geometry":{"type":"MultiPolygon","coordinates":[[[[-71.7731,48.520003],[-71.773065,48.520444],[-71.773226,48.520753],[-71.772094,48.520551],[-71.772166,48.52036],[-71.772517,48.520253],[-71.772813,48.519968],[-71.7731,48.520003]]]]}},{"type":"Feature","properties":{"owner1":"LESSARD EMERENTIENNE","owner2":null,"matricule":"1076-84-2946","street":"ILES","civicLow":"740","civicHigh":"0","valueLand":"68700","valueBuilding":"86300","valueTotal":"155000","mailAddr":"740 RANG DES ILES","mailCity":null,"mun":null},"geometry":{"type":"MultiPolygon","coordinates":[[[[-71.773065,48.519515],[-71.772813,48.519968],[-71.771493,48.519825],[-71.771259,48.519152],[-71.773029,48.519355],[-71.773065,48.519515]]]]}},{"type":"Feature","properties":{"owner1":"TREMBLAY CAROL","owner2":null,"matricule":"1180-53-2155","street":"GOLF","civicLow":"40","civicHigh":"0","valueLand":"71100","valueBuilding":"27900","valueTotal":"99000","mailAddr":"40 CHEMIN DU GOLF","mailCity":null,"mun":null},"geometry":{"type":"MultiPolygon","coordinates":[[[[-71.76374,48.555031],[-71.763668,48.55512],[-71.763363,48.555096],[-71.763722,48.554544],[-71.764045,48.554591],[-71.76374,48.555031]]]]}},{"type":"Feature","properties":{"owner1":"MURRAY KATHLEEN","owner2":null,"matricule":"1180-63-4019","street":"GOLF","civicLow":"50","civicHigh":"0","valueLand":"73200","valueBuilding":"943500","valueTotal":"1016700","mailAddr":"50 CHEMIN DU GOLF","mailCity":null,"mun":null},"geometry":{"type":"MultiPolygon","coordinates":[[[[-71.761952,48.55474],[-71.761782,48.554656],[-71.761997,48.554264],[-71.762437,48.554353],[-71.762186,48.554805],[-71.761952,48.55474]]]]}},{"type":"Feature","properties":{"owner1":"BERGERON ROCK","owner2":null,"matricule":"1179-21-8056","street":"ILES","civicLow":"0","civicHigh":"0","valueLand":"19700","valueBuilding":"0","valueTotal":"19700","mailAddr":"370 RANG DES ILES","mailCity":null,"mun":null},"geometry":{"type":"MultiPolygon","coordinates":[[[[-71.75446,48.543043],[-71.755341,48.540902],[-71.761916,48.542121],[-71.779874,48.545106],[-71.779865,48.545404],[-71.778742,48.54541],[-71.778697,48.545576],[-71.778859,48.54582],[-71.779874,48.545761],[-71.779874,48.545868],[-71.779254,48.545939],[-71.779218,48.546385],[-71.778553,48.54626],[-71.778374,48.546551],[-71.778508,48.546575],[-71.778428,48.547176],[-71.75446,48.543043]]]]}},{"type":"Feature","properties":{"owner1":"BOUCHARD PIERRE-PATRICK","owner2":null,"matricule":"1179-33-6092","street":"ILES","civicLow":"0","civicHigh":"0","valueLand":"35100","valueBuilding":"0","valueTotal":"35100","mailAddr":"865 AVENUE DU PONT SUD","mailCity":null,"mun":null},"geometry":{"type":"MultiPolygon","coordinates":[[[[-71.778796,48.549691],[-71.753571,48.545178],[-71.75446,48.543043],[-71.777718,48.547021],[-71.777511,48.547765],[-71.779488,48.548151],[-71.779443,48.548264],[-71.778445,48.548086],[-71.778248,48.548532],[-71.777251,48.548347],[-71.777125,48.548609],[-71.777924,48.548758],[-71.777691,48.549281],[-71.778886,48.549501],[-71.778796,48.549691]]],[[[-71.774637,48.548478],[-71.774843,48.547741],[-71.773711,48.54758],[-71.773496,48.548341],[-71.774637,48.548478]]]]}},{"type":"Feature","properties":{"owner1":"DESCHENES LISE","owner2":null,"matricule":"1076-56-4083","street":"CHENES","civicLow":"21","civicHigh":"0","valueLand":"114200","valueBuilding":"147000","valueTotal":"261200","mailAddr":"1038 RANG SAINT-MARTIN","mailCity":null,"mun":null},"geometry":{"type":"MultiPolygon","coordinates":[[[[-71.775858,48.521645],[-71.776388,48.521509],[-71.776505,48.521681],[-71.775894,48.521866],[-71.775858,48.521645]]]]}},{"type":"Feature","properties":{"owner1":"S.I.A.L.","owner2":null,"matricule":"1079-03-7504","street":"ILES","civicLow":"0","civicHigh":"0","valueLand":"94600","valueBuilding":"0","valueTotal":"94600","mailAddr":"1655 RUE POWELL","mailCity":null,"mun":null},"geometry":{"type":"MultiPolygon","coordinates":[[[[-71.782757,48.545594],[-71.782829,48.545225],[-71.783099,48.544999],[-71.782901,48.544583],[-71.783332,48.544006],[-71.783323,48.543786],[-71.783485,48.544024],[-71.78318,48.544357],[-71.782946,48.545766],[-71.782829,48.545939],[-71.782281,48.54585],[-71.782757,48.545594]]]]}},{"type":"Feature","properties":{"owner1":"BRASSARD CAROLE","owner2":null,"matricule":"0974-93-3278","street":"POINTE-DU-LAC","civicLow":"31","civicHigh":"0","valueLand":"118500","valueBuilding":"401800","valueTotal":"520300","mailAddr":"31 CHEMIN POINTE DU LAC","mailCity":null,"mun":null},"geometry":{"type":"MultiPolygon","coordinates":[[[[-71.783314,48.500686],[-71.783404,48.50059],[-71.784437,48.501019],[-71.784347,48.501114],[-71.783314,48.500686]]]]}},{"type":"Feature","properties":{"owner1":"S.I.A.L.","owner2":null,"matricule":"1079-14-6146","street":"ILE-AUX-STERNES","civicLow":"0","civicHigh":"0","valueLand":"183000","valueBuilding":"2700","valueTotal":"185700","mailAddr":"1030 BOULEVARD AUGER OUEST","mailCity":null,"mun":null},"geometry":{"type":"MultiPolygon","coordinates":[[[[-71.782407,48.546771],[-71.782281,48.546581],[-71.782039,48.546611],[-71.781868,48.546766],[-71.781599,48.54667],[-71.78141,48.546486],[-71.781634,48.546177],[-71.782488,48.546308],[-71.782425,48.546468],[-71.782721,48.546879],[-71.782407,48.546771]]]]}},{"type":"Feature","properties":{"owner1":"TREMBLAY SUZIE","owner2":null,"matricule":"0974-93-2568","street":"POINTE-DU-LAC","civicLow":"29","civicHigh":"0","valueLand":"118500","valueBuilding":"411300","valueTotal":"529800","mailAddr":"29 CHEMIN DE LA POINTE-DU-LAC","mailCity":null,"mun":null},"geometry":{"type":"MultiPolygon","coordinates":[[[[-71.783404,48.50059],[-71.783494,48.500501],[-71.784527,48.50093],[-71.784437,48.501019],[-71.783404,48.50059]]]]}},{"type":"Feature","properties":{"owner1":"NORTHON JEANNINE","owner2":null,"matricule":"0974-93-1857","street":"POINTE-DU-LAC","civicLow":"27","civicHigh":"0","valueLand":"118700","valueBuilding":"140600","valueTotal":"259300","mailAddr":"27 CHEMIN DE LA POINTE-DU-LAC","mailCity":null,"mun":null},"geometry":{"type":"MultiPolygon","coordinates":[[[[-71.783494,48.500501],[-71.783584,48.500406],[-71.784617,48.50084],[-71.784527,48.50093],[-71.783494,48.500501]]]]}},{"type":"Feature","properties":{"owner1":"MUNICIPALITE DE SAINT-GEDEON","owner2":null,"matricule":"1376-28-8217","street":"6","civicLow":"0","civicHigh":"0","valueLand":"52900","valueBuilding":"0","valueTotal":"52900","mailAddr":"208 RUE DE QUEN","mailCity":null,"mun":null},"geometry":{"type":"MultiPolygon","coordinates":[[[[-71.740078,48.522937],[-71.739683,48.523924],[-71.738084,48.523633],[-71.738488,48.522645],[-71.740078,48.522937]]]]}},{"type":"Feature","properties":{"owner1":"BOILY REAL","owner2":null,"matricule":"1073-69-7276","street":"DE QUEN","civicLow":"164","civicHigh":"0","valueLand":"27000","valueBuilding":"88200","valueTotal":"115200","mailAddr":"164 RUE DE QUEN","mailCity":null,"mun":null},"geometry":{"type":"MultiPolygon","coordinates":[[[[-71.773424,48.497412],[-71.773639,48.497144],[-71.774125,48.497293],[-71.773909,48.497561],[-71.773424,48.497412]]]]}},{"type":"Feature","properties":{"owner1":"NADEAU CHRISTIAN","owner2":null,"matricule":"1074-60-8805","street":"DE QUEN","civicLow":"150","civicHigh":"0","valueLand":"27300","valueBuilding":"84900","valueTotal":"112200","mailAddr":"150 RUE DE QUEN","mailCity":null,"mun":null},"geometry":{"type":"MultiPolygon","coordinates":[[[[-71.77319,48.497709],[-71.773424,48.497412],[-71.773909,48.497561],[-71.77372,48.497811],[-71.77319,48.497709]]]]}},{"type":"Feature","properties":{"owner1":"GAGNE PIERRE","owner2":"MATHIEU LAURIE","matricule":"0972-84-2673","street":"DE QUEN","civicLow":"503","civicHigh":"0","valueLand":"23400","valueBuilding":"106600","valueTotal":"130000","mailAddr":"503 RUE DE QUEN","mailCity":null,"mun":null},"geometry":{"type":"MultiPolygon","coordinates":[[[[-71.784536,48.483731],[-71.784806,48.483534],[-71.785219,48.483707],[-71.784967,48.483891],[-71.784536,48.483731]]]]}},{"type":"Feature","properties":{"owner1":"COTE MADELEINE","owner2":null,"matricule":"0972-84-4896","street":"DE QUEN","civicLow":"499","civicHigh":"0","valueLand":"25400","valueBuilding":"98800","valueTotal":"124200","mailAddr":"499 RUE DE QUEN","mailCity":null,"mun":null},"geometry":{"type":"MultiPolygon","coordinates":[[[[-71.784231,48.483939],[-71.784536,48.483731],[-71.784967,48.483891],[-71.784617,48.484112],[-71.784231,48.483939]]]]}},{"type":"Feature","properties":{"owner1":"DESCHENES DENISE","owner2":"LEMAY JOCELYNE","matricule":"1076-67-3936","street":"CHENES","civicLow":"0","civicHigh":"0","valueLand":"13500","valueBuilding":"0","valueTotal":"13500","mailAddr":"205 CHEMIN DES CHENES","mailCity":null,"mun":null},"geometry":{"type":"MultiPolygon","coordinates":[[[[-71.77602,48.522449],[-71.774547,48.522205],[-71.774825,48.522032],[-71.77523,48.522306],[-71.775418,48.52227],[-71.775948,48.521848],[-71.77593,48.522026],[-71.77549,48.522306],[-71.776514,48.522508],[-71.77602,48.522449]]]]}},{"type":"Feature","properties":{"owner1":"COTE MARCEL","owner2":null,"matricule":"1175-26-1856","street":"DE QUEN","civicLow":"6","civicHigh":"0","valueLand":"37200","valueBuilding":"103900","valueTotal":"141100","mailAddr":"6 CHEMIN DE QUEN","mailCity":null,"mun":null},"geometry":{"type":"MultiPolygon","coordinates":[[[[-71.767351,48.512506],[-71.766722,48.512791],[-71.766148,48.512577],[-71.766776,48.512291],[-71.767351,48.512506]]]]}},{"type":"Feature","properties":{"owner1":"COULOMBE JEAN-PHILIPPE SUCCESSION (5)","owner2":null,"matricule":"0972-61-7874","street":"DE QUEN","civicLow":"0","civicHigh":"0","valueLand":"2300","valueBuilding":"0","valueTotal":"2300","mailAddr":"528 RUE DE QUEN","mailCity":null,"mun":null},"geometry":{"type":"MultiPolygon","coordinates":[[[[-71.786935,48.48095],[-71.786791,48.481105],[-71.786683,48.481075],[-71.786791,48.480908],[-71.786935,48.48095]]]]}},{"type":"Feature","properties":{"owner1":"TREMBLAY JANIC","owner2":"LAROUCHE CAROLINE","matricule":"1075-61-9434","street":"TOUR","civicLow":"110","civicHigh":"0","valueLand":"31100","valueBuilding":"45800","valueTotal":"76900","mailAddr":"1195 RUE FILLION","mailCity":null,"mun":null},"geometry":{"type":"MultiPolygon","coordinates":[[[[-71.773999,48.507691],[-71.773855,48.507935],[-71.773469,48.507846],[-71.773595,48.507614],[-71.773999,48.507691]]]]}},{"type":"Feature","properties":{"owner1":"SIMARD DANNIE","owner2":null,"matricule":"1075-71-2026","street":"TOUR","civicLow":"108","civicHigh":"0","valueLand":"27200","valueBuilding":"188500","valueTotal":"215700","mailAddr":"534 RUE LACROIX","mailCity":null,"mun":null},"geometry":{"type":"MultiPolygon","coordinates":[[[[-71.773163,48.507798],[-71.773307,48.507542],[-71.773595,48.507614],[-71.77346,48.507858],[-71.773163,48.507798]]]]}},{"type":"Feature","properties":{"owner1":"VILLENEUVE JEAN","owner2":null,"matricule":"1472-52-4934","street":"4","civicLow":"1232","civicHigh":"0","valueLand":"150500","valueBuilding":"154700","valueTotal":"305200","mailAddr":"1232 RANG 4","mailCity":null,"mun":null},"geometry":{"type":"MultiPolygon","coordinates":[[[[-71.721025,48.485428],[-71.719417,48.489292],[-71.716857,48.488833],[-71.722687,48.474745],[-71.723585,48.474953],[-71.723756,48.475096],[-71.723873,48.475584],[-71.724789,48.475126],[-71.725238,48.475209],[-71.721025,48.485428]]]]}},{"type":"Feature","properties":{"owner1":"VILLENEUVE JACQUES","owner2":"VILLENEUVE CINDY","matricule":"1471-24-9857","street":"4","civicLow":"1240","civicHigh":"0","valueLand":"41500","valueBuilding":"93000","valueTotal":"134500","mailAddr":"1240 RANG 4","mailCity":null,"mun":null},"geometry":{"type":"MultiPolygon","coordinates":[[[[-71.723478,48.474888],[-71.724789,48.475126],[-71.723873,48.475584],[-71.723756,48.475096],[-71.723478,48.474888]]]]}},{"type":"Feature","properties":{"owner1":"S.I.A.L.","owner2":null,"matricule":"1078-07-0183","street":"CEDRIERE","civicLow":"0","civicHigh":"0","valueLand":"171300","valueBuilding":"0","valueTotal":"171300","mailAddr":"31 CHEMIN DE LA CEDRIERE","mailCity":null,"mun":null},"geometry":{"type":"MultiPolygon","coordinates":[[[[-71.784087,48.540705],[-71.783746,48.540438],[-71.783323,48.540467],[-71.783844,48.540081],[-71.7845,48.540402],[-71.784365,48.540676],[-71.784087,48.540705]]],[[[-71.784294,48.540313],[-71.784114,48.540253],[-71.78397,48.540325],[-71.784204,48.540521],[-71.784329,48.540497],[-71.784294,48.540313]]]]}},{"type":"Feature","properties":{"owner1":"S.I.A.L.","owner2":"S.I.A.L.","matricule":"0978-51-2191","street":"MELEZES","civicLow":"6","civicHigh":"0","valueLand":"189600","valueBuilding":"192200","valueTotal":"381800","mailAddr":"6 CHEMIN DES MELEZES","mailCity":null,"mun":null},"geometry":{"type":"MultiPolygon","coordinates":[[[[-71.790088,48.535352],[-71.789926,48.535418],[-71.789737,48.535138],[-71.789998,48.534912],[-71.79069,48.534954],[-71.790842,48.535239],[-71.790088,48.535352]]]]}},{"type":"Feature","properties":{"owner1":"LES ENTREPRISES ALFRED BOIVIN INC.","owner2":null,"matricule":"0972-21-7120","street":"GARE","civicLow":"0","civicHigh":"0","valueLand":"15000","valueBuilding":"0","valueTotal":"15000","mailAddr":"2205 RUE DE LA FONDERIE","mailCity":null,"mun":null},"geometry":{"type":"MultiPolygon","coordinates":[[[[-71.792522,48.480515],[-71.792055,48.480473],[-71.792091,48.480366],[-71.792522,48.480432],[-71.792522,48.480515]]]]}},{"type":"Feature","properties":{"owner1":"PANGEA TERRES AGRICOLES S.E.C.","owner2":null,"matricule":"1571-98-6926","street":"4","civicLow":"1068","civicHigh":"0","valueLand":"410600","valueBuilding":"149200","valueTotal":"559800","mailAddr":"1091 RANG DU BAS-DE-L'ASSOMPTION SUD","mailCity":null,"mun":null},"geometry":{"type":"MultiPolygon","coordinates":[[[[-71.698711,48.47428],[-71.700247,48.470671],[-71.702187,48.471022],[-71.701981,48.471553],[-71.702771,48.471695],[-71.702987,48.471165],[-71.703391,48.471237],[-71.70323,48.471636],[-71.704227,48.471815],[-71.704388,48.471416],[-71.706625,48.471832],[-71.706437,48.472267],[-71.707074,48.472386],[-71.707155,48.472202],[-71.707577,48.472285],[-71.707514,48.47247],[-71.707919,48.472547],[-71.708107,48.472112],[-71.70888,48.472261],[-71.702996,48.486374],[-71.694417,48.48479],[-71.698711,48.47428]]]]}},{"type":"Feature","properties":{"owner1":"GILBERT DANIEL","owner2":null,"matricule":"0972-21-6908","street":"GARE","civicLow":"141","civicHigh":"0","valueLand":"14500","valueBuilding":"181800","valueTotal":"196300","mailAddr":"141 RUE DE LA GARE","mailCity":null,"mun":null},"geometry":{"type":"MultiPolygon","coordinates":[[[[-71.79254,48.48036],[-71.792522,48.480432],[-71.792091,48.480366],[-71.792127,48.480265],[-71.79254,48.48036]]]]}},{"type":"Feature","properties":{"owner1":"COTE MARC-ANDRE","owner2":"COTE PASCALE","matricule":"0971-48-2135","street":"BELLE-RIVIERE","civicLow":"1360","civicHigh":"0","valueLand":"32600","valueBuilding":"178000","valueTotal":"210600","mailAddr":"1360 RANG BELLE-RIVIERE","mailCity":null,"mun":null},"geometry":{"type":"MultiPolygon","coordinates":[[[[-71.789728,48.477955],[-71.789872,48.47771],[-71.790716,48.477883],[-71.790555,48.478127],[-71.789728,48.477955]]]]}},{"type":"Feature","properties":{"owner1":"COUTURE ALEXANDRE","owner2":"LAROUCHE STEPHANIE","matricule":"0971-38-8989","street":"BELLE-RIVIERE","civicLow":"1365","civicHigh":"0","valueLand":"32100","valueBuilding":"136300","valueTotal":"168400","mailAddr":"1365 RANG BELLE-RIVIERE","mailCity":null,"mun":null},"geometry":{"type":"MultiPolygon","coordinates":[[[[-71.789558,48.478074],[-71.789728,48.477955],[-71.790555,48.478127],[-71.790438,48.478264],[-71.789558,48.478074]]],[[[-71.790438,48.478449],[-71.790663,48.47824],[-71.790878,48.4783],[-71.790716,48.478633],[-71.790411,48.478574],[-71.790438,48.478449]]]]}},{"type":"Feature","properties":{"owner1":"S.I.A.L.","owner2":null,"matricule":"1076-54-0305","street":"CHENES","civicLow":"33","civicHigh":"0","valueLand":"141300","valueBuilding":"364900","valueTotal":"506200","mailAddr":"33 CHEMIN DES CHENES","mailCity":null,"mun":null},"geometry":{"type":"MultiPolygon","coordinates":[[[[-71.776694,48.51923],[-71.776532,48.519515],[-71.776272,48.51942],[-71.776586,48.518986],[-71.777116,48.519135],[-71.776694,48.51923]]]]}},{"type":"Feature","properties":{"owner1":"PANGEA TERRES AGRICOLES S.E.C.","owner2":null,"matricule":"1571-59-3149","street":"4","civicLow":"1110","civicHigh":"0","valueLand":"203900","valueBuilding":"377800","valueTotal":"581700","mailAddr":"1091 RANG DU BAS-DE-L'ASSOMPTION SUD","mailCity":null,"mun":null},"geometry":{"type":"MultiPolygon","coordinates":[[[[-71.71241,48.47291],[-71.706454,48.486993],[-71.702996,48.486374],[-71.70888,48.472261],[-71.710398,48.472541],[-71.710236,48.472928],[-71.710668,48.473006],[-71.710614,48.473125],[-71.711395,48.473268],[-71.711611,48.472762],[-71.71241,48.47291]]]]}},{"type":"Feature","properties":{"owner1":"DUFOUR MIMI","owner2":null,"matricule":"1073-02-0286","street":"WILFRID-SIMARD","civicLow":"101","civicHigh":"0","valueLand":"29500","valueBuilding":"113400","valueTotal":"142900","mailAddr":"101 RUE WILFRID-SIMARD","mailCity":null,"mun":null},"geometry":{"type":"MultiPolygon","coordinates":[[[[-71.782353,48.491185],[-71.782515,48.490845],[-71.783081,48.490929],[-71.782766,48.491256],[-71.782353,48.491185]]]]}},{"type":"Feature","properties":{"owner1":"NADEAU REJEAN","owner2":null,"matricule":"1073-02-5071","street":"PLAGE","civicLow":"140","civicHigh":"0","valueLand":"21200","valueBuilding":"107300","valueTotal":"128500","mailAddr":"140 RUE DE LA PLAGE","mailCity":null,"mun":null},"geometry":{"type":"MultiPolygon","coordinates":[[[[-71.781814,48.491066],[-71.781949,48.490732],[-71.782182,48.490774],[-71.782093,48.491113],[-71.781814,48.491066]]]]}},{"type":"Feature","properties":{"owner1":"BOUCHER FRANCE","owner2":"DUFOUR SANDRA","matricule":"1073-02-8163","street":"PLAGE","civicLow":"136","civicHigh":"136","valueLand":"30100","valueBuilding":"261100","valueTotal":"291200","mailAddr":"136 RUE DE LA PLAGE","mailCity":null,"mun":null},"geometry":{"type":"MultiPolygon","coordinates":[[[[-71.781949,48.490732],[-71.781814,48.491066],[-71.781257,48.490971],[-71.781392,48.490631],[-71.781949,48.490732]]]]}},{"type":"Feature","properties":{"owner1":"BELLEY ALAIN","owner2":"DESGAGNE ISABELLE","matricule":"1073-02-9798","street":"WILFRID-SIMARD","civicLow":"112","civicHigh":"0","valueLand":"28800","valueBuilding":"97000","valueTotal":"125800","mailAddr":"112 RUE WILFRID-SIMARD","mailCity":null,"mun":null},"geometry":{"type":"MultiPolygon","coordinates":[[[[-71.781715,48.491048],[-71.781581,48.491387],[-71.781069,48.491298],[-71.781203,48.490959],[-71.781715,48.491048]]]]}},{"type":"Feature","properties":{"owner1":"THERIAULT FLORENT","owner2":"THERIAULT PAULINE","matricule":"1180-05-8751","street":"GOLF","civicLow":"117","civicHigh":"0","valueLand":"35200","valueBuilding":"56800","valueTotal":"92000","mailAddr":"1075 RUE DU MASSIF APP 315","mailCity":null,"mun":null},"geometry":{"type":"MultiPolygon","coordinates":[[[[-71.769615,48.556672],[-71.769462,48.556583],[-71.769651,48.556393],[-71.769804,48.556488],[-71.769615,48.556672]]]]}},{"type":"Feature","properties":{"owner1":"S.I.A.L.","owner2":null,"matricule":"1081-61-3100","street":"BAIE-DES-GIRARD","civicLow":"0","civicHigh":"0","valueLand":"12900","valueBuilding":"0","valueTotal":"12900","mailAddr":"1655 RUE POWELL","mailCity":null,"mun":null},"geometry":{"type":"MultiPolygon","coordinates":[[[[-71.775921,48.561488],[-71.775876,48.561298],[-71.776002,48.561209],[-71.776047,48.561518],[-71.775921,48.561488]]]]}},{"type":"Feature","properties":{"owner1":"S.I.A.L.","owner2":null,"matricule":"1081-51-8032","street":"BAIE-DES-GIRARD","civicLow":"0","civicHigh":"0","valueLand":"2300","valueBuilding":"0","valueTotal":"2300","mailAddr":"1655 RUE POWELL","mailCity":null,"mun":null},"geometry":{"type":"MultiPolygon","coordinates":[[[[-71.776676,48.5615],[-71.77682,48.561322],[-71.777179,48.561322],[-71.776811,48.561411],[-71.776846,48.561565],[-71.776676,48.5615]]],[[[-71.776676,48.5615],[-71.776577,48.561744],[-71.775921,48.561583],[-71.775813,48.561339],[-71.775912,48.56131],[-71.775966,48.561565],[-71.776451,48.561696],[-71.776676,48.5615]]]]}},{"type":"Feature","properties":{"owner1":"POUDRIER JONATHAN","owner2":"TREMBLAY TANIA","matricule":"1571-50-1198","street":"4","civicLow":"1068","civicHigh":"0","valueLand":"37700","valueBuilding":"177300","valueTotal":"215000","mailAddr":"1068 RANG 4","mailCity":null,"mun":null},"geometry":{"type":"MultiPolygon","coordinates":[[[[-71.707514,48.47247],[-71.707586,48.472285],[-71.707155,48.472202],[-71.707263,48.471952],[-71.708107,48.472112],[-71.707919,48.472547],[-71.707514,48.47247]]]]}},{"type":"Feature","properties":{"owner1":"POTVIN SYLVAIN","owner2":"DALLAIRE AUDREY","matricule":"1571-50-7489","street":"4","civicLow":"1064","civicHigh":"0","valueLand":"37000","valueBuilding":"137800","valueTotal":"174800","mailAddr":"1064 RANG 4","mailCity":null,"mun":null},"geometry":{"type":"MultiPolygon","coordinates":[[[[-71.706437,48.472267],[-71.706625,48.471832],[-71.707263,48.471952],[-71.707074,48.472386],[-71.706437,48.472267]]]]}},{"type":"Feature","properties":{"owner1":"CARRIERE MARC","owner2":"PELLETIER LUCIE","matricule":"1081-50-9559","street":"BAIE-DES-GIRARD","civicLow":"0","civicHigh":"0","valueLand":"4700","valueBuilding":"0","valueTotal":"4700","mailAddr":"451 RUE NOTRE-DAME EST","mailCity":null,"mun":null},"geometry":{"type":"MultiPolygon","coordinates":[[[[-71.77629,48.561006],[-71.776352,48.560953],[-71.776541,48.561048],[-71.776469,48.561107],[-71.77629,48.561006]]]]}},{"type":"Feature","properties":{"owner1":"TREMBLAY ANDRE","owner2":"GODERRE LUCIE","matricule":"1076-92-1901","street":"ILES","civicLow":"782","civicHigh":"0","valueLand":"34000","valueBuilding":"125900","valueTotal":"159900","mailAddr":"782 RANG DES ILES","mailCity":null,"mun":null},"geometry":{"type":"MultiPolygon","coordinates":[[[[-71.770424,48.517302],[-71.771448,48.517225],[-71.771421,48.517457],[-71.770998,48.517528],[-71.77054,48.517558],[-71.770424,48.517302]]]]}},{"type":"Feature","properties":{"owner1":"GUAY SYLVAIN","owner2":null,"matricule":"1076-91-2373","street":"ILES","civicLow":"784","civicHigh":"0","valueLand":"34000","valueBuilding":"177600","valueTotal":"211600","mailAddr":"784 RANG DES ILES","mailCity":null,"mun":null},"geometry":{"type":"MultiPolygon","coordinates":[[[[-71.770307,48.517046],[-71.771322,48.516998],[-71.771448,48.517225],[-71.770424,48.517302],[-71.770307,48.517046]]]]}},{"type":"Feature","properties":{"owner1":"VILLENEUVE BERNARD","owner2":"GARNEAU JOHANNE","matricule":"0978-56-3821","street":"BOIS-DE-GRANDMONT","civicLow":"37","civicHigh":"0","valueLand":"61300","valueBuilding":"173700","valueTotal":"235000","mailAddr":"37 CHEMIN DU BOIS-DE-GRANDMONT","mailCity":null,"mun":null},"geometry":{"type":"MultiPolygon","coordinates":[[[[-71.789647,48.538951],[-71.789665,48.53885],[-71.790824,48.53857],[-71.790707,48.539082],[-71.789594,48.539254],[-71.789647,48.538951]]]]}},{"type":"Feature","properties":{"owner1":"COTE LOUIS","owner2":"GAGNON PAUL","matricule":"0977-74-0945","street":"ADELARD-GAUTHIER","civicLow":"53","civicHigh":"0","valueLand":"162900","valueBuilding":"289200","valueTotal":"452100","mailAddr":"53 CHEMIN ADELARD-GAUTHIER","mailCity":null,"mun":null},"geometry":{"type":"MultiPolygon","coordinates":[[[[-71.787492,48.528606],[-71.787114,48.528475],[-71.787563,48.528154],[-71.788013,48.528166],[-71.787977,48.528386],[-71.787492,48.528606]]]]}},{"type":"Feature","properties":{"owner1":"HUDON LOUIS-EMILE","owner2":null,"matricule":"1075-48-8427","street":"DOMAINE-GRANDMONT","civicLow":"39","civicHigh":"0","valueLand":"41300","valueBuilding":"152700","valueTotal":"194000","mailAddr":"39 CHEMIN DU DOMAINE-GRANDMONT","mailCity":null,"mun":null},"geometry":{"type":"MultiPolygon","coordinates":[[[[-71.777188,48.513952],[-71.777053,48.514154],[-71.776209,48.513987],[-71.776586,48.513833],[-71.777188,48.513952]]]]}},{"type":"Feature","properties":{"owner1":"BOIVIN RACHELLE","owner2":"BOUCHARD FRANCIS","matricule":"1075-48-9149","street":"DOMAINE-GRANDMONT","civicLow":"0","civicHigh":"0","valueLand":"24100","valueBuilding":"0","valueTotal":"24100","mailAddr":"239 RUE OLIER","mailCity":null,"mun":null},"geometry":{"type":"MultiPolygon","coordinates":[[[[-71.776245,48.514172],[-71.776209,48.513987],[-71.777053,48.514154],[-71.7769,48.514327],[-71.776245,48.514172]]]]}},{"type":"Feature","properties":{"owner1":"COTE REGIS","owner2":null,"matricule":"1075-48-9766","street":"DOMAINE-GRANDMONT","civicLow":"0","civicHigh":"0","valueLand":"17800","valueBuilding":"600","valueTotal":"18400","mailAddr":"42 CHEMIN DU DOMAINE-GRANDMONT","mailCity":null,"mun":null},"geometry":{"type":"MultiPolygon","coordinates":[[[[-71.776263,48.514333],[-71.776245,48.514172],[-71.7769,48.514327],[-71.776784,48.514457],[-71.776263,48.514333]]]]}},{"type":"Feature","properties":{"owner1":"MALTAIS CHRISTIAN","owner2":null,"matricule":"1075-82-8419","street":"TOUR","civicLow":"3","civicHigh":"0","valueLand":"39600","valueBuilding":"167400","valueTotal":"207000","mailAddr":"3 CHEMIN DE LA TOUR","mailCity":null,"mun":null},"geometry":{"type":"MultiPolygon","coordinates":[[[[-71.771546,48.508483],[-71.771421,48.508744],[-71.77081,48.508637],[-71.770927,48.508375],[-71.771546,48.508483]]]]}},{"type":"Feature","properties":{"owner1":"DESSUREAULT YANN","owner2":"POTVIN MYRIAM","matricule":"1078-98-2920","street":"RANCH","civicLow":"32","civicHigh":"0","valueLand":"26400","valueBuilding":"190300","valueTotal":"216700","mailAddr":"32 CHEMIN DU RANCH","mailCity":null,"mun":null},"geometry":{"type":"MultiPolygon","coordinates":[[[[-71.77169,48.540699],[-71.771466,48.541264],[-71.77107,48.541193],[-71.771304,48.540628],[-71.77169,48.540699]]]]}},{"type":"Feature","properties":{"owner1":"AUDET MADELEINE","owner2":"TREMBLAY MARCEL","matricule":"0972-51-3200","street":"DE QUEN","civicLow":"573","civicHigh":"0","valueLand":"15300","valueBuilding":"67300","valueTotal":"82600","mailAddr":"573 RUE DE QUEN","mailCity":null,"mun":null},"geometry":{"type":"MultiPolygon","coordinates":[[[[-71.789001,48.480342],[-71.788902,48.48045],[-71.788543,48.480271],[-71.788632,48.480182],[-71.789001,48.480342]]]]}},{"type":"Feature","properties":{"owner1":"LAPLANTE LOUISETTE","owner2":null,"matricule":"0972-50-2388","street":"DE QUEN","civicLow":"575","civicHigh":"0","valueLand":"18100","valueBuilding":"113200","valueTotal":"131300","mailAddr":"575 RUE DE QUEN","mailCity":null,"mun":null},"geometry":{"type":"MultiPolygon","coordinates":[[[[-71.788632,48.480182],[-71.78874,48.480069],[-71.789162,48.480182],[-71.789001,48.480342],[-71.788632,48.480182]]]]}},{"type":"Feature","properties":{"owner1":"MARCOTTE JACQUES","owner2":null,"matricule":"0972-50-0966","street":"DE QUEN","civicLow":"581","civicHigh":"0","valueLand":"24100","valueBuilding":"95800","valueTotal":"119900","mailAddr":"581 RUE DE QUEN","mailCity":null,"mun":null},"geometry":{"type":"MultiPolygon","coordinates":[[[[-71.789414,48.47992],[-71.789162,48.480182],[-71.78874,48.480069],[-71.788983,48.479836],[-71.789414,48.47992]]]]}},{"type":"Feature","properties":{"owner1":"GESTION B.T.I. INC","owner2":null,"matricule":"1075-67-1618","street":"DOMAINE-GRANDMONT","civicLow":"0","civicHigh":"0","valueLand":"79800","valueBuilding":"0","valueTotal":"79800","mailAddr":"12190 RAYMOND DAVELUY","mailCity":null,"mun":null},"geometry":{"type":"MultiPolygon","coordinates":[[[[-71.773864,48.513244],[-71.774143,48.51316],[-71.774125,48.512994],[-71.775086,48.512696],[-71.775715,48.512833],[-71.775652,48.51322],[-71.775167,48.513202],[-71.774556,48.513351],[-71.773864,48.513244]]]]}},{"type":"Feature","properties":{"owner1":"COTE ANNIE","owner2":null,"matricule":"1075-77-7895","street":"DOMAINE-GRANDMONT","civicLow":"0","civicHigh":"0","valueLand":"50000","valueBuilding":"0","valueTotal":"50000","mailAddr":"10146 RUE ST-HUBERT","mailCity":null,"mun":null},"geometry":{"type":"MultiPolygon","coordinates":[[[[-71.773253,48.513809],[-71.773235,48.513987],[-71.772202,48.513678],[-71.772283,48.513452],[-71.773289,48.51372],[-71.773253,48.513809]]]]}},{"type":"Feature","properties":{"owner1":"FERME PRELUDE S.E.N.C.","owner2":null,"matricule":"1070-52-3583","street":"BELLE-RIVIERE","civicLow":"0","civicHigh":"0","valueLand":"328300","valueBuilding":"100000","valueTotal":"428300","mailAddr":"1225 RANG SAINTE-ANNE","mailCity":null,"mun":null},"geometry":{"type":"MultiPolygon","coordinates":[[[[-71.773595,48.458561],[-71.774942,48.455285],[-71.77531,48.45544],[-71.77505,48.455553],[-71.77549,48.455696],[-71.775768,48.455982],[-71.775966,48.456018],[-71.775939,48.456202],[-71.776254,48.456208],[-71.777376,48.457066],[-71.777601,48.45703],[-71.778562,48.457215],[-71.779254,48.457126],[-71.780997,48.457155],[-71.781428,48.45734],[-71.779793,48.461314],[-71.773595,48.458561]]],[[[-71.769813,48.467794],[-71.773226,48.459479],[-71.773505,48.459276],[-71.77372,48.459199],[-71.774637,48.459574],[-71.774897,48.459348],[-71.776604,48.460098],[-71.776415,48.460551],[-71.776891,48.460754],[-71.777008,48.460646],[-71.777367,48.460777],[-71.77761,48.460527],[-71.779739,48.461439],[-71.776541,48.469009],[-71.769813,48.467794]]]]}},{"type":"Feature","properties":{"owner1":"FERME PRELUDE S.E.N.C.","owner2":null,"matricule":"1069-38-8769","street":"BELLE-RIVIERE","civicLow":"1210","civicHigh":"0","valueLand":"29600","valueBuilding":"106200","valueTotal":"135800","mailAddr":"1210 ROUTE BELLE-RIVIERE","mailCity":null,"mun":null},"geometry":{"type":"MultiPolygon","coordinates":[[[[-71.776415,48.460551],[-71.776604,48.460098],[-71.777053,48.460289],[-71.776685,48.460664],[-71.776415,48.460551]]]]}},{"type":"Feature","properties":{"owner1":"DION CLAUDE","owner2":null,"matricule":"1077-31-0624","street":"ADELARD-GAUTHIER","civicLow":"114","civicHigh":"0","valueLand":"27400","valueBuilding":"91600","valueTotal":"119000","mailAddr":"116 CHEMIN ADELARD-GAUTHIER","mailCity":null,"mun":null},"geometry":{"type":"MultiPolygon","coordinates":[[[[-71.779461,48.52565],[-71.77911,48.525537],[-71.779164,48.525471],[-71.77973,48.52565],[-71.779685,48.525721],[-71.779461,48.52565]]]]}},{"type":"Feature","properties":{"owner1":"LES ENTREPRISES ALFRED BOIVIN INC.","owner2":null,"matricule":"0972-20-5659","street":"GARE","civicLow":"0","civicHigh":"0","valueLand":"13100","valueBuilding":"0","valueTotal":"13100","mailAddr":"2205 RUE DE LA FONDERIE","mailCity":null,"mun":null},"geometry":{"type":"MultiPolygon","coordinates":[[[[-71.792244,48.479908],[-71.792271,48.47983],[-71.792747,48.479902],[-71.79272,48.479979],[-71.792244,48.479908]]]]}},{"type":"Feature","properties":{"owner1":"LES ENTREPRISES ALFRED BOIVIN INC.","owner2":null,"matricule":"0972-20-5351","street":"GARE","civicLow":"0","civicHigh":"0","valueLand":"13100","valueBuilding":"0","valueTotal":"13100","mailAddr":"2205 RUE DE LA FONDERIE","mailCity":null,"mun":null},"geometry":{"type":"MultiPolygon","coordinates":[[[[-71.792271,48.47983],[-71.792297,48.479759],[-71.792774,48.47983],[-71.792747,48.479902],[-71.792271,48.47983]]]]}},{"type":"Feature","properties":{"owner1":"LES ENTREPRISES ALFRED BOIVIN INC.","owner2":null,"matricule":"0972-20-5143","street":"GARE","civicLow":"0","civicHigh":"0","valueLand":"13100","valueBuilding":"0","valueTotal":"13100","mailAddr":"2205 RUE DE LA FONDERIE","mailCity":null,"mun":null},"geometry":{"type":"MultiPolygon","coordinates":[[[[-71.792297,48.479759],[-71.792315,48.479681],[-71.792801,48.479753],[-71.792774,48.47983],[-71.792297,48.479759]]]]}},{"type":"Feature","properties":{"owner1":"LES ENTREPRISES ALFRED BOIVIN INC.","owner2":null,"matricule":"0972-20-5125","street":"GARE","civicLow":"0","civicHigh":"0","valueLand":"22700","valueBuilding":"0","valueTotal":"22700","mailAddr":"2205 RUE DE LA FONDERIE","mailCity":null,"mun":null},"geometry":{"type":"MultiPolygon","coordinates":[[[[-71.792783,48.479676],[-71.792801,48.479753],[-71.792315,48.479681],[-71.792405,48.479402],[-71.792828,48.479586],[-71.792783,48.479676]]]]}},{"type":"Feature","properties":{"owner1":"LES ENTREPRISES ALFRED BOIVIN INC.","owner2":"GIRARD CAROL","matricule":"0972-20-7510","street":"GARE","civicLow":"0","civicHigh":"0","valueLand":"5400","valueBuilding":"0","valueTotal":"5400","mailAddr":"2205 RUE DE LA FONDERIE","mailCity":null,"mun":null},"geometry":{"type":"MultiPolygon","coordinates":[[[[-71.792405,48.479402],[-71.792289,48.47961],[-71.792118,48.479545],[-71.791947,48.479604],[-71.792226,48.479318],[-71.792405,48.479402]]]]}},{"type":"Feature","properties":{"owner1":"LES ENTREPRISES ALFRED BOIVIN INC.","owner2":null,"matricule":"0972-31-2549","street":"GARE","civicLow":"0","civicHigh":"0","valueLand":"15500","valueBuilding":"0","valueTotal":"15500","mailAddr":"2205 RUE DE LA FONDERIE","mailCity":null,"mun":null},"geometry":{"type":"MultiPolygon","coordinates":[[[[-71.791399,48.48061],[-71.791776,48.48067],[-71.791741,48.480771],[-71.791453,48.480825],[-71.791399,48.48061]]]]}},{"type":"Feature","properties":{"owner1":"S.I.A.L.","owner2":"S.I.A.L.","matricule":"1081-50-3672","street":"BAIE-DES-GIRARD","civicLow":"0","civicHigh":"0","valueLand":"21900","valueBuilding":"0","valueTotal":"21900","mailAddr":"880 AVENUE DE LA ROCHELLE","mailCity":null,"mun":null},"geometry":{"type":"MultiPolygon","coordinates":[[[[-71.77708,48.561215],[-71.777179,48.561107],[-71.776954,48.560923],[-71.77726,48.561042],[-71.777314,48.561316],[-71.77708,48.561215]]]]}},{"type":"Feature","properties":{"owner1":"MUNICIPALITE DE SAINT-GEDEON","owner2":null,"matricule":"0972-20-4804","street":"PONT","civicLow":"0","civicHigh":"0","valueLand":"10100","valueBuilding":"0","valueTotal":"10100","mailAddr":"208 RUE DE QUEN","mailCity":null,"mun":null},"geometry":{"type":"MultiPolygon","coordinates":[[[[-71.792917,48.479396],[-71.792828,48.479586],[-71.792028,48.479235],[-71.792917,48.479396]]]]}},{"type":"Feature","properties":{"owner1":"BIGOT PIERRE","owner2":"LAPOINTE HELENE","matricule":"1077-54-4777","street":"BOISE","civicLow":"0","civicHigh":"0","valueLand":"50300","valueBuilding":"0","valueTotal":"50300","mailAddr":"604 RANG DES ILES","mailCity":null,"mun":null},"geometry":{"type":"MultiPolygon","coordinates":[[[[-71.775894,48.528743],[-71.776137,48.528458],[-71.776451,48.528392],[-71.776568,48.529136],[-71.776182,48.529154],[-71.775894,48.528743]]]]}},{"type":"Feature","properties":{"owner1":"9300-4489 QUEBEC INC","owner2":null,"matricule":"1078-25-0666","street":"CEDRIERE","civicLow":"0","civicHigh":"0","valueLand":"43000","valueBuilding":"0","valueTotal":"43000","mailAddr":"406 RANG DES ILES","mailCity":null,"mun":null},"geometry":{"type":"MultiPolygon","coordinates":[[[[-71.781428,48.538249],[-71.781149,48.538927],[-71.780808,48.538838],[-71.78106,48.538225],[-71.781428,48.538249]]]]}},{"type":"Feature","properties":{"owner1":"9300-4489 QUEBEC INC","owner2":null,"matricule":"1078-25-3258","street":"CEDRIERE","civicLow":"0","civicHigh":"0","valueLand":"43000","valueBuilding":"0","valueTotal":"43000","mailAddr":"406 RANG DES ILES","mailCity":null,"mun":null},"geometry":{"type":"MultiPolygon","coordinates":[[[[-71.780844,48.538142],[-71.78106,48.538225],[-71.780808,48.538838],[-71.780458,48.538772],[-71.780727,48.538118],[-71.780844,48.538142]]]]}},{"type":"Feature","properties":{"owner1":"NERON RAYNALD","owner2":"DUFOUR LYSON","matricule":"1080-58-0470","street":"BAIE-DES-GIRARD","civicLow":"103","civicHigh":"0","valueLand":"136900","valueBuilding":"255500","valueTotal":"392400","mailAddr":"103 CHEMIN DE LA BAIE-DES-GIRARD","mailCity":null,"mun":null},"geometry":{"type":"MultiPolygon","coordinates":[[[[-71.77761,48.559181],[-71.777646,48.558991],[-71.777951,48.559062],[-71.777862,48.559258],[-71.77761,48.559181]]],[[[-71.777574,48.559371],[-71.777367,48.559478],[-71.777134,48.559413],[-71.777233,48.559169],[-71.777853,48.559312],[-71.777906,48.559776],[-71.777574,48.559371]]]]}},{"type":"Feature","properties":{"owner1":"GIRARD LUCIEN","owner2":null,"matricule":"1080-59-9151","street":"ILES","civicLow":"100","civicHigh":"0","valueLand":"63400","valueBuilding":"116100","valueTotal":"179500","mailAddr":"100 RANG DES ILES","mailCity":null,"mun":null},"geometry":{"type":"MultiPolygon","coordinates":[[[[-71.779092,48.559508],[-71.779083,48.559502],[-71.779092,48.559508],[-71.779092,48.559508]]],[[[-71.774646,48.560412],[-71.774187,48.560263],[-71.773505,48.559805],[-71.77372,48.559211],[-71.77319,48.559104],[-71.773199,48.55971],[-71.772894,48.56002],[-71.772939,48.559764],[-71.773136,48.559698],[-71.773047,48.559157],[-71.773729,48.558717],[-71.773478,48.558402],[-71.776254,48.558937],[-71.776873,48.557915],[-71.775804,48.559746],[-71.774906,48.560781],[-71.774744,48.560721],[-71.774816,48.560507],[-71.774646,48.560412]]],[[[-71.775113,48.559645],[-71.774807,48.559562],[-71.774367,48.560257],[-71.774933,48.560358],[-71.775095,48.560109],[-71.774861,48.560043],[-71.775113,48.559645]]],[[[-71.774286,48.559146],[-71.774331,48.558676],[-71.774017,48.558664],[-71.773846,48.559134],[-71.774286,48.559146]]],[[[-71.773918,48.558664],[-71.773792,48.558658],[-71.773639,48.558872],[-71.773828,48.558914],[-71.773918,48.558664]]],[[[-71.776469,48.561185],[-71.776263,48.561078],[-71.776065,48.561161],[-71.775768,48.561066],[-71.776065,48.56037],[-71.775607,48.560234],[-71.776442,48.558979],[-71.778643,48.559484],[-71.777233,48.559169],[-71.776963,48.560275],[-71.777008,48.560745],[-71.776766,48.561072],[-71.776469,48.561185]]],[[[-71.776541,48.561048],[-71.776352,48.560953],[-71.77629,48.561006],[-71.776469,48.561107],[-71.776541,48.561048]]]]}},{"type":"Feature","properties":{"owner1":"S.I.A.L.","owner2":null,"matricule":"1081-60-4279","street":"BAIE-DES-GIRARD","civicLow":"28","civicHigh":"0","valueLand":"92500","valueBuilding":"57800","valueTotal":"150300","mailAddr":"491 RUE DE LA LOIRE","mailCity":null,"mun":null},"geometry":{"type":"MultiPolygon","coordinates":[[[[-71.77549,48.561286],[-71.775768,48.561066],[-71.776065,48.561161],[-71.775813,48.561339],[-71.77549,48.561286]]]]}},{"type":"Feature","properties":{"owner1":"S.I.A.L.","owner2":null,"matricule":"1081-50-3634","street":"BAIE-DES-GIRARD","civicLow":"16","civicHigh":"0","valueLand":"131900","valueBuilding":"44600","valueTotal":"176500","mailAddr":"100 RANG DES ILES","mailCity":null,"mun":null},"geometry":{"type":"MultiPolygon","coordinates":[[[[-71.776981,48.560662],[-71.776981,48.560537],[-71.777556,48.560733],[-71.77726,48.561042],[-71.776927,48.560911],[-71.776981,48.560662]]]]}},{"type":"Feature","properties":{"owner1":"S.I.A.L.","owner2":"S.I.A.L.","matricule":"1081-50-2607","street":"BAIE-DES-GIRARD","civicLow":"12","civicHigh":"0","valueLand":"124900","valueBuilding":"83500","valueTotal":"208400","mailAddr":"317 3IEME CHEMIN","mailCity":null,"mun":null},"geometry":{"type":"MultiPolygon","coordinates":[[[[-71.776981,48.560537],[-71.776981,48.56037],[-71.777709,48.560495],[-71.777556,48.560733],[-71.776981,48.560537]]]]}},{"type":"Feature","properties":{"owner1":"S.I.A.L.","owner2":null,"matricule":"1081-50-3173","street":"BAIE-DES-GIRARD","civicLow":"0","civicHigh":"0","valueLand":"1500","valueBuilding":"0","valueTotal":"1500","mailAddr":"1655 RUE POWELL","mailCity":null,"mun":null},"geometry":{"type":"MultiPolygon","coordinates":[[[[-71.777323,48.560923],[-71.777466,48.560816],[-71.777323,48.56125],[-71.77752,48.561405],[-71.777251,48.561268],[-71.777323,48.560923]]]]}},{"type":"Feature","properties":{"owner1":"S.I.A.L.","owner2":null,"matricule":"1080-59-0263","street":"BAIE-DES-GIRARD","civicLow":"0","civicHigh":"0","valueLand":"28600","valueBuilding":"0","valueTotal":"28600","mailAddr":"1655 RUE POWELL","mailCity":null,"mun":null},"geometry":{"type":"MultiPolygon","coordinates":[[[[-71.777367,48.559478],[-71.77752,48.559354],[-71.777646,48.559443],[-71.777529,48.559526],[-71.777367,48.559478]]],[[[-71.777484,48.560186],[-71.777556,48.55999],[-71.777655,48.560008],[-71.777457,48.559734],[-71.777826,48.560144],[-71.777565,48.560275],[-71.777709,48.560495],[-71.77743,48.560382],[-71.777484,48.560186]]]]}},{"type":"Feature","properties":{"owner1":"IMBEAULT LUC","owner2":"FORTIN CHRISTIANE","matricule":"1078-30-6017","street":"ILES","civicLow":"496","civicHigh":"0","valueLand":"25100","valueBuilding":"275200","valueTotal":"300300","mailAddr":"496 RANG DES ILES","mailCity":null,"mun":null},"geometry":{"type":"MultiPolygon","coordinates":[[[[-71.779164,48.533461],[-71.779371,48.533472],[-71.779353,48.533704],[-71.778526,48.533847],[-71.778419,48.533585],[-71.779164,48.533461]]]]}},{"type":"Feature","properties":{"owner1":"COULOMBE YVON","owner2":"COULOMBE CLAIRE","matricule":"1071-59-8158","street":"DE QUEN","civicLow":"610","civicHigh":"0","valueLand":"956600","valueBuilding":"69900","valueTotal":"1026500","mailAddr":"505 RUE DE QUEN","mailCity":null,"mun":null},"geometry":{"type":"MultiPolygon","coordinates":[[[[-71.790492,48.476418],[-71.791732,48.476656],[-71.791893,48.476877],[-71.791489,48.477032],[-71.790896,48.477103],[-71.790492,48.476418]]],[[[-71.759177,48.47568],[-71.761117,48.471076],[-71.790151,48.476382],[-71.790618,48.477115],[-71.790725,48.477871],[-71.789872,48.47771],[-71.789728,48.477955],[-71.789297,48.478234],[-71.789612,48.478294],[-71.789441,48.478485],[-71.773756,48.475567],[-71.772337,48.4754],[-71.770891,48.475376],[-71.769076,48.475555],[-71.767342,48.47596],[-71.759186,48.478949],[-71.758009,48.478449],[-71.759177,48.47568]]],[[[-71.757551,48.479539],[-71.757892,48.478729],[-71.758763,48.479098],[-71.757551,48.479539]]],[[[-71.765105,48.480872],[-71.762339,48.480086],[-71.75968,48.479146],[-71.761961,48.4783],[-71.762563,48.478175],[-71.763039,48.477901],[-71.767432,48.476293],[-71.768905,48.475924],[-71.770468,48.475727],[-71.772175,48.475721],[-71.773855,48.475924],[-71.789189,48.478776],[-71.788938,48.47902],[-71.789414,48.479241],[-71.789351,48.479306],[-71.788857,48.479086],[-71.788345,48.47967],[-71.788022,48.479574],[-71.788084,48.479818],[-71.788237,48.47986],[-71.788093,48.480039],[-71.787869,48.480259],[-71.787465,48.480152],[-71.787141,48.480604],[-71.785443,48.480176],[-71.784752,48.479878],[-71.783826,48.480771],[-71.78326,48.48067],[-71.782838,48.482022],[-71.782991,48.482129],[-71.781096,48.48229],[-71.776981,48.482403],[-71.772885,48.4822],[-71.768753,48.481664],[-71.765105,48.480872]]],[[[-71.779883,48.482933],[-71.778751,48.482724],[-71.774026,48.48273],[-71.773765,48.482885],[-71.773819,48.483159],[-71.757299,48.48014],[-71.757353,48.480003],[-71.759248,48.479294],[-71.762698,48.480497],[-71.766318,48.481444],[-71.770172,48.482111],[-71.773738,48.482492],[-71.776766,48.482623],[-71.779802,48.482581],[-71.782784,48.482367],[-71.785866,48.48198],[-71.786351,48.482218],[-71.785785,48.482022],[-71.785515,48.482034],[-71.784913,48.482552],[-71.785515,48.482855],[-71.785425,48.482915],[-71.785084,48.482742],[-71.784824,48.482962],[-71.784347,48.483016],[-71.784204,48.483171],[-71.783665,48.482849],[-71.782883,48.48348],[-71.779883,48.482933]]]]}},{"type":"Feature","properties":{"owner1":"COULOMBE JEAN-PHILIPPE SUCCESSION (5)","owner2":null,"matricule":"0972-81-4035","street":"COULOMBE","civicLow":"0","civicHigh":"0","valueLand":"35000","valueBuilding":"0","valueTotal":"35000","mailAddr":"528 RUE DE QUEN","mailCity":null,"mun":null},"geometry":{"type":"MultiPolygon","coordinates":[[[[-71.784338,48.480283],[-71.784752,48.479878],[-71.785443,48.480176],[-71.786979,48.480569],[-71.78485,48.480277],[-71.784419,48.480384],[-71.783871,48.480735],[-71.784338,48.480283]]],[[[-71.784913,48.480408],[-71.78477,48.480944],[-71.784042,48.480813],[-71.784536,48.480491],[-71.784913,48.480408]]]]}},{"type":"Feature","properties":{"owner1":"COULOMBE JEAN-PHILIPPE SUCCESSION (5)","owner2":null,"matricule":"0972-72-8959","street":"DE QUEN","civicLow":"0","civicHigh":"0","valueLand":"100","valueBuilding":"0","valueTotal":"100","mailAddr":"528 RUE DE QUEN","mailCity":null,"mun":null},"geometry":{"type":"MultiPolygon","coordinates":[[[[-71.785605,48.481789],[-71.785192,48.481849],[-71.785192,48.481712],[-71.785605,48.481789]]]]}},{"type":"Feature","properties":{"owner1":"S.I.A.L.","owner2":null,"matricule":"1079-24-0738","street":"ILES","civicLow":"0","civicHigh":"0","valueLand":"100","valueBuilding":"0","valueTotal":"100","mailAddr":"1655 RUE POWELL","mailCity":null,"mun":null},"geometry":{"type":"MultiPolygon","coordinates":[[[[-71.781158,48.546379],[-71.781006,48.54629],[-71.781536,48.546397],[-71.781158,48.546379]]]]}}]}